id,Podcast_Name,Episode_Length_minutes,Genre,Host_Popularity_percentage,Publication_Day,Publication_Time,Guest_Popularity_percentage,Number_of_Ads,Episode_Sentiment,Listening_Time_minutes,is_train,Episode_Number
155,Mystery Matters,108.34,True Crime,64.26,Monday,Afternoon,8.37,0.0,Neutral,76.97396,1,59.0
234,Mystery Matters,5.3,True Crime,74.48,Monday,Afternoon,34.99,0.0,Neutral,1.37338,1,80.0
1773,Mystery Matters,28.88,True Crime,49.19,Monday,Afternoon,27.02,0.0,Negative,13.56403,1,25.0
2204,Mystery Matters,22.79,True Crime,36.57,Monday,Afternoon,69.61,3.0,Negative,15.18534,1,61.0
2416,Mystery Matters,113.48,True Crime,26.91,Monday,Afternoon,60.39,0.0,Positive,68.62481,1,60.0
2653,Mystery Matters,64.32465869975867,True Crime,69.41,Monday,Afternoon,10.2,3.0,Positive,40.93538,1,51.0
3450,Mystery Matters,70.04,True Crime,75.92,Monday,Afternoon,0.0,2.0,Negative,27.85099,1,43.0
5198,Mystery Matters,26.5,True Crime,34.09,Monday,Afternoon,92.27,2.0,Positive,8.26397,1,8.0
6127,Mystery Matters,46.35,True Crime,58.79,Monday,Afternoon,91.52,0.0,Positive,31.06982,1,89.0
7068,Mystery Matters,64.32465869975867,True Crime,58.75,Monday,Afternoon,9.01,1.0,Neutral,98.0202,1,86.0
9607,Mystery Matters,103.19,True Crime,98.77,Monday,Afternoon,0.0,3.0,Positive,68.86583,1,27.0
13963,Mystery Matters,68.49,True Crime,31.05,Monday,Afternoon,48.5,0.0,Positive,41.11984,1,44.0
14514,Mystery Matters,64.32465869975867,True Crime,93.42,Monday,Afternoon,8.97,3.0,Neutral,44.45066,1,95.0
16510,Mystery Matters,29.72,True Crime,29.45,Monday,Afternoon,80.67,1.0,Positive,21.07251,1,49.0
17670,Mystery Matters,113.27,True Crime,71.05,Monday,Afternoon,71.93,0.0,Neutral,82.68171,1,65.0
18087,Mystery Matters,92.0,True Crime,48.4,Monday,Afternoon,4.5,3.0,Neutral,37.13,1,34.0
19240,Mystery Matters,107.92,True Crime,28.13,Monday,Afternoon,27.54,0.0,Neutral,82.53407,1,67.0
21143,Mystery Matters,92.97,True Crime,89.54,Monday,Afternoon,0.0,1.0,Negative,92.49,1,44.0
25156,Mystery Matters,119.67,True Crime,49.99,Monday,Afternoon,37.59,1.0,Positive,103.05255,1,14.0
26742,Mystery Matters,64.32465869975867,True Crime,58.75,Monday,Afternoon,77.06,0.0,Neutral,98.0202,1,86.0
27991,Mystery Matters,118.27,True Crime,82.99,Monday,Afternoon,88.68,1.0,Positive,107.29332,1,49.0
33338,Mystery Matters,57.92,True Crime,58.94,Monday,Afternoon,87.68,3.0,Neutral,32.84973,1,45.0
34402,Mystery Matters,111.55,True Crime,69.55,Monday,Afternoon,54.62,0.0,Positive,93.18832,1,86.0
35341,Mystery Matters,102.59,True Crime,33.59,Monday,Afternoon,68.33,3.0,Negative,54.12247,1,83.0
37014,Mystery Matters,36.41,True Crime,52.81,Monday,Afternoon,0.0,2.0,Positive,12.73241,1,62.0
39819,Mystery Matters,64.32465869975867,True Crime,21.72,Monday,Afternoon,60.53,1.0,Positive,29.77251,1,27.0
42199,Mystery Matters,65.65,True Crime,39.67,Monday,Afternoon,58.02,1.0,Negative,32.99,1,97.0
42780,Mystery Matters,64.32465869975867,True Crime,41.45,Monday,Afternoon,0.0,2.0,Positive,79.06241,1,18.0
43220,Mystery Matters,48.44,True Crime,38.71,Monday,Afternoon,89.95,2.0,Negative,40.90793,1,48.0
43284,Mystery Matters,64.32465869975867,True Crime,24.99,Monday,Afternoon,54.55,1.0,Neutral,63.58809,1,10.0
43478,Mystery Matters,75.78,True Crime,86.32,Monday,Afternoon,0.0,3.0,Negative,57.60556,1,73.0
46318,Mystery Matters,66.76,True Crime,31.45,Monday,Afternoon,7.62,1.0,Negative,51.13087,1,93.0
46350,Mystery Matters,75.66,True Crime,38.32,Monday,Afternoon,35.95,0.0,Neutral,59.42083,1,40.0
47087,Mystery Matters,52.19,True Crime,74.53,Monday,Afternoon,88.09,0.0,Positive,28.68151,1,68.0
48365,Mystery Matters,38.96,True Crime,74.99,Monday,Afternoon,75.79,0.0,Negative,30.21198,1,85.0
49189,Mystery Matters,38.92,True Crime,31.08,Monday,Afternoon,8.84,2.0,Positive,26.5409,1,13.0
49341,Mystery Matters,86.04,True Crime,79.58,Monday,Afternoon,0.0,3.0,Neutral,55.68303,1,41.0
51217,Mystery Matters,56.94,True Crime,35.14,Monday,Afternoon,40.12,2.0,Positive,42.20819,1,80.0
53691,Mystery Matters,8.25,True Crime,52.07,Monday,Afternoon,70.75,3.0,Positive,3.07684,1,83.0
55834,Mystery Matters,31.65,True Crime,27.16,Monday,Afternoon,18.03,0.0,Positive,30.01056,1,47.0
57017,Mystery Matters,106.52,True Crime,23.69,Monday,Afternoon,93.89,2.0,Positive,90.56309,1,10.0
60038,Mystery Matters,64.32465869975867,True Crime,70.27,Monday,Afternoon,0.0,3.0,Negative,66.8073,1,95.0
65516,Mystery Matters,91.15,True Crime,22.06,Monday,Afternoon,75.06,1.0,Neutral,60.95359,1,73.0
69282,Mystery Matters,46.89,True Crime,53.13,Monday,Afternoon,0.0,0.0,Neutral,36.24847,1,31.0
71287,Mystery Matters,60.31816,True Crime,83.53,Monday,Afternoon,19.86,0.0,Negative,60.31816,1,2.0
71738,Mystery Matters,107.32,True Crime,94.86,Monday,Afternoon,21.86,2.0,Negative,60.0781,1,99.0
72279,Mystery Matters,56.94,True Crime,66.87,Monday,Afternoon,0.0,2.0,Negative,39.87835,1,59.0
77034,Mystery Matters,109.23,True Crime,58.1,Monday,Afternoon,96.21,2.0,Negative,74.86042,1,93.0
77319,Mystery Matters,30.23,True Crime,49.23,Monday,Afternoon,16.69,0.0,Negative,22.51017,1,100.0
77727,Mystery Matters,19.71,True Crime,40.14,Monday,Afternoon,8.42,2.0,Positive,5.81082,1,97.0
80430,Mystery Matters,64.32465869975867,True Crime,79.66,Monday,Afternoon,63.47,0.0,Neutral,6.76817,1,66.0
82759,Mystery Matters,44.66,True Crime,47.79,Monday,Afternoon,39.87,1.0,Negative,38.52685,1,99.0
82782,Mystery Matters,111.79,True Crime,36.79,Monday,Afternoon,96.68,1.0,Negative,93.74501,1,82.0
83533,Mystery Matters,113.22,True Crime,26.24,Monday,Afternoon,80.15,0.0,Negative,69.00148,1,98.0
83945,Mystery Matters,46.82,True Crime,32.17,Monday,Afternoon,0.0,1.0,Negative,31.95932,1,83.0
84581,Mystery Matters,58.68,True Crime,23.56,Monday,Afternoon,0.0,2.0,Negative,32.12331,1,7.0
86874,Mystery Matters,37.28,True Crime,47.77,Monday,Afternoon,0.34,1.0,Negative,18.52295,1,71.0
88056,Mystery Matters,64.14,True Crime,64.05,Monday,Afternoon,46.72,1.0,Negative,55.09152,1,61.0
88378,Mystery Matters,41.08,True Crime,30.14,Monday,Afternoon,83.83,0.0,Negative,26.52414,1,64.0
90458,Mystery Matters,54.66,True Crime,38.41,Monday,Afternoon,31.57,3.0,Neutral,37.72036,1,67.0
92218,Mystery Matters,49.32,True Crime,32.39,Monday,Afternoon,0.0,2.0,Neutral,44.17617,1,94.0
94632,Mystery Matters,71.35,True Crime,71.33,Monday,Afternoon,77.37,1.0,Positive,28.62587,1,53.0
94704,Mystery Matters,64.32465869975867,True Crime,91.18,Monday,Afternoon,24.44,0.0,Positive,90.23371,1,9.0
94727,Mystery Matters,75.25,True Crime,73.11,Monday,Afternoon,11.17,2.0,Negative,45.85163,1,60.0
95816,Mystery Matters,87.42,True Crime,67.24,Monday,Afternoon,83.13,0.0,Negative,73.04151,1,23.0
98785,Mystery Matters,33.99,True Crime,52.83,Monday,Afternoon,30.38,0.0,Positive,32.0776,1,80.0
99990,Mystery Matters,64.32465869975867,True Crime,80.57,Monday,Afternoon,96.7,1.0,Negative,12.07,1,71.0
100507,Mystery Matters,37.16,True Crime,21.16,Monday,Afternoon,21.16,2.0,Positive,30.48186,1,8.0
101377,Mystery Matters,43.67,True Crime,48.0,Monday,Afternoon,79.08,0.0,Neutral,41.59984,1,19.0
101929,Mystery Matters,87.85,True Crime,92.6,Monday,Afternoon,99.76,1.0,Neutral,73.24636,1,5.0
102117,Mystery Matters,81.33,True Crime,42.46,Monday,Afternoon,12.38,2.0,Neutral,60.06348,1,59.0
102996,Mystery Matters,37.74,True Crime,43.64,Monday,Afternoon,62.85,3.0,Positive,19.04961,1,57.0
102997,Mystery Matters,64.32465869975867,True Crime,30.59,Monday,Afternoon,81.0,0.0,Neutral,24.67944,1,15.0
106276,Mystery Matters,117.73,True Crime,94.62,Monday,Afternoon,41.73,2.0,Neutral,75.62284,1,84.0
106412,Mystery Matters,23.98,True Crime,59.53,Monday,Afternoon,48.06,1.0,Negative,20.90502,1,63.0
106547,Mystery Matters,31.81,True Crime,23.54,Monday,Afternoon,56.55,1.0,Negative,17.41413,1,53.0
107166,Mystery Matters,34.95,True Crime,87.99,Monday,Afternoon,87.38,3.0,Neutral,25.5548,1,66.0
107370,Mystery Matters,108.06,True Crime,84.83,Monday,Afternoon,80.53,3.0,Neutral,71.37992,1,54.0
111493,Mystery Matters,10.35,True Crime,27.2,Monday,Afternoon,0.0,3.0,Negative,0.0,1,49.0
113688,Mystery Matters,115.56,True Crime,46.22,Monday,Afternoon,46.8,1.0,Negative,71.36502,1,30.0
116484,Mystery Matters,110.3,True Crime,42.0,Monday,Afternoon,56.82,0.0,Negative,83.1641,1,91.0
117515,Mystery Matters,93.99,True Crime,55.6,Monday,Afternoon,33.7,2.0,Positive,85.09484,1,23.0
117521,Mystery Matters,29.04,True Crime,68.36,Monday,Afternoon,67.64,2.0,Neutral,18.08521,1,67.0
117604,Mystery Matters,27.87,True Crime,75.87,Monday,Afternoon,81.93,2.0,Positive,16.43299,1,22.0
118172,Mystery Matters,36.7,True Crime,90.24,Monday,Afternoon,0.0,0.0,Positive,19.33981,1,29.0
119372,Mystery Matters,31.11,True Crime,54.21,Monday,Afternoon,56.11,0.0,Positive,27.8116,1,90.0
121474,Mystery Matters,68.15,Comedy,57.15,Monday,Afternoon,18.5,0.0,Positive,67.4084,1,53.0
121890,Mystery Matters,48.71,True Crime,67.07,Monday,Afternoon,91.39,3.0,Positive,36.57728,1,61.0
122431,Mystery Matters,111.35,True Crime,68.82,Monday,Afternoon,1.98,1.0,Neutral,65.24746,1,10.0
123986,Mystery Matters,26.28,True Crime,33.12,Monday,Afternoon,64.19,3.0,Negative,6.71,1,78.0
124954,Mystery Matters,64.32465869975867,True Crime,62.46,Monday,Afternoon,99.76,1.0,Neutral,73.24636,1,5.0
126434,Mystery Matters,64.32465869975867,True Crime,86.6,Monday,Afternoon,31.67,3.0,Neutral,44.45066,1,87.0
128684,Mystery Matters,114.08,True Crime,87.59,Monday,Afternoon,0.0,1.0,Negative,70.18307,1,45.0
133019,Mystery Matters,65.93,True Crime,99.42,Monday,Afternoon,23.27,3.0,Negative,45.7686,1,17.0
133950,Mystery Matters,64.32465869975867,True Crime,21.15,Monday,Afternoon,74.73,0.0,Positive,59.43403,1,60.0
134543,Mystery Matters,98.57,True Crime,47.97,Monday,Afternoon,71.26,1.0,Neutral,61.00925,1,48.0
136398,Mystery Matters,99.04,True Crime,83.14,Monday,Afternoon,0.0,3.0,Negative,92.27752,1,15.0
139264,Mystery Matters,107.54,True Crime,93.22,Monday,Afternoon,0.0,2.0,Negative,77.10625,1,51.0
139874,Mystery Matters,95.14,True Crime,40.81,Monday,Afternoon,38.73,1.0,Neutral,89.20514,1,3.0
140381,Mystery Matters,108.74,True Crime,37.76,Monday,Afternoon,8.26,0.0,Negative,76.97396,1,49.0
142904,Mystery Matters,107.82,True Crime,36.59,Monday,Afternoon,18.68,2.0,Negative,81.26,1,54.0
144121,Mystery Matters,101.17,True Crime,48.34,Monday,Afternoon,9.67,3.0,Neutral,61.18465,1,15.0
145547,Mystery Matters,117.03,True Crime,47.27,Monday,Afternoon,41.1,0.0,Positive,93.29749,1,42.0
145786,Mystery Matters,42.05,True Crime,59.01,Monday,Afternoon,47.25,2.0,Negative,22.33,1,51.0
145997,Mystery Matters,84.16,True Crime,71.91,Monday,Afternoon,84.93,2.0,Neutral,83.13894,1,70.0
146396,Mystery Matters,67.78,True Crime,59.82,Monday,Afternoon,92.37,2.0,Neutral,49.56038,1,29.0
147979,Mystery Matters,47.8,True Crime,51.54,Monday,Afternoon,46.39,0.0,Negative,32.06646,1,97.0
148423,Mystery Matters,10.11,True Crime,94.27,Monday,Afternoon,31.95,0.0,Negative,1.21205,1,71.0
149590,Mystery Matters,16.49,True Crime,20.55,Monday,Afternoon,99.23,1.0,Negative,4.95748,1,3.0
150794,Mystery Matters,5.2,True Crime,51.07,Monday,Afternoon,49.07,2.0,Negative,1.12497,1,98.0
151212,Mystery Matters,115.79,True Crime,88.94,Monday,Afternoon,10.27,3.0,Neutral,105.62799,1,96.0
151279,Mystery Matters,108.54,True Crime,24.58,Monday,Afternoon,24.83,0.0,Negative,100.31,1,61.0
151428,Mystery Matters,29.15,True Crime,48.37,Monday,Afternoon,64.51,1.0,Negative,19.56734,1,95.0
152953,Mystery Matters,64.32465869975867,True Crime,92.56,Monday,Afternoon,31.93,3.0,Negative,44.45066,1,50.0
154891,Mystery Matters,34.44,True Crime,54.25,Monday,Afternoon,6.59,1.0,Positive,27.36947,1,90.0
155437,Mystery Matters,24.22,True Crime,47.33,Monday,Afternoon,8.35,2.0,Neutral,14.33226,1,27.0
157720,Mystery Matters,66.97,True Crime,25.82,Monday,Afternoon,88.12,3.0,Negative,42.20819,1,80.0
160997,Mystery Matters,40.7,True Crime,80.05,Monday,Afternoon,36.17,2.0,Positive,27.06891,1,31.0
164526,Mystery Matters,114.08,True Crime,87.57,Monday,Afternoon,0.0,0.0,Negative,70.18307,1,62.0
164854,Mystery Matters,24.45,True Crime,60.79,Monday,Afternoon,0.0,0.0,Negative,14.25537,1,27.0
166657,Mystery Matters,70.03,True Crime,29.88,Monday,Afternoon,12.34,1.0,Neutral,34.4335,1,26.0
166832,Mystery Matters,69.18,True Crime,95.7,Monday,Afternoon,39.12,1.0,Neutral,67.30079,1,54.0
167550,Mystery Matters,47.78,True Crime,78.8,Monday,Afternoon,0.0,1.0,Neutral,47.77032,1,16.0
167611,Mystery Matters,98.89,True Crime,28.16,Monday,Afternoon,0.0,2.0,Positive,69.23964,1,36.0
169302,Mystery Matters,62.28,True Crime,97.46,Monday,Afternoon,44.83,3.0,Neutral,41.57027,1,98.0
170056,Mystery Matters,89.24,True Crime,23.24,Monday,Afternoon,8.44,1.0,Negative,71.95531,1,89.0
172811,Mystery Matters,29.05,True Crime,89.45,Monday,Afternoon,40.7,0.0,Negative,25.33191,1,46.0
173246,Mystery Matters,49.24,True Crime,53.72,Monday,Afternoon,0.0,2.0,Neutral,32.28371,1,33.0
180895,Mystery Matters,23.98,True Crime,92.02,Monday,Afternoon,0.0,3.0,Neutral,15.18438,1,82.0
181299,Mystery Matters,36.33,True Crime,86.67,Monday,Afternoon,66.84,0.0,Negative,24.90082,1,60.0
182729,Mystery Matters,35.83,True Crime,26.84,Monday,Afternoon,7.14,0.0,Positive,21.13934,1,68.0
182829,Mystery Matters,117.24,True Crime,34.57,Monday,Afternoon,68.84,0.0,Neutral,60.52303,1,64.0
183928,Mystery Matters,64.32465869975867,True Crime,78.87,Monday,Afternoon,55.09,1.0,Positive,53.09,1,38.0
184864,Mystery Matters,28.46,True Crime,94.28,Monday,Afternoon,99.11,1.0,Negative,9.16,1,77.0
186746,Mystery Matters,97.54,True Crime,26.68,Monday,Afternoon,68.49,1.0,Negative,84.38032,1,56.0
188131,Mystery Matters,39.12,True Crime,83.09,Monday,Afternoon,27.06,3.0,Negative,28.38367,1,69.0
189219,Mystery Matters,64.32465869975867,True Crime,56.91,Monday,Afternoon,0.0,3.0,Negative,44.57771,1,97.0
191535,Mystery Matters,24.96,True Crime,91.43,Monday,Afternoon,8.94,1.0,Positive,18.25461,1,51.0
197548,Mystery Matters,24.87,True Crime,99.59,Monday,Afternoon,37.97,3.0,Positive,16.86818,1,32.0
201533,Mystery Matters,90.18,True Crime,20.42,Monday,Afternoon,80.56,0.0,Neutral,88.07883,1,24.0
203293,Mystery Matters,24.97,True Crime,78.53,Monday,Afternoon,79.64,0.0,Positive,5.83,1,49.0
203814,Mystery Matters,64.32465869975867,True Crime,30.7,Monday,Afternoon,58.14,0.0,Positive,43.68873,1,15.0
204612,Mystery Matters,106.79,True Crime,60.15,Monday,Afternoon,1.96,2.0,Neutral,75.60439,1,86.0
207336,Mystery Matters,62.92,True Crime,86.24,Monday,Afternoon,0.0,0.0,Positive,62.90961,1,67.0
208528,Mystery Matters,53.67,True Crime,36.51,Monday,Afternoon,66.65,3.0,Negative,40.10489,1,88.0
208539,Mystery Matters,71.92,True Crime,77.91,Monday,Afternoon,0.0,0.0,Positive,50.28168,1,11.0
208642,Mystery Matters,95.24,True Crime,65.17,Monday,Afternoon,77.68,2.0,Negative,76.52,1,78.0
208846,Mystery Matters,80.42,True Crime,37.08,Monday,Afternoon,75.79,2.0,Positive,74.28734,1,43.0
209844,Mystery Matters,80.82,True Crime,92.82,Monday,Afternoon,99.76,1.0,Neutral,73.24636,1,29.0
210071,Mystery Matters,64.32465869975867,True Crime,83.39,Monday,Afternoon,3.7,0.0,Neutral,39.13437,1,77.0
214101,Mystery Matters,99.78,True Crime,98.29,Monday,Afternoon,7.74,0.0,Positive,68.23181,1,71.0
215222,Mystery Matters,80.06,True Crime,35.66,Monday,Afternoon,45.91,0.0,Neutral,42.50944,1,40.0
216271,Mystery Matters,106.52,True Crime,87.02,Monday,Afternoon,23.66,3.0,Positive,83.05927,1,52.0
216936,Mystery Matters,48.53,True Crime,49.53,Monday,Afternoon,43.16,3.0,Positive,22.09377,1,57.0
218492,Mystery Matters,71.26,True Crime,47.61,Monday,Afternoon,61.17,0.0,Positive,48.11281,1,66.0
218591,Mystery Matters,84.67,True Crime,55.7,Monday,Afternoon,38.14,0.0,Neutral,42.50944,1,64.0
222589,Mystery Matters,100.21,True Crime,48.11,Monday,Afternoon,0.0,0.0,Neutral,87.81238,1,52.0
225096,Mystery Matters,43.05,True Crime,71.95,Monday,Afternoon,94.47,1.0,Neutral,41.07822,1,93.0
225338,Mystery Matters,64.32465869975867,True Crime,70.21,Monday,Afternoon,0.45,0.0,Positive,56.17208,1,64.0
226836,Mystery Matters,68.72,True Crime,57.62,Monday,Afternoon,84.38,0.0,Neutral,62.77398,1,65.0
228503,Mystery Matters,53.86,True Crime,60.45,Monday,Afternoon,93.49,1.0,Negative,41.08838,1,90.0
229635,Mystery Matters,119.71,True Crime,62.62,Monday,Afternoon,53.46,2.0,Positive,112.77348,1,29.0
230153,Mystery Matters,35.18,True Crime,73.93,Monday,Afternoon,29.18,0.0,Neutral,31.95618,1,57.0
232316,Mystery Matters,40.18,True Crime,74.6,Monday,Afternoon,0.0,0.0,Negative,38.49153,1,74.0
233510,Mystery Matters,65.84,True Crime,50.31,Monday,Afternoon,81.42,2.0,Neutral,48.527,1,91.0
237107,Mystery Matters,9.22,True Crime,20.77,Monday,Afternoon,9.98,2.0,Neutral,0.0,1,58.0
238256,Mystery Matters,44.47,True Crime,47.55,Monday,Afternoon,95.13,3.0,Positive,20.85237,1,14.0
239202,Mystery Matters,78.27,True Crime,96.93,Monday,Afternoon,84.99,3.0,Positive,63.91539,1,51.0
243589,Mystery Matters,91.65,True Crime,27.37,Monday,Afternoon,91.2,1.0,Positive,87.12946,1,92.0
244563,Mystery Matters,24.42,True Crime,61.63,Monday,Afternoon,30.16,1.0,Negative,9.42743,1,84.0
244668,Mystery Matters,71.79,True Crime,37.34,Monday,Afternoon,34.87,0.0,Neutral,39.14433,1,26.0
245241,Mystery Matters,57.41,True Crime,29.66,Monday,Afternoon,28.0,2.0,Neutral,30.56073,1,100.0
245811,Mystery Matters,87.52,True Crime,89.07,Monday,Afternoon,7.94,0.0,Neutral,68.23181,1,71.0
246053,Mystery Matters,64.32465869975867,True Crime,29.27,Monday,Afternoon,0.0,1.0,Positive,25.06351,1,99.0
250192,Mystery Matters,106.51,True Crime,27.0,Monday,Afternoon,23.81,3.0,Negative,78.91167,1,14.0
252142,Mystery Matters,98.92,True Crime,75.38,Monday,Afternoon,92.2,1.0,Neutral,62.77398,1,65.0
252957,Mystery Matters,64.32465869975867,True Crime,93.12,Monday,Afternoon,91.01,2.0,Negative,29.55552,1,10.0
254700,Mystery Matters,44.39,True Crime,79.81,Monday,Afternoon,99.76,1.0,Negative,30.42153,1,83.0
255184,Mystery Matters,116.08,True Crime,97.86,Monday,Afternoon,63.36,2.0,Neutral,55.02468,1,4.0
255190,Mystery Matters,51.91,True Crime,94.63,Monday,Afternoon,98.85,1.0,Neutral,48.42298,1,82.0
255606,Mystery Matters,29.61,True Crime,65.0,Monday,Afternoon,97.99,0.0,Negative,18.32293,1,97.0
255755,Mystery Matters,23.84,True Crime,79.44,Monday,Afternoon,69.87,1.0,Negative,19.80628,1,46.0
256039,Mystery Matters,54.43,True Crime,45.63,Monday,Afternoon,87.23,0.0,Positive,53.9987,1,75.0
256789,Mystery Matters,94.96,True Crime,54.18,Monday,Afternoon,79.69,2.0,Neutral,73.93119,1,47.0
258087,Mystery Matters,27.39,True Crime,68.88,Monday,Afternoon,82.38,2.0,Negative,18.87626,1,16.0
261824,Mystery Matters,33.04,True Crime,88.93,Monday,Afternoon,90.84,3.0,Neutral,21.76686,1,83.0
262952,Mystery Matters,31.18,True Crime,31.47,Monday,Afternoon,93.24,3.0,Positive,17.46,1,75.0
264393,Mystery Matters,22.27,True Crime,35.04,Monday,Afternoon,73.19,1.0,Negative,21.4728,1,85.0
264654,Mystery Matters,32.02,True Crime,49.89,Monday,Afternoon,37.35,1.0,Negative,15.39305,1,94.0
265198,Mystery Matters,64.32465869975867,True Crime,26.63,Monday,Afternoon,0.0,1.0,Neutral,24.31,1,4.0
265757,Mystery Matters,64.32465869975867,True Crime,72.47,Monday,Afternoon,48.22,0.0,Negative,66.2465,1,49.0
267535,Mystery Matters,43.65,True Crime,99.46,Monday,Afternoon,44.43,3.0,Negative,27.66309,1,89.0
268965,Mystery Matters,64.32465869975867,True Crime,21.72,Monday,Afternoon,60.83,1.0,Positive,29.77251,1,3.0
272050,Mystery Matters,20.8,True Crime,70.69,Monday,Afternoon,84.93,0.0,Neutral,14.75765,1,24.0
274259,Mystery Matters,67.39,True Crime,64.05,Monday,Afternoon,51.71,1.0,Negative,55.09152,1,61.0
274357,Mystery Matters,64.32465869975867,True Crime,58.75,Monday,Afternoon,77.06,0.0,Neutral,98.0202,1,69.0
276696,Mystery Matters,37.22,True Crime,89.93,Monday,Afternoon,80.68,1.0,Neutral,22.42,1,16.0
278000,Mystery Matters,60.18,True Crime,33.7,Monday,Afternoon,45.8,0.0,Positive,48.53791,1,81.0
279750,Mystery Matters,29.71,True Crime,20.22,Monday,Afternoon,62.76,0.0,Negative,13.88244,1,1.0
281230,Mystery Matters,113.18,True Crime,67.22,Monday,Afternoon,6.26,3.0,Negative,107.95,1,19.0
281788,Mystery Matters,25.1,True Crime,54.0,Monday,Afternoon,10.81,0.0,Positive,16.93971,1,49.0
282554,Mystery Matters,9.61,True Crime,77.36,Monday,Afternoon,0.0,1.0,Negative,2.16055,1,59.0
282812,Mystery Matters,39.26,True Crime,69.92,Monday,Afternoon,93.28,1.0,Neutral,26.76314,1,31.0
283161,Mystery Matters,71.48,True Crime,73.57,Monday,Afternoon,0.0,3.0,Negative,53.88129,1,65.0
283765,Mystery Matters,117.96,True Crime,42.14,Monday,Afternoon,39.05,1.0,Positive,83.16432,1,84.0
285124,Mystery Matters,64.32465869975867,True Crime,52.29,Monday,Afternoon,87.08,3.0,Neutral,43.6702,1,28.0
286829,Mystery Matters,53.74,True Crime,53.71,Monday,Afternoon,99.21,2.0,Negative,23.09171,1,23.0
290688,Mystery Matters,62.56,True Crime,89.47,Monday,Afternoon,87.51,0.0,Positive,49.99511,1,34.0
292625,Mystery Matters,63.29,True Crime,74.81,Monday,Afternoon,34.19,1.0,Negative,51.21952,1,41.0
294956,Mystery Matters,17.05,True Crime,85.92,Monday,Afternoon,69.15,0.0,Negative,14.10608,1,74.0
295479,Mystery Matters,30.82,True Crime,49.74,Monday,Afternoon,50.36,0.0,Negative,22.07,1,49.0
296593,Mystery Matters,64.89,True Crime,29.94,Monday,Afternoon,89.08,1.0,Neutral,61.67731,1,15.0
296930,Mystery Matters,74.46,True Crime,32.53,Monday,Afternoon,56.42,2.0,Neutral,43.64443,1,30.0
298274,Mystery Matters,86.59,True Crime,25.54,Monday,Afternoon,64.66,2.0,Neutral,69.10616,1,47.0
299586,Mystery Matters,68.3,True Crime,73.7,Monday,Afternoon,0.0,1.0,Positive,40.30238,1,54.0
300661,Mystery Matters,106.78,True Crime,30.11,Monday,Afternoon,77.53,1.0,Positive,69.99348,1,11.0
300925,Mystery Matters,80.16,True Crime,62.82,Monday,Afternoon,99.56,1.0,Neutral,73.24636,1,58.0
301468,Mystery Matters,64.86,True Crime,33.94,Monday,Afternoon,71.8,1.0,Negative,55.09152,1,61.0
302337,Mystery Matters,39.14,True Crime,89.45,Monday,Afternoon,40.7,1.0,Negative,25.33191,1,46.0
304665,Mystery Matters,87.97,True Crime,65.22,Monday,Afternoon,9.35,1.0,Neutral,66.41236,1,43.0
305526,Mystery Matters,36.74,True Crime,45.02,Monday,Afternoon,67.53,2.0,Positive,23.04366,1,61.0
306827,Mystery Matters,90.5,True Crime,71.04,Monday,Afternoon,46.98,3.0,Neutral,67.01191,1,43.0
307193,Mystery Matters,28.99,True Crime,30.14,Monday,Afternoon,45.35,3.0,Neutral,12.22686,1,72.0
310336,Mystery Matters,58.35,True Crime,94.22,Monday,Afternoon,44.88,2.0,Negative,47.86248,1,35.0
311751,Mystery Matters,109.27,True Crime,66.13,Monday,Afternoon,95.55,3.0,Negative,85.01757,1,71.0
312242,Mystery Matters,82.47,True Crime,26.48,Monday,Afternoon,0.0,0.0,Neutral,50.21953,1,98.0
314414,Mystery Matters,104.01,True Crime,89.94,Monday,Afternoon,58.74,0.0,Positive,103.04778,1,46.0
314914,Mystery Matters,96.14,True Crime,68.07,Monday,Afternoon,82.04,2.0,Positive,88.58351,1,76.0
315649,Mystery Matters,25.38,True Crime,48.29,Monday,Afternoon,98.53,2.0,Neutral,20.63115,1,39.0
315656,Mystery Matters,17.18,True Crime,95.58,Monday,Afternoon,69.15,2.0,Negative,14.10608,1,54.0
317728,Mystery Matters,35.83,True Crime,29.52,Monday,Afternoon,72.08,0.0,Neutral,31.95618,1,57.0
320365,Mystery Matters,46.72,True Crime,93.63,Monday,Afternoon,51.41,3.0,Negative,32.98104,1,28.0
323247,Mystery Matters,64.32465869975867,True Crime,30.59,Monday,Afternoon,81.59,0.0,Neutral,24.67944,1,15.0
324546,Mystery Matters,27.22,True Crime,68.39,Monday,Afternoon,5.21,2.0,Neutral,18.08521,1,34.0
327400,Mystery Matters,76.59,True Crime,57.82,Monday,Afternoon,68.43,2.0,Negative,49.47294,1,88.0
331302,Mystery Matters,105.49,True Crime,98.29,Monday,Afternoon,0.0,3.0,Positive,100.60855,1,71.0
332037,Mystery Matters,111.39,True Crime,67.94,Monday,Afternoon,48.85,3.0,Positive,54.12,1,72.0
332252,Mystery Matters,52.09,True Crime,24.1,Monday,Afternoon,3.55,3.0,Negative,21.42374,1,96.0
332269,Mystery Matters,108.42,True Crime,77.77,Monday,Afternoon,8.77,0.0,Positive,62.07126,1,79.0
333735,Mystery Matters,24.51,True Crime,42.74,Monday,Afternoon,4.28,2.0,Negative,20.48433,1,81.0
334117,Mystery Matters,87.47,True Crime,24.49,Monday,Afternoon,86.42,3.0,Positive,52.87491,1,7.0
334766,Mystery Matters,112.84,True Crime,70.55,Monday,Afternoon,99.55,0.0,Positive,93.18832,1,44.0
336919,Mystery Matters,66.32,True Crime,89.47,Monday,Afternoon,28.74,0.0,Positive,49.99511,1,90.0
337960,Mystery Matters,13.38,True Crime,54.0,Monday,Afternoon,37.17,2.0,Neutral,9.52426,1,16.0
344174,Mystery Matters,53.42,True Crime,31.54,Monday,Afternoon,0.0,3.0,Negative,37.26168,1,50.0
345955,Mystery Matters,46.65,True Crime,84.74,Monday,Afternoon,38.42,2.0,Positive,28.45851,1,77.0
346118,Mystery Matters,93.28,True Crime,69.31,Monday,Afternoon,90.37,1.0,Negative,68.75633,1,11.0
349835,Mystery Matters,103.16,True Crime,90.35,Monday,Afternoon,60.66,0.0,Neutral,98.85286,1,49.0
351340,Mystery Matters,29.65,True Crime,39.06,Monday,Afternoon,80.85,1.0,Positive,21.07251,1,49.0
351514,Mystery Matters,118.06,True Crime,49.31,Monday,Afternoon,55.76,3.0,Negative,59.67,1,33.0
352641,Mystery Matters,46.48,True Crime,27.94,Monday,Afternoon,19.49,2.0,Negative,45.00748,1,19.0
353153,Mystery Matters,107.4,True Crime,78.99,Monday,Afternoon,64.62,3.0,Positive,56.20934,1,58.0
354440,Mystery Matters,33.53,True Crime,29.46,Monday,Afternoon,19.9,3.0,Negative,27.83238,1,55.0
355576,Mystery Matters,64.32465869975867,True Crime,58.75,Monday,Afternoon,0.0,0.0,Neutral,98.0202,1,86.0
356299,Mystery Matters,21.88,True Crime,57.7,Monday,Afternoon,84.9,3.0,Neutral,18.13748,1,18.0
359257,Mystery Matters,87.51,True Crime,71.34,Monday,Afternoon,62.24,1.0,Neutral,63.68171,1,42.0
359954,Mystery Matters,107.79,True Crime,53.13,Monday,Afternoon,4.09,2.0,Positive,64.67,1,55.0
360666,Mystery Matters,59.78,True Crime,58.83,Monday,Afternoon,27.88,3.0,Negative,14.95951,1,62.0
362318,Mystery Matters,55.79,True Crime,60.45,Monday,Afternoon,93.49,1.0,Positive,41.08838,1,31.0
364737,Mystery Matters,90.15,True Crime,79.58,Monday,Afternoon,3.23,1.0,Negative,53.88,1,26.0
365382,Mystery Matters,38.92,True Crime,55.6,Monday,Afternoon,66.79,2.0,Neutral,23.5014,1,54.0
365805,Mystery Matters,46.84,True Crime,61.37,Monday,Afternoon,73.12,1.0,Negative,26.08018,1,95.0
368349,Mystery Matters,105.47,True Crime,76.71,Monday,Afternoon,32.24,3.0,Positive,46.4928,1,72.0
369002,Mystery Matters,9.16,True Crime,91.34,Monday,Afternoon,82.48,2.0,Positive,6.27397,1,71.0
373337,Mystery Matters,107.92,True Crime,79.81,Monday,Afternoon,95.36,1.0,Neutral,85.09422,1,86.0
374196,Mystery Matters,114.57,True Crime,60.18,Monday,Afternoon,70.24,2.0,Negative,97.78543,1,26.0
375086,Mystery Matters,82.2,True Crime,63.39,Monday,Afternoon,9.61,2.0,Negative,73.72905,1,88.0
376189,Mystery Matters,16.85,True Crime,30.53,Monday,Afternoon,86.03,3.0,Neutral,8.7765,1,44.0
377558,Mystery Matters,100.3,True Crime,37.02,Monday,Afternoon,39.98,1.0,Positive,83.20933,1,58.0
380808,Mystery Matters,31.19,True Crime,73.56,Monday,Afternoon,80.07,0.0,Positive,17.75351,1,73.0
382029,Mystery Matters,82.9,True Crime,53.95,Monday,Afternoon,41.4,0.0,Negative,66.67758,1,98.0
385654,Mystery Matters,50.17,True Crime,50.69,Monday,Afternoon,26.26,0.0,Neutral,24.51273,1,52.0
386338,Mystery Matters,119.88,True Crime,92.59,Monday,Afternoon,81.04,0.0,Negative,63.69697,1,98.0
388010,Mystery Matters,43.8,True Crime,30.92,Monday,Afternoon,56.47,2.0,Neutral,39.81657,1,69.0
388854,Mystery Matters,113.55,True Crime,40.41,Monday,Afternoon,67.79,1.0,Positive,71.99834,1,29.0
389130,Mystery Matters,72.45,True Crime,66.19,Monday,Afternoon,0.0,3.0,Negative,39.00141,1,90.0
389491,Mystery Matters,87.7,True Crime,82.7,Monday,Afternoon,0.0,1.0,Positive,75.43683,1,12.0
392243,Mystery Matters,68.78,True Crime,86.11,Monday,Afternoon,62.38,1.0,Neutral,61.01045,1,74.0
393713,Mystery Matters,57.1,True Crime,74.47,Monday,Afternoon,72.19,0.0,Positive,30.91651,1,54.0
394745,Mystery Matters,49.55,True Crime,98.51,Monday,Afternoon,76.38,0.0,Positive,46.78081,1,85.0
395914,Mystery Matters,75.08,True Crime,54.83,Monday,Afternoon,8.91,0.0,Negative,60.52689,1,87.0
398573,Mystery Matters,44.48,True Crime,86.89,Monday,Afternoon,56.07,0.0,Negative,38.57725,1,51.0
400369,Mystery Matters,108.42,True Crime,77.67,Monday,Afternoon,8.77,0.0,Negative,62.07126,1,26.0
402042,Mystery Matters,38.76,True Crime,64.07,Monday,Afternoon,46.64,0.0,Positive,30.55422,1,13.0
403675,Mystery Matters,28.9,True Crime,26.05,Monday,Afternoon,6.05,3.0,Negative,14.75765,1,70.0
403692,Mystery Matters,81.83,True Crime,57.7,Monday,Afternoon,46.58,0.0,Neutral,40.97805,1,36.0
404390,Mystery Matters,87.97,True Crime,93.12,Monday,Afternoon,39.73,1.0,Positive,66.60722,1,65.0
404546,Mystery Matters,100.86,True Crime,30.88,Monday,Afternoon,20.8,1.0,Negative,87.08839,1,31.0
406204,Mystery Matters,64.32465869975867,True Crime,81.9,Monday,Afternoon,40.98,0.0,Positive,102.52503,1,6.0
409440,Mystery Matters,111.9,True Crime,77.33,Monday,Afternoon,67.49,1.0,Positive,108.04203,1,10.0
409803,Mystery Matters,64.32465869975867,True Crime,26.82,Monday,Afternoon,31.04,1.0,Neutral,20.74,1,31.0
410309,Mystery Matters,40.74,True Crime,38.78,Monday,Afternoon,46.03,0.0,Negative,32.06,1,19.0
410387,Mystery Matters,64.32465869975867,True Crime,50.24,Monday,Afternoon,0.0,2.0,Neutral,20.85134,1,63.0
413624,Mystery Matters,82.32,True Crime,70.0,Monday,Afternoon,0.0,0.0,Neutral,62.06863,1,56.0
413989,Mystery Matters,84.67,True Crime,65.7,Monday,Afternoon,38.2,0.0,Neutral,42.50944,1,40.0
414252,Mystery Matters,24.61,True Crime,62.9,Monday,Afternoon,62.1,1.0,Positive,21.01969,1,82.0
415146,Mystery Matters,92.4,True Crime,71.36,Monday,Afternoon,0.0,1.0,Positive,86.29,1,69.0
418179,Mystery Matters,47.48,True Crime,44.27,Monday,Afternoon,92.91,1.0,Positive,43.33421,1,56.0
418494,Mystery Matters,64.32465869975867,True Crime,38.99,Monday,Afternoon,65.57,1.0,Positive,53.09,1,38.0
418941,Mystery Matters,34.33,True Crime,33.91,Monday,Afternoon,0.0,3.0,Neutral,12.01303,1,90.0
420175,Mystery Matters,43.05,True Crime,80.17,Monday,Afternoon,93.67,1.0,Neutral,41.07822,1,93.0
421162,Mystery Matters,64.32465869975867,True Crime,75.29,Monday,Afternoon,38.53,1.0,Positive,35.13191,1,17.0
421694,Mystery Matters,45.51,True Crime,57.05,Monday,Afternoon,0.1,2.0,Neutral,44.43982,1,84.0
423033,Mystery Matters,111.02,True Crime,38.74,Monday,Afternoon,69.01,1.0,Positive,95.69759,1,57.0
425433,Mystery Matters,64.32465869975867,True Crime,81.22,Monday,Afternoon,79.57,3.0,Positive,53.64571,1,71.0
427073,Mystery Matters,12.16,True Crime,96.19,Monday,Afternoon,31.91,1.0,Negative,8.66885,1,29.0
430944,Mystery Matters,47.58,True Crime,47.93,Monday,Afternoon,92.1,2.0,Positive,43.33421,1,7.0
434648,Mystery Matters,34.51,True Crime,90.59,Monday,Afternoon,50.94,2.0,Negative,21.36971,1,24.0
435649,Mystery Matters,59.21,True Crime,52.2,Monday,Afternoon,40.37,0.0,Positive,46.0556,1,29.0
435655,Mystery Matters,112.55,True Crime,69.55,Monday,Afternoon,59.2,0.0,Negative,93.18832,1,86.0
437741,Mystery Matters,97.93,True Crime,22.96,Monday,Afternoon,1.63,1.0,Negative,53.9987,1,24.0
438732,Mystery Matters,94.9,True Crime,79.38,Monday,Afternoon,77.08,1.0,Negative,62.17011,1,71.0
440973,Mystery Matters,90.03,True Crime,60.45,Monday,Afternoon,65.58,2.0,Negative,52.86244,1,46.0
441909,Mystery Matters,84.66,True Crime,96.54,Monday,Afternoon,56.61,3.0,Negative,55.51638,1,1.0
444093,Mystery Matters,94.45,True Crime,86.73,Monday,Afternoon,40.86,0.0,Neutral,83.47547,1,10.0
446058,Mystery Matters,36.47,True Crime,26.69,Monday,Afternoon,24.53,1.0,Neutral,15.96772,1,85.0
446746,Mystery Matters,64.32465869975867,True Crime,47.66,Monday,Afternoon,1.68,2.0,Neutral,8.94,1,49.0
447206,Mystery Matters,32.7,True Crime,23.96,Monday,Afternoon,26.84,3.0,Negative,21.88,1,28.0
448372,Mystery Matters,59.21,True Crime,52.6,Monday,Afternoon,44.66,0.0,Positive,46.0556,1,59.0
450181,Mystery Matters,89.65,True Crime,30.05,Monday,Afternoon,79.51,3.0,Positive,66.0195,1,87.0
450454,Mystery Matters,64.32465869975867,True Crime,67.53,Monday,Afternoon,67.63,2.0,Negative,89.46,1,72.0
450636,Mystery Matters,35.57,True Crime,29.52,Monday,Afternoon,72.1,0.0,Neutral,31.95618,1,1.0
451870,Mystery Matters,16.16,True Crime,98.77,Monday,Afternoon,4.43,0.0,Positive,6.13508,1,37.0
452746,Mystery Matters,84.71,True Crime,35.67,Monday,Afternoon,38.08,0.0,Neutral,42.50944,1,22.0
454279,Mystery Matters,88.58,True Crime,45.53,Monday,Afternoon,45.53,0.0,Neutral,42.50083,1,44.0
458089,Mystery Matters,64.32465869975867,True Crime,32.83,Monday,Afternoon,23.77,1.0,Positive,15.7966,1,79.0
461817,Mystery Matters,6.99,True Crime,36.37,Monday,Afternoon,85.43,2.0,Negative,4.75225,1,72.0
463111,Mystery Matters,31.31,True Crime,25.27,Monday,Afternoon,94.22,0.0,Neutral,24.44157,1,94.0
464539,Mystery Matters,41.25,True Crime,86.43,Monday,Afternoon,89.29,3.0,Neutral,24.15048,1,85.0
464723,Mystery Matters,102.22,True Crime,74.18,Monday,Afternoon,39.41,1.0,Neutral,62.84962,1,92.0
465640,Mystery Matters,26.97,True Crime,96.53,Monday,Afternoon,92.88,0.0,Negative,12.00173,1,66.0
465795,Mystery Matters,107.4,True Crime,98.59,Monday,Afternoon,73.15,3.0,Neutral,83.79,1,73.0
468092,Mystery Matters,37.16,True Crime,77.06,Monday,Afternoon,95.14,0.0,Positive,34.12998,1,51.0
468974,Mystery Matters,90.24,True Crime,71.78,Monday,Afternoon,7.74,0.0,Positive,68.23181,1,71.0
469063,Mystery Matters,24.47,True Crime,29.62,Monday,Afternoon,9.22,0.0,Negative,21.07247,1,27.0
470033,Mystery Matters,41.29,True Crime,58.98,Monday,Afternoon,93.29,2.0,Neutral,34.76314,1,30.0
470668,Mystery Matters,30.29,True Crime,31.51,Monday,Afternoon,66.92,3.0,Negative,15.14297,1,51.0
470908,Mystery Matters,64.49,True Crime,36.46,Monday,Afternoon,0.0,0.0,Negative,37.11887,1,46.0
472493,Mystery Matters,66.88,True Crime,27.95,Monday,Afternoon,34.53,2.0,Negative,49.27003,1,46.0
473534,Mystery Matters,104.97,True Crime,42.71,Monday,Afternoon,23.38,3.0,Negative,87.71431,1,22.0
473825,Mystery Matters,23.67,True Crime,21.95,Monday,Afternoon,0.0,1.0,Negative,10.52,1,8.0
475030,Mystery Matters,46.94,True Crime,20.77,Monday,Afternoon,70.39,2.0,Negative,30.49191,1,77.0
475202,Mystery Matters,97.25,True Crime,51.03,Monday,Afternoon,29.12,1.0,Negative,69.32183,1,18.0
478596,Mystery Matters,43.05,True Crime,71.98,Monday,Afternoon,93.67,1.0,Neutral,41.07822,1,93.0
480105,Mystery Matters,64.32465869975867,True Crime,37.65,Monday,Afternoon,58.69,1.0,Negative,12.06,1,8.0
482937,Mystery Matters,76.22,True Crime,58.02,Monday,Afternoon,48.39,1.0,Negative,53.79624,1,5.0
483739,Mystery Matters,32.03,True Crime,81.11,Monday,Afternoon,81.24,3.0,Neutral,23.29373,1,25.0
484090,Mystery Matters,27.82,True Crime,49.4,Monday,Afternoon,0.0,3.0,Negative,11.02,1,77.0
485213,Mystery Matters,17.58,True Crime,44.53,Monday,Afternoon,0.0,2.0,Negative,2.04635,1,98.0
486361,Mystery Matters,9.67,True Crime,29.45,Monday,Afternoon,52.69,3.0,Neutral,9.67,1,31.0
486760,Mystery Matters,113.65,True Crime,21.51,Monday,Afternoon,48.73,2.0,Positive,87.51182,1,2.0
487503,Mystery Matters,43.59,True Crime,36.8,Monday,Afternoon,53.31,2.0,Negative,41.67,1,5.0
488193,Mystery Matters,102.15,True Crime,52.04,Monday,Afternoon,41.22,0.0,Neutral,69.66603,1,93.0
489189,Mystery Matters,88.26,True Crime,30.35,Monday,Afternoon,57.16,3.0,Neutral,39.12879,1,51.0
489254,Mystery Matters,73.8,True Crime,48.2,Monday,Afternoon,73.47,2.0,Neutral,62.64549,1,53.0
489549,Mystery Matters,60.76,True Crime,52.13,Monday,Afternoon,91.41,1.0,Neutral,37.33289,1,1.0
491886,Mystery Matters,95.14,True Crime,40.69,Monday,Afternoon,84.38,1.0,Neutral,89.20514,1,3.0
492857,Mystery Matters,33.24,True Crime,72.53,Monday,Afternoon,0.0,0.0,Positive,28.12563,1,11.0
494139,Mystery Matters,86.39,True Crime,23.21,Monday,Afternoon,0.0,1.0,Neutral,46.77829,1,48.0
495834,Mystery Matters,66.32,True Crime,26.52,Monday,Afternoon,26.54,0.0,Negative,57.752,1,9.0
496492,Mystery Matters,117.15,True Crime,94.86,Monday,Afternoon,62.54,3.0,Negative,49.83849,1,62.0
501411,Mystery Matters,107.06,True Crime,70.94,Monday,Afternoon,83.48,0.0,Neutral,97.66344,1,69.0
504801,Mystery Matters,43.98,True Crime,20.9,Monday,Afternoon,36.5,2.0,Positive,29.59777,1,43.0
505522,Mystery Matters,20.7,True Crime,54.96,Monday,Afternoon,0.0,0.0,Negative,18.65239,1,51.0
508024,Mystery Matters,64.32465869975867,True Crime,45.98,Monday,Afternoon,26.52,1.0,Positive,61.74191,1,15.0
508063,Mystery Matters,27.32,True Crime,20.8,Monday,Afternoon,67.36,2.0,Neutral,24.1046,1,67.0
508820,Mystery Matters,58.21,True Crime,47.83,Monday,Afternoon,88.48,0.0,Neutral,36.06958,1,29.0
509547,Mystery Matters,81.53,True Crime,83.2,Monday,Afternoon,0.0,2.0,Positive,68.98849,1,3.0
510047,Mystery Matters,85.68,True Crime,26.71,Monday,Afternoon,35.95,0.0,Neutral,59.42083,1,40.0
510094,Mystery Matters,80.0,True Crime,63.59,Monday,Afternoon,0.0,0.0,Neutral,59.02042,1,53.0
510365,Mystery Matters,14.05,True Crime,49.31,Monday,Afternoon,0.0,3.0,Negative,14.05852,1,86.0
511565,Mystery Matters,48.82,True Crime,70.66,Monday,Afternoon,0.0,2.0,Neutral,35.16418,1,91.0
511849,Mystery Matters,80.42,True Crime,56.93,Monday,Afternoon,0.0,1.0,Neutral,74.51659,1,8.0
515745,Mystery Matters,94.1,True Crime,40.96,Monday,Afternoon,0.0,0.0,Negative,57.32845,1,71.0
521465,Mystery Matters,108.28,True Crime,70.98,Monday,Afternoon,85.98,3.0,Negative,58.27,1,64.0
525438,Mystery Matters,46.94,True Crime,23.45,Monday,Afternoon,42.4,1.0,Negative,30.49191,1,70.0
526856,Mystery Matters,80.16,True Crime,92.9,Monday,Afternoon,99.76,1.0,Neutral,73.24636,1,58.0
529213,Mystery Matters,109.31,True Crime,82.31,Monday,Afternoon,9.26,2.0,Neutral,64.01278,1,61.0
530046,Mystery Matters,31.99,True Crime,35.13,Monday,Afternoon,34.77,0.0,Neutral,10.7548,1,26.0
532004,Mystery Matters,102.68,True Crime,27.52,Monday,Afternoon,73.52,2.0,Positive,85.44403,1,57.0
532057,Mystery Matters,66.64,True Crime,70.44,Monday,Afternoon,85.74,3.0,Positive,50.58339,1,35.0
535762,Mystery Matters,34.69,True Crime,73.41,Monday,Afternoon,59.66,1.0,Positive,23.22,1,69.0
536279,Mystery Matters,48.53,True Crime,89.29,Monday,Afternoon,74.58,1.0,Negative,38.38158,1,5.0
536733,Mystery Matters,64.32465869975867,True Crime,81.02,Monday,Afternoon,0.0,2.0,Negative,42.12557,1,23.0
539266,Mystery Matters,64.32465869975867,True Crime,39.77,Monday,Afternoon,65.76,1.0,Positive,53.09,1,38.0
543584,Mystery Matters,39.46,True Crime,62.38,Monday,Afternoon,0.0,0.0,Negative,18.24302,1,65.0
544281,Mystery Matters,66.7,True Crime,75.9,Monday,Afternoon,53.7,2.0,Neutral,64.29248,1,20.0
546590,Mystery Matters,119.58,True Crime,82.9,Monday,Afternoon,92.19,3.0,Neutral,74.26259,1,79.0
548069,Mystery Matters,79.01,True Crime,25.92,Monday,Afternoon,0.0,1.0,Negative,54.28631,1,9.0
548465,Mystery Matters,108.99,True Crime,82.9,Monday,Afternoon,46.74,2.0,Positive,95.93153,1,85.0
549631,Mystery Matters,90.02,True Crime,93.84,Monday,Afternoon,80.9,2.0,Negative,71.19388,1,47.0
551726,Mystery Matters,44.04,True Crime,60.18,Monday,Afternoon,26.36,1.0,Neutral,32.13,1,68.0
552003,Mystery Matters,94.65,True Crime,52.6,Monday,Afternoon,0.0,1.0,Neutral,58.12846,1,72.0
553681,Mystery Matters,64.32465869975867,True Crime,81.79,Monday,Afternoon,37.01,3.0,Positive,66.67758,1,31.0
554210,Mystery Matters,42.000406,True Crime,66.56,Monday,Afternoon,33.46,3.0,Negative,42.0,1,62.0
555705,Mystery Matters,89.42,True Crime,76.72,Monday,Afternoon,45.9,2.0,Neutral,60.18002,1,69.0
557809,Mystery Matters,30.75,True Crime,26.46,Monday,Afternoon,44.1,1.0,Positive,26.07403,1,65.0
557960,Mystery Matters,11.08,True Crime,66.22,Monday,Afternoon,55.17,2.0,Negative,3.15395,1,98.0
561073,Mystery Matters,105.36,True Crime,27.21,Monday,Afternoon,0.0,2.0,Positive,60.72848,1,36.0
562079,Mystery Matters,46.5,True Crime,22.11,Monday,Afternoon,0.0,3.0,Negative,31.33,1,79.0
562757,Mystery Matters,86.02,True Crime,87.05,Monday,Afternoon,0.0,1.0,Negative,75.7182,1,85.0
563583,Mystery Matters,31.51,True Crime,72.13,Monday,Afternoon,63.47,3.0,Negative,12.13,1,78.0
564812,Mystery Matters,25.02,True Crime,48.24,Monday,Afternoon,0.0,1.0,Negative,13.83329,1,19.0
565317,Mystery Matters,113.95,True Crime,40.41,Monday,Afternoon,67.58,1.0,Positive,71.99834,1,15.0
566140,Mystery Matters,99.79,True Crime,81.72,Monday,Afternoon,64.07,1.0,Positive,73.09792,1,87.0
566938,Mystery Matters,42.8,True Crime,67.75,Monday,Afternoon,41.29,1.0,Positive,37.71338,1,89.0
567022,Mystery Matters,114.03,True Crime,54.51,Monday,Afternoon,56.05,3.0,Positive,65.9807,1,89.0
567315,Mystery Matters,81.53,True Crime,83.55,Monday,Afternoon,12.76,2.0,Positive,68.98849,1,3.0
567343,Mystery Matters,108.2,True Crime,26.86,Monday,Afternoon,0.0,1.0,Neutral,95.26,1,1.0
567619,Mystery Matters,28.39,True Crime,44.88,Monday,Afternoon,3.33,0.0,Neutral,25.74758,1,75.0
568334,Mystery Matters,81.71,True Crime,70.61,Monday,Afternoon,22.03,1.0,Positive,77.91185,1,79.0
568745,Mystery Matters,107.27,True Crime,88.31,Monday,Afternoon,74.17,1.0,Positive,80.68281,1,47.0
568820,Mystery Matters,53.8,True Crime,31.52,Monday,Afternoon,2.92,1.0,Neutral,25.31934,1,71.0
569990,Mystery Matters,67.2,True Crime,79.88,Monday,Afternoon,70.75,0.0,Neutral,35.39188,1,3.0
572186,Mystery Matters,17.86,True Crime,85.33,Monday,Afternoon,0.0,2.0,Positive,17.85333,1,65.0
574251,Mystery Matters,64.32465869975867,True Crime,80.78,Monday,Afternoon,12.05,3.0,Positive,45.28323,1,31.0
574366,Mystery Matters,99.01,True Crime,58.2,Monday,Afternoon,70.97,2.0,Neutral,77.80634,1,28.0
574664,Mystery Matters,33.33,True Crime,88.06,Monday,Afternoon,11.36,3.0,Negative,22.56487,1,51.0
577339,Mystery Matters,78.78,True Crime,40.55,Monday,Afternoon,7.53,3.0,Neutral,56.00085,1,78.0
578376,Mystery Matters,38.26,True Crime,80.4,Monday,Afternoon,4.66,3.0,Positive,27.23,1,27.0
580425,Mystery Matters,53.41,True Crime,43.4,Monday,Afternoon,41.51,1.0,Negative,45.30659,1,94.0
581380,Mystery Matters,75.74,True Crime,97.64,Monday,Afternoon,0.0,2.0,Positive,58.36919,1,85.0
581442,Mystery Matters,88.34,True Crime,95.18,Monday,Afternoon,47.08,3.0,Positive,66.61905,1,36.0
582088,Mystery Matters,105.53,True Crime,96.8,Monday,Afternoon,83.31,0.0,Positive,99.474,1,15.0
582424,Mystery Matters,35.99,True Crime,92.34,Monday,Afternoon,0.0,2.0,Negative,14.01265,1,61.0
582604,Mystery Matters,29.67,True Crime,49.03,Monday,Afternoon,80.1,1.0,Positive,21.07251,1,64.0
583046,Mystery Matters,72.3,True Crime,73.75,Monday,Afternoon,47.29,0.0,Positive,61.02285,1,7.0
586372,Mystery Matters,107.41,True Crime,58.27,Monday,Afternoon,49.63,3.0,Neutral,59.67,1,31.0
589029,Mystery Matters,113.29,True Crime,98.59,Monday,Afternoon,71.52,3.0,Neutral,62.94944,1,38.0
590259,Mystery Matters,38.1,True Crime,70.94,Monday,Afternoon,24.64,3.0,Neutral,16.17271,1,77.0
590498,Mystery Matters,45.63,True Crime,92.05,Monday,Afternoon,99.32,1.0,Positive,26.3678,1,86.0
590549,Mystery Matters,21.84,True Crime,64.53,Monday,Afternoon,72.82,3.0,Negative,20.60636,1,48.0
593144,Mystery Matters,38.44,True Crime,90.24,Monday,Afternoon,72.7,0.0,Positive,30.91651,1,54.0
595212,Mystery Matters,30.94,True Crime,43.83,Monday,Afternoon,0.0,3.0,Neutral,13.67,1,64.0
595617,Mystery Matters,81.25,True Crime,86.28,Monday,Afternoon,93.44,1.0,Positive,48.77521,1,28.0
596364,Mystery Matters,33.57,True Crime,72.24,Monday,Afternoon,55.15,3.0,Positive,26.61483,1,66.0
596710,Mystery Matters,64.32465869975867,True Crime,68.94,Monday,Afternoon,93.29,0.0,Neutral,34.76314,1,39.0
597617,Mystery Matters,34.0,True Crime,91.94,Monday,Afternoon,48.93,0.0,Positive,31.6013,1,76.0
598799,Mystery Matters,64.32465869975867,True Crime,58.75,Monday,Afternoon,17.06,0.0,Neutral,98.0202,1,86.0
599767,Mystery Matters,96.17,True Crime,86.32,Monday,Afternoon,61.73,2.0,Positive,89.83365,1,82.0
603275,Mystery Matters,64.32465869975867,True Crime,72.4,Monday,Afternoon,5.51,0.0,Neutral,38.25259,1,51.0
603897,Mystery Matters,60.7,True Crime,43.88,Monday,Afternoon,38.03,0.0,Neutral,42.50944,1,32.0
605134,Mystery Matters,103.41,True Crime,62.73,Monday,Afternoon,55.82,2.0,Neutral,75.21495,1,14.0
605359,Mystery Matters,46.96,True Crime,54.46,Monday,Afternoon,54.26,1.0,Positive,31.4587,1,53.0
607120,Mystery Matters,71.58,True Crime,73.57,Monday,Afternoon,80.57,3.0,Positive,53.88129,1,65.0
607588,Mystery Matters,114.72,True Crime,68.22,Monday,Afternoon,54.08,1.0,Negative,91.37872,1,53.0
608441,Mystery Matters,75.97,True Crime,31.94,Monday,Afternoon,93.08,0.0,Neutral,75.32926,1,7.0
609966,Mystery Matters,65.84,True Crime,85.01,Monday,Afternoon,54.84,0.0,Neutral,61.59314,1,12.0
610218,Mystery Matters,89.9,True Crime,57.78,Monday,Afternoon,88.4,2.0,Positive,69.30861,1,45.0
611180,Mystery Matters,64.32465869975867,True Crime,31.73,Monday,Afternoon,85.23,2.0,Positive,73.7542,1,51.0
613552,Mystery Matters,24.86,True Crime,94.09,Monday,Afternoon,74.84,0.0,Positive,16.26632,1,66.0
615233,Mystery Matters,60.07,True Crime,63.67,Monday,Afternoon,53.66,3.0,Positive,37.66547,1,90.0
615818,Mystery Matters,43.71,True Crime,81.99,Monday,Afternoon,62.5,3.0,Negative,25.53,1,73.0
616972,Mystery Matters,118.15,True Crime,22.74,Monday,Afternoon,49.19,3.0,Neutral,65.16247,1,23.0
618632,Mystery Matters,76.43,True Crime,78.47,Monday,Afternoon,93.45,2.0,Neutral,57.17412,1,26.0
620857,Mystery Matters,24.98,True Crime,74.38,Monday,Afternoon,44.94,0.0,Positive,12.85712,1,88.0
622356,Mystery Matters,81.85,True Crime,55.05,Monday,Afternoon,37.12,1.0,Negative,42.83417,1,72.0
622837,Mystery Matters,98.9,True Crime,33.72,Monday,Afternoon,59.78,2.0,Negative,56.52811,1,6.0
624621,Mystery Matters,47.04,True Crime,96.28,Monday,Afternoon,71.15,1.0,Positive,17.76613,1,27.0
625560,Mystery Matters,22.3,True Crime,21.25,Monday,Afternoon,96.61,1.0,Negative,13.69117,1,18.0
626563,Mystery Matters,46.35,True Crime,76.31,Monday,Afternoon,34.45,2.0,Negative,25.42669,1,31.0
626626,Mystery Matters,116.05,True Crime,72.27,Monday,Afternoon,85.27,0.0,Neutral,97.69,1,84.0
631102,Mystery Matters,51.5,True Crime,61.33,Monday,Afternoon,0.0,3.0,Negative,27.40245,1,64.0
631792,Mystery Matters,5.93,True Crime,47.6,Monday,Afternoon,0.0,0.0,Neutral,5.70288,1,74.0
632603,Mystery Matters,41.46,True Crime,23.55,Monday,Afternoon,18.46,2.0,Negative,30.49191,1,77.0
633816,Mystery Matters,44.25,True Crime,82.87,Monday,Afternoon,64.39,2.0,Negative,32.23609,1,63.0
637340,Mystery Matters,104.77,True Crime,29.03,Monday,Afternoon,9.41,3.0,Negative,51.08,1,99.0
637367,Mystery Matters,12.0,True Crime,33.99,Monday,Afternoon,0.0,3.0,Neutral,4.26889,1,31.0
638264,Mystery Matters,44.14,True Crime,27.64,Monday,Afternoon,40.73,3.0,Neutral,33.36252,1,7.0
639037,Mystery Matters,118.74,True Crime,92.73,Monday,Afternoon,26.95,0.0,Negative,111.72,1,19.0
639946,Mystery Matters,46.65,True Crime,29.06,Monday,Afternoon,73.35,0.0,Negative,32.08,1,58.0
642630,Mystery Matters,64.32465869975867,True Crime,33.04,Monday,Afternoon,8.83,3.0,Negative,51.95946,1,66.0
642804,Mystery Matters,64.32465869975867,True Crime,78.87,Monday,Afternoon,55.78,1.0,Positive,53.09,1,38.0
643294,Mystery Matters,24.25,True Crime,65.31,Monday,Afternoon,97.45,3.0,Neutral,23.81755,1,36.0
645251,Mystery Matters,29.18,True Crime,49.49,Monday,Afternoon,80.1,1.0,Positive,21.07251,1,64.0
647793,Mystery Matters,64.89,True Crime,29.67,Monday,Afternoon,89.08,1.0,Neutral,61.67731,1,85.0
651716,Mystery Matters,88.81,True Crime,42.39,Monday,Afternoon,0.0,1.0,Neutral,60.01373,1,61.0
653533,Mystery Matters,41.46,True Crime,23.81,Monday,Afternoon,70.17,2.0,Negative,30.49191,1,46.0
655007,Mystery Matters,57.38,True Crime,92.19,Monday,Afternoon,39.2,1.0,Neutral,52.23302,1,6.0
657284,Mystery Matters,42.61,True Crime,26.08,Monday,Afternoon,82.41,0.0,Positive,28.00073,1,56.0
664213,Mystery Matters,23.61,True Crime,35.91,Monday,Afternoon,0.0,0.0,Positive,12.57734,1,55.0
672858,Mystery Matters,65.86,True Crime,86.25,Monday,Afternoon,93.16,3.0,Neutral,41.60976,1,96.0
673263,Mystery Matters,67.21,True Crime,33.85,Monday,Afternoon,71.51,1.0,Negative,55.09152,1,63.0
676286,Mystery Matters,29.61,True Crime,44.59,Monday,Afternoon,80.79,3.0,Neutral,11.12758,1,44.0
678416,Mystery Matters,95.42,True Crime,25.73,Monday,Afternoon,0.0,1.0,Positive,87.81238,1,52.0
678643,Mystery Matters,78.97,True Crime,36.73,Monday,Afternoon,95.23,2.0,Positive,26.70063,1,79.0
680007,Mystery Matters,76.35,True Crime,47.32,Monday,Afternoon,28.18,0.0,Neutral,42.57643,1,65.0
681855,Mystery Matters,35.45,True Crime,42.41,Monday,Afternoon,41.68,3.0,Neutral,18.70283,1,13.0
684777,Mystery Matters,17.4,True Crime,29.94,Monday,Afternoon,34.77,3.0,Negative,10.27287,1,35.0
684978,Mystery Matters,114.26,True Crime,74.82,Monday,Afternoon,31.65,1.0,Negative,68.87181,1,7.0
689331,Mystery Matters,46.26,True Crime,97.29,Monday,Afternoon,46.26,1.0,Negative,33.0635,1,49.0
689490,Mystery Matters,53.48,True Crime,30.04,Monday,Afternoon,95.67,1.0,Negative,36.00147,1,38.0
691105,Mystery Matters,58.74,True Crime,48.77,Monday,Afternoon,0.0,3.0,Neutral,41.05632,1,11.0
691285,Mystery Matters,67.31,True Crime,72.38,Monday,Afternoon,0.0,3.0,Neutral,52.61486,1,97.0
691733,Mystery Matters,58.07,True Crime,66.73,Monday,Afternoon,26.69,3.0,Negative,23.74259,1,29.0
691846,Mystery Matters,113.33,True Crime,41.15,Monday,Afternoon,0.0,3.0,Positive,89.72298,1,13.0
694683,Mystery Matters,69.68,True Crime,73.15,Monday,Afternoon,0.0,3.0,Negative,34.95767,1,22.0
694881,Mystery Matters,35.11,True Crime,84.25,Monday,Afternoon,88.39,3.0,Positive,23.52503,1,35.0
695248,Mystery Matters,96.55,True Crime,77.66,Monday,Afternoon,27.39,2.0,Neutral,71.45873,1,96.0
696054,Mystery Matters,73.63,True Crime,38.66,Monday,Afternoon,35.95,0.0,Neutral,59.42083,1,40.0
700177,Mystery Matters,21.0,True Crime,34.37,Monday,Afternoon,68.56,3.0,Neutral,15.38754,1,71.0
701373,Mystery Matters,58.9,True Crime,66.57,Monday,Afternoon,17.17,2.0,Negative,41.04171,1,16.0
703842,Mystery Matters,60.85,True Crime,38.96,Monday,Afternoon,9.05,0.0,Neutral,30.07221,1,3.0
704041,Mystery Matters,29.03,True Crime,95.31,Monday,Afternoon,40.15,1.0,Negative,25.33191,1,46.0
705539,Mystery Matters,12.71,True Crime,50.75,Monday,Afternoon,69.46,2.0,Positive,8.88883,1,44.0
705827,Mystery Matters,30.68,True Crime,42.83,Monday,Afternoon,42.64,1.0,Positive,23.20115,1,54.0
707714,Mystery Matters,62.57,True Crime,45.07,Monday,Afternoon,0.0,2.0,Neutral,52.12278,1,61.0
709771,Mystery Matters,78.27,True Crime,34.66,Monday,Afternoon,49.94,0.0,Neutral,39.63652,1,1.0
710685,Mystery Matters,64.32465869975867,True Crime,72.77,Monday,Afternoon,81.42,1.0,Negative,29.04,1,51.0
711043,Mystery Matters,27.4,True Crime,78.97,Monday,Afternoon,14.57,2.0,Negative,11.45,1,68.0
711855,Mystery Matters,21.06,True Crime,71.81,Monday,Afternoon,48.51,0.0,Negative,17.78814,1,66.0
714246,Mystery Matters,85.24,True Crime,97.93,Monday,Afternoon,89.56,3.0,Positive,53.46824,1,79.0
714555,Mystery Matters,56.43,True Crime,20.73,Monday,Afternoon,26.66,2.0,Positive,42.87223,1,100.0
719557,Mystery Matters,65.29,True Crime,65.66,Monday,Afternoon,0.0,0.0,Negative,56.74396,1,33.0
720114,Mystery Matters,30.69,True Crime,58.52,Monday,Afternoon,49.14,1.0,Positive,19.19561,1,68.0
722091,Mystery Matters,24.36,True Crime,69.9,Monday,Afternoon,31.89,3.0,Negative,10.27,1,48.0
724698,Mystery Matters,10.29,True Crime,67.01,Monday,Afternoon,70.8,0.0,Negative,2.26008,1,53.0
725306,Mystery Matters,101.93,True Crime,89.45,Monday,Afternoon,52.69,2.0,Negative,76.1018,1,69.0
725511,Mystery Matters,104.75,True Crime,93.3,Monday,Afternoon,68.73,2.0,Negative,101.05244,1,1.0
725647,Mystery Matters,59.21,True Crime,82.67,Monday,Afternoon,44.57,0.0,Positive,40.45127,1,96.0
727601,Mystery Matters,64.32465869975867,True Crime,78.35,Monday,Afternoon,5.29,0.0,Neutral,38.25259,1,77.0
728126,Mystery Matters,100.24,True Crime,59.78,Monday,Afternoon,81.29,0.0,Neutral,86.96716,1,51.0
731779,Mystery Matters,52.8,True Crime,73.08,Monday,Afternoon,0.0,1.0,Positive,48.95083,1,72.0
733700,Mystery Matters,64.32465869975867,True Crime,62.53,Monday,Afternoon,99.76,1.0,Neutral,73.24636,1,88.0
738593,Mystery Matters,15.0,True Crime,66.2,Monday,Afternoon,54.32,2.0,Positive,5.91473,1,24.0
738711,Mystery Matters,68.33,True Crime,89.44,Monday,Afternoon,50.73,0.0,Positive,65.98078,1,78.0
740007,Mystery Matters,117.28,True Crime,45.85,Monday,Afternoon,31.76,0.0,Positive,59.0678,1,26.0
741521,Mystery Matters,64.32465869975867,True Crime,37.63,Monday,Afternoon,16.14,1.0,Positive,35.60864,1,85.0
742165,Mystery Matters,48.15,True Crime,57.89,Monday,Afternoon,60.16,3.0,Neutral,22.09377,1,57.0
742319,Mystery Matters,25.65,True Crime,73.27,Monday,Afternoon,18.54,3.0,Neutral,24.30491,1,8.0
744835,Mystery Matters,63.57,True Crime,87.37,Monday,Afternoon,82.45,0.0,Positive,31.16721,1,73.0
745269,Mystery Matters,71.92,True Crime,80.88,Monday,Afternoon,0.0,3.0,Positive,60.13274,1,11.0
746066,Mystery Matters,62.95,True Crime,97.16,Monday,Afternoon,99.77,1.0,Positive,26.97729,1,13.0
746788,Mystery Matters,111.35,True Crime,78.82,Monday,Afternoon,1.73,1.0,Neutral,65.24746,1,45.0
747700,Mystery Matters,70.65,True Crime,76.55,Monday,Afternoon,32.57,3.0,Negative,34.21728,1,43.0
748060,Mystery Matters,37.11,True Crime,33.08,Monday,Afternoon,81.23,2.0,Neutral,28.56191,1,42.0
748197,Mystery Matters,115.18,True Crime,24.49,Monday,Afternoon,10.45,1.0,Negative,86.01262,1,34.0
748352,Mystery Matters,60.7,True Crime,65.08,Monday,Afternoon,38.33,0.0,Negative,42.50944,1,32.0
748938,Mystery Matters,94.16,True Crime,31.64,Monday,Afternoon,0.44,3.0,Positive,52.04683,1,33.0
749202,Mystery Matters,75.76,True Crime,38.29,Monday,Afternoon,35.95,0.0,Neutral,59.42083,1,40.0
750579,Mystery Matters,81.04,True Crime,49.61,Monday,Afternoon,78.69,3.0,Positive,,0,56.0
752776,Mystery Matters,25.81,True Crime,27.0,Monday,Afternoon,52.61,0.0,Positive,,0,77.0
753609,Mystery Matters,53.53,True Crime,63.76,Monday,Afternoon,41.34,3.0,Neutral,,0,43.0
755331,Mystery Matters,10.76,True Crime,46.91,Monday,Afternoon,17.37,2.0,Neutral,,0,90.0
756223,Mystery Matters,25.15,True Crime,75.26,Monday,Afternoon,55.9,3.0,Neutral,,0,13.0
757754,Mystery Matters,69.97,True Crime,49.44,Monday,Afternoon,0.0,1.0,Negative,,0,29.0
758126,Mystery Matters,9.53,True Crime,84.97,Monday,Afternoon,43.7,0.0,Negative,,0,36.0
758264,Mystery Matters,31.49,True Crime,33.95,Monday,Afternoon,0.0,0.0,Neutral,,0,61.0
761567,Mystery Matters,51.77,True Crime,51.86,Monday,Afternoon,0.0,3.0,Positive,,0,49.0
762001,Mystery Matters,97.03,True Crime,60.18,Monday,Afternoon,90.23,1.0,Negative,,0,81.0
762105,Mystery Matters,71.19,True Crime,95.48,Monday,Afternoon,0.0,1.0,Negative,,0,27.0
763549,Mystery Matters,61.82,True Crime,66.6,Monday,Afternoon,54.03,0.0,Positive,,0,95.0
764823,Mystery Matters,109.33,True Crime,90.36,Monday,Afternoon,11.53,1.0,Neutral,,0,71.0
766941,Mystery Matters,91.69,True Crime,80.12,Monday,Afternoon,89.76,0.0,Negative,,0,30.0
767289,Mystery Matters,77.75,True Crime,63.1,Monday,Afternoon,8.01,2.0,Neutral,,0,10.0
767712,Mystery Matters,93.24,True Crime,69.38,Monday,Afternoon,24.59,3.0,Neutral,,0,29.0
768843,Mystery Matters,84.93,True Crime,80.97,Monday,Afternoon,6.97,3.0,Negative,,0,43.0
770991,Mystery Matters,27.85,True Crime,36.61,Monday,Afternoon,55.13,2.0,Neutral,,0,99.0
772432,Mystery Matters,62.34,True Crime,39.74,Monday,Afternoon,42.88,0.0,Negative,,0,87.0
773897,Mystery Matters,33.81,True Crime,74.53,Monday,Afternoon,3.04,2.0,Negative,,0,97.0
775344,Mystery Matters,80.59,True Crime,30.73,Monday,Afternoon,54.22,2.0,Negative,,0,54.0
775683,Mystery Matters,52.96,True Crime,52.91,Monday,Afternoon,0.0,0.0,Negative,,0,78.0
777996,Mystery Matters,58.63,True Crime,67.41,Monday,Afternoon,0.0,2.0,Neutral,,0,26.0
778103,Mystery Matters,97.38,True Crime,97.07,Monday,Afternoon,0.0,1.0,Negative,,0,13.0
779195,Mystery Matters,64.32465869975867,True Crime,65.41,Monday,Afternoon,64.64,1.0,Positive,,0,20.0
780945,Mystery Matters,58.56,True Crime,74.56,Monday,Afternoon,0.0,3.0,Negative,,0,29.0
781124,Mystery Matters,9.06,True Crime,27.02,Monday,Afternoon,68.31,1.0,Positive,,0,49.0
785038,Mystery Matters,102.81,True Crime,79.04,Monday,Afternoon,79.76,0.0,Negative,,0,24.0
789464,Mystery Matters,49.92,True Crime,63.27,Monday,Afternoon,81.82,3.0,Neutral,,0,20.0
789519,Mystery Matters,54.98,True Crime,22.01,Monday,Afternoon,75.87,0.0,Negative,,0,22.0
789542,Mystery Matters,87.2,True Crime,71.04,Monday,Afternoon,34.24,1.0,Positive,,0,32.0
790735,Mystery Matters,85.21,True Crime,51.06,Monday,Afternoon,62.27,0.0,Positive,,0,71.0
792729,Mystery Matters,75.28,True Crime,73.44,Monday,Afternoon,7.08,1.0,Positive,,0,84.0
793781,Mystery Matters,7.98,True Crime,91.7,Monday,Afternoon,67.22,3.0,Negative,,0,95.0
796730,Mystery Matters,10.51,True Crime,50.37,Monday,Afternoon,24.98,2.0,Positive,,0,92.0
796845,Mystery Matters,64.32465869975867,True Crime,68.94,Monday,Afternoon,93.29,2.0,Neutral,,0,39.0
798066,Mystery Matters,69.33,True Crime,32.02,Monday,Afternoon,1.36,2.0,Positive,,0,91.0
798680,Mystery Matters,108.34,True Crime,37.52,Monday,Afternoon,8.26,0.0,Neutral,,0,59.0
798820,Mystery Matters,64.32465869975867,True Crime,28.57,Monday,Afternoon,67.91,3.0,Neutral,,0,94.0
799851,Mystery Matters,107.95,True Crime,53.59,Monday,Afternoon,4.88,3.0,Neutral,,0,74.0
800259,Mystery Matters,106.43,True Crime,29.47,Monday,Afternoon,48.01,3.0,Negative,,0,36.0
801431,Mystery Matters,64.32465869975867,True Crime,41.7,Monday,Afternoon,79.57,0.0,Positive,,0,31.0
802043,Mystery Matters,47.03,True Crime,87.91,Monday,Afternoon,92.1,0.0,Positive,,0,7.0
804408,Mystery Matters,64.32465869975867,True Crime,21.57,Monday,Afternoon,60.65,1.0,Positive,,0,27.0
804869,Mystery Matters,89.89,True Crime,98.33,Monday,Afternoon,2.28,2.0,Positive,,0,88.0
805209,Mystery Matters,87.04,True Crime,75.04,Monday,Afternoon,73.15,2.0,Neutral,,0,71.0
806531,Mystery Matters,72.38,True Crime,75.89,Monday,Afternoon,93.69,0.0,Negative,,0,95.0
807235,Mystery Matters,65.17,True Crime,44.91,Monday,Afternoon,54.26,1.0,Neutral,,0,18.0
807242,Mystery Matters,116.74,True Crime,96.74,Monday,Afternoon,17.44,1.0,Negative,,0,100.0
810442,Mystery Matters,113.85,True Crime,47.07,Monday,Afternoon,0.0,1.0,Neutral,,0,15.0
812831,Mystery Matters,64.32465869975867,True Crime,86.68,Monday,Afternoon,96.26,0.0,Positive,,0,99.0
813239,Mystery Matters,117.27,True Crime,42.29,Monday,Afternoon,10.8,3.0,Positive,,0,28.0
813486,Mystery Matters,73.56,True Crime,80.09,Monday,Afternoon,5.32,0.0,Positive,,0,49.0
814342,Mystery Matters,64.32465869975867,True Crime,34.05,Monday,Afternoon,34.58,0.0,Positive,,0,6.0
814520,Mystery Matters,68.54,True Crime,44.53,Monday,Afternoon,30.33,2.0,Neutral,,0,39.0
818342,Mystery Matters,49.32,True Crime,58.61,Monday,Afternoon,34.29,3.0,Negative,,0,68.0
818491,Mystery Matters,35.53,True Crime,54.6,Monday,Afternoon,34.96,2.0,Neutral,,0,95.0
819642,Mystery Matters,71.36,True Crime,77.13,Monday,Afternoon,90.34,0.0,Neutral,,0,89.0
819692,Mystery Matters,75.52,True Crime,92.06,Monday,Afternoon,30.62,1.0,Neutral,,0,42.0
819783,Mystery Matters,57.3,True Crime,84.13,Monday,Afternoon,0.0,3.0,Neutral,,0,91.0
819980,Mystery Matters,26.1,True Crime,67.24,Monday,Afternoon,0.0,3.0,Positive,,0,38.0
820110,Mystery Matters,118.41,True Crime,26.49,Monday,Afternoon,0.0,0.0,Negative,,0,10.0
820122,Mystery Matters,19.15,True Crime,79.21,Monday,Afternoon,74.68,2.0,Neutral,,0,75.0
820488,Mystery Matters,64.32465869975867,True Crime,78.69,Monday,Afternoon,48.94,2.0,Negative,,0,18.0
821097,Mystery Matters,29.71,True Crime,54.84,Monday,Afternoon,30.7,3.0,Positive,,0,52.0
823068,Mystery Matters,64.32465869975867,True Crime,67.24,Monday,Afternoon,27.06,3.0,Positive,,0,33.0
823210,Mystery Matters,103.57,True Crime,36.52,Monday,Afternoon,55.55,1.0,Neutral,,0,43.0
824085,Mystery Matters,64.32465869975867,True Crime,66.82,Monday,Afternoon,48.9,3.0,Neutral,,0,53.0
825694,Mystery Matters,85.37,True Crime,29.92,Monday,Afternoon,60.87,2.0,Negative,,0,17.0
827356,Mystery Matters,77.98,True Crime,62.69,Monday,Afternoon,97.56,2.0,Neutral,,0,1.0
828476,Mystery Matters,103.78,True Crime,81.73,Monday,Afternoon,0.0,3.0,Negative,,0,17.0
830295,Mystery Matters,82.35,True Crime,62.24,Monday,Afternoon,0.0,2.0,Negative,,0,27.0
830367,Mystery Matters,82.62,True Crime,56.62,Monday,Afternoon,0.0,0.0,Negative,,0,96.0
831585,Mystery Matters,75.76,True Crime,26.21,Monday,Afternoon,35.95,0.0,Neutral,,0,40.0
832028,Mystery Matters,13.78,True Crime,63.58,Monday,Afternoon,39.45,1.0,Positive,,0,30.0
832385,Mystery Matters,28.57,True Crime,34.68,Monday,Afternoon,29.46,3.0,Negative,,0,69.0
832708,Mystery Matters,77.38,True Crime,79.78,Monday,Afternoon,0.0,2.0,Positive,,0,23.0
832935,Mystery Matters,71.11,True Crime,73.67,Monday,Afternoon,47.29,0.0,Negative,,0,7.0
833121,Mystery Matters,93.75,True Crime,34.81,Monday,Afternoon,39.72,1.0,Positive,,0,94.0
834002,Mystery Matters,38.11,True Crime,29.53,Monday,Afternoon,90.81,0.0,Negative,,0,34.0
836706,Mystery Matters,30.22,True Crime,92.59,Monday,Afternoon,4.59,1.0,Negative,,0,18.0
840122,Mystery Matters,8.18,True Crime,74.69,Monday,Afternoon,0.0,3.0,Neutral,,0,53.0
842516,Mystery Matters,56.62,True Crime,58.93,Monday,Afternoon,7.57,1.0,Positive,,0,76.0
843023,Mystery Matters,67.15,True Crime,90.16,Monday,Afternoon,0.0,0.0,Neutral,,0,35.0
846759,Mystery Matters,111.68,True Crime,44.69,Monday,Afternoon,58.94,1.0,Positive,,0,68.0
850503,Mystery Matters,84.14,True Crime,66.17,Monday,Afternoon,38.2,0.0,Neutral,,0,32.0
854653,Mystery Matters,86.62,True Crime,32.78,Monday,Afternoon,96.93,1.0,Positive,,0,63.0
855147,Mystery Matters,64.32465869975867,True Crime,34.09,Monday,Afternoon,0.0,3.0,Neutral,,0,19.0
855632,Mystery Matters,72.42,True Crime,78.7,Monday,Afternoon,43.97,1.0,Positive,,0,92.0
858904,Mystery Matters,38.51,True Crime,76.5,Monday,Afternoon,0.0,0.0,Positive,,0,63.0
859642,Mystery Matters,90.39,True Crime,58.42,Monday,Afternoon,4.33,3.0,Positive,,0,18.0
859756,Mystery Matters,38.01,True Crime,49.06,Monday,Afternoon,0.0,3.0,Negative,,0,26.0
862267,Mystery Matters,72.07,True Crime,26.05,Monday,Afternoon,30.61,3.0,Negative,,0,48.0
862738,Mystery Matters,92.56,True Crime,71.91,Monday,Afternoon,77.94,2.0,Positive,,0,78.0
863783,Mystery Matters,30.69,True Crime,52.56,Monday,Afternoon,46.8,1.0,Negative,,0,83.0
863800,Mystery Matters,17.00015194,True Crime,36.47,Monday,Afternoon,81.81,2.0,Neutral,,0,76.0
865573,Mystery Matters,109.41,True Crime,56.52,Monday,Afternoon,74.26,3.0,Neutral,,0,60.0
867532,Mystery Matters,33.82,True Crime,88.4,Monday,Afternoon,0.0,3.0,Positive,,0,24.0
868100,Mystery Matters,55.81,True Crime,93.53,Monday,Afternoon,37.46,1.0,Positive,,0,70.0
868284,Mystery Matters,110.6,True Crime,62.53,Monday,Afternoon,99.0,1.0,Neutral,,0,55.0
869653,Mystery Matters,61.22,True Crime,85.01,Monday,Afternoon,0.0,0.0,Neutral,,0,1.0
870020,Mystery Matters,22.36,True Crime,77.41,Monday,Afternoon,0.0,2.0,Neutral,,0,44.0
871517,Mystery Matters,42.84,True Crime,29.82,Monday,Afternoon,0.0,1.0,Positive,,0,13.0
871839,Mystery Matters,51.78,True Crime,70.58,Monday,Afternoon,98.68,1.0,Neutral,,0,8.0
871927,Mystery Matters,113.99,True Crime,48.24,Monday,Afternoon,0.0,2.0,Neutral,,0,48.0
872009,Mystery Matters,91.44,True Crime,78.05,Monday,Afternoon,3.6,2.0,Positive,,0,22.0
872891,Mystery Matters,56.05,True Crime,66.22,Monday,Afternoon,0.0,3.0,Negative,,0,27.0
872994,Mystery Matters,104.94,True Crime,74.83,Monday,Afternoon,86.53,1.0,Neutral,,0,92.0
874553,Mystery Matters,66.44,True Crime,26.59,Monday,Afternoon,65.45,2.0,Negative,,0,34.0
876388,Mystery Matters,64.32465869975867,True Crime,69.22,Monday,Afternoon,0.0,3.0,Positive,,0,13.0
878831,Mystery Matters,97.39,True Crime,94.1,Monday,Afternoon,52.7,3.0,Positive,,0,89.0
879155,Mystery Matters,64.32465869975867,True Crime,39.03,Monday,Afternoon,55.78,1.0,Positive,,0,38.0
880064,Mystery Matters,64.32465869975867,True Crime,36.19,Monday,Afternoon,93.29,0.0,Neutral,,0,89.0
883903,Mystery Matters,52.48,True Crime,57.76,Monday,Afternoon,96.82,2.0,Positive,,0,96.0
884284,Mystery Matters,90.72,True Crime,26.42,Monday,Afternoon,89.98,1.0,Neutral,,0,7.0
884422,Mystery Matters,64.32465869975867,True Crime,31.56,Monday,Afternoon,0.0,0.0,Positive,,0,51.0
885652,Mystery Matters,44.27,True Crime,56.4,Monday,Afternoon,76.64,3.0,Negative,,0,87.0
886358,Mystery Matters,83.62,True Crime,62.53,Monday,Afternoon,99.6,1.0,Neutral,,0,56.0
887131,Mystery Matters,76.27,True Crime,43.96,Monday,Afternoon,17.17,0.0,Negative,,0,89.0
888096,Mystery Matters,35.57,True Crime,29.27,Monday,Afternoon,72.1,0.0,Neutral,,0,1.0
888379,Mystery Matters,5.59,True Crime,69.43,Monday,Afternoon,86.3,3.0,Neutral,,0,32.0
889321,Mystery Matters,64.32465869975867,True Crime,37.23,Monday,Afternoon,0.0,2.0,Positive,,0,43.0
889547,Mystery Matters,114.08,True Crime,82.06,Monday,Afternoon,0.0,0.0,Negative,,0,45.0
891941,Mystery Matters,98.93,True Crime,42.88,Monday,Afternoon,56.77,2.0,Negative,,0,61.0
892051,Mystery Matters,85.53,True Crime,92.9,Monday,Afternoon,99.6,1.0,Neutral,,0,58.0
892593,Mystery Matters,37.43,True Crime,51.06,Monday,Afternoon,0.0,1.0,Neutral,,0,34.0
893175,Mystery Matters,65.44,True Crime,89.69,Monday,Afternoon,66.19,3.0,Neutral,,0,65.0
895336,Mystery Matters,40.18,True Crime,74.67,Monday,Afternoon,0.0,0.0,Negative,,0,6.0
896893,Mystery Matters,21.06,True Crime,64.19,Monday,Afternoon,29.03,3.0,Neutral,,0,34.0
898069,Mystery Matters,20.86,True Crime,27.44,Monday,Afternoon,0.0,2.0,Neutral,,0,31.0
899815,Mystery Matters,99.77,True Crime,55.82,Monday,Afternoon,33.7,1.0,Positive,,0,19.0
902821,Mystery Matters,33.26,True Crime,66.21,Monday,Afternoon,0.0,0.0,Negative,,0,65.0
902861,Mystery Matters,72.63,True Crime,27.52,Monday,Afternoon,0.0,2.0,Neutral,,0,83.0
904755,Mystery Matters,26.27,True Crime,30.82,Monday,Afternoon,99.42,2.0,Positive,,0,77.0
911600,Mystery Matters,14.35,True Crime,57.63,Monday,Afternoon,0.0,0.0,Positive,,0,64.0
915019,Mystery Matters,5.83,True Crime,85.72,Monday,Afternoon,41.21,1.0,Positive,,0,67.0
915267,Mystery Matters,89.68,True Crime,34.72,Monday,Afternoon,0.0,1.0,Negative,,0,65.0
918312,Mystery Matters,19.14,True Crime,60.79,Monday,Afternoon,3.61,0.0,Neutral,,0,96.0
918855,Mystery Matters,22.38,True Crime,24.07,Monday,Afternoon,0.07,0.0,Negative,,0,51.0
919409,Mystery Matters,50.04,True Crime,57.97,Monday,Afternoon,19.2,1.0,Neutral,,0,85.0
919421,Mystery Matters,64.32465869975867,True Crime,22.13,Monday,Afternoon,53.96,3.0,Neutral,,0,69.0
921216,Mystery Matters,34.6,True Crime,63.02,Monday,Afternoon,92.31,1.0,Neutral,,0,32.0
921725,Mystery Matters,111.81,True Crime,91.01,Monday,Afternoon,76.52,0.0,Negative,,0,91.0
921964,Mystery Matters,116.83,True Crime,59.11,Monday,Afternoon,0.0,3.0,Neutral,,0,85.0
922806,Mystery Matters,116.88,True Crime,75.73,Monday,Afternoon,26.45,2.0,Negative,,0,16.0
923745,Mystery Matters,98.61,True Crime,79.17,Monday,Afternoon,0.0,2.0,Negative,,0,34.0
924608,Mystery Matters,35.67,True Crime,71.65,Monday,Afternoon,0.0,3.0,Negative,,0,9.0
924671,Mystery Matters,53.9,True Crime,82.53,Monday,Afternoon,48.52,1.0,Negative,,0,23.0
925087,Mystery Matters,64.32465869975867,True Crime,96.29,Monday,Afternoon,0.0,0.0,Negative,,0,46.0
925683,Mystery Matters,119.01,True Crime,41.72,Monday,Afternoon,8.14,0.0,Negative,,0,6.0
926458,Mystery Matters,58.9,True Crime,68.48,Monday,Afternoon,0.0,3.0,Negative,,0,75.0
926776,Mystery Matters,116.65,True Crime,62.38,Monday,Afternoon,80.57,1.0,Negative,,0,9.0
927065,Mystery Matters,36.99,True Crime,65.57,Monday,Afternoon,15.85,1.0,Neutral,,0,18.0
928537,Mystery Matters,64.32465869975867,True Crime,27.8,Monday,Afternoon,0.0,2.0,Negative,,0,50.0
929902,Mystery Matters,38.85,True Crime,66.93,Monday,Afternoon,48.73,2.0,Neutral,,0,44.0
929904,Mystery Matters,34.33,True Crime,88.99,Monday,Afternoon,0.0,2.0,Negative,,0,2.0
933326,Mystery Matters,64.32465869975867,True Crime,86.31,Monday,Afternoon,0.0,0.0,Neutral,,0,33.0
934560,Mystery Matters,64.32465869975867,True Crime,72.74,Monday,Afternoon,75.95,0.0,Neutral,,0,31.0
935193,Mystery Matters,43.84,True Crime,77.78,Monday,Afternoon,1.49,3.0,Positive,,0,95.0
935796,Mystery Matters,77.31,True Crime,61.79,Monday,Afternoon,70.16,0.0,Neutral,,0,61.0
936656,Mystery Matters,48.49,True Crime,90.06,Monday,Afternoon,27.37,1.0,Positive,,0,77.0
942021,Mystery Matters,100.23,True Crime,87.99,Monday,Afternoon,80.82,0.0,Positive,,0,82.0
943914,Mystery Matters,48.26,True Crime,60.69,Monday,Afternoon,0.48,2.0,Negative,,0,65.0
947452,Mystery Matters,33.2,True Crime,32.24,Monday,Afternoon,32.69,3.0,Negative,,0,62.0
949687,Mystery Matters,34.5,True Crime,46.53,Monday,Afternoon,72.91,2.0,Negative,,0,99.0
952422,Mystery Matters,30.71,True Crime,28.06,Monday,Afternoon,83.83,2.0,Negative,,0,33.0
953652,Mystery Matters,93.98,True Crime,25.04,Monday,Afternoon,52.92,1.0,Positive,,0,48.0
953948,Mystery Matters,88.36,True Crime,72.19,Monday,Afternoon,80.88,1.0,Negative,,0,67.0
956165,Mystery Matters,63.41,True Crime,89.47,Monday,Afternoon,19.08,0.0,Positive,,0,90.0
957438,Mystery Matters,29.77,True Crime,34.43,Monday,Afternoon,51.7,2.0,Neutral,,0,13.0
959362,Mystery Matters,29.28,True Crime,58.34,Monday,Afternoon,19.53,0.0,Neutral,,0,86.0
962526,Mystery Matters,103.52,True Crime,57.25,Monday,Afternoon,94.21,3.0,Neutral,,0,59.0
963154,Mystery Matters,114.67,True Crime,26.77,Monday,Afternoon,83.96,3.0,Positive,,0,95.0
966886,Mystery Matters,85.78,True Crime,91.25,Monday,Afternoon,82.45,1.0,Neutral,,0,20.0
969878,Mystery Matters,83.06,True Crime,33.34,Monday,Afternoon,59.12,3.0,Negative,,0,86.0
972134,Mystery Matters,49.26,True Crime,48.69,Monday,Afternoon,71.64,2.0,Neutral,,0,50.0
972385,Mystery Matters,59.66,True Crime,33.96,Monday,Afternoon,7.77,2.0,Negative,,0,100.0
972526,Mystery Matters,64.32465869975867,True Crime,78.73,Monday,Afternoon,5.18,0.0,Neutral,,0,31.0
973169,Mystery Matters,28.88,True Crime,56.29,Monday,Afternoon,78.48,1.0,Positive,,0,14.0
974611,Mystery Matters,37.76,True Crime,76.01,Monday,Afternoon,2.47,0.0,Neutral,,0,22.0
975702,Mystery Matters,64.32465869975867,True Crime,46.09,Monday,Afternoon,0.0,0.0,Neutral,,0,66.0
977454,Mystery Matters,102.74,True Crime,93.26,Monday,Afternoon,18.36,1.0,Neutral,,0,28.0
979531,Mystery Matters,68.27,True Crime,45.28,Monday,Afternoon,5.68,1.0,Positive,,0,45.0
980395,Mystery Matters,31.56,True Crime,36.81,Monday,Afternoon,0.0,3.0,Neutral,,0,6.0
981345,Mystery Matters,45.19,True Crime,52.52,Monday,Afternoon,7.47,1.0,Neutral,,0,58.0
981617,Mystery Matters,105.15,True Crime,26.97,Monday,Afternoon,0.0,3.0,Positive,,0,69.0
982971,Mystery Matters,98.22,True Crime,59.07,Monday,Afternoon,43.81,2.0,Negative,,0,53.0
984775,Mystery Matters,44.51,True Crime,26.32,Monday,Afternoon,0.0,3.0,Negative,,0,89.0
984907,Mystery Matters,33.02,True Crime,55.68,Monday,Afternoon,56.83,3.0,Positive,,0,93.0
986956,Mystery Matters,92.42,True Crime,57.97,Monday,Afternoon,6.65,3.0,Negative,,0,10.0
988912,Mystery Matters,59.56,True Crime,94.92,Monday,Afternoon,0.0,1.0,Positive,,0,58.0
989537,Mystery Matters,12.12,True Crime,66.71,Monday,Afternoon,70.48,0.0,Negative,,0,61.0
990404,Mystery Matters,83.6,True Crime,61.2,Monday,Afternoon,17.05,1.0,Neutral,,0,100.0
991878,Mystery Matters,111.33,True Crime,39.74,Monday,Afternoon,73.71,3.0,Negative,,0,33.0
992950,Mystery Matters,113.03,True Crime,77.11,Monday,Afternoon,1.3,2.0,Positive,,0,25.0
993647,Mystery Matters,35.77,True Crime,58.07,Monday,Afternoon,14.07,2.0,Positive,,0,68.0
994509,Mystery Matters,55.97,True Crime,58.43,Monday,Afternoon,33.46,2.0,Neutral,,0,66.0
994690,Mystery Matters,102.7,True Crime,90.87,Monday,Afternoon,0.0,2.0,Neutral,,0,18.0
994703,Mystery Matters,21.74,True Crime,70.33,Monday,Afternoon,34.85,2.0,Neutral,,0,93.0
999363,Mystery Matters,103.01,True Crime,63.89,Monday,Afternoon,89.07,2.0,Neutral,,0,70.0
999647,Mystery Matters,72.61,True Crime,89.31,Monday,Afternoon,97.91,2.0,Positive,,0,37.0
