id,Podcast_Name,Episode_Length_minutes,Genre,Host_Popularity_percentage,Publication_Day,Publication_Time,Guest_Popularity_percentage,Number_of_Ads,Episode_Sentiment,Listening_Time_minutes,is_train,Episode_Number
3548,Mystery Matters,53.58,True Crime,58.7,Tuesday,Night,97.45,0.0,Negative,36.31083,1,79.0
5824,Mystery Matters,106.59,True Crime,40.06,Tuesday,Night,77.73,0.0,Positive,94.8163,1,15.0
7489,Mystery Matters,40.93,True Crime,48.48,Tuesday,Night,43.88,2.0,Positive,32.76209,1,78.0
10006,Mystery Matters,9.97,True Crime,23.59,Tuesday,Night,74.61,3.0,Neutral,9.97,1,44.0
14432,Mystery Matters,8.43,True Crime,39.29,Tuesday,Night,31.52,3.0,Neutral,0.0,1,66.0
15237,Mystery Matters,62.12,True Crime,98.47,Tuesday,Night,91.06,0.0,Negative,20.91979,1,85.0
16608,Mystery Matters,40.28,True Crime,28.02,Tuesday,Night,0.0,0.0,Neutral,16.06603,1,98.0
17277,Mystery Matters,7.36,True Crime,82.9,Tuesday,Night,55.36,1.0,Negative,1.74554,1,15.0
18766,Mystery Matters,40.93,True Crime,96.7,Tuesday,Night,43.44,2.0,Neutral,32.76209,1,73.0
20045,Mystery Matters,101.01,True Crime,36.79,Tuesday,Night,94.44,0.0,Positive,75.79491,1,56.0
20501,Mystery Matters,69.45,True Crime,31.46,Tuesday,Night,39.46,2.0,Positive,53.77415,1,69.0
24259,Mystery Matters,19.25,True Crime,69.03,Tuesday,Night,41.58,3.0,Positive,8.21149,1,86.0
25855,Mystery Matters,117.14,True Crime,84.02,Tuesday,Night,45.37,0.0,Positive,92.10095,1,16.0
31641,Mystery Matters,94.33,True Crime,81.33,Tuesday,Night,30.09,0.0,Negative,56.38367,1,64.0
33130,Mystery Matters,36.63,True Crime,23.32,Tuesday,Night,51.69,3.0,Neutral,25.97189,1,27.0
35240,Mystery Matters,106.26,True Crime,49.68,Tuesday,Night,54.14,3.0,Neutral,48.62252,1,54.0
36082,Mystery Matters,67.3,True Crime,35.65,Tuesday,Night,81.48,0.0,Positive,43.31027,1,18.0
38571,Mystery Matters,53.75,True Crime,96.07,Tuesday,Night,0.0,1.0,Neutral,27.19353,1,12.0
38946,Mystery Matters,29.68,True Crime,98.41,Tuesday,Night,0.0,2.0,Positive,21.95846,1,63.0
39105,Mystery Matters,116.84,True Crime,96.43,Tuesday,Night,36.51,1.0,Neutral,111.4937,1,74.0
41960,Mystery Matters,39.87,True Crime,83.82,Tuesday,Night,49.19,2.0,Positive,39.34286,1,49.0
42853,Mystery Matters,94.28,True Crime,29.49,Tuesday,Night,3.13,2.0,Negative,64.34187,1,59.0
48812,Mystery Matters,12.24,True Crime,46.99,Tuesday,Night,8.91,2.0,Negative,7.02937,1,91.0
51936,Mystery Matters,42.03,True Crime,49.51,Tuesday,Night,53.72,2.0,Positive,19.68929,1,2.0
52131,Mystery Matters,66.89,True Crime,65.62,Tuesday,Night,19.02,0.0,Positive,53.14496,1,38.0
52580,Mystery Matters,67.58762523191095,True Crime,32.12,Tuesday,Night,96.54,1.0,Neutral,86.78896,1,65.0
53999,Mystery Matters,50.11,True Crime,53.72,Tuesday,Night,72.89,2.0,Positive,31.30126,1,88.0
54040,Mystery Matters,13.12,True Crime,26.72,Tuesday,Night,99.19,1.0,Neutral,12.23628,1,14.0
54585,Mystery Matters,33.53,True Crime,73.59,Tuesday,Night,33.02,3.0,Negative,30.50404,1,83.0
55493,Mystery Matters,101.97,True Crime,33.03,Tuesday,Night,54.36,1.0,Negative,61.54708,1,95.0
56035,Mystery Matters,88.73,True Crime,44.16,Tuesday,Night,57.09,1.0,Neutral,79.3617,1,3.0
58334,Mystery Matters,34.78,True Crime,45.01,Tuesday,Night,0.0,0.0,Negative,17.81612,1,35.0
61867,Mystery Matters,103.06,True Crime,54.51,Tuesday,Night,0.0,2.0,Neutral,65.83972,1,79.0
62159,Mystery Matters,67.58762523191095,True Crime,94.54,Tuesday,Night,73.76,0.0,Negative,12.01,1,63.0
63336,Mystery Matters,55.53,True Crime,78.24,Tuesday,Night,0.0,1.0,Positive,31.77094,1,30.0
63618,Mystery Matters,45.8,True Crime,93.94,Tuesday,Night,35.98,2.0,Neutral,44.80645,1,86.0
63977,Mystery Matters,110.42,True Crime,79.81,Tuesday,Night,71.18,0.0,Neutral,98.43092,1,97.0
64840,Mystery Matters,88.74,True Crime,80.66,Tuesday,Night,52.04,1.0,Neutral,71.91167,1,39.0
67870,Mystery Matters,113.47,True Crime,20.25,Tuesday,Night,0.0,1.0,Negative,80.45599,1,4.0
68406,Mystery Matters,52.48,True Crime,37.27,Tuesday,Night,15.9,3.0,Negative,32.93354,1,19.0
70136,Mystery Matters,56.07,True Crime,35.79,Tuesday,Night,26.49,0.0,Neutral,35.91113,1,79.0
71171,Mystery Matters,67.58762523191095,True Crime,76.34,Tuesday,Night,81.05,0.0,Positive,72.61596,1,22.0
71210,Mystery Matters,67.58762523191095,True Crime,49.84,Tuesday,Night,82.1,3.0,Negative,31.95932,1,67.0
73922,Mystery Matters,115.11,True Crime,49.69,Tuesday,Night,94.19,2.0,Neutral,67.18932,1,84.0
73939,Mystery Matters,51.55,True Crime,43.61,Tuesday,Night,2.11,0.0,Neutral,47.90954,1,14.0
80445,Mystery Matters,84.37,True Crime,30.14,Tuesday,Night,83.43,3.0,Positive,57.016,1,4.0
82018,Mystery Matters,67.58762523191095,True Crime,51.88,Tuesday,Night,8.68,2.0,Negative,43.28198,1,11.0
86083,Mystery Matters,75.96,True Crime,37.82,Tuesday,Night,0.0,1.0,Negative,64.82574,1,64.0
87301,Mystery Matters,118.61,True Crime,65.22,Tuesday,Night,60.74,0.0,Positive,117.37,1,6.0
89206,Mystery Matters,109.22,True Crime,28.35,Tuesday,Night,16.59,0.0,Positive,56.02051,1,21.0
91194,Mystery Matters,106.17,True Crime,48.65,Tuesday,Night,0.0,1.0,Positive,44.14934,1,100.0
92857,Mystery Matters,84.93,True Crime,92.6,Tuesday,Night,2.16,1.0,Neutral,43.62381,1,48.0
96856,Mystery Matters,67.58762523191095,True Crime,29.52,Tuesday,Night,0.0,3.0,Positive,33.04,1,78.0
102338,Mystery Matters,35.22,True Crime,36.72,Tuesday,Night,88.33,2.0,Negative,26.7933,1,97.0
103691,Mystery Matters,113.32,True Crime,74.58,Tuesday,Night,54.17,2.0,Neutral,59.72241,1,21.0
109624,Mystery Matters,56.98,True Crime,58.06,Tuesday,Night,5.4,0.0,Negative,52.67,1,45.0
111236,Mystery Matters,95.54,True Crime,35.05,Tuesday,Night,4.29,1.0,Positive,75.20213,1,35.0
111512,Mystery Matters,10.71,True Crime,61.54,Tuesday,Night,85.04,0.0,Negative,6.27,1,56.0
112757,Mystery Matters,99.53,True Crime,95.05,Tuesday,Night,0.0,1.0,Neutral,94.87749,1,5.0
113026,Mystery Matters,26.71,True Crime,29.46,Tuesday,Night,10.18,0.0,Positive,5.12,1,36.0
114393,Mystery Matters,102.65,True Crime,32.74,Tuesday,Night,39.58,2.0,Negative,53.98678,1,4.0
119122,Mystery Matters,69.86,True Crime,35.57,Tuesday,Night,0.0,3.0,Positive,48.11757,1,18.0
121198,Mystery Matters,78.33,True Crime,91.93,Tuesday,Night,0.0,0.0,Positive,57.55869,1,78.0
121689,Mystery Matters,15.13,True Crime,32.58,Tuesday,Night,6.65,3.0,Negative,12.78375,1,25.0
123915,Mystery Matters,67.58762523191095,True Crime,55.84,Tuesday,Night,81.82,2.0,Neutral,7.96967,1,45.0
124183,Mystery Matters,91.96,True Crime,49.67,Tuesday,Night,81.21,3.0,Positive,67.79379,1,81.0
126081,Mystery Matters,28.66,True Crime,49.38,Tuesday,Night,77.13,0.0,Neutral,22.36981,1,84.0
126267,Mystery Matters,62.97,True Crime,33.64,Tuesday,Night,73.62,0.0,Positive,37.19123,1,8.0
127064,Mystery Matters,67.58762523191095,True Crime,44.74,Tuesday,Night,39.57,0.0,Neutral,107.6911,1,61.0
130698,Mystery Matters,18.42,True Crime,37.58,Tuesday,Night,18.43,0.0,Negative,1.72752,1,3.0
131764,Mystery Matters,67.58762523191095,True Crime,43.59,Tuesday,Night,58.25,1.0,Negative,8.48614,1,72.0
134536,Mystery Matters,103.25,True Crime,92.11,Tuesday,Night,0.0,3.0,Positive,94.28273,1,68.0
134817,Mystery Matters,26.07,True Crime,43.88,Tuesday,Night,4.67,2.0,Negative,19.90444,1,85.0
135822,Mystery Matters,16.26,True Crime,44.64,Tuesday,Night,64.91,1.0,Negative,7.64,1,73.0
137361,Mystery Matters,51.82,True Crime,52.48,Tuesday,Night,89.85,2.0,Positive,37.11509,1,75.0
137660,Mystery Matters,92.13,True Crime,55.41,Tuesday,Night,89.5,3.0,Positive,60.74869,1,89.0
138344,Mystery Matters,99.58,True Crime,24.58,Tuesday,Night,0.0,0.0,Positive,88.45832,1,9.0
138529,Mystery Matters,67.58762523191095,True Crime,60.61,Tuesday,Night,88.49,0.0,Neutral,71.91167,1,39.0
139859,Mystery Matters,105.1,True Crime,43.9,Tuesday,Night,14.57,1.0,Negative,96.32319,1,14.0
140729,Mystery Matters,49.31,True Crime,99.42,Tuesday,Night,98.31,1.0,Negative,27.9045,1,62.0
141633,Mystery Matters,116.21,True Crime,23.44,Tuesday,Night,95.77,2.0,Positive,83.4215,1,10.0
145522,Mystery Matters,96.81,True Crime,83.84,Tuesday,Night,23.84,2.0,Positive,73.46733,1,31.0
146265,Mystery Matters,69.1,True Crime,64.0,Tuesday,Night,43.19,2.0,Positive,57.4657,1,15.0
147207,Mystery Matters,46.56,True Crime,92.33,Tuesday,Night,80.08,2.0,Positive,43.74831,1,73.0
150759,Mystery Matters,39.44,True Crime,64.7,Tuesday,Night,43.15,2.0,Neutral,32.76209,1,77.0
150893,Mystery Matters,110.12,True Crime,40.46,Tuesday,Night,80.23,0.0,Positive,97.02471,1,24.0
151970,Mystery Matters,82.19,True Crime,21.34,Tuesday,Night,26.81,3.0,Positive,45.98246,1,49.0
154157,Mystery Matters,72.47,True Crime,40.4,Tuesday,Night,75.18,3.0,Negative,46.28275,1,82.0
156313,Mystery Matters,110.18,True Crime,37.36,Tuesday,Night,79.34,0.0,Neutral,79.79347,1,59.0
157800,Mystery Matters,67.58762523191095,True Crime,65.89,Tuesday,Night,82.5,3.0,Positive,78.38089,1,95.0
161474,Mystery Matters,87.12,True Crime,59.65,Tuesday,Night,66.44,0.0,Negative,66.06929,1,40.0
162653,Mystery Matters,76.69,True Crime,91.79,Tuesday,Night,85.04,2.0,Negative,52.91262,1,95.0
164364,Mystery Matters,55.31,True Crime,83.35,Tuesday,Night,86.45,2.0,Negative,30.72381,1,83.0
167849,Mystery Matters,79.62,True Crime,53.74,Tuesday,Night,37.11,3.0,Neutral,46.35179,1,42.0
168218,Mystery Matters,57.79,True Crime,33.9,Tuesday,Night,24.18,1.0,Negative,40.66929,1,7.0
169414,Mystery Matters,33.23,True Crime,25.31,Tuesday,Night,11.38,0.0,Positive,31.54,1,73.0
170179,Mystery Matters,5.56,True Crime,82.8,Tuesday,Night,33.43,0.0,Negative,0.0,1,53.0
171042,Mystery Matters,115.76,True Crime,45.66,Tuesday,Night,94.66,0.0,Neutral,88.10933,1,85.0
172617,Mystery Matters,86.53,True Crime,29.91,Tuesday,Night,36.31,0.0,Neutral,66.08034,1,91.0
174339,Mystery Matters,68.75,True Crime,22.0,Tuesday,Night,72.22,2.0,Neutral,43.68925,1,69.0
177771,Mystery Matters,8.98,True Crime,84.65,Tuesday,Night,64.84,2.0,Negative,5.00331,1,77.0
178853,Mystery Matters,71.38,True Crime,79.86,Tuesday,Night,16.89,2.0,Positive,71.31708,1,18.0
181507,Mystery Matters,116.65,True Crime,53.24,Tuesday,Night,90.8,1.0,Negative,77.05189,1,71.0
183068,Mystery Matters,91.44,True Crime,26.34,Tuesday,Night,8.49,3.0,Neutral,80.51055,1,71.0
186966,Mystery Matters,67.58762523191095,True Crime,61.08,Tuesday,Night,93.84,0.0,Positive,61.98208,1,56.0
187086,Mystery Matters,114.34,True Crime,63.62,Tuesday,Night,25.6,2.0,Negative,79.87909,1,67.0
188625,Mystery Matters,15.11,True Crime,61.01,Tuesday,Night,43.35,0.0,Negative,15.02,1,56.0
189186,Mystery Matters,31.68,True Crime,45.52,Tuesday,Night,52.37,2.0,Negative,19.86698,1,71.0
191069,Mystery Matters,61.99,True Crime,39.93,Tuesday,Night,46.38,3.0,Positive,52.13064,1,75.0
192054,Mystery Matters,88.61,True Crime,68.49,Tuesday,Night,2.66,3.0,Negative,79.34386,1,4.0
193151,Mystery Matters,66.05,True Crime,97.25,Tuesday,Night,72.42,2.0,Neutral,46.30231,1,1.0
193493,Mystery Matters,107.04,True Crime,37.11,Tuesday,Night,55.93,3.0,Positive,64.31707,1,34.0
194168,Mystery Matters,67.58762523191095,True Crime,65.05,Tuesday,Night,0.0,2.0,Positive,44.68448,1,15.0
195929,Mystery Matters,80.09,True Crime,93.92,Tuesday,Night,0.0,2.0,Negative,71.35816,1,91.0
196300,Mystery Matters,91.43,True Crime,44.0,Tuesday,Night,41.56,0.0,Negative,86.60218,1,82.0
197375,Mystery Matters,67.83,True Crime,64.54,Tuesday,Night,0.0,2.0,Negative,37.06546,1,35.0
199078,Mystery Matters,119.52,True Crime,79.08,Tuesday,Night,0.0,2.0,Neutral,85.62236,1,46.0
199527,Mystery Matters,5.83,True Crime,25.74,Tuesday,Night,0.59,3.0,Negative,0.0,1,32.0
201497,Mystery Matters,86.07,True Crime,90.5,Tuesday,Night,23.31,1.0,Neutral,69.21725,1,22.0
201499,Mystery Matters,68.29,True Crime,23.31,Tuesday,Night,73.42,0.0,Positive,51.94391,1,71.0
205053,Mystery Matters,41.32,True Crime,63.64,Tuesday,Night,0.0,2.0,Negative,25.15403,1,58.0
205833,Mystery Matters,92.96,True Crime,22.67,Tuesday,Night,24.01,3.0,Negative,54.35638,1,27.0
207333,Mystery Matters,43.1,True Crime,71.91,Tuesday,Night,61.34,3.0,Neutral,35.79059,1,80.0
208502,Mystery Matters,111.06,True Crime,50.51,Tuesday,Night,61.96,1.0,Negative,107.81103,1,59.0
212889,Mystery Matters,46.97,True Crime,84.97,Tuesday,Night,9.95,1.0,Neutral,44.22096,1,42.0
213144,Mystery Matters,94.92,True Crime,68.76,Tuesday,Night,78.8,0.0,Positive,76.19846,1,5.0
215371,Mystery Matters,71.65,True Crime,53.56,Tuesday,Night,43.17,3.0,Neutral,32.87405,1,50.0
216533,Mystery Matters,84.35,True Crime,73.13,Tuesday,Night,75.18,3.0,Positive,61.12542,1,89.0
216987,Mystery Matters,7.17,True Crime,93.58,Tuesday,Night,2.64,3.0,Positive,3.89535,1,21.0
220143,Mystery Matters,48.93,True Crime,54.75,Tuesday,Night,1.49,3.0,Neutral,38.0667,1,76.0
222899,Mystery Matters,67.58762523191095,True Crime,87.34,Tuesday,Night,0.0,3.0,Positive,92.77059,1,33.0
222960,Mystery Matters,67.58762523191095,True Crime,96.74,Tuesday,Night,43.5,0.0,Negative,59.9532,1,16.0
223229,Mystery Matters,67.58762523191095,True Crime,99.72,Tuesday,Night,72.24,1.0,Neutral,89.42298,1,10.0
224880,Mystery Matters,95.22,True Crime,97.77,Tuesday,Night,0.0,1.0,Neutral,86.18627,1,72.0
225190,Mystery Matters,78.62,True Crime,53.58,Tuesday,Night,29.45,3.0,Negative,44.77314,1,31.0
226339,Mystery Matters,67.58762523191095,True Crime,51.68,Tuesday,Night,38.22,0.0,Positive,55.94,1,29.0
226896,Mystery Matters,77.54,True Crime,80.5,Tuesday,Night,37.53,3.0,Neutral,61.04925,1,6.0
227503,Mystery Matters,62.43,True Crime,89.57,Tuesday,Night,49.67,3.0,Neutral,47.67249,1,66.0
230493,Mystery Matters,67.58762523191095,True Crime,62.03,Tuesday,Night,89.75,0.0,Neutral,71.91167,1,39.0
230971,Mystery Matters,30.26,True Crime,79.98,Tuesday,Night,26.69,1.0,Negative,25.23,1,3.0
235289,Mystery Matters,95.55,True Crime,46.05,Tuesday,Night,4.89,1.0,Positive,75.20213,1,35.0
236485,Mystery Matters,59.87,True Crime,56.94,Tuesday,Night,62.58,0.0,Neutral,46.14466,1,81.0
236918,Mystery Matters,53.41,True Crime,26.71,Tuesday,Night,19.1,0.0,Positive,44.99419,1,91.0
237374,Mystery Matters,94.62,True Crime,85.55,Tuesday,Night,59.27,1.0,Positive,72.9675,1,17.0
238147,Mystery Matters,84.53,True Crime,53.18,Tuesday,Night,66.21,3.0,Neutral,44.25032,1,12.0
241516,Mystery Matters,39.85,True Crime,30.94,Tuesday,Night,54.94,0.0,Positive,33.3237,1,70.0
242745,Mystery Matters,17.61,True Crime,95.05,Tuesday,Night,58.34,2.0,Positive,3.33227,1,72.0
242810,Mystery Matters,103.39,True Crime,77.8,Tuesday,Night,33.42,1.0,Neutral,42.1263,1,42.0
243064,Mystery Matters,69.2,True Crime,74.37,Tuesday,Night,0.0,3.0,Negative,63.70877,1,18.0
244756,Mystery Matters,111.3,True Crime,39.69,Tuesday,Night,49.01,1.0,Neutral,85.65765,1,81.0
245151,Mystery Matters,91.31,True Crime,77.64,Tuesday,Night,27.88,1.0,Negative,70.2,1,72.0
245775,Mystery Matters,31.54,True Crime,82.81,Tuesday,Night,64.54,2.0,Neutral,23.09955,1,6.0
246721,Mystery Matters,110.07,True Crime,59.78,Tuesday,Night,56.14,1.0,Positive,77.27666,1,79.0
250340,Mystery Matters,68.46,True Crime,31.29,Tuesday,Night,78.52,3.0,Neutral,48.91848,1,61.0
250914,Mystery Matters,118.6,True Crime,99.48,Tuesday,Night,87.87,1.0,Positive,92.82885,1,71.0
251583,Mystery Matters,20.71,True Crime,33.88,Tuesday,Night,80.88,2.0,Positive,12.2968,1,40.0
252501,Mystery Matters,83.74,True Crime,83.42,Tuesday,Night,35.83,2.0,Negative,58.28894,1,31.0
253634,Mystery Matters,67.58762523191095,True Crime,73.68,Tuesday,Night,41.25,0.0,Neutral,70.51331,1,8.0
254808,Mystery Matters,69.18,True Crime,87.05,Tuesday,Night,57.31,0.0,Positive,40.14597,1,15.0
256366,Mystery Matters,62.11,True Crime,33.65,Tuesday,Night,72.44,0.0,Neutral,41.71532,1,33.0
258943,Mystery Matters,67.58762523191095,True Crime,58.73,Tuesday,Night,60.16,1.0,Positive,42.89642,1,91.0
261382,Mystery Matters,114.01,True Crime,99.37,Tuesday,Night,55.72,0.0,Negative,89.33424,1,66.0
263520,Mystery Matters,28.84,True Crime,51.24,Tuesday,Night,29.93,1.0,Negative,21.70578,1,6.0
265266,Mystery Matters,30.91,True Crime,94.95,Tuesday,Night,0.0,3.0,Negative,27.56512,1,54.0
265986,Mystery Matters,67.58762523191095,True Crime,53.91,Tuesday,Night,0.0,0.0,Positive,21.70958,1,89.0
266512,Mystery Matters,119.52,True Crime,79.25,Tuesday,Night,0.0,2.0,Neutral,85.62236,1,89.0
268198,Mystery Matters,24.9,True Crime,23.76,Tuesday,Night,13.12,3.0,Neutral,15.22256,1,18.0
270375,Mystery Matters,100.65,True Crime,77.16,Tuesday,Night,67.45,2.0,Neutral,71.15281,1,91.0
272492,Mystery Matters,45.62,True Crime,98.22,Tuesday,Night,0.0,3.0,Positive,28.29655,1,99.0
273719,Mystery Matters,32.64,True Crime,47.49,Tuesday,Night,48.44,0.0,Positive,20.02204,1,4.0
275984,Mystery Matters,114.1,True Crime,90.31,Tuesday,Night,0.0,2.0,Neutral,107.40428,1,55.0
282347,Mystery Matters,108.51,True Crime,90.78,Tuesday,Night,91.67,3.0,Positive,87.35155,1,93.0
282399,Mystery Matters,60.9,True Crime,30.58,Tuesday,Night,93.67,0.0,Positive,37.62887,1,6.0
282555,Mystery Matters,62.18,True Crime,48.19,Tuesday,Night,52.96,3.0,Neutral,37.04982,1,98.0
285250,Mystery Matters,63.51,True Crime,60.22,Tuesday,Night,0.0,3.0,Negative,43.80117,1,11.0
286276,Mystery Matters,55.04,True Crime,65.84,Tuesday,Night,63.63,0.0,Neutral,33.69961,1,61.0
290156,Mystery Matters,100.3,True Crime,33.32,Tuesday,Night,0.0,1.0,Positive,77.49063,1,64.0
290333,Mystery Matters,81.53,True Crime,22.66,Tuesday,Night,0.0,2.0,Positive,66.86169,1,45.0
290676,Mystery Matters,67.58762523191095,True Crime,48.27,Tuesday,Night,88.42,2.0,Positive,46.41644,1,50.0
294800,Mystery Matters,106.13,True Crime,91.31,Tuesday,Night,82.76,1.0,Neutral,77.86449,1,1.0
296727,Mystery Matters,61.34,True Crime,28.68,Tuesday,Night,0.0,0.0,Negative,54.01,1,31.0
299937,Mystery Matters,30.34,True Crime,96.04,Tuesday,Night,33.08,3.0,Positive,27.68,1,63.0
300400,Mystery Matters,81.02,True Crime,42.73,Tuesday,Night,81.83,1.0,Positive,71.86729,1,62.0
300559,Mystery Matters,107.82,True Crime,39.6,Tuesday,Night,81.71,1.0,Negative,71.29,1,64.0
300670,Mystery Matters,82.25,True Crime,91.93,Tuesday,Night,0.0,2.0,Positive,57.55869,1,78.0
300834,Mystery Matters,84.21,True Crime,99.59,Tuesday,Night,0.0,0.0,Positive,56.41265,1,31.0
300953,Mystery Matters,39.93,True Crime,86.58,Tuesday,Night,91.71,1.0,Neutral,30.73548,1,71.0
301095,Mystery Matters,67.58762523191095,True Crime,99.72,Tuesday,Night,72.24,1.0,Neutral,89.42298,1,32.0
302674,Mystery Matters,67.58762523191095,True Crime,76.34,Tuesday,Night,0.0,2.0,Negative,55.44458,1,23.0
303775,Mystery Matters,57.13,True Crime,79.52,Tuesday,Night,0.0,3.0,Negative,34.99625,1,7.0
304018,Mystery Matters,25.03,True Crime,57.77,Tuesday,Night,51.63,0.0,Positive,9.87428,1,68.0
304562,Mystery Matters,57.1,True Crime,80.4,Tuesday,Night,89.39,3.0,Negative,35.83489,1,92.0
308363,Mystery Matters,23.57,True Crime,29.63,Tuesday,Night,29.06,2.0,Neutral,8.86,1,70.0
309726,Mystery Matters,31.64,True Crime,44.79,Tuesday,Night,26.8,3.0,Positive,22.96244,1,90.0
311341,Mystery Matters,67.58762523191095,True Crime,68.41,Tuesday,Night,1.38,1.0,Neutral,43.19068,1,71.0
312539,Mystery Matters,40.68,True Crime,96.7,Tuesday,Night,43.44,2.0,Neutral,32.76209,1,77.0
315341,Mystery Matters,119.87,True Crime,76.06,Tuesday,Night,78.12,0.0,Negative,76.52683,1,12.0
316016,Mystery Matters,110.07,True Crime,40.99,Tuesday,Night,0.0,1.0,Positive,97.02471,1,24.0
317405,Mystery Matters,57.41,True Crime,64.71,Tuesday,Night,47.03,2.0,Positive,44.99419,1,91.0
318991,Mystery Matters,39.39,True Crime,57.43,Tuesday,Night,51.54,0.0,Neutral,22.7729,1,27.0
319801,Mystery Matters,51.41,True Crime,51.88,Tuesday,Night,51.46,1.0,Negative,27.08937,1,54.0
320324,Mystery Matters,27.08,True Crime,58.29,Tuesday,Night,48.98,0.0,Negative,22.58418,1,39.0
322427,Mystery Matters,67.58762523191095,True Crime,39.81,Tuesday,Night,54.15,0.0,Neutral,54.52512,1,43.0
322465,Mystery Matters,61.24,True Crime,36.02,Tuesday,Night,0.0,0.0,Positive,41.91386,1,49.0
322906,Mystery Matters,98.41,True Crime,46.87,Tuesday,Night,70.26,1.0,Positive,78.35351,1,72.0
324051,Mystery Matters,115.35,True Crime,50.87,Tuesday,Night,27.5,3.0,Negative,77.95,1,28.0
326678,Mystery Matters,67.58762523191095,True Crime,31.5,Tuesday,Night,33.13,0.0,Neutral,6.25425,1,1.0
329807,Mystery Matters,68.97,True Crime,31.47,Tuesday,Night,64.18,1.0,Neutral,48.33969,1,72.0
331047,Mystery Matters,62.57,True Crime,23.71,Tuesday,Night,0.0,3.0,Positive,32.97339,1,99.0
337949,Mystery Matters,84.39,True Crime,41.05,Tuesday,Night,47.7,0.0,Positive,60.05743,1,43.0
339833,Mystery Matters,50.73,True Crime,84.27,Tuesday,Night,0.0,3.0,Negative,27.57,1,27.0
340364,Mystery Matters,62.65,True Crime,54.62,Tuesday,Night,9.3,0.0,Positive,49.65934,1,1.0
346100,Mystery Matters,116.79,True Crime,29.63,Tuesday,Night,46.73,3.0,Neutral,75.29,1,65.0
346188,Mystery Matters,37.94,True Crime,35.9,Tuesday,Night,28.77,2.0,Positive,35.97878,1,19.0
347904,Mystery Matters,41.96,True Crime,31.33,Tuesday,Night,44.38,0.0,Neutral,25.02538,1,51.0
351283,Mystery Matters,23.74,True Crime,39.6,Tuesday,Night,87.87,1.0,Positive,12.03908,1,48.0
352546,Mystery Matters,87.55,True Crime,53.74,Tuesday,Night,32.25,3.0,Negative,70.83695,1,97.0
352866,Mystery Matters,48.85,True Crime,47.45,Tuesday,Night,77.76,0.0,Negative,41.00872,1,30.0
355009,Mystery Matters,72.79,True Crime,53.29,Tuesday,Night,0.69,1.0,Neutral,56.09609,1,72.0
357145,Mystery Matters,93.73,True Crime,71.41,Tuesday,Night,15.05,0.0,Negative,85.0053,1,15.0
357451,Mystery Matters,76.94,True Crime,55.92,Tuesday,Night,72.48,3.0,Negative,34.72509,1,24.0
360008,Mystery Matters,9.3,True Crime,96.53,Tuesday,Night,61.56,2.0,Negative,5.36023,1,30.0
360178,Mystery Matters,23.95,True Crime,34.27,Tuesday,Night,34.82,0.0,Positive,19.96416,1,24.0
361998,Mystery Matters,36.56,True Crime,89.06,Tuesday,Night,91.12,1.0,Negative,13.49,1,43.0
364433,Mystery Matters,89.64,True Crime,62.69,Tuesday,Night,9.51,2.0,Neutral,79.82862,1,97.0
365110,Mystery Matters,67.58762523191095,True Crime,86.43,Tuesday,Night,94.66,3.0,Neutral,44.45066,1,95.0
368957,Mystery Matters,113.94,True Crime,66.65,Tuesday,Night,95.82,2.0,Negative,87.3401,1,48.0
374303,Mystery Matters,62.36,True Crime,49.75,Tuesday,Night,0.0,0.0,Neutral,52.56622,1,28.0
376226,Mystery Matters,93.37,True Crime,44.37,Tuesday,Night,26.76,0.0,Neutral,68.81088,1,84.0
377431,Mystery Matters,27.49,True Crime,29.52,Tuesday,Night,26.31,3.0,Positive,25.56223,1,17.0
379495,Mystery Matters,107.2,True Crime,68.81,Tuesday,Night,85.78,1.0,Negative,90.22061,1,28.0
383201,Mystery Matters,62.58,True Crime,54.93,Tuesday,Night,57.41,3.0,Positive,42.77124,1,75.0
386663,Mystery Matters,67.58762523191095,True Crime,94.35,Tuesday,Night,52.29,1.0,Positive,90.13141,1,9.0
386756,Mystery Matters,114.0,True Crime,58.63,Tuesday,Night,79.72,1.0,Positive,113.07,1,81.0
386790,Mystery Matters,92.5,True Crime,93.05,Tuesday,Night,43.16,3.0,Positive,39.66354,1,31.0
388165,Mystery Matters,27.43,True Crime,24.42,Tuesday,Night,75.42,2.0,Neutral,26.29157,1,82.0
390375,Mystery Matters,5.31,True Crime,80.65,Tuesday,Night,54.25,3.0,Negative,5.31,1,82.0
390515,Mystery Matters,106.41,True Crime,76.01,Tuesday,Night,79.69,1.0,Negative,86.91692,1,45.0
391863,Mystery Matters,67.58762523191095,True Crime,90.78,Tuesday,Night,2.14,0.0,Neutral,23.84135,1,51.0
394824,Mystery Matters,102.26,True Crime,41.66,Tuesday,Night,62.4,1.0,Neutral,89.40159,1,10.0
396138,Mystery Matters,16.31,True Crime,68.42,Tuesday,Night,61.03,1.0,Negative,13.10745,1,78.0
398117,Mystery Matters,23.28,True Crime,85.92,Tuesday,Night,30.43,2.0,Neutral,14.62874,1,40.0
398323,Mystery Matters,119.31,True Crime,51.35,Tuesday,Night,44.12,2.0,Negative,115.51524,1,40.0
398466,Mystery Matters,7.13,True Crime,71.46,Tuesday,Night,41.48,2.0,Negative,0.0,1,46.0
399535,Mystery Matters,46.43,True Crime,75.19,Tuesday,Night,0.2,1.0,Neutral,23.08446,1,66.0
402728,Mystery Matters,52.89,True Crime,78.98,Tuesday,Night,0.54,1.0,Neutral,39.26383,1,84.0
403550,Mystery Matters,101.73,True Crime,82.52,Tuesday,Night,71.54,0.0,Negative,77.11596,1,36.0
404312,Mystery Matters,117.75,True Crime,93.28,Tuesday,Night,89.79,1.0,Neutral,63.03292,1,62.0
404569,Mystery Matters,88.98,True Crime,39.11,Tuesday,Night,15.05,1.0,Positive,71.20826,1,73.0
405040,Mystery Matters,67.58762523191095,True Crime,31.3,Tuesday,Night,0.0,0.0,Negative,0.0,1,100.0
406208,Mystery Matters,45.65,True Crime,28.83,Tuesday,Night,81.25,3.0,Positive,21.85,1,15.0
407786,Mystery Matters,11.2,True Crime,27.32,Tuesday,Night,34.19,1.0,Neutral,8.10426,1,62.0
408625,Mystery Matters,101.86,True Crime,54.3,Tuesday,Night,6.73,3.0,Neutral,55.74923,1,35.0
409763,Mystery Matters,111.42,True Crime,61.69,Tuesday,Night,59.74,0.0,Negative,111.24,1,19.0
410111,Mystery Matters,29.86,True Crime,80.27,Tuesday,Night,82.92,2.0,Neutral,25.69092,1,93.0
412829,Mystery Matters,66.22,True Crime,62.2,Tuesday,Night,8.0,3.0,Positive,62.91243,1,61.0
413825,Mystery Matters,107.47,True Crime,59.56,Tuesday,Night,28.77,0.0,Positive,77.91131,1,95.0
413861,Mystery Matters,79.04,True Crime,93.59,Tuesday,Night,83.8,3.0,Negative,60.28063,1,32.0
417421,Mystery Matters,16.69,True Crime,32.9,Tuesday,Night,63.95,2.0,Positive,12.48081,1,72.0
419333,Mystery Matters,45.24,True Crime,76.7,Tuesday,Night,10.0,3.0,Negative,28.59195,1,52.0
422248,Mystery Matters,20.42,True Crime,26.81,Tuesday,Night,49.88,0.0,Neutral,11.47161,1,62.0
423511,Mystery Matters,99.75,True Crime,94.44,Tuesday,Night,0.0,1.0,Neutral,93.30622,1,64.0
426153,Mystery Matters,91.65,True Crime,29.06,Tuesday,Night,75.31,1.0,Positive,84.80169,1,69.0
426825,Mystery Matters,88.11,True Crime,84.25,Tuesday,Night,67.72,1.0,Negative,56.10559,1,52.0
428271,Mystery Matters,19.02,True Crime,45.12,Tuesday,Night,53.58,1.0,Negative,7.52928,1,49.0
428578,Mystery Matters,75.94,True Crime,34.93,Tuesday,Night,93.42,1.0,Negative,56.417,1,22.0
432434,Mystery Matters,42.05,True Crime,56.56,Tuesday,Night,60.03,1.0,Positive,22.07283,1,63.0
433748,Mystery Matters,116.6,True Crime,36.07,Tuesday,Night,54.51,3.0,Negative,113.16087,1,80.0
435471,Mystery Matters,94.06,True Crime,79.65,Tuesday,Night,93.36,2.0,Positive,75.57109,1,56.0
436297,Mystery Matters,62.33,True Crime,91.93,Tuesday,Night,0.0,2.0,Positive,57.55869,1,78.0
439245,Mystery Matters,21.08,True Crime,78.97,Tuesday,Night,0.0,2.0,Negative,6.25254,1,68.0
439345,Mystery Matters,36.17,True Crime,74.94,Tuesday,Night,0.0,2.0,Negative,24.16,1,81.0
442545,Mystery Matters,38.25,True Crime,62.96,Tuesday,Night,0.0,1.0,Positive,25.46747,1,88.0
443134,Mystery Matters,54.2,True Crime,51.39,Tuesday,Night,8.53,2.0,Positive,32.26553,1,42.0
444192,Mystery Matters,38.73,True Crime,31.98,Tuesday,Night,48.2,0.0,Negative,16.07409,1,69.0
445154,Mystery Matters,18.2,True Crime,27.44,Tuesday,Night,0.0,0.0,Neutral,9.95729,1,31.0
445356,Mystery Matters,101.28,True Crime,88.13,Tuesday,Night,50.1,3.0,Neutral,83.40526,1,76.0
447667,Mystery Matters,67.58762523191095,True Crime,99.75,Tuesday,Night,72.23,1.0,Neutral,89.42298,1,10.0
448784,Mystery Matters,67.58762523191095,True Crime,37.61,Tuesday,Night,26.44,0.0,Positive,59.7356,1,38.0
448863,Mystery Matters,48.44,True Crime,98.11,Tuesday,Night,74.84,0.0,Neutral,39.8164,1,13.0
449233,Mystery Matters,35.15,True Crime,57.09,Tuesday,Night,49.16,2.0,Negative,26.94838,1,51.0
452067,Mystery Matters,104.1,True Crime,79.17,Tuesday,Night,0.0,0.0,Positive,83.58759,1,12.0
454853,Mystery Matters,58.63,True Crime,50.58,Tuesday,Night,47.06,1.0,Neutral,36.28158,1,16.0
455322,Mystery Matters,67.58762523191095,True Crime,44.25,Tuesday,Night,0.0,3.0,Positive,51.29393,1,91.0
455379,Mystery Matters,17.27,True Crime,64.81,Tuesday,Night,5.29,3.0,Neutral,10.00869,1,57.0
456366,Mystery Matters,107.76,True Crime,31.89,Tuesday,Night,71.78,1.0,Negative,71.68,1,67.0
456844,Mystery Matters,54.98,True Crime,91.99,Tuesday,Night,45.91,0.0,Positive,37.55841,1,24.0
460410,Mystery Matters,92.01,True Crime,34.19,Tuesday,Night,16.92,1.0,Neutral,76.42398,1,5.0
461169,Mystery Matters,84.79,True Crime,55.18,Tuesday,Night,55.51,1.0,Positive,77.89117,1,49.0
465503,Mystery Matters,27.17,True Crime,84.59,Tuesday,Night,38.94,0.0,Positive,16.87149,1,53.0
468230,Mystery Matters,67.58762523191095,True Crime,65.9,Tuesday,Night,46.84,1.0,Positive,54.87666,1,92.0
468341,Mystery Matters,67.58762523191095,True Crime,34.63,Tuesday,Night,5.03,1.0,Positive,63.95961,1,14.0
469406,Mystery Matters,77.62,True Crime,71.6,Tuesday,Night,56.84,3.0,Negative,43.27257,1,80.0
469730,Mystery Matters,85.73,True Crime,36.37,Tuesday,Night,68.34,3.0,Neutral,59.42083,1,68.0
473543,Mystery Matters,119.73,True Crime,20.2,Tuesday,Night,1.33,3.0,Neutral,79.5505,1,45.0
474984,Mystery Matters,80.48,True Crime,87.11,Tuesday,Night,67.69,0.0,Negative,53.59619,1,9.0
476366,Mystery Matters,109.47,True Crime,90.24,Tuesday,Night,42.75,1.0,Positive,90.51905,1,80.0
478223,Mystery Matters,23.08,True Crime,64.31,Tuesday,Night,86.04,1.0,Positive,20.99182,1,54.0
481383,Mystery Matters,67.58762523191095,True Crime,72.18,Tuesday,Night,72.67,2.0,Positive,74.75427,1,94.0
481868,Mystery Matters,104.34,True Crime,65.14,Tuesday,Night,36.75,3.0,Negative,58.41,1,66.0
486716,Mystery Matters,48.36,True Crime,24.5,Tuesday,Night,51.69,0.0,Negative,39.12879,1,40.0
487920,Mystery Matters,88.28,True Crime,37.77,Tuesday,Night,28.74,0.0,Neutral,48.23708,1,68.0
488334,Mystery Matters,16.6,True Crime,97.84,Tuesday,Night,99.2,0.0,Negative,13.46,1,92.0
488447,Mystery Matters,102.78,True Crime,91.57,Tuesday,Night,53.64,3.0,Positive,62.33752,1,51.0
489161,Mystery Matters,67.58762523191095,True Crime,31.36,Tuesday,Night,83.96,2.0,Neutral,73.46387,1,54.0
490683,Mystery Matters,93.7,True Crime,84.35,Tuesday,Night,0.0,1.0,Positive,93.71146,1,87.0
491222,Mystery Matters,107.39,True Crime,43.19,Tuesday,Night,0.0,0.0,Neutral,88.01997,1,64.0
492130,Mystery Matters,23.34,True Crime,23.01,Tuesday,Night,48.48,0.0,Negative,16.59124,1,66.0
492826,Mystery Matters,93.99,True Crime,20.28,Tuesday,Night,0.0,0.0,Positive,65.85434,1,1.0
496610,Mystery Matters,98.11,True Crime,63.76,Tuesday,Night,24.26,0.0,Positive,84.95618,1,99.0
496894,Mystery Matters,9.12,True Crime,55.69,Tuesday,Night,4.81,0.0,Positive,7.99,1,29.0
497147,Mystery Matters,53.13,True Crime,45.08,Tuesday,Night,97.56,0.0,Positive,41.60816,1,85.0
497148,Mystery Matters,95.89,True Crime,56.74,Tuesday,Night,23.63,3.0,Positive,53.8803,1,29.0
498686,Mystery Matters,31.32,True Crime,65.16,Tuesday,Night,0.0,2.0,Negative,14.69,1,88.0
499037,Mystery Matters,67.58762523191095,True Crime,77.45,Tuesday,Night,0.0,0.0,Negative,24.27759,1,54.0
504184,Mystery Matters,39.56,True Crime,81.4,Tuesday,Night,79.54,0.0,Negative,21.55,1,62.0
504232,Mystery Matters,96.22,True Crime,49.77,Tuesday,Night,26.97,3.0,Positive,61.56252,1,29.0
504803,Mystery Matters,58.74,True Crime,26.83,Tuesday,Night,10.74,2.0,Negative,46.12195,1,55.0
505908,Mystery Matters,53.71,True Crime,75.94,Tuesday,Night,54.72,0.0,Neutral,51.16932,1,83.0
507077,Mystery Matters,67.58762523191095,True Crime,81.33,Tuesday,Night,83.02,0.0,Positive,63.62634,1,83.0
507511,Mystery Matters,81.29,True Crime,37.14,Tuesday,Night,93.68,2.0,Neutral,44.298,1,46.0
507991,Mystery Matters,93.68,True Crime,88.74,Tuesday,Night,63.23,2.0,Negative,65.07373,1,37.0
516145,Mystery Matters,67.58762523191095,True Crime,62.97,Tuesday,Night,0.0,0.0,Positive,92.77059,1,90.0
516180,Mystery Matters,67.58762523191095,True Crime,92.33,Tuesday,Night,29.67,2.0,Negative,36.72546,1,50.0
518071,Mystery Matters,28.27,True Crime,86.73,Tuesday,Night,10.41,3.0,Neutral,11.91327,1,19.0
522711,Mystery Matters,27.88,True Crime,65.41,Tuesday,Night,0.0,0.0,Negative,21.87541,1,32.0
527741,Mystery Matters,109.23,True Crime,95.22,Tuesday,Night,64.28,1.0,Positive,90.51905,1,87.0
528177,Mystery Matters,26.13,True Crime,21.44,Tuesday,Night,0.0,1.0,Neutral,22.13148,1,20.0
528236,Mystery Matters,82.92,True Crime,66.72,Tuesday,Night,59.12,1.0,Positive,65.17853,1,96.0
534056,Mystery Matters,32.31,True Crime,40.59,Tuesday,Night,54.96,0.0,Neutral,18.87914,1,81.0
534256,Mystery Matters,117.93,True Crime,89.36,Tuesday,Night,14.63,0.0,Neutral,84.95141,1,14.0
536258,Mystery Matters,78.33,True Crime,91.93,Tuesday,Night,0.0,2.0,Positive,57.55869,1,18.0
539121,Mystery Matters,95.02,True Crime,32.12,Tuesday,Night,12.36,3.0,Negative,66.91,1,64.0
540930,Mystery Matters,47.15,True Crime,66.74,Tuesday,Night,42.02,3.0,Negative,44.3471,1,73.0
541701,Mystery Matters,108.02,True Crime,63.45,Tuesday,Night,29.3,0.0,Neutral,100.91535,1,54.0
544360,Mystery Matters,116.04,True Crime,95.09,Tuesday,Night,90.48,2.0,Neutral,91.5221,1,42.0
545436,Mystery Matters,112.4,True Crime,43.35,Tuesday,Night,87.34,0.0,Positive,78.01946,1,67.0
546274,Mystery Matters,49.31,True Crime,71.92,Tuesday,Night,99.59,1.0,Negative,24.10403,1,31.0
546441,Mystery Matters,115.18,True Crime,27.87,Tuesday,Night,81.58,0.0,Negative,91.62371,1,65.0
549230,Mystery Matters,107.36,True Crime,32.15,Tuesday,Night,69.53,1.0,Negative,71.02426,1,46.0
551083,Mystery Matters,6.02,True Crime,70.9,Tuesday,Night,16.97,1.0,Positive,1.06187,1,25.0
554948,Mystery Matters,116.46,True Crime,66.55,Tuesday,Night,94.69,3.0,Neutral,71.4038,1,99.0
555700,Mystery Matters,85.51,True Crime,20.73,Tuesday,Night,0.01,1.0,Positive,78.43083,1,96.0
556554,Mystery Matters,119.52,True Crime,80.08,Tuesday,Night,0.0,2.0,Neutral,85.62236,1,46.0
557642,Mystery Matters,113.79,True Crime,62.4,Tuesday,Night,0.0,0.0,Neutral,79.5708,1,16.0
557814,Mystery Matters,30.68,True Crime,58.69,Tuesday,Night,0.0,3.0,Neutral,14.95,1,31.0
560255,Mystery Matters,99.32,True Crime,64.23,Tuesday,Night,0.0,0.0,Neutral,69.86874,1,24.0
561035,Mystery Matters,67.58762523191095,True Crime,82.22,Tuesday,Night,4.56,2.0,Positive,39.11933,1,11.0
564980,Mystery Matters,67.58762523191095,True Crime,67.29,Tuesday,Night,0.0,3.0,Positive,30.54718,1,100.0
565012,Mystery Matters,87.69,True Crime,68.92,Tuesday,Night,89.95,3.0,Positive,62.67452,1,100.0
567070,Mystery Matters,82.18,True Crime,97.07,Tuesday,Night,68.11,3.0,Negative,72.51607,1,48.0
568598,Mystery Matters,6.99,True Crime,56.63,Tuesday,Night,78.84,2.0,Neutral,1.15632,1,56.0
568615,Mystery Matters,69.65,True Crime,63.23,Tuesday,Night,96.97,3.0,Positive,65.03,1,15.0
568958,Mystery Matters,81.94,True Crime,26.6,Tuesday,Night,45.6,0.0,Positive,44.77314,1,35.0
569968,Mystery Matters,81.02,True Crime,86.49,Tuesday,Night,65.29,1.0,Positive,71.86729,1,62.0
571386,Mystery Matters,109.44,True Crime,48.56,Tuesday,Night,10.0,1.0,Negative,52.06986,1,76.0
571509,Mystery Matters,103.92,True Crime,86.02,Tuesday,Night,20.73,0.0,Negative,93.99308,1,46.0
571580,Mystery Matters,88.61,True Crime,96.09,Tuesday,Night,94.44,1.0,Positive,75.79491,1,81.0
572610,Mystery Matters,73.33,True Crime,61.76,Tuesday,Night,38.29,3.0,Neutral,45.60259,1,78.0
575433,Mystery Matters,111.42,True Crime,61.49,Tuesday,Night,3.21,2.0,Negative,65.37183,1,6.0
577608,Mystery Matters,117.38,True Crime,83.9,Tuesday,Night,37.36,1.0,Negative,92.10878,1,44.0
578485,Mystery Matters,67.3,True Crime,56.32,Tuesday,Night,29.16,2.0,Neutral,31.1414,1,70.0
587982,Mystery Matters,53.95,True Crime,52.26,Tuesday,Night,0.0,2.0,Positive,36.28488,1,27.0
590892,Mystery Matters,8.91,True Crime,79.53,Tuesday,Night,23.77,2.0,Neutral,8.66885,1,13.0
591509,Mystery Matters,102.33,True Crime,55.45,Tuesday,Night,0.0,3.0,Positive,56.36734,1,13.0
593577,Mystery Matters,98.38,True Crime,47.35,Tuesday,Night,68.53,1.0,Positive,84.92222,1,87.0
594392,Mystery Matters,102.75,True Crime,38.98,Tuesday,Night,0.0,1.0,Neutral,79.79347,1,59.0
594576,Mystery Matters,54.76,True Crime,70.92,Tuesday,Night,37.15,2.0,Negative,33.86591,1,82.0
597402,Mystery Matters,91.2,True Crime,62.38,Tuesday,Night,11.2,3.0,Neutral,43.55549,1,13.0
598636,Mystery Matters,92.68,True Crime,87.98,Tuesday,Night,27.98,0.0,Neutral,66.01866,1,87.0
601117,Mystery Matters,61.99,True Crime,27.05,Tuesday,Night,0.0,2.0,Neutral,57.83395,1,74.0
608353,Mystery Matters,44.7,True Crime,77.79,Tuesday,Night,82.45,1.0,Positive,28.06041,1,22.0
610139,Mystery Matters,39.8,True Crime,95.98,Tuesday,Night,68.68,0.0,Neutral,37.87815,1,61.0
611136,Mystery Matters,24.8,True Crime,96.08,Tuesday,Night,0.0,3.0,Neutral,18.37,1,27.0
612286,Mystery Matters,82.25,True Crime,32.55,Tuesday,Night,0.0,1.0,Negative,40.79356,1,92.0
612587,Mystery Matters,69.49,True Crime,41.49,Tuesday,Night,0.0,1.0,Negative,59.37175,1,52.0
612805,Mystery Matters,101.79,True Crime,99.18,Tuesday,Night,61.82,0.0,Negative,76.61074,1,23.0
614992,Mystery Matters,38.78,True Crime,30.79,Tuesday,Night,0.0,0.0,Negative,32.58684,1,54.0
615943,Mystery Matters,59.17,True Crime,64.79,Tuesday,Night,32.56,0.0,Neutral,46.14466,1,81.0
616243,Mystery Matters,5.1,True Crime,97.76,Tuesday,Night,2.4,1.0,Negative,1.36037,1,3.0
616463,Mystery Matters,44.48,True Crime,64.58,Tuesday,Night,43.45,2.0,Neutral,32.76209,1,77.0
616582,Mystery Matters,19.03,True Crime,30.89,Tuesday,Night,13.05,3.0,Neutral,10.6869,1,68.0
618171,Mystery Matters,103.57,True Crime,98.39,Tuesday,Night,71.76,0.0,Neutral,96.69107,1,40.0
619991,Mystery Matters,67.58762523191095,True Crime,72.11,Tuesday,Night,0.0,0.0,Positive,30.77715,1,74.0
620387,Mystery Matters,42.38,True Crime,79.59,Tuesday,Night,0.0,2.0,Neutral,23.34079,1,72.0
621399,Mystery Matters,16.4,True Crime,49.43,Tuesday,Night,99.51,1.0,Neutral,9.66,1,31.0
623568,Mystery Matters,95.26,True Crime,83.47,Tuesday,Night,65.47,3.0,Negative,79.24634,1,15.0
624333,Mystery Matters,88.09,True Crime,32.09,Tuesday,Night,0.0,2.0,Neutral,60.70173,1,35.0
624840,Mystery Matters,95.55,True Crime,86.07,Tuesday,Night,0.0,0.0,Positive,84.05029,1,88.0
627515,Mystery Matters,106.58,True Crime,81.13,Tuesday,Night,62.53,0.0,Neutral,100.6,1,44.0
628070,Mystery Matters,102.81,True Crime,48.14,Tuesday,Night,0.0,1.0,Negative,98.49191,1,17.0
632343,Mystery Matters,73.33,True Crime,91.39,Tuesday,Night,58.39,3.0,Negative,46.97,1,28.0
633056,Mystery Matters,17.2,True Crime,23.09,Tuesday,Night,48.09,1.0,Negative,9.60684,1,90.0
637161,Mystery Matters,95.29,True Crime,70.5,Tuesday,Night,97.47,2.0,Neutral,73.32049,1,96.0
638916,Mystery Matters,47.53,True Crime,52.24,Tuesday,Night,20.06,3.0,Positive,43.10534,1,4.0
644200,Mystery Matters,105.84,True Crime,54.02,Tuesday,Night,52.4,3.0,Positive,90.26,1,34.0
644481,Mystery Matters,47.48,True Crime,27.02,Tuesday,Night,99.79,0.0,Positive,32.46,1,48.0
648220,Mystery Matters,67.58762523191095,True Crime,77.08,Tuesday,Night,17.45,3.0,Positive,13.53803,1,39.0
650552,Mystery Matters,64.59,True Crime,74.37,Tuesday,Night,29.07,2.0,Neutral,40.32108,1,55.0
652124,Mystery Matters,35.13,True Crime,74.9,Tuesday,Night,72.33,0.0,Neutral,14.89871,1,12.0
652266,Mystery Matters,109.61,True Crime,87.22,Tuesday,Night,65.22,1.0,Positive,90.51905,1,80.0
653617,Mystery Matters,14.91,True Crime,41.79,Tuesday,Night,41.32,2.0,Positive,11.38184,1,10.0
654316,Mystery Matters,90.47,True Crime,89.46,Tuesday,Night,15.82,2.0,Neutral,46.30231,1,16.0
655039,Mystery Matters,108.43,True Crime,73.49,Tuesday,Night,94.48,0.0,Negative,97.68581,1,73.0
657241,Mystery Matters,36.11,True Crime,32.47,Tuesday,Night,3.18,1.0,Neutral,24.35125,1,85.0
658519,Mystery Matters,94.96,True Crime,83.36,Tuesday,Night,37.36,1.0,Negative,92.10878,1,61.0
658762,Mystery Matters,49.02,True Crime,23.16,Tuesday,Night,79.2,3.0,Positive,23.77561,1,19.0
661412,Mystery Matters,56.33,True Crime,69.6,Tuesday,Night,80.11,2.0,Negative,42.20819,1,44.0
664243,Mystery Matters,23.87,True Crime,60.08,Tuesday,Night,71.48,2.0,Neutral,10.61591,1,98.0
664691,Mystery Matters,7.85,True Crime,78.8,Tuesday,Night,0.26,0.0,Neutral,5.12412,1,7.0
665793,Mystery Matters,92.29,True Crime,31.72,Tuesday,Night,70.02,2.0,Positive,42.12574,1,30.0
666103,Mystery Matters,108.05,True Crime,30.69,Tuesday,Night,92.24,0.0,Positive,95.95725,1,4.0
666813,Mystery Matters,81.71,True Crime,28.68,Tuesday,Night,85.64,3.0,Negative,56.53,1,32.0
670008,Mystery Matters,74.32,True Crime,82.48,Tuesday,Night,7.45,1.0,Positive,43.80117,1,20.0
671390,Mystery Matters,26.1,True Crime,97.72,Tuesday,Night,52.81,0.0,Negative,20.11102,1,89.0
673297,Mystery Matters,49.14,True Crime,55.05,Tuesday,Night,80.63,0.0,Neutral,40.47236,1,3.0
675326,Mystery Matters,97.84,True Crime,61.37,Tuesday,Night,0.0,1.0,Positive,74.52532,1,5.0
678323,Mystery Matters,80.38,True Crime,96.29,Tuesday,Night,30.1,0.0,Positive,56.31543,1,23.0
678544,Mystery Matters,6.74,True Crime,41.55,Tuesday,Night,0.0,0.0,Negative,1.90006,1,20.0
681190,Mystery Matters,31.65,True Crime,36.31,Tuesday,Night,23.7,2.0,Neutral,26.17776,1,27.0
686640,Mystery Matters,67.58762523191095,True Crime,63.87,Tuesday,Night,0.0,1.0,Neutral,19.28187,1,8.0
686735,Mystery Matters,76.26,True Crime,91.54,Tuesday,Night,29.77,1.0,Neutral,51.91148,1,37.0
688825,Mystery Matters,111.32,True Crime,32.4,Tuesday,Night,97.83,1.0,Negative,90.6628,1,46.0
690864,Mystery Matters,107.88,True Crime,94.11,Tuesday,Night,96.26,0.0,Negative,97.1637,1,99.0
692268,Mystery Matters,67.58762523191095,True Crime,82.44,Tuesday,Night,0.83,2.0,Positive,55.90998,1,99.0
692307,Mystery Matters,70.04,True Crime,27.37,Tuesday,Night,35.9,1.0,Neutral,55.02468,1,78.0
692933,Mystery Matters,109.24,True Crime,26.32,Tuesday,Night,37.56,2.0,Neutral,78.68753,1,78.0
692975,Mystery Matters,67.58762523191095,True Crime,37.81,Tuesday,Night,32.51,0.0,Negative,41.71922,1,15.0
694005,Mystery Matters,34.4,True Crime,97.05,Tuesday,Night,61.56,3.0,Neutral,20.31371,1,61.0
696406,Mystery Matters,88.51,True Crime,33.16,Tuesday,Night,17.31,0.0,Neutral,76.66593,1,100.0
696600,Mystery Matters,116.15,True Crime,98.25,Tuesday,Night,0.0,2.0,Neutral,94.23871,1,59.0
697093,Mystery Matters,18.68,True Crime,36.72,Tuesday,Night,55.82,0.0,Positive,1.72752,1,3.0
698183,Mystery Matters,67.58762523191095,True Crime,96.55,Tuesday,Night,46.23,3.0,Neutral,49.28046,1,92.0
699124,Mystery Matters,57.83,True Crime,90.83,Tuesday,Night,44.03,3.0,Negative,30.92624,1,75.0
702314,Mystery Matters,71.38,True Crime,92.3,Tuesday,Night,20.07,1.0,Positive,53.89034,1,28.0
703270,Mystery Matters,30.02,True Crime,92.71,Tuesday,Night,63.47,2.0,Neutral,13.97,1,78.0
703495,Mystery Matters,19.26,True Crime,37.15,Tuesday,Night,64.5,0.0,Positive,8.42328,1,11.0
704312,Mystery Matters,67.58762523191095,True Crime,73.68,Tuesday,Night,86.57,0.0,Positive,26.76945,1,66.0
704638,Mystery Matters,101.63,True Crime,36.67,Tuesday,Night,94.44,0.0,Positive,75.79491,1,56.0
704982,Mystery Matters,99.71,True Crime,66.82,Tuesday,Night,39.06,1.0,Negative,72.76225,1,59.0
708554,Mystery Matters,28.96,True Crime,89.94,Tuesday,Night,88.71,0.0,Negative,22.12982,1,26.0
710551,Mystery Matters,38.78,True Crime,95.76,Tuesday,Night,98.44,3.0,Neutral,29.19239,1,23.0
714823,Mystery Matters,108.36,True Crime,26.09,Tuesday,Night,99.8,2.0,Negative,74.72703,1,33.0
714967,Mystery Matters,110.12,True Crime,80.5,Tuesday,Night,0.0,0.0,Positive,97.02471,1,24.0
715461,Mystery Matters,116.54,True Crime,89.26,Tuesday,Night,34.76,2.0,Positive,63.36312,1,89.0
715853,Mystery Matters,106.34,True Crime,67.77,Tuesday,Night,32.77,0.0,Positive,64.52588,1,63.0
718806,Mystery Matters,67.95,True Crime,54.7,Tuesday,Night,14.17,1.0,Negative,47.95863,1,10.0
719585,Mystery Matters,24.54,True Crime,90.02,Tuesday,Night,67.1,3.0,Neutral,8.8575,1,10.0
720201,Mystery Matters,40.84,True Crime,31.46,Tuesday,Night,96.82,1.0,Neutral,30.57419,1,58.0
721359,Mystery Matters,42.81,True Crime,87.83,Tuesday,Night,79.33,2.0,Neutral,26.40154,1,31.0
723736,Mystery Matters,46.83,True Crime,81.76,Tuesday,Night,41.54,1.0,Negative,39.3072,1,58.0
725016,Mystery Matters,32.02,True Crime,27.51,Tuesday,Night,0.0,0.0,Positive,30.81174,1,44.0
726105,Mystery Matters,113.24,True Crime,37.16,Tuesday,Night,27.32,3.0,Negative,64.91715,1,96.0
728505,Mystery Matters,38.88,True Crime,55.93,Tuesday,Night,67.27,0.0,Neutral,25.75789,1,52.0
729498,Mystery Matters,64.19,True Crime,42.61,Tuesday,Night,10.13,1.0,Positive,40.90793,1,47.0
729808,Mystery Matters,25.36,True Crime,20.32,Tuesday,Night,0.0,0.0,Neutral,7.78683,1,77.0
729943,Mystery Matters,73.09,True Crime,28.38,Tuesday,Night,27.94,0.0,Negative,39.46439,1,60.0
735349,Mystery Matters,35.06,True Crime,43.6,Tuesday,Night,45.95,3.0,Negative,15.76452,1,91.0
738856,Mystery Matters,8.48,True Crime,94.69,Tuesday,Night,93.73,1.0,Positive,8.48,1,67.0
739829,Mystery Matters,44.82,True Crime,61.76,Tuesday,Night,18.44,2.0,Negative,29.17127,1,92.0
740594,Mystery Matters,68.23,True Crime,28.7,Tuesday,Night,58.87,2.0,Neutral,58.03942,1,47.0
741039,Mystery Matters,37.04,True Crime,47.1,Tuesday,Night,49.7,2.0,Positive,19.52293,1,33.0
741113,Mystery Matters,89.91,True Crime,23.61,Tuesday,Night,35.45,2.0,Neutral,45.27695,1,64.0
743288,Mystery Matters,43.31,True Crime,71.54,Tuesday,Night,75.0,2.0,Positive,20.04908,1,68.0
745134,Mystery Matters,67.58762523191095,True Crime,60.19,Tuesday,Night,68.48,0.0,Negative,21.03,1,68.0
745430,Mystery Matters,119.52,True Crime,79.25,Tuesday,Night,0.0,2.0,Neutral,85.62236,1,46.0
745522,Mystery Matters,67.58762523191095,True Crime,80.84,Tuesday,Night,48.82,1.0,Negative,24.67326,1,75.0
747191,Mystery Matters,7.26,True Crime,97.82,Tuesday,Night,17.88,0.0,Neutral,3.13557,1,98.0
747219,Mystery Matters,101.93,True Crime,36.79,Tuesday,Night,94.44,1.0,Positive,75.79491,1,56.0
748979,Mystery Matters,33.33,True Crime,37.33,Tuesday,Night,33.02,3.0,Positive,15.1873,1,11.0
749106,Mystery Matters,107.46,True Crime,47.28,Tuesday,Night,86.86,0.0,Positive,96.20786,1,100.0
750278,Mystery Matters,67.58762523191095,True Crime,86.12,Tuesday,Night,40.72,3.0,Neutral,,0,45.0
750781,Mystery Matters,60.37,True Crime,35.85,Tuesday,Night,4.6,1.0,Positive,,0,65.0
753451,Mystery Matters,102.75,True Crime,37.36,Tuesday,Night,0.0,1.0,Neutral,,0,59.0
754589,Mystery Matters,67.58762523191095,True Crime,84.06,Tuesday,Night,97.35,2.0,Neutral,,0,34.0
760830,Mystery Matters,88.98,True Crime,95.21,Tuesday,Night,95.06,2.0,Neutral,,0,15.0
761674,Mystery Matters,5.83,True Crime,40.33,Tuesday,Night,42.71,3.0,Negative,,0,2.0
764877,Mystery Matters,111.63,True Crime,58.29,Tuesday,Night,42.04,1.0,Neutral,,0,72.0
766067,Mystery Matters,119.52,True Crime,44.2,Tuesday,Night,76.3,0.0,Neutral,,0,89.0
766824,Mystery Matters,119.27,True Crime,91.11,Tuesday,Night,1.56,2.0,Negative,,0,42.0
768222,Mystery Matters,87.92,True Crime,58.61,Tuesday,Night,0.0,0.0,Negative,,0,48.0
769400,Mystery Matters,110.07,True Crime,40.76,Tuesday,Night,96.6,0.0,Positive,,0,24.0
770592,Mystery Matters,85.88,True Crime,71.02,Tuesday,Night,51.03,3.0,Neutral,,0,66.0
771185,Mystery Matters,81.02,True Crime,42.37,Tuesday,Night,65.98,1.0,Positive,,0,42.0
772003,Mystery Matters,71.62,True Crime,96.3,Tuesday,Night,9.76,1.0,Negative,,0,12.0
773279,Mystery Matters,53.59,True Crime,59.19,Tuesday,Night,83.22,0.0,Neutral,,0,51.0
774160,Mystery Matters,22.16,True Crime,79.83,Tuesday,Night,11.71,1.0,Negative,,0,56.0
779815,Mystery Matters,78.27,True Crime,34.07,Tuesday,Night,87.85,3.0,Neutral,,0,91.0
780023,Mystery Matters,114.63,True Crime,72.12,Tuesday,Night,84.06,0.0,Neutral,,0,82.0
780238,Mystery Matters,83.6,True Crime,22.25,Tuesday,Night,29.87,0.0,Negative,,0,14.0
780435,Mystery Matters,67.58762523191095,True Crime,96.29,Tuesday,Night,0.0,1.0,Neutral,,0,33.0
782000,Mystery Matters,32.3,True Crime,39.94,Tuesday,Night,11.4,3.0,Neutral,,0,48.0
782078,Mystery Matters,74.3,True Crime,74.45,Tuesday,Night,38.81,1.0,Negative,,0,93.0
782310,Mystery Matters,67.58762523191095,True Crime,30.7,Tuesday,Night,0.0,2.0,Positive,,0,31.0
782443,Mystery Matters,22.39,True Crime,77.75,Tuesday,Night,0.0,3.0,Neutral,,0,77.0
782627,Mystery Matters,34.47,True Crime,43.59,Tuesday,Night,49.32,0.0,Positive,,0,55.0
782960,Mystery Matters,47.76,True Crime,82.92,Tuesday,Night,93.89,3.0,Negative,,0,29.0
788706,Mystery Matters,67.58762523191095,True Crime,84.35,Tuesday,Night,0.0,3.0,Positive,,0,25.0
790691,Mystery Matters,52.76,True Crime,56.35,Tuesday,Night,0.0,2.0,Positive,,0,31.0
790902,Mystery Matters,53.99,True Crime,69.17,Tuesday,Night,34.14,0.0,Positive,,0,66.0
791864,Mystery Matters,67.58762523191095,True Crime,94.76,Tuesday,Night,97.53,0.0,Neutral,,0,49.0
792557,Mystery Matters,82.67,True Crime,74.41,Tuesday,Night,0.0,0.0,Positive,,0,63.0
792601,Mystery Matters,79.34,True Crime,25.17,Tuesday,Night,0.0,1.0,Neutral,,0,24.0
793099,Mystery Matters,7.92,True Crime,73.23,Tuesday,Night,12.24,0.0,Positive,,0,4.0
795163,Mystery Matters,102.75,True Crime,68.13,Tuesday,Night,0.0,1.0,Neutral,,0,59.0
795366,Mystery Matters,82.96,True Crime,39.98,Tuesday,Night,38.9,0.0,Negative,,0,56.0
797374,Mystery Matters,48.76,True Crime,82.41,Tuesday,Night,31.04,1.0,Neutral,,0,20.0
798107,Mystery Matters,103.25,True Crime,58.85,Tuesday,Night,21.86,2.0,Neutral,,0,32.0
798198,Mystery Matters,49.46,True Crime,55.05,Tuesday,Night,80.13,0.0,Neutral,,0,6.0
798277,Mystery Matters,97.84,True Crime,43.16,Tuesday,Night,4.68,2.0,Positive,,0,36.0
801209,Mystery Matters,42.38,True Crime,51.53,Tuesday,Night,14.38,1.0,Positive,,0,71.0
803642,Mystery Matters,82.33,True Crime,38.16,Tuesday,Night,0.0,3.0,Neutral,,0,72.0
803771,Mystery Matters,5.82,True Crime,78.48,Tuesday,Night,89.34,2.0,Positive,,0,81.0
805929,Mystery Matters,67.58762523191095,True Crime,36.81,Tuesday,Night,95.45,1.0,Positive,,0,59.0
812139,Mystery Matters,50.65,True Crime,74.18,Tuesday,Night,22.91,2.0,Negative,,0,80.0
812580,Mystery Matters,48.36,True Crime,56.86,Tuesday,Night,51.69,0.0,Negative,,0,40.0
814142,Mystery Matters,54.68,True Crime,59.75,Tuesday,Night,95.39,3.0,Neutral,,0,37.0
814900,Mystery Matters,90.34,True Crime,78.81,Tuesday,Night,90.5,3.0,Positive,,0,93.0
816036,Mystery Matters,67.58762523191095,True Crime,26.01,Tuesday,Night,0.0,0.0,Neutral,,0,50.0
817320,Mystery Matters,17.5,True Crime,50.01,Tuesday,Night,4.76,2.0,Negative,,0,87.0
818547,Mystery Matters,81.19,True Crime,37.91,Tuesday,Night,9.81,3.0,Positive,,0,36.0
818814,Mystery Matters,119.44,True Crime,72.0,Tuesday,Night,0.0,1.0,Positive,,0,71.0
818838,Mystery Matters,19.85,True Crime,45.12,Tuesday,Night,64.02,1.0,Negative,,0,49.0
824301,Mystery Matters,51.91,True Crime,49.66,Tuesday,Night,27.23,3.0,Neutral,,0,41.0
831093,Mystery Matters,35.94,True Crime,60.24,Tuesday,Night,1.24,1.0,Neutral,,0,87.0
831353,Mystery Matters,12.07,True Crime,77.11,Tuesday,Night,46.06,0.0,Neutral,,0,61.0
831726,Mystery Matters,67.58762523191095,True Crime,62.32,Tuesday,Night,83.34,3.0,Neutral,,0,17.0
832231,Mystery Matters,67.58762523191095,True Crime,24.26,Tuesday,Night,0.0,3.0,Neutral,,0,86.0
834998,Mystery Matters,9.74,True Crime,39.87,Tuesday,Night,0.0,1.0,Negative,,0,63.0
835959,Mystery Matters,67.58762523191095,True Crime,59.22,Tuesday,Night,54.53,0.0,Neutral,,0,12.0
836050,Mystery Matters,104.25,True Crime,88.09,Tuesday,Night,0.0,1.0,Neutral,,0,17.0
836361,Mystery Matters,79.24,True Crime,83.24,Tuesday,Night,9.22,3.0,Negative,,0,86.0
838645,Mystery Matters,54.43,True Crime,72.6,Tuesday,Night,0.0,1.0,Positive,,0,89.0
844848,Mystery Matters,118.85,True Crime,29.06,Tuesday,Night,0.0,0.0,Neutral,,0,60.0
850087,Mystery Matters,104.98,True Crime,88.03,Tuesday,Night,39.02,1.0,Positive,,0,45.0
850670,Mystery Matters,67.58762523191095,True Crime,52.31,Tuesday,Night,0.0,1.0,Neutral,,0,75.0
853691,Mystery Matters,102.07,True Crime,60.31,Tuesday,Night,0.0,2.0,Neutral,,0,60.0
856786,Mystery Matters,10.85,True Crime,48.75,Tuesday,Night,50.48,1.0,Negative,,0,7.0
857704,Mystery Matters,93.37,True Crime,36.51,Tuesday,Night,38.36,1.0,Negative,,0,99.0
858419,Mystery Matters,73.07,True Crime,27.2,Tuesday,Night,86.36,2.0,Positive,,0,27.0
859816,Mystery Matters,75.33,True Crime,49.9,Tuesday,Night,88.51,1.0,Positive,,0,23.0
861379,Mystery Matters,91.08,True Crime,32.97,Tuesday,Night,24.22,2.0,Neutral,,0,63.0
864503,Mystery Matters,18.42,True Crime,37.58,Tuesday,Night,18.42,0.0,Negative,,0,3.0
864951,Mystery Matters,67.58762523191095,True Crime,94.67,Tuesday,Night,87.94,2.0,Positive,,0,59.0
869474,Mystery Matters,33.55,True Crime,26.63,Tuesday,Night,34.53,3.0,Negative,,0,13.0
872112,Mystery Matters,94.02,True Crime,64.07,Tuesday,Night,0.0,0.0,Positive,,0,53.0
873124,Mystery Matters,98.51,True Crime,58.3,Tuesday,Night,46.2,1.0,Neutral,,0,22.0
874387,Mystery Matters,20.35,True Crime,51.7,Tuesday,Night,66.99,2.0,Negative,,0,2.0
874407,Mystery Matters,37.95,True Crime,27.29,Tuesday,Night,32.05,1.0,Neutral,,0,25.0
876953,Mystery Matters,23.44,True Crime,30.33,Tuesday,Night,39.68,0.0,Negative,,0,37.0
877971,Mystery Matters,10.86,True Crime,51.43,Tuesday,Night,58.53,3.0,Negative,,0,78.0
878014,Mystery Matters,111.4,True Crime,98.62,Tuesday,Night,61.78,0.0,Negative,,0,70.0
883325,Mystery Matters,90.51,True Crime,27.91,Tuesday,Night,75.82,1.0,Negative,,0,64.0
883514,Mystery Matters,63.87,True Crime,49.03,Tuesday,Night,36.69,2.0,Neutral,,0,22.0
883872,Mystery Matters,67.58762523191095,True Crime,53.8,Tuesday,Night,19.91,0.0,Positive,,0,30.0
889431,Mystery Matters,30.96,True Crime,37.63,Tuesday,Night,1.31,1.0,Positive,,0,42.0
889604,Mystery Matters,69.72,True Crime,54.75,Tuesday,Night,35.91,2.0,Neutral,,0,66.0
889816,Mystery Matters,90.57,True Crime,29.85,Tuesday,Night,56.29,0.0,Neutral,,0,65.0
893491,Mystery Matters,95.43,True Crime,58.42,Tuesday,Night,38.46,3.0,Neutral,,0,81.0
894926,Mystery Matters,67.58762523191095,True Crime,60.35,Tuesday,Night,0.0,3.0,Neutral,,0,64.0
895959,Mystery Matters,91.28,True Crime,60.46,Tuesday,Night,11.41,1.0,Positive,,0,71.0
896709,Mystery Matters,69.11,True Crime,62.97,Tuesday,Night,17.38,2.0,Positive,,0,100.0
897489,Mystery Matters,105.69,True Crime,87.27,Tuesday,Night,1.44,1.0,Neutral,,0,32.0
902115,Mystery Matters,21.57,True Crime,50.62,Tuesday,Night,41.58,3.0,Neutral,,0,67.0
902179,Mystery Matters,114.91,True Crime,40.58,Tuesday,Night,20.46,3.0,Positive,,0,31.0
904184,Mystery Matters,67.15,True Crime,84.38,Tuesday,Night,0.0,0.0,Neutral,,0,60.0
904187,Mystery Matters,59.72,True Crime,75.88,Tuesday,Night,14.96,1.0,Positive,,0,7.0
909041,Mystery Matters,30.29,True Crime,58.23,Tuesday,Night,0.0,2.0,Neutral,,0,4.0
912032,Mystery Matters,40.56,True Crime,25.66,Tuesday,Night,75.29,2.0,Positive,,0,90.0
912871,Mystery Matters,13.08,True Crime,26.72,Tuesday,Night,92.13,1.0,Neutral,,0,56.0
913608,Mystery Matters,46.73,True Crime,38.36,Tuesday,Night,31.56,3.0,Negative,,0,81.0
915878,Mystery Matters,44.34,True Crime,20.34,Tuesday,Night,85.27,1.0,Negative,,0,91.0
917806,Mystery Matters,78.37,True Crime,41.7,Tuesday,Night,56.37,2.0,Negative,,0,63.0
920051,Mystery Matters,99.74,True Crime,76.56,Tuesday,Night,62.62,0.0,Positive,,0,18.0
920226,Mystery Matters,28.06,True Crime,28.11,Tuesday,Night,33.12,3.0,Neutral,,0,74.0
923049,Mystery Matters,67.58762523191095,True Crime,81.33,Tuesday,Night,83.47,0.0,Positive,,0,83.0
924364,Mystery Matters,67.58762523191095,True Crime,62.49,Tuesday,Night,86.81,2.0,Positive,,0,71.0
925286,Mystery Matters,77.11,True Crime,32.19,Tuesday,Night,8.03,0.0,Negative,,0,55.0
926163,Mystery Matters,38.16,True Crime,39.09,Tuesday,Night,69.99,1.0,Positive,,0,81.0
927269,Mystery Matters,88.83,True Crime,67.39,Tuesday,Night,0.0,0.0,Neutral,,0,35.0
933017,Mystery Matters,67.58762523191095,True Crime,40.66,Tuesday,Night,22.04,0.0,Neutral,,0,39.0
935241,Mystery Matters,101.53,True Crime,63.52,Tuesday,Night,0.0,2.0,Negative,,0,84.0
937477,Mystery Matters,113.67,True Crime,85.55,Tuesday,Night,59.27,1.0,Positive,,0,17.0
939963,Mystery Matters,76.38,True Crime,76.37,Tuesday,Night,16.35,0.0,Neutral,,0,73.0
940972,Mystery Matters,67.58762523191095,True Crime,52.33,Tuesday,Night,51.34,1.0,Negative,,0,71.0
941978,Mystery Matters,27.03,True Crime,36.52,Tuesday,Night,0.0,0.0,Negative,,0,69.0
944363,Mystery Matters,110.12,True Crime,40.76,Tuesday,Night,96.81,0.0,Positive,,0,24.0
944701,Mystery Matters,40.18,True Crime,77.89,Tuesday,Night,0.0,3.0,Neutral,,0,37.0
948689,Mystery Matters,114.14,True Crime,99.37,Tuesday,Night,55.72,0.0,Negative,,0,66.0
948779,Mystery Matters,97.73,True Crime,84.67,Tuesday,Night,0.0,1.0,Neutral,,0,34.0
956252,Mystery Matters,67.58762523191095,True Crime,33.06,Tuesday,Night,75.54,2.0,Negative,,0,66.0
957524,Mystery Matters,19.78,True Crime,45.12,Tuesday,Night,64.02,1.0,Negative,,0,49.0
958365,Mystery Matters,67.58762523191095,True Crime,99.69,Tuesday,Night,63.49,0.0,Positive,,0,82.0
959438,Mystery Matters,119.39,True Crime,27.11,Tuesday,Night,0.16,1.0,Neutral,,0,50.0
960029,Mystery Matters,13.72,True Crime,21.5,Tuesday,Night,34.4,3.0,Positive,,0,62.0
963291,Mystery Matters,69.76,True Crime,88.24,Tuesday,Night,97.53,0.0,Neutral,,0,49.0
964348,Mystery Matters,79.07,True Crime,98.53,Tuesday,Night,73.95,1.0,Positive,,0,55.0
964447,Mystery Matters,76.21,True Crime,22.65,Tuesday,Night,16.99,0.0,Positive,,0,9.0
967260,Mystery Matters,20.07,True Crime,73.47,Tuesday,Night,69.82,3.0,Negative,,0,25.0
968692,Mystery Matters,31.68,True Crime,80.57,Tuesday,Night,50.34,3.0,Neutral,,0,65.0
972061,Mystery Matters,49.14,True Crime,59.52,Tuesday,Night,80.13,0.0,Neutral,,0,18.0
972727,Mystery Matters,19.53,True Crime,45.12,Tuesday,Night,64.58,1.0,Negative,,0,49.0
973523,Mystery Matters,67.58762523191095,True Crime,54.06,Tuesday,Night,37.13,2.0,Neutral,,0,64.0
977595,Mystery Matters,67.58762523191095,True Crime,28.17,Tuesday,Night,34.83,1.0,Negative,,0,66.0
978688,Mystery Matters,42.19,True Crime,42.61,Tuesday,Night,66.45,2.0,Positive,,0,42.0
981218,Mystery Matters,96.07,True Crime,80.47,Tuesday,Night,0.0,3.0,Positive,,0,80.0
982156,Mystery Matters,67.58762523191095,True Crime,80.7,Tuesday,Night,97.7,1.0,Positive,,0,36.0
985728,Mystery Matters,77.62,True Crime,42.6,Tuesday,Night,88.81,3.0,Neutral,,0,12.0
985740,Mystery Matters,67.58762523191095,True Crime,38.31,Tuesday,Night,54.15,0.0,Neutral,,0,43.0
988240,Mystery Matters,95.49,True Crime,77.62,Tuesday,Night,0.0,0.0,Negative,,0,47.0
989577,Mystery Matters,52.86,True Crime,44.38,Tuesday,Night,73.68,2.0,Negative,,0,18.0
990824,Mystery Matters,94.93,True Crime,74.53,Tuesday,Night,0.0,0.0,Positive,,0,3.0
992639,Mystery Matters,109.27,True Crime,32.18,Tuesday,Night,60.32,0.0,Positive,,0,12.0
996510,Mystery Matters,13.19,True Crime,37.19,Tuesday,Night,31.72,0.0,Negative,,0,3.0
997060,Mystery Matters,94.4,True Crime,32.47,Tuesday,Night,82.47,0.0,Neutral,,0,15.0
997904,Mystery Matters,55.8,True Crime,91.53,Tuesday,Night,0.0,1.0,Neutral,,0,69.0
998200,Mystery Matters,117.02,True Crime,87.15,Tuesday,Night,43.64,1.0,Positive,,0,69.0
