id,Podcast_Name,Episode_Length_minutes,Genre,Host_Popularity_percentage,Publication_Day,Publication_Time,Guest_Popularity_percentage,Number_of_Ads,Episode_Sentiment,Listening_Time_minutes,is_train,Episode_Number
1244,Joke Junction,34.0,Comedy,56.25,Tuesday,Afternoon,30.39,2.0,Positive,20.02901,1,56.0
5986,Joke Junction,103.39,Comedy,23.42,Tuesday,Afternoon,0.0,2.0,Positive,67.81319,1,83.0
11675,Joke Junction,100.37,Comedy,52.33,Tuesday,Afternoon,16.32,2.0,Positive,95.45189,1,45.0
12294,Joke Junction,33.34,Comedy,27.43,Tuesday,Afternoon,93.55,1.0,Positive,27.07097,1,98.0
12682,Joke Junction,82.15,Comedy,52.97,Tuesday,Afternoon,19.41,0.0,Positive,40.64842,1,81.0
13667,Joke Junction,63.74773333333333,Comedy,77.34,Tuesday,Afternoon,0.0,2.0,Neutral,62.83752,1,61.0
16483,Joke Junction,71.92,Comedy,77.68,Tuesday,Afternoon,7.45,2.0,Negative,36.59701,1,92.0
16594,Joke Junction,63.74773333333333,Comedy,36.6,Tuesday,Afternoon,8.97,0.0,Neutral,41.46,1,96.0
18337,Joke Junction,111.15,Comedy,71.18,Tuesday,Afternoon,68.93,0.0,Positive,93.1149,1,10.0
19410,Joke Junction,48.97,Comedy,75.57,Tuesday,Afternoon,98.82,2.0,Positive,34.20957,1,75.0
21064,Joke Junction,67.2,Comedy,82.11,Tuesday,Afternoon,22.84,0.0,Positive,44.8304,1,32.0
21499,Joke Junction,59.35,Comedy,91.82,Tuesday,Afternoon,54.59,0.0,Negative,47.16388,1,62.0
23612,Joke Junction,13.25,Comedy,68.52,Tuesday,Afternoon,0.0,2.0,Negative,5.48147,1,61.0
23643,Joke Junction,119.95,Comedy,90.35,Tuesday,Afternoon,84.16,3.0,Positive,60.83518,1,22.0
24795,Joke Junction,76.31,Comedy,74.91,Tuesday,Afternoon,55.12,2.0,Neutral,39.56365,1,87.0
29256,Joke Junction,84.98,Comedy,34.98,Tuesday,Afternoon,84.98,0.0,Neutral,49.50738,1,22.0
29519,Joke Junction,58.29,Comedy,78.18,Tuesday,Afternoon,46.54,1.0,Negative,20.5651,1,47.0
30681,Joke Junction,64.64,Comedy,69.82,Tuesday,Afternoon,14.96,3.0,Negative,33.36252,1,23.0
33265,Joke Junction,114.82,Comedy,26.63,Tuesday,Afternoon,26.31,0.0,Negative,90.72,1,32.0
33348,Joke Junction,41.99,Comedy,64.68,Tuesday,Afternoon,50.66,3.0,Negative,28.52678,1,24.0
33633,Joke Junction,63.74773333333333,Comedy,35.73,Tuesday,Afternoon,70.84,0.0,Positive,9.96423,1,49.0
34208,Joke Junction,70.43,Comedy,66.75,Tuesday,Afternoon,0.0,0.0,Negative,46.1,1,44.0
35304,Joke Junction,24.18,Comedy,39.99,Tuesday,Afternoon,0.0,0.0,Positive,9.53111,1,79.0
35327,Joke Junction,115.97,Comedy,26.72,Tuesday,Afternoon,90.77,2.0,Positive,50.86285,1,60.0
39619,Joke Junction,89.56,Comedy,83.68,Tuesday,Afternoon,26.24,2.0,Negative,58.93113,1,52.0
39706,Joke Junction,105.1,Comedy,71.74,Tuesday,Afternoon,0.0,0.0,Negative,91.87925,1,6.0
45204,Joke Junction,63.74773333333333,Comedy,93.92,Tuesday,Afternoon,0.0,3.0,Positive,23.17188,1,80.0
46116,Joke Junction,109.32,Comedy,42.87,Tuesday,Afternoon,54.32,1.0,Neutral,79.77967,1,97.0
48312,Joke Junction,44.23,Comedy,71.87,Tuesday,Afternoon,1.8,1.0,Negative,28.09,1,58.0
51160,Joke Junction,88.06,Comedy,60.13,Tuesday,Afternoon,13.25,1.0,Neutral,85.12862,1,72.0
51468,Joke Junction,27.46,Comedy,58.67,Tuesday,Afternoon,67.69,3.0,Neutral,13.37,1,49.0
52296,Joke Junction,114.01,Comedy,60.06,Tuesday,Afternoon,0.0,0.0,Negative,65.19847,1,100.0
55573,Joke Junction,77.04,Comedy,60.04,Tuesday,Afternoon,78.73,0.0,Negative,64.52173,1,20.0
60162,Joke Junction,35.99,Comedy,74.77,Tuesday,Afternoon,48.1,0.0,Positive,22.93255,1,33.0
65281,Joke Junction,85.21,Comedy,53.61,Tuesday,Afternoon,22.03,3.0,Neutral,48.46638,1,77.0
69201,Joke Junction,89.0,Comedy,60.13,Tuesday,Afternoon,30.13,1.0,Positive,85.12862,1,48.0
69815,Joke Junction,111.56,Comedy,21.89,Tuesday,Afternoon,0.0,1.0,Neutral,82.89207,1,82.0
70595,Joke Junction,118.86,Comedy,76.34,Tuesday,Afternoon,70.46,0.0,Negative,89.72689,1,14.0
73585,Joke Junction,99.86,Comedy,55.32,Tuesday,Afternoon,53.56,3.0,Neutral,68.68143,1,92.0
74004,Joke Junction,114.47,Comedy,26.72,Tuesday,Afternoon,0.0,1.0,Negative,61.51,1,4.0
76025,Joke Junction,40.81,Comedy,64.55,Tuesday,Afternoon,21.38,0.0,Neutral,34.07074,1,73.0
77798,Joke Junction,108.22,Comedy,96.33,Tuesday,Afternoon,0.0,3.0,Neutral,92.31,1,34.0
79056,Joke Junction,63.74773333333333,Comedy,62.05,Tuesday,Afternoon,53.86,1.0,Neutral,26.94838,1,70.0
79629,Joke Junction,98.51,Comedy,72.02,Tuesday,Afternoon,96.59,1.0,Neutral,41.50595,1,70.0
83654,Joke Junction,66.65,Comedy,53.34,Tuesday,Afternoon,0.0,3.0,Negative,45.96147,1,70.0
83657,Joke Junction,90.41,Comedy,73.56,Tuesday,Afternoon,65.97,1.0,Neutral,82.22488,1,54.0
83686,Joke Junction,60.77,Comedy,93.9,Tuesday,Afternoon,22.79,1.0,Positive,25.03579,1,23.0
85346,Joke Junction,30.76,Comedy,60.79,Tuesday,Afternoon,81.17,0.0,Negative,11.8,1,87.0
86978,Joke Junction,31.7,Comedy,71.1,Tuesday,Afternoon,78.93,0.0,Neutral,18.17202,1,3.0
87128,Joke Junction,90.9,Comedy,76.19,Tuesday,Afternoon,86.63,2.0,Positive,62.7888,1,74.0
87225,Joke Junction,63.74773333333333,Comedy,35.61,Tuesday,Afternoon,70.58,0.0,Negative,9.96423,1,65.0
87344,Joke Junction,94.3,Comedy,57.12,Tuesday,Afternoon,55.51,0.0,Neutral,47.09053,1,56.0
88730,Joke Junction,32.02,Comedy,37.37,Tuesday,Afternoon,63.76,1.0,Negative,10.19431,1,44.0
89754,Joke Junction,58.43,Comedy,72.76,Tuesday,Afternoon,70.76,1.0,Neutral,44.85599,1,9.0
90045,Joke Junction,49.92,Comedy,92.71,Tuesday,Afternoon,44.2,2.0,Neutral,36.01422,1,8.0
92249,Joke Junction,19.3,Comedy,54.38,Tuesday,Afternoon,67.89,1.0,Negative,13.65025,1,14.0
92278,Joke Junction,111.91,Comedy,52.34,Tuesday,Afternoon,31.05,2.0,Negative,62.01215,1,22.0
92680,Joke Junction,63.74773333333333,Comedy,33.92,Tuesday,Afternoon,0.0,1.0,Negative,9.96628,1,36.0
92758,Joke Junction,63.74773333333333,Comedy,80.6,Tuesday,Afternoon,0.0,0.0,Negative,79.55199,1,79.0
93829,Joke Junction,23.58,Comedy,93.21,Tuesday,Afternoon,0.0,3.0,Neutral,19.8552,1,58.0
94213,Joke Junction,22.39,Comedy,46.91,Tuesday,Afternoon,0.0,3.0,Positive,10.51764,1,43.0
96388,Joke Junction,58.34,Comedy,42.14,Tuesday,Afternoon,97.95,1.0,Positive,28.5369,1,97.0
96747,Joke Junction,68.34,Comedy,74.69,Tuesday,Afternoon,49.38,0.0,Neutral,64.83189,1,47.0
97683,Joke Junction,104.76,Comedy,50.57,Tuesday,Afternoon,64.87,0.0,Neutral,64.11111,1,72.0
98513,Joke Junction,114.24,Comedy,29.49,Tuesday,Afternoon,0.0,3.0,Positive,76.92,1,27.0
98606,Joke Junction,18.49,Comedy,76.33,Tuesday,Afternoon,57.68,2.0,Positive,14.5314,1,67.0
100110,Joke Junction,90.57,Comedy,76.22,Tuesday,Afternoon,46.74,2.0,Positive,62.7888,1,66.0
100220,Joke Junction,47.26,Comedy,68.16,Tuesday,Afternoon,0.0,2.0,Positive,28.18882,1,29.0
101451,Joke Junction,16.4,Comedy,44.49,Tuesday,Afternoon,46.41,1.0,Neutral,6.13,1,36.0
101728,Joke Junction,64.32,Comedy,78.52,Tuesday,Afternoon,48.86,0.0,Negative,44.09746,1,85.0
102756,Joke Junction,66.28,Comedy,38.53,Tuesday,Afternoon,94.88,3.0,Negative,56.1411,1,21.0
102979,Joke Junction,63.74773333333333,Comedy,46.03,Tuesday,Afternoon,65.27,2.0,Neutral,34.51062,1,52.0
111357,Joke Junction,52.2,Comedy,86.01,Tuesday,Afternoon,91.2,0.0,Positive,51.25852,1,64.0
111609,Joke Junction,10.33,Comedy,77.25,Tuesday,Afternoon,23.0,0.0,Negative,5.00895,1,76.0
113095,Joke Junction,23.06,Comedy,63.01,Tuesday,Afternoon,68.53,1.0,Negative,10.33,1,18.0
118996,Joke Junction,36.75,Comedy,30.78,Tuesday,Afternoon,45.65,3.0,Neutral,9.48,1,90.0
122128,Joke Junction,58.83,Comedy,90.78,Tuesday,Afternoon,70.06,1.0,Neutral,44.85599,1,4.0
123380,Joke Junction,86.62,Comedy,80.06,Tuesday,Afternoon,87.38,1.0,Negative,54.98019,1,8.0
123562,Joke Junction,49.01,Comedy,22.56,Tuesday,Afternoon,45.96,1.0,Positive,40.91336,1,48.0
124931,Joke Junction,102.15,Comedy,48.29,Tuesday,Afternoon,0.0,1.0,Positive,89.69963,1,71.0
127139,Joke Junction,63.74773333333333,Comedy,35.96,Tuesday,Afternoon,32.94,2.0,Positive,10.82915,1,43.0
135171,Joke Junction,47.24,Comedy,85.58,Tuesday,Afternoon,12.02,0.0,Positive,40.92471,1,4.0
137022,Joke Junction,67.58,Comedy,67.01,Tuesday,Afternoon,0.0,3.0,Neutral,36.52535,1,33.0
137501,Joke Junction,68.78,Comedy,60.99,Tuesday,Afternoon,39.43,1.0,Positive,49.60118,1,61.0
137789,Joke Junction,47.48,Comedy,64.32,Tuesday,Afternoon,87.2,0.0,Negative,42.72209,1,17.0
138001,Joke Junction,98.96,Comedy,26.68,Tuesday,Afternoon,30.54,1.0,Neutral,81.71277,1,17.0
138033,Joke Junction,30.25,Comedy,36.53,Tuesday,Afternoon,46.56,1.0,Negative,13.68,1,43.0
143235,Joke Junction,29.89,Comedy,66.17,Tuesday,Afternoon,93.21,3.0,Neutral,18.72216,1,57.0
145273,Joke Junction,117.13,Comedy,44.84,Tuesday,Afternoon,60.2,1.0,Positive,85.12862,1,36.0
145957,Joke Junction,63.74773333333333,Comedy,35.72,Tuesday,Afternoon,40.95,0.0,Negative,9.96423,1,40.0
146243,Joke Junction,63.74773333333333,Comedy,79.36,Tuesday,Afternoon,86.03,0.0,Negative,7.82457,1,81.0
147286,Joke Junction,17.39,Comedy,97.93,Tuesday,Afternoon,0.0,3.0,Neutral,17.20215,1,97.0
147729,Joke Junction,39.87,Comedy,74.09,Tuesday,Afternoon,80.79,2.0,Negative,37.2018,1,89.0
148088,Joke Junction,63.74773333333333,Comedy,82.11,Tuesday,Afternoon,13.56,1.0,Neutral,82.97517,1,84.0
150315,Joke Junction,14.04,Comedy,61.13,Tuesday,Afternoon,49.76,2.0,Neutral,5.20207,1,83.0
150803,Joke Junction,108.43,Comedy,21.2,Tuesday,Afternoon,9.86,3.0,Positive,73.6814,1,28.0
153770,Joke Junction,70.09,Comedy,96.61,Tuesday,Afternoon,97.56,0.0,Neutral,64.20765,1,43.0
155203,Joke Junction,47.99,Comedy,73.13,Tuesday,Afternoon,97.39,1.0,Negative,36.05,1,56.0
157467,Joke Junction,89.0,Comedy,60.13,Tuesday,Afternoon,13.18,1.0,Neutral,85.12862,1,65.0
157990,Joke Junction,88.33,Comedy,93.4,Tuesday,Afternoon,33.7,1.0,Negative,47.14963,1,36.0
158064,Joke Junction,90.27,Comedy,99.08,Tuesday,Afternoon,46.75,1.0,Negative,50.93314,1,85.0
160591,Joke Junction,66.46,Comedy,48.93,Tuesday,Afternoon,81.93,1.0,Positive,33.33906,1,24.0
162233,Joke Junction,109.32,Comedy,42.4,Tuesday,Afternoon,54.05,1.0,Neutral,79.77967,1,97.0
164062,Joke Junction,63.74773333333333,Comedy,81.04,Tuesday,Afternoon,70.16,1.0,Positive,41.41428,1,50.0
170229,Joke Junction,63.74773333333333,Comedy,76.07,Tuesday,Afternoon,83.61,2.0,Positive,41.55451,1,13.0
171438,Joke Junction,80.02,Comedy,87.25,Tuesday,Afternoon,87.29,1.0,Negative,59.30549,1,10.0
173742,Joke Junction,111.03,Comedy,40.81,Tuesday,Afternoon,13.02,0.0,Positive,103.09502,1,62.0
173929,Joke Junction,115.43,Comedy,54.22,Tuesday,Afternoon,14.66,3.0,Negative,68.8923,1,41.0
174125,Joke Junction,12.79,Comedy,76.44,Tuesday,Afternoon,43.88,1.0,Neutral,11.36882,1,15.0
175565,Joke Junction,113.75,Comedy,44.87,Tuesday,Afternoon,0.0,2.0,Negative,92.10095,1,44.0
180392,Joke Junction,93.28,Comedy,82.54,Tuesday,Afternoon,0.0,2.0,Positive,63.14152,1,16.0
182354,Joke Junction,13.68,Comedy,92.09,Tuesday,Afternoon,23.53,2.0,Positive,1.78396,1,23.0
182937,Joke Junction,82.13,Comedy,81.22,Tuesday,Afternoon,52.26,2.0,Positive,70.58103,1,54.0
184802,Joke Junction,92.25,Comedy,97.75,Tuesday,Afternoon,0.0,2.0,Neutral,55.0881,1,33.0
187993,Joke Junction,82.19,Comedy,84.65,Tuesday,Afternoon,0.0,1.0,Positive,76.51337,1,4.0
188616,Joke Junction,14.38,Comedy,39.56,Tuesday,Afternoon,93.37,0.0,Negative,13.01829,1,69.0
191574,Joke Junction,48.89,Comedy,92.15,Tuesday,Afternoon,10.83,3.0,Neutral,14.10608,1,39.0
194667,Joke Junction,22.92,Comedy,23.61,Tuesday,Afternoon,78.23,0.0,Positive,14.68508,1,58.0
201835,Joke Junction,28.66,Comedy,90.52,Tuesday,Afternoon,91.52,3.0,Neutral,17.29561,1,99.0
202872,Joke Junction,47.17,Comedy,50.44,Tuesday,Afternoon,4.32,0.0,Negative,29.62402,1,76.0
203126,Joke Junction,97.47,Comedy,81.54,Tuesday,Afternoon,82.72,1.0,Neutral,40.39894,1,83.0
204798,Joke Junction,93.36,Comedy,62.59,Tuesday,Afternoon,58.69,1.0,Positive,76.43204,1,55.0
206175,Joke Junction,104.4,Comedy,51.93,Tuesday,Afternoon,49.14,3.0,Positive,45.72116,1,53.0
208623,Joke Junction,77.38,Comedy,46.23,Tuesday,Afternoon,51.59,1.0,Neutral,36.33352,1,12.0
211890,Joke Junction,48.24,Comedy,27.68,Tuesday,Afternoon,0.0,3.0,Positive,24.60266,1,54.0
213148,Joke Junction,35.35,Comedy,99.12,Tuesday,Afternoon,0.0,3.0,Negative,28.48114,1,25.0
214623,Joke Junction,113.73,Comedy,99.58,Tuesday,Afternoon,97.91,2.0,Negative,69.31826,1,87.0
222619,Joke Junction,49.99,Comedy,69.6,Tuesday,Afternoon,99.01,2.0,Negative,35.73,1,20.0
224398,Joke Junction,11.25,Comedy,87.48,Tuesday,Afternoon,73.95,1.0,Negative,1.39287,1,50.0
230374,Joke Junction,106.91,Comedy,77.89,Tuesday,Afternoon,0.0,3.0,Negative,52.12296,1,1.0
231677,Joke Junction,118.47,Comedy,29.56,Tuesday,Afternoon,48.34,0.0,Negative,107.32415,1,99.0
232235,Joke Junction,63.74773333333333,Comedy,28.18,Tuesday,Afternoon,0.0,2.0,Neutral,62.5872,1,67.0
233430,Joke Junction,84.11,Comedy,77.61,Tuesday,Afternoon,70.61,2.0,Positive,60.94487,1,92.0
234160,Joke Junction,26.04,Comedy,74.94,Tuesday,Afternoon,95.43,0.0,Negative,14.6815,1,42.0
235429,Joke Junction,17.34,Comedy,44.13,Tuesday,Afternoon,0.0,1.0,Positive,10.00869,1,72.0
239105,Joke Junction,67.2,Comedy,62.07,Tuesday,Afternoon,0.0,0.0,Neutral,57.39429,1,70.0
240640,Joke Junction,86.03,Comedy,84.5,Tuesday,Afternoon,64.74,3.0,Neutral,66.8882,1,51.0
242199,Joke Junction,60.37,Comedy,39.76,Tuesday,Afternoon,8.11,2.0,Negative,48.15716,1,76.0
243557,Joke Junction,23.76,Comedy,29.67,Tuesday,Afternoon,63.14,2.0,Neutral,11.69,1,73.0
243881,Joke Junction,95.67,Comedy,69.9,Tuesday,Afternoon,8.4,3.0,Positive,62.28342,1,50.0
246602,Joke Junction,61.25,Comedy,45.1,Tuesday,Afternoon,0.0,0.0,Positive,51.52953,1,71.0
246878,Joke Junction,20.89,Comedy,54.52,Tuesday,Afternoon,0.0,2.0,Negative,8.71276,1,10.0
249839,Joke Junction,100.63,Comedy,32.33,Tuesday,Afternoon,84.93,2.0,Positive,72.92905,1,30.0
250053,Joke Junction,83.96,Comedy,31.64,Tuesday,Afternoon,28.34,2.0,Neutral,52.13286,1,33.0
252168,Joke Junction,95.26,Comedy,46.27,Tuesday,Afternoon,62.23,3.0,Positive,79.24634,1,95.0
252695,Joke Junction,63.74773333333333,Comedy,35.3,Tuesday,Afternoon,36.27,0.0,Negative,9.96423,1,70.0
255844,Joke Junction,63.74773333333333,Comedy,97.29,Tuesday,Afternoon,49.86,1.0,Negative,23.76718,1,82.0
259489,Joke Junction,96.83,Comedy,33.31,Tuesday,Afternoon,0.0,1.0,Positive,73.20253,1,34.0
260076,Joke Junction,68.1,Comedy,81.17,Tuesday,Afternoon,66.66,1.0,Positive,59.77115,1,29.0
263815,Joke Junction,16.68,Comedy,70.04,Tuesday,Afternoon,0.0,2.0,Negative,7.14753,1,3.0
265264,Joke Junction,32.29,Comedy,85.76,Tuesday,Afternoon,59.72,3.0,Neutral,17.9938,1,55.0
265329,Joke Junction,63.74773333333333,Comedy,93.01,Tuesday,Afternoon,0.0,1.0,Neutral,10.4006,1,32.0
265545,Joke Junction,63.74773333333333,Comedy,87.45,Tuesday,Afternoon,63.05,1.0,Positive,47.22558,1,72.0
265867,Joke Junction,81.89,Comedy,21.89,Tuesday,Afternoon,43.98,2.0,Positive,66.4228,1,54.0
268089,Joke Junction,14.21,Comedy,54.94,Tuesday,Afternoon,63.43,0.0,Neutral,5.88021,1,12.0
269331,Joke Junction,70.43,Comedy,59.94,Tuesday,Afternoon,38.81,3.0,Positive,43.89324,1,39.0
269702,Joke Junction,63.74773333333333,Comedy,27.68,Tuesday,Afternoon,47.53,1.0,Negative,36.25,1,49.0
269875,Joke Junction,58.32,Comedy,43.64,Tuesday,Afternoon,0.0,0.0,Positive,41.32202,1,89.0
270004,Joke Junction,105.61,Comedy,82.04,Tuesday,Afternoon,61.01,1.0,Positive,97.68581,1,16.0
271343,Joke Junction,63.74773333333333,Comedy,39.36,Tuesday,Afternoon,23.44,2.0,Negative,5.06,1,80.0
272936,Joke Junction,83.67,Comedy,60.04,Tuesday,Afternoon,78.73,0.0,Negative,64.52173,1,20.0
274053,Joke Junction,31.55,Comedy,77.1,Tuesday,Afternoon,72.29,0.0,Neutral,25.50889,1,82.0
274274,Joke Junction,63.74773333333333,Comedy,48.77,Tuesday,Afternoon,50.77,1.0,Positive,23.07,1,27.0
274602,Joke Junction,72.15,Comedy,82.14,Tuesday,Afternoon,86.04,3.0,Negative,38.01,1,61.0
278186,Joke Junction,72.04,Comedy,92.12,Tuesday,Afternoon,0.0,1.0,Neutral,38.4888,1,53.0
280023,Joke Junction,17.57,Comedy,78.57,Tuesday,Afternoon,50.36,2.0,Negative,5.12,1,66.0
280621,Joke Junction,114.09,Comedy,97.61,Tuesday,Afternoon,7.58,2.0,Neutral,90.97431,1,21.0
283036,Joke Junction,33.11,Comedy,36.48,Tuesday,Afternoon,54.21,1.0,Neutral,19.52115,1,73.0
283738,Joke Junction,102.67,Comedy,60.35,Tuesday,Afternoon,96.88,1.0,Negative,58.09817,1,94.0
284355,Joke Junction,75.99,Comedy,67.99,Tuesday,Afternoon,87.03,2.0,Neutral,62.2409,1,23.0
284982,Joke Junction,92.52,Comedy,83.43,Tuesday,Afternoon,91.42,1.0,Neutral,73.28561,1,25.0
286974,Joke Junction,105.61,Comedy,83.25,Tuesday,Afternoon,96.72,0.0,Positive,97.68581,1,16.0
289117,Joke Junction,79.96,Comedy,67.78,Tuesday,Afternoon,72.08,3.0,Positive,59.12525,1,10.0
291243,Joke Junction,66.87,Comedy,37.69,Tuesday,Afternoon,88.96,1.0,Negative,44.62497,1,50.0
291937,Joke Junction,107.32,Comedy,55.71,Tuesday,Afternoon,0.0,1.0,Neutral,77.73338,1,48.0
292228,Joke Junction,34.37,Comedy,74.72,Tuesday,Afternoon,87.64,0.0,Positive,25.89747,1,93.0
293401,Joke Junction,114.14,Comedy,59.17,Tuesday,Afternoon,84.71,2.0,Neutral,67.24663,1,66.0
294973,Joke Junction,10.93,Comedy,79.56,Tuesday,Afternoon,0.0,2.0,Positive,10.36031,1,79.0
297873,Joke Junction,54.63,Comedy,40.02,Tuesday,Afternoon,25.85,0.0,Neutral,41.33387,1,75.0
299274,Joke Junction,78.77,Comedy,49.9,Tuesday,Afternoon,9.05,0.0,Positive,72.25715,1,44.0
300238,Joke Junction,113.57,Comedy,64.14,Tuesday,Afternoon,87.42,2.0,Positive,60.68719,1,36.0
301887,Joke Junction,71.87,Comedy,68.36,Tuesday,Afternoon,19.19,1.0,Positive,56.17561,1,41.0
303877,Joke Junction,53.29,Comedy,52.15,Tuesday,Afternoon,82.4,0.0,Negative,42.75203,1,54.0
304284,Joke Junction,112.09,Comedy,42.8,Tuesday,Afternoon,94.53,1.0,Neutral,79.77967,1,97.0
304327,Joke Junction,98.51,Comedy,72.02,Tuesday,Afternoon,96.59,0.0,Neutral,41.50595,1,70.0
307219,Joke Junction,68.52,Comedy,60.61,Tuesday,Afternoon,0.64,3.0,Neutral,33.68003,1,79.0
309316,Joke Junction,89.75,Comedy,63.97,Tuesday,Afternoon,43.63,2.0,Positive,40.46358,1,97.0
310672,Joke Junction,14.08,Comedy,59.45,Tuesday,Afternoon,24.33,2.0,Positive,3.6337,1,27.0
311227,Joke Junction,95.55,Comedy,31.35,Tuesday,Afternoon,29.77,3.0,Positive,66.2526,1,22.0
312031,Joke Junction,49.1,Comedy,36.32,Tuesday,Afternoon,49.64,2.0,Negative,23.37687,1,9.0
313864,Joke Junction,77.72,Comedy,43.02,Tuesday,Afternoon,14.06,3.0,Neutral,73.55355,1,79.0
317865,Joke Junction,68.76,Comedy,62.55,Tuesday,Afternoon,16.49,1.0,Negative,44.15361,1,100.0
317998,Joke Junction,62.73,Comedy,33.58,Tuesday,Afternoon,0.0,0.0,Negative,61.96468,1,42.0
320020,Joke Junction,75.14,Comedy,60.04,Tuesday,Afternoon,78.73,0.0,Negative,64.52173,1,20.0
320524,Joke Junction,110.64,Comedy,72.41,Tuesday,Afternoon,18.73,0.0,Neutral,90.7301,1,3.0
322743,Joke Junction,29.72,Comedy,82.51,Tuesday,Afternoon,54.51,1.0,Positive,26.38616,1,1.0
324535,Joke Junction,88.06,Comedy,60.13,Tuesday,Afternoon,13.18,1.0,Neutral,85.12862,1,48.0
329332,Joke Junction,31.1,Comedy,43.59,Tuesday,Afternoon,92.71,3.0,Neutral,14.27382,1,71.0
333710,Joke Junction,105.26,Comedy,82.18,Tuesday,Afternoon,61.01,1.0,Positive,97.68581,1,16.0
335921,Joke Junction,33.81,Comedy,97.93,Tuesday,Afternoon,18.01,3.0,Negative,19.80948,1,42.0
338834,Joke Junction,74.07,Comedy,47.72,Tuesday,Afternoon,21.59,0.0,Negative,54.47472,1,18.0
338926,Joke Junction,110.12,Comedy,48.29,Tuesday,Afternoon,60.49,3.0,Neutral,57.01,1,32.0
339652,Joke Junction,29.81,Comedy,65.47,Tuesday,Afternoon,58.72,2.0,Neutral,14.68508,1,2.0
341932,Joke Junction,77.11,Comedy,57.48,Tuesday,Afternoon,0.0,3.0,Negative,44.53403,1,67.0
342453,Joke Junction,52.25,Comedy,92.12,Tuesday,Afternoon,43.71,2.0,Negative,26.19302,1,84.0
343743,Joke Junction,119.03,Comedy,59.39,Tuesday,Afternoon,50.16,0.0,Neutral,116.6,1,23.0
344220,Joke Junction,12.52,Comedy,58.72,Tuesday,Afternoon,61.53,0.0,Negative,1.24994,1,72.0
344622,Joke Junction,110.07,Comedy,56.31,Tuesday,Afternoon,23.11,0.0,Neutral,66.49426,1,76.0
345939,Joke Junction,106.18,Comedy,49.54,Tuesday,Afternoon,44.78,3.0,Neutral,52.13016,1,95.0
348733,Joke Junction,63.74773333333333,Comedy,77.36,Tuesday,Afternoon,0.0,0.0,Negative,15.63778,1,87.0
352810,Joke Junction,63.74773333333333,Comedy,36.99,Tuesday,Afternoon,19.9,2.0,Negative,35.42272,1,61.0
357330,Joke Junction,26.28,Comedy,76.22,Tuesday,Afternoon,66.69,0.0,Negative,18.35043,1,79.0
358009,Joke Junction,82.23,Comedy,49.7,Tuesday,Afternoon,0.0,1.0,Negative,68.72219,1,74.0
359132,Joke Junction,51.69,Comedy,84.56,Tuesday,Afternoon,28.51,2.0,Neutral,31.72055,1,25.0
361533,Joke Junction,63.74773333333333,Comedy,20.09,Tuesday,Afternoon,0.0,2.0,Positive,35.23282,1,8.0
362565,Joke Junction,100.49,Comedy,82.1,Tuesday,Afternoon,67.62,0.0,Positive,74.95534,1,83.0
366970,Joke Junction,63.74773333333333,Comedy,42.91,Tuesday,Afternoon,0.0,1.0,Negative,9.96628,1,76.0
367937,Joke Junction,50.22,Comedy,73.13,Tuesday,Afternoon,75.6,3.0,Neutral,36.04792,1,48.0
367948,Joke Junction,77.65,Comedy,49.5,Tuesday,Afternoon,0.0,2.0,Neutral,72.23826,1,79.0
371797,Joke Junction,34.47,Comedy,92.13,Tuesday,Afternoon,0.0,1.0,Positive,13.19224,1,96.0
371812,Joke Junction,70.87,Comedy,75.19,Tuesday,Afternoon,0.0,2.0,Neutral,46.0925,1,3.0
376724,Joke Junction,107.93,Comedy,76.58,Tuesday,Afternoon,0.0,2.0,Negative,56.18325,1,68.0
378619,Joke Junction,63.74773333333333,Comedy,35.76,Tuesday,Afternoon,70.54,0.0,Negative,9.96423,1,75.0
380892,Joke Junction,63.74773333333333,Comedy,69.79,Tuesday,Afternoon,85.36,1.0,Positive,9.35503,1,44.0
381761,Joke Junction,58.84,Comedy,31.78,Tuesday,Afternoon,0.0,3.0,Positive,35.63953,1,91.0
383100,Joke Junction,39.87,Comedy,74.09,Tuesday,Afternoon,20.24,2.0,Negative,37.2018,1,9.0
387227,Joke Junction,9.2,Comedy,60.24,Tuesday,Afternoon,0.0,3.0,Neutral,8.67146,1,54.0
390782,Joke Junction,14.76,Comedy,61.88,Tuesday,Afternoon,49.63,3.0,Neutral,5.20207,1,80.0
392395,Joke Junction,102.4,Comedy,25.07,Tuesday,Afternoon,26.53,2.0,Neutral,49.66495,1,38.0
393965,Joke Junction,20.57,Comedy,22.91,Tuesday,Afternoon,77.04,1.0,Negative,8.78232,1,78.0
395890,Joke Junction,67.83,Comedy,59.83,Tuesday,Afternoon,68.83,1.0,Neutral,55.11997,1,81.0
397385,Joke Junction,48.3,Comedy,33.09,Tuesday,Afternoon,81.67,1.0,Positive,33.33906,1,24.0
402230,Joke Junction,38.01,Comedy,73.15,Tuesday,Afternoon,98.39,2.0,Negative,31.81599,1,79.0
402379,Joke Junction,111.15,Comedy,35.99,Tuesday,Afternoon,30.12,2.0,Neutral,95.16107,1,78.0
403062,Joke Junction,82.69,Comedy,60.04,Tuesday,Afternoon,78.73,0.0,Negative,64.52173,1,20.0
403582,Joke Junction,16.98,Comedy,44.19,Tuesday,Afternoon,0.0,1.0,Positive,5.39,1,72.0
405023,Joke Junction,5.83,Comedy,94.31,Tuesday,Afternoon,31.22,1.0,Negative,0.0,1,43.0
405146,Joke Junction,101.53,Comedy,24.8,Tuesday,Afternoon,8.35,2.0,Negative,87.10093,1,71.0
406478,Joke Junction,39.81,Comedy,40.56,Tuesday,Afternoon,55.36,3.0,Positive,22.71161,1,86.0
412983,Joke Junction,57.41,Comedy,49.3,Tuesday,Afternoon,5.16,3.0,Positive,40.91333,1,6.0
414296,Joke Junction,50.73,Comedy,49.47,Tuesday,Afternoon,38.66,0.0,Neutral,41.2153,1,63.0
415299,Joke Junction,94.48,Comedy,27.7,Tuesday,Afternoon,0.0,1.0,Positive,90.54,1,93.0
418152,Joke Junction,16.38,Comedy,40.19,Tuesday,Afternoon,0.0,1.0,Negative,1.9003,1,22.0
422345,Joke Junction,99.22,Comedy,29.24,Tuesday,Afternoon,60.11,3.0,Positive,72.01953,1,71.0
425440,Joke Junction,45.58,Comedy,99.76,Tuesday,Afternoon,95.07,0.0,Negative,29.30526,1,54.0
426636,Joke Junction,61.15,Comedy,46.92,Tuesday,Afternoon,0.0,3.0,Neutral,42.80287,1,44.0
427137,Joke Junction,47.58,Comedy,30.66,Tuesday,Afternoon,0.0,2.0,Positive,28.18882,1,29.0
427991,Joke Junction,24.02,Comedy,88.58,Tuesday,Afternoon,81.25,0.0,Negative,13.02031,1,65.0
433059,Joke Junction,63.19,Comedy,79.14,Tuesday,Afternoon,43.2,2.0,Neutral,38.06161,1,17.0
435840,Joke Junction,14.76,Comedy,61.64,Tuesday,Afternoon,55.86,3.0,Neutral,5.20207,1,80.0
437446,Joke Junction,84.53,Comedy,47.23,Tuesday,Afternoon,89.8,1.0,Neutral,58.86951,1,50.0
439222,Joke Junction,30.67,Comedy,73.82,Tuesday,Afternoon,87.67,0.0,Positive,25.89747,1,13.0
440359,Joke Junction,116.18,Comedy,58.24,Tuesday,Afternoon,23.08,1.0,Negative,59.08,1,71.0
445602,Joke Junction,39.44,Comedy,23.45,Tuesday,Afternoon,0.0,3.0,Negative,28.18882,1,86.0
450272,Joke Junction,113.72,Comedy,28.75,Tuesday,Afternoon,91.81,1.0,Negative,59.71043,1,5.0
451701,Joke Junction,81.97,Comedy,29.68,Tuesday,Afternoon,21.49,0.0,Negative,81.97478,1,37.0
457257,Joke Junction,12.7,Comedy,80.08,Tuesday,Afternoon,21.25,0.0,Neutral,4.97973,1,20.0
458396,Joke Junction,63.74773333333333,Comedy,35.72,Tuesday,Afternoon,0.0,0.0,Negative,9.96423,1,40.0
462856,Joke Junction,62.17,Comedy,94.44,Tuesday,Afternoon,69.96,0.0,Positive,41.62209,1,45.0
463347,Joke Junction,60.2,Comedy,72.81,Tuesday,Afternoon,0.0,1.0,Negative,31.89532,1,62.0
463463,Joke Junction,60.49,Comedy,78.8,Tuesday,Afternoon,86.52,2.0,Neutral,58.31821,1,30.0
466699,Joke Junction,67.73,Comedy,23.39,Tuesday,Afternoon,48.6,3.0,Positive,46.14,1,78.0
467572,Joke Junction,66.19,Comedy,50.76,Tuesday,Afternoon,79.49,2.0,Neutral,46.69211,1,57.0
467690,Joke Junction,57.05,Comedy,71.0,Tuesday,Afternoon,56.05,0.0,Negative,41.95452,1,93.0
474565,Joke Junction,71.64,Comedy,59.42,Tuesday,Afternoon,36.26,3.0,Negative,41.18358,1,1.0
474983,Joke Junction,92.68,Comedy,32.89,Tuesday,Afternoon,15.79,1.0,Neutral,51.35629,1,4.0
477473,Joke Junction,38.67,Comedy,84.31,Tuesday,Afternoon,0.0,1.0,Positive,27.69,1,13.0
480296,Joke Junction,76.34,Comedy,76.33,Tuesday,Afternoon,40.45,1.0,Neutral,58.57893,1,10.0
480595,Joke Junction,26.94,Comedy,36.67,Tuesday,Afternoon,54.51,2.0,Negative,18.60972,1,27.0
482409,Joke Junction,28.68,Comedy,28.58,Tuesday,Afternoon,45.69,1.0,Negative,16.14303,1,28.0
483062,Joke Junction,36.1,Comedy,29.34,Tuesday,Afternoon,41.05,1.0,Positive,27.72127,1,49.0
484066,Joke Junction,13.7,Comedy,88.4,Tuesday,Afternoon,36.89,0.0,Neutral,11.32663,1,56.0
491518,Joke Junction,63.74773333333333,Comedy,27.32,Tuesday,Afternoon,93.43,0.0,Positive,27.07097,1,98.0
493066,Joke Junction,33.13,Comedy,41.79,Tuesday,Afternoon,0.0,0.0,Neutral,28.71379,1,27.0
493073,Joke Junction,119.56,Comedy,51.05,Tuesday,Afternoon,0.0,1.0,Negative,88.63864,1,64.0
494910,Joke Junction,25.98,Comedy,39.56,Tuesday,Afternoon,85.86,0.0,Positive,7.12,1,31.0
495469,Joke Junction,7.76,Comedy,78.68,Tuesday,Afternoon,0.0,0.0,Neutral,0.0,1,92.0
501835,Joke Junction,48.4,Comedy,48.93,Tuesday,Afternoon,81.29,1.0,Positive,33.33906,1,26.0
501973,Joke Junction,32.09,Comedy,36.81,Tuesday,Afternoon,0.0,2.0,Positive,8.14595,1,63.0
502376,Joke Junction,15.19,Comedy,63.1,Tuesday,Afternoon,43.03,0.0,Neutral,7.75222,1,92.0
507907,Joke Junction,41.85,Comedy,75.22,Tuesday,Afternoon,30.2,2.0,Neutral,23.83598,1,78.0
510498,Joke Junction,5.31,Comedy,94.13,Tuesday,Afternoon,43.71,1.0,Negative,0.0,1,41.0
511282,Joke Junction,15.0,Comedy,84.56,Tuesday,Afternoon,54.96,0.0,Neutral,3.57016,1,33.0
513095,Joke Junction,98.75,Comedy,66.84,Tuesday,Afternoon,30.83,2.0,Neutral,83.84702,1,29.0
515882,Joke Junction,70.95,Comedy,60.35,Tuesday,Afternoon,14.96,3.0,Neutral,44.72973,1,80.0
516374,Joke Junction,78.68,Comedy,60.04,Tuesday,Afternoon,78.73,0.0,Negative,64.52173,1,20.0
517253,Joke Junction,65.17,Comedy,36.99,Tuesday,Afternoon,3.9,0.0,Neutral,38.19746,1,80.0
517468,Joke Junction,13.51,Comedy,31.45,Tuesday,Afternoon,48.06,2.0,Positive,6.87101,1,17.0
517733,Joke Junction,49.64,Comedy,21.02,Tuesday,Afternoon,0.0,1.0,Positive,27.62421,1,27.0
522699,Joke Junction,74.53,Comedy,92.79,Tuesday,Afternoon,0.0,0.0,Positive,64.85418,1,58.0
522877,Joke Junction,114.48,Comedy,37.88,Tuesday,Afternoon,0.0,2.0,Neutral,80.56398,1,83.0
528669,Joke Junction,51.57,Comedy,90.69,Tuesday,Afternoon,0.0,2.0,Positive,41.0006,1,22.0
531878,Joke Junction,57.99,Comedy,69.6,Tuesday,Afternoon,69.85,1.0,Negative,35.73,1,20.0
535700,Joke Junction,26.94,Comedy,59.6,Tuesday,Afternoon,71.32,3.0,Neutral,21.12366,1,24.0
535930,Joke Junction,54.58,Comedy,82.67,Tuesday,Afternoon,79.41,1.0,Neutral,45.92775,1,100.0
542533,Joke Junction,50.39,Comedy,30.14,Tuesday,Afternoon,7.35,0.0,Negative,29.62402,1,30.0
543814,Joke Junction,100.18,Comedy,54.8,Tuesday,Afternoon,98.2,2.0,Positive,70.07352,1,95.0
546321,Joke Junction,72.92,Comedy,82.86,Tuesday,Afternoon,55.87,1.0,Positive,61.30555,1,98.0
546827,Joke Junction,53.45,Comedy,77.82,Tuesday,Afternoon,87.04,3.0,Negative,26.30209,1,66.0
547034,Joke Junction,84.71,Comedy,91.17,Tuesday,Afternoon,0.0,3.0,Positive,69.91262,1,70.0
547665,Joke Junction,68.3,Comedy,68.65,Tuesday,Afternoon,65.41,0.0,Neutral,36.09581,1,38.0
548717,Joke Junction,63.74773333333333,Comedy,89.35,Tuesday,Afternoon,96.27,1.0,Positive,91.05988,1,76.0
551097,Joke Junction,104.75,Comedy,86.58,Tuesday,Afternoon,20.42,1.0,Neutral,81.1893,1,21.0
551259,Joke Junction,88.65,Comedy,90.87,Tuesday,Afternoon,57.66,2.0,Positive,60.97144,1,46.0
554657,Joke Junction,63.74773333333333,Comedy,73.32,Tuesday,Afternoon,0.0,1.0,Negative,52.67359,1,78.0
554844,Joke Junction,26.73,Comedy,57.34,Tuesday,Afternoon,8.29,0.0,Neutral,17.04743,1,80.0
556078,Joke Junction,43.82,Comedy,60.14,Tuesday,Afternoon,63.73,2.0,Positive,29.76419,1,21.0
557692,Joke Junction,117.79,Comedy,93.11,Tuesday,Afternoon,87.56,0.0,Negative,112.90614,1,97.0
557804,Joke Junction,63.74773333333333,Comedy,35.89,Tuesday,Afternoon,36.71,0.0,Negative,9.96423,1,42.0
559080,Joke Junction,49.23,Comedy,72.66,Tuesday,Afternoon,69.97,0.0,Negative,35.73,1,20.0
559200,Joke Junction,61.67,Comedy,30.47,Tuesday,Afternoon,0.0,2.0,Positive,44.64986,1,21.0
563843,Joke Junction,115.3,Comedy,63.89,Tuesday,Afternoon,0.83,0.0,Negative,98.07361,1,67.0
564002,Joke Junction,56.87,Comedy,49.37,Tuesday,Afternoon,64.76,0.0,Positive,50.86434,1,91.0
567858,Joke Junction,63.74773333333333,Comedy,47.15,Tuesday,Afternoon,81.39,1.0,Neutral,24.14799,1,26.0
568074,Joke Junction,105.52,Comedy,43.58,Tuesday,Afternoon,11.92,0.0,Positive,84.12928,1,87.0
569717,Joke Junction,31.31,Comedy,53.1,Tuesday,Afternoon,89.16,0.0,Neutral,23.31316,1,57.0
570310,Joke Junction,63.74773333333333,Comedy,77.59,Tuesday,Afternoon,87.45,2.0,Negative,51.70074,1,28.0
573562,Joke Junction,74.39,Comedy,95.6,Tuesday,Afternoon,0.0,1.0,Negative,56.73696,1,15.0
575061,Joke Junction,56.47,Comedy,22.29,Tuesday,Afternoon,28.86,2.0,Positive,45.86563,1,38.0
577939,Joke Junction,117.16,Comedy,53.16,Tuesday,Afternoon,65.37,1.0,Positive,93.13178,1,33.0
579555,Joke Junction,19.88,Comedy,21.87,Tuesday,Afternoon,0.0,0.0,Negative,8.84996,1,92.0
580590,Joke Junction,37.61,Comedy,53.27,Tuesday,Afternoon,0.0,0.0,Negative,14.16201,1,38.0
581534,Joke Junction,31.79,Comedy,48.83,Tuesday,Afternoon,51.25,0.0,Positive,16.09,1,79.0
585832,Joke Junction,112.11,Comedy,69.39,Tuesday,Afternoon,13.14,1.0,Neutral,40.34026,1,16.0
587111,Joke Junction,29.47,Comedy,75.63,Tuesday,Afternoon,42.15,3.0,Negative,24.3744,1,44.0
587604,Joke Junction,9.08,Comedy,64.0,Tuesday,Afternoon,66.47,3.0,Negative,5.78191,1,77.0
588057,Joke Junction,60.11,Comedy,65.43,Tuesday,Afternoon,71.18,2.0,Positive,41.89505,1,49.0
589535,Joke Junction,39.87,Comedy,45.66,Tuesday,Afternoon,20.24,0.0,Negative,37.2018,1,89.0
590343,Joke Junction,36.06,Comedy,63.67,Tuesday,Afternoon,63.14,1.0,Neutral,33.70833,1,86.0
591781,Joke Junction,63.74773333333333,Comedy,50.0,Tuesday,Afternoon,99.15,1.0,Negative,31.32,1,85.0
592211,Joke Junction,63.74773333333333,Comedy,30.08,Tuesday,Afternoon,0.0,2.0,Positive,31.03002,1,42.0
592306,Joke Junction,80.81,Comedy,23.03,Tuesday,Afternoon,47.18,1.0,Positive,73.02579,1,66.0
593938,Joke Junction,14.46,Comedy,61.16,Tuesday,Afternoon,65.76,3.0,Neutral,5.20207,1,83.0
594320,Joke Junction,118.85,Comedy,31.98,Tuesday,Afternoon,13.23,3.0,Positive,66.24369,1,24.0
595702,Joke Junction,94.45,Comedy,61.45,Tuesday,Afternoon,54.69,3.0,Positive,83.06649,1,13.0
596079,Joke Junction,63.74773333333333,Comedy,43.25,Tuesday,Afternoon,0.0,3.0,Neutral,92.79147,1,28.0
596325,Joke Junction,97.74,Comedy,93.88,Tuesday,Afternoon,0.0,1.0,Negative,39.90095,1,12.0
598355,Joke Junction,64.56,Comedy,98.82,Tuesday,Afternoon,0.0,3.0,Negative,47.93761,1,54.0
598622,Joke Junction,9.33,Comedy,27.67,Tuesday,Afternoon,28.82,2.0,Neutral,0.0,1,80.0
600861,Joke Junction,79.59,Comedy,76.22,Tuesday,Afternoon,7.54,1.0,Negative,74.48932,1,16.0
603978,Joke Junction,63.74773333333333,Comedy,59.84,Tuesday,Afternoon,45.38,2.0,Negative,69.55986,1,72.0
612779,Joke Junction,9.77,Comedy,24.59,Tuesday,Afternoon,49.02,3.0,Neutral,2.78492,1,58.0
617684,Joke Junction,67.02,Comedy,84.97,Tuesday,Afternoon,65.91,1.0,Positive,55.38377,1,30.0
618651,Joke Junction,95.04,Comedy,31.16,Tuesday,Afternoon,76.54,0.0,Positive,92.37308,1,53.0
623656,Joke Junction,35.78,Comedy,37.0,Tuesday,Afternoon,48.73,0.0,Positive,12.93,1,53.0
624342,Joke Junction,22.0,Comedy,96.93,Tuesday,Afternoon,40.47,0.0,Negative,12.41055,1,42.0
625923,Joke Junction,11.53,Comedy,57.68,Tuesday,Afternoon,33.66,1.0,Negative,2.64668,1,94.0
625956,Joke Junction,20.15,Comedy,79.5,Tuesday,Afternoon,77.45,3.0,Positive,13.65944,1,65.0
627668,Joke Junction,116.57,Comedy,93.51,Tuesday,Afternoon,59.78,1.0,Negative,84.95141,1,47.0
633963,Joke Junction,62.19,Comedy,20.4,Tuesday,Afternoon,90.16,2.0,Negative,38.67,1,29.0
634107,Joke Junction,36.59,Comedy,69.68,Tuesday,Afternoon,69.62,1.0,Negative,14.30709,1,8.0
634453,Joke Junction,63.74773333333333,Comedy,72.41,Tuesday,Afternoon,0.0,2.0,Neutral,63.02374,1,57.0
636852,Joke Junction,92.81,Comedy,20.81,Tuesday,Afternoon,0.0,1.0,Negative,56.51347,1,3.0
639804,Joke Junction,112.82,Comedy,45.96,Tuesday,Afternoon,0.0,0.0,Negative,91.08395,1,53.0
641800,Joke Junction,105.11,Comedy,65.75,Tuesday,Afternoon,29.66,1.0,Positive,91.90215,1,42.0
642048,Joke Junction,113.72,Comedy,28.73,Tuesday,Afternoon,82.25,2.0,Negative,59.71043,1,43.0
642055,Joke Junction,46.85,Comedy,49.58,Tuesday,Afternoon,46.85,3.0,Negative,39.62862,1,93.0
643274,Joke Junction,26.97,Comedy,57.81,Tuesday,Afternoon,0.0,1.0,Negative,20.48064,1,14.0
644746,Joke Junction,63.74773333333333,Comedy,80.81,Tuesday,Afternoon,0.0,2.0,Positive,72.00781,1,31.0
645333,Joke Junction,54.74,Comedy,34.67,Tuesday,Afternoon,35.67,1.0,Neutral,45.16189,1,37.0
645343,Joke Junction,93.6,Comedy,30.24,Tuesday,Afternoon,58.14,3.0,Positive,59.85431,1,9.0
646713,Joke Junction,18.18,Comedy,33.09,Tuesday,Afternoon,92.29,1.0,Neutral,0.43439,1,81.0
647386,Joke Junction,54.76,Comedy,44.22,Tuesday,Afternoon,22.75,1.0,Neutral,45.16189,1,35.0
650665,Joke Junction,81.89,Comedy,81.89,Tuesday,Afternoon,24.98,2.0,Positive,66.4228,1,54.0
651516,Joke Junction,82.83,Comedy,84.98,Tuesday,Afternoon,0.0,0.0,Neutral,72.41058,1,41.0
653024,Joke Junction,42.27,Comedy,37.76,Tuesday,Afternoon,56.39,2.0,Negative,35.67,1,71.0
653337,Joke Junction,119.58,Comedy,71.98,Tuesday,Afternoon,44.58,3.0,Positive,77.77198,1,62.0
653866,Joke Junction,69.34,Comedy,48.92,Tuesday,Afternoon,28.92,0.0,Positive,33.46511,1,36.0
655551,Joke Junction,63.74773333333333,Comedy,45.85,Tuesday,Afternoon,53.63,1.0,Neutral,27.38928,1,29.0
657371,Joke Junction,30.59,Comedy,25.37,Tuesday,Afternoon,23.33,0.0,Negative,20.61714,1,68.0
658414,Joke Junction,5.91,Comedy,69.58,Tuesday,Afternoon,30.1,0.0,Negative,5.67946,1,81.0
658429,Joke Junction,111.34,Comedy,94.15,Tuesday,Afternoon,0.0,3.0,Positive,77.92053,1,59.0
658673,Joke Junction,77.66,Comedy,59.67,Tuesday,Afternoon,82.96,1.0,Neutral,48.75739,1,7.0
660475,Joke Junction,27.05,Comedy,82.41,Tuesday,Afternoon,12.48,1.0,Negative,17.18747,1,93.0
661960,Joke Junction,72.47,Comedy,45.32,Tuesday,Afternoon,87.39,3.0,Neutral,39.72171,1,15.0
663952,Joke Junction,96.11,Comedy,67.29,Tuesday,Afternoon,37.33,2.0,Neutral,86.63181,1,61.0
664288,Joke Junction,65.41,Comedy,42.14,Tuesday,Afternoon,40.24,1.0,Negative,43.92106,1,40.0
665933,Joke Junction,57.19,Comedy,72.99,Tuesday,Afternoon,0.0,2.0,Negative,29.66141,1,92.0
667226,Joke Junction,63.74773333333333,Comedy,25.53,Tuesday,Afternoon,83.23,1.0,Neutral,31.98708,1,55.0
667521,Joke Junction,6.47,Comedy,31.2,Tuesday,Afternoon,50.69,3.0,Neutral,0.0,1,82.0
669037,Joke Junction,9.82,Comedy,58.59,Tuesday,Afternoon,30.25,2.0,Negative,9.33843,1,14.0
669150,Joke Junction,21.69,Comedy,38.46,Tuesday,Afternoon,28.54,2.0,Positive,17.77844,1,97.0
669268,Joke Junction,81.89,Comedy,21.96,Tuesday,Afternoon,43.93,2.0,Positive,66.4228,1,93.0
669502,Joke Junction,93.54,Comedy,53.1,Tuesday,Afternoon,66.54,2.0,Neutral,76.43204,1,73.0
671676,Joke Junction,47.24,Comedy,85.58,Tuesday,Afternoon,11.02,0.0,Positive,40.92471,1,4.0
672701,Joke Junction,57.04,Comedy,71.7,Tuesday,Afternoon,0.0,0.0,Negative,41.95452,1,79.0
674538,Joke Junction,59.5,Comedy,71.79,Tuesday,Afternoon,3.62,0.0,Positive,23.72689,1,62.0
675138,Joke Junction,16.53,Comedy,46.01,Tuesday,Afternoon,0.0,2.0,Neutral,6.2909,1,84.0
675461,Joke Junction,86.66,Comedy,36.92,Tuesday,Afternoon,90.85,2.0,Negative,54.33981,1,47.0
676849,Joke Junction,39.74,Comedy,66.68,Tuesday,Afternoon,64.64,2.0,Negative,37.10284,1,72.0
678556,Joke Junction,33.78,Comedy,54.21,Tuesday,Afternoon,0.0,0.0,Negative,19.80881,1,67.0
683724,Joke Junction,48.3,Comedy,36.83,Tuesday,Afternoon,81.29,1.0,Positive,33.33906,1,32.0
687322,Joke Junction,82.68,Comedy,60.04,Tuesday,Afternoon,78.73,0.0,Negative,64.52173,1,32.0
687517,Joke Junction,24.56,Comedy,44.01,Tuesday,Afternoon,73.93,0.0,Positive,13.7,1,38.0
687691,Joke Junction,63.74773333333333,Comedy,35.72,Tuesday,Afternoon,40.95,0.0,Negative,9.96423,1,42.0
689458,Joke Junction,63.74773333333333,Comedy,37.11,Tuesday,Afternoon,56.17,0.0,Negative,4.9127,1,46.0
690092,Joke Junction,119.03,Comedy,82.73,Tuesday,Afternoon,56.48,2.0,Neutral,93.46289,1,11.0
691876,Joke Junction,63.74773333333333,Comedy,71.81,Tuesday,Afternoon,74.77,0.0,Positive,62.15203,1,76.0
692048,Joke Junction,68.11,Comedy,42.96,Tuesday,Afternoon,65.35,3.0,Neutral,43.79408,1,92.0
692430,Joke Junction,34.12,Comedy,78.28,Tuesday,Afternoon,32.23,1.0,Positive,18.05429,1,36.0
692714,Joke Junction,20.95,Comedy,36.02,Tuesday,Afternoon,62.22,3.0,Positive,5.6102,1,54.0
693828,Joke Junction,77.69,Comedy,60.04,Tuesday,Afternoon,78.73,0.0,Negative,64.52173,1,20.0
694970,Joke Junction,97.93,Comedy,68.07,Tuesday,Afternoon,0.0,1.0,Neutral,60.90922,1,69.0
697786,Joke Junction,109.08,Comedy,49.75,Tuesday,Afternoon,72.85,0.0,Positive,97.28189,1,52.0
699378,Joke Junction,112.07,Comedy,44.38,Tuesday,Afternoon,90.8,3.0,Positive,111.14,1,13.0
700690,Joke Junction,110.34,Comedy,81.41,Tuesday,Afternoon,32.04,3.0,Positive,84.17491,1,72.0
702942,Joke Junction,57.84,Comedy,93.5,Tuesday,Afternoon,81.27,1.0,Neutral,39.25398,1,69.0
706760,Joke Junction,64.33,Comedy,49.3,Tuesday,Afternoon,96.83,3.0,Negative,58.4063,1,59.0
710050,Joke Junction,111.68,Comedy,70.72,Tuesday,Afternoon,38.71,2.0,Neutral,59.07692,1,68.0
715652,Joke Junction,21.52,Comedy,83.84,Tuesday,Afternoon,48.1,1.0,Neutral,18.08891,1,84.0
716158,Joke Junction,62.44,Comedy,53.93,Tuesday,Afternoon,0.0,1.0,Neutral,39.38418,1,92.0
718985,Joke Junction,80.69,Comedy,62.07,Tuesday,Afternoon,68.55,2.0,Positive,42.38312,1,92.0
720784,Joke Junction,39.63,Comedy,80.72,Tuesday,Afternoon,0.6,2.0,Positive,28.56191,1,95.0
720940,Joke Junction,35.4,Comedy,71.79,Tuesday,Afternoon,65.49,0.0,Positive,21.06493,1,100.0
721050,Joke Junction,35.36,Comedy,37.63,Tuesday,Afternoon,48.73,0.0,Negative,12.93,1,51.0
723416,Joke Junction,63.74773333333333,Comedy,71.43,Tuesday,Afternoon,67.97,2.0,Negative,42.50606,1,42.0
724723,Joke Junction,92.63,Comedy,96.24,Tuesday,Afternoon,32.53,0.0,Positive,84.46619,1,36.0
727041,Joke Junction,109.56,Comedy,97.55,Tuesday,Afternoon,45.57,2.0,Neutral,95.27312,1,46.0
727732,Joke Junction,44.02,Comedy,29.33,Tuesday,Afternoon,0.0,0.0,Neutral,30.55679,1,73.0
728712,Joke Junction,63.74773333333333,Comedy,68.9,Tuesday,Afternoon,0.0,1.0,Neutral,8.73892,1,83.0
729666,Joke Junction,11.38,Comedy,40.19,Tuesday,Afternoon,1.31,1.0,Negative,1.9003,1,21.0
730013,Joke Junction,84.06,Comedy,88.8,Tuesday,Afternoon,99.49,0.0,Positive,58.03942,1,35.0
734217,Joke Junction,7.56,Comedy,37.18,Tuesday,Afternoon,8.8,1.0,Negative,1.25335,1,74.0
734505,Joke Junction,63.74773333333333,Comedy,41.53,Tuesday,Afternoon,15.54,0.0,Positive,102.71944,1,26.0
734715,Joke Junction,113.75,Comedy,28.73,Tuesday,Afternoon,86.94,1.0,Negative,59.71043,1,5.0
735282,Joke Junction,60.66,Comedy,20.48,Tuesday,Afternoon,49.07,2.0,Neutral,37.57678,1,12.0
736219,Joke Junction,72.95,Comedy,64.56,Tuesday,Afternoon,98.51,0.0,Negative,51.82905,1,100.0
737756,Joke Junction,75.23,Comedy,34.08,Tuesday,Afternoon,9.76,1.0,Neutral,38.71515,1,44.0
739546,Joke Junction,63.74773333333333,Comedy,27.29,Tuesday,Afternoon,0.0,0.0,Positive,57.14201,1,52.0
742518,Joke Junction,54.76,Comedy,94.72,Tuesday,Afternoon,15.57,3.0,Positive,40.15923,1,23.0
746855,Joke Junction,104.11,Comedy,92.49,Tuesday,Afternoon,90.33,2.0,Negative,52.968,1,84.0
747322,Joke Junction,63.74773333333333,Comedy,90.91,Tuesday,Afternoon,0.0,2.0,Positive,38.03839,1,53.0
748913,Joke Junction,46.53,Comedy,92.98,Tuesday,Afternoon,55.24,3.0,Positive,28.79761,1,23.0
750086,Joke Junction,78.24,Comedy,62.66,Tuesday,Afternoon,94.21,0.0,Neutral,,0,13.0
754094,Joke Junction,62.97,Comedy,30.85,Tuesday,Afternoon,37.12,2.0,Neutral,,0,49.0
754389,Joke Junction,81.2,Comedy,79.05,Tuesday,Afternoon,69.68,1.0,Neutral,,0,19.0
755178,Joke Junction,63.74773333333333,Comedy,49.36,Tuesday,Afternoon,72.52,1.0,Positive,,0,70.0
758268,Joke Junction,71.87,Comedy,82.38,Tuesday,Afternoon,71.32,2.0,Positive,,0,99.0
759440,Joke Junction,47.82,Comedy,38.15,Tuesday,Afternoon,97.08,2.0,Neutral,,0,67.0
761227,Joke Junction,29.27,Comedy,86.09,Tuesday,Afternoon,34.13,2.0,Neutral,,0,84.0
761399,Joke Junction,70.58,Comedy,71.99,Tuesday,Afternoon,97.63,3.0,Positive,,0,71.0
761514,Joke Junction,24.25,Comedy,86.61,Tuesday,Afternoon,64.45,1.0,Neutral,,0,86.0
761891,Joke Junction,39.25,Comedy,92.11,Tuesday,Afternoon,71.9,3.0,Negative,,0,68.0
764088,Joke Junction,90.11,Comedy,32.89,Tuesday,Afternoon,56.05,3.0,Positive,,0,23.0
765669,Joke Junction,56.45,Comedy,55.8,Tuesday,Afternoon,69.8,1.0,Neutral,,0,73.0
767436,Joke Junction,12.72,Comedy,80.51,Tuesday,Afternoon,3.39,0.0,Positive,,0,70.0
767783,Joke Junction,23.08,Comedy,41.97,Tuesday,Afternoon,59.66,3.0,Negative,,0,87.0
768381,Joke Junction,54.81,Comedy,50.32,Tuesday,Afternoon,4.44,0.0,Negative,,0,87.0
770050,Joke Junction,71.04,Comedy,28.78,Tuesday,Afternoon,82.92,1.0,Negative,,0,5.0
773458,Joke Junction,35.48,Comedy,85.34,Tuesday,Afternoon,83.9,1.0,Neutral,,0,14.0
775657,Joke Junction,110.52,Comedy,43.85,Tuesday,Afternoon,5.62,3.0,Neutral,,0,66.0
777624,Joke Junction,27.88,Comedy,49.83,Tuesday,Afternoon,99.2,2.0,Positive,,0,92.0
778743,Joke Junction,45.08,Comedy,48.33,Tuesday,Afternoon,46.96,1.0,Positive,,0,17.0
779716,Joke Junction,63.74773333333333,Comedy,98.0,Tuesday,Afternoon,15.09,1.0,Neutral,,0,12.0
780187,Joke Junction,63.74773333333333,Comedy,78.97,Tuesday,Afternoon,64.36,1.0,Positive,,0,32.0
780223,Joke Junction,79.83,Comedy,80.43,Tuesday,Afternoon,0.68,2.0,Positive,,0,5.0
780315,Joke Junction,65.19,Comedy,63.84,Tuesday,Afternoon,0.0,0.0,Neutral,,0,7.0
781226,Joke Junction,10.69,Comedy,52.69,Tuesday,Afternoon,88.59,1.0,Neutral,,0,80.0
782548,Joke Junction,28.51,Comedy,77.05,Tuesday,Afternoon,0.0,3.0,Positive,,0,58.0
782835,Joke Junction,63.74773333333333,Comedy,78.54,Tuesday,Afternoon,62.63,1.0,Positive,,0,63.0
783078,Joke Junction,94.18,Comedy,60.28,Tuesday,Afternoon,20.06,1.0,Neutral,,0,48.0
789378,Joke Junction,98.51,Comedy,83.34,Tuesday,Afternoon,81.76,0.0,Neutral,,0,57.0
791270,Joke Junction,18.58,Comedy,89.7,Tuesday,Afternoon,49.7,3.0,Neutral,,0,48.0
791543,Joke Junction,109.63,Comedy,79.55,Tuesday,Afternoon,0.0,0.0,Negative,,0,65.0
791811,Joke Junction,116.34,Comedy,49.53,Tuesday,Afternoon,23.58,0.0,Positive,,0,26.0
791895,Joke Junction,6.19,Comedy,45.29,Tuesday,Afternoon,5.16,0.0,Negative,,0,25.0
793693,Joke Junction,58.74,Comedy,62.52,Tuesday,Afternoon,58.7,1.0,Positive,,0,41.0
793868,Joke Junction,13.92,Comedy,79.75,Tuesday,Afternoon,45.71,1.0,Neutral,,0,56.0
796316,Joke Junction,65.77,Comedy,20.54,Tuesday,Afternoon,49.38,0.0,Neutral,,0,47.0
798552,Joke Junction,81.33,Comedy,66.53,Tuesday,Afternoon,0.0,0.0,Negative,,0,54.0
799991,Joke Junction,63.74773333333333,Comedy,95.67,Tuesday,Afternoon,0.0,3.0,Neutral,,0,13.0
801099,Joke Junction,14.19,Comedy,49.29,Tuesday,Afternoon,55.18,1.0,Negative,,0,82.0
802341,Joke Junction,73.18,Comedy,26.7,Tuesday,Afternoon,74.96,2.0,Neutral,,0,76.0
802924,Joke Junction,74.47,Comedy,54.51,Tuesday,Afternoon,80.61,1.0,Neutral,,0,95.0
803197,Joke Junction,83.63,Comedy,46.33,Tuesday,Afternoon,51.32,2.0,Negative,,0,14.0
803574,Joke Junction,36.51,Comedy,68.39,Tuesday,Afternoon,48.95,2.0,Neutral,,0,90.0
804819,Joke Junction,92.79,Comedy,97.7,Tuesday,Afternoon,0.0,1.0,Neutral,,0,28.0
811184,Joke Junction,12.7,Comedy,80.68,Tuesday,Afternoon,0.0,0.0,Neutral,,0,20.0
812901,Joke Junction,36.16,Comedy,33.32,Tuesday,Afternoon,0.0,3.0,Negative,,0,51.0
815182,Joke Junction,71.05,Comedy,47.59,Tuesday,Afternoon,90.83,0.0,Negative,,0,64.0
815447,Joke Junction,63.74773333333333,Comedy,73.05,Tuesday,Afternoon,64.17,3.0,Neutral,,0,7.0
816840,Joke Junction,95.02,Comedy,57.79,Tuesday,Afternoon,0.0,1.0,Positive,,0,39.0
816987,Joke Junction,63.74773333333333,Comedy,34.96,Tuesday,Afternoon,0.0,0.0,Positive,,0,33.0
823674,Joke Junction,99.48,Comedy,25.07,Tuesday,Afternoon,9.55,1.0,Positive,,0,65.0
824512,Joke Junction,99.39,Comedy,90.72,Tuesday,Afternoon,6.64,2.0,Negative,,0,9.0
825084,Joke Junction,117.54,Comedy,99.8,Tuesday,Afternoon,99.23,0.0,Neutral,,0,58.0
825249,Joke Junction,119.03,Comedy,59.59,Tuesday,Afternoon,50.16,0.0,Neutral,,0,41.0
826268,Joke Junction,109.32,Comedy,42.8,Tuesday,Afternoon,54.32,1.0,Neutral,,0,97.0
826435,Joke Junction,63.74773333333333,Comedy,64.54,Tuesday,Afternoon,41.16,0.0,Neutral,,0,19.0
827670,Joke Junction,39.87,Comedy,84.59,Tuesday,Afternoon,20.24,3.0,Positive,,0,89.0
829691,Joke Junction,49.15,Comedy,30.66,Tuesday,Afternoon,0.0,2.0,Positive,,0,29.0
830208,Joke Junction,52.06,Comedy,48.19,Tuesday,Afternoon,69.41,1.0,Positive,,0,50.0
831942,Joke Junction,5.48,Comedy,41.29,Tuesday,Afternoon,1.81,1.0,Positive,,0,38.0
832224,Joke Junction,64.69,Comedy,82.59,Tuesday,Afternoon,0.0,1.0,Neutral,,0,89.0
832780,Joke Junction,25.05,Comedy,35.32,Tuesday,Afternoon,49.5,1.0,Negative,,0,86.0
833815,Joke Junction,97.75,Comedy,61.39,Tuesday,Afternoon,0.0,1.0,Positive,,0,32.0
834335,Joke Junction,91.18,Comedy,60.13,Tuesday,Afternoon,13.25,1.0,Neutral,,0,72.0
835392,Joke Junction,51.79,Comedy,32.65,Tuesday,Afternoon,39.14,3.0,Positive,,0,78.0
839519,Joke Junction,37.41,Comedy,56.25,Tuesday,Afternoon,33.37,2.0,Positive,,0,56.0
840106,Joke Junction,63.74773333333333,Comedy,49.51,Tuesday,Afternoon,0.0,1.0,Neutral,,0,92.0
841051,Joke Junction,86.88,Comedy,46.82,Tuesday,Afternoon,80.59,0.0,Neutral,,0,3.0
843199,Joke Junction,110.04,Comedy,57.22,Tuesday,Afternoon,0.0,3.0,Neutral,,0,9.0
843684,Joke Junction,54.8,Comedy,41.76,Tuesday,Afternoon,0.0,1.0,Positive,,0,51.0
846525,Joke Junction,51.84,Comedy,55.1,Tuesday,Afternoon,82.17,0.0,Positive,,0,83.0
848510,Joke Junction,87.72,Comedy,79.08,Tuesday,Afternoon,96.1,0.0,Negative,,0,21.0
849067,Joke Junction,22.99,Comedy,89.06,Tuesday,Afternoon,68.49,2.0,Positive,,0,66.0
850450,Joke Junction,24.02,Comedy,86.61,Tuesday,Afternoon,64.73,1.0,Neutral,,0,86.0
850983,Joke Junction,94.24,Comedy,90.97,Tuesday,Afternoon,0.0,2.0,Neutral,,0,84.0
851535,Joke Junction,76.88,Comedy,64.06,Tuesday,Afternoon,0.0,1.0,Negative,,0,32.0
856132,Joke Junction,19.24,Comedy,59.78,Tuesday,Afternoon,0.69,1.0,Neutral,,0,23.0
861009,Joke Junction,63.81,Comedy,39.13,Tuesday,Afternoon,92.73,3.0,Positive,,0,36.0
861201,Joke Junction,106.92,Comedy,83.79,Tuesday,Afternoon,57.79,2.0,Negative,,0,90.0
864522,Joke Junction,117.42,Comedy,78.06,Tuesday,Afternoon,5.68,1.0,Positive,,0,61.0
864761,Joke Junction,9.01,Comedy,98.49,Tuesday,Afternoon,0.0,1.0,Negative,,0,24.0
866592,Joke Junction,91.9,Comedy,62.34,Tuesday,Afternoon,62.84,3.0,Positive,,0,46.0
867937,Joke Junction,111.58,Comedy,42.4,Tuesday,Afternoon,68.54,1.0,Neutral,,0,97.0
868092,Joke Junction,47.02,Comedy,85.46,Tuesday,Afternoon,11.52,0.0,Positive,,0,4.0
869062,Joke Junction,96.93,Comedy,91.7,Tuesday,Afternoon,0.0,1.0,Neutral,,0,15.0
873417,Joke Junction,71.03,Comedy,47.73,Tuesday,Afternoon,90.83,0.0,Negative,,0,34.0
874487,Joke Junction,25.08,Comedy,63.41,Tuesday,Afternoon,0.0,0.0,Negative,,0,3.0
875280,Joke Junction,44.46,Comedy,44.65,Tuesday,Afternoon,0.0,1.0,Positive,,0,87.0
876305,Joke Junction,41.15,Comedy,48.79,Tuesday,Afternoon,56.81,3.0,Positive,,0,48.0
877021,Joke Junction,63.74773333333333,Comedy,60.37,Tuesday,Afternoon,43.82,1.0,Negative,,0,80.0
878748,Joke Junction,52.06,Comedy,61.24,Tuesday,Afternoon,95.82,2.0,Negative,,0,87.0
879558,Joke Junction,30.81,Comedy,49.69,Tuesday,Afternoon,66.4,1.0,Negative,,0,98.0
881435,Joke Junction,68.19,Comedy,36.9,Tuesday,Afternoon,81.92,3.0,Positive,,0,97.0
882297,Joke Junction,114.84,Comedy,71.84,Tuesday,Afternoon,84.64,3.0,Negative,,0,65.0
882726,Joke Junction,87.02,Comedy,52.34,Tuesday,Afternoon,89.15,2.0,Neutral,,0,59.0
884780,Joke Junction,17.98,Comedy,56.19,Tuesday,Afternoon,73.26,2.0,Neutral,,0,100.0
887263,Joke Junction,63.74773333333333,Comedy,60.93,Tuesday,Afternoon,58.55,2.0,Negative,,0,15.0
887887,Joke Junction,63.74773333333333,Comedy,57.9,Tuesday,Afternoon,0.0,3.0,Positive,,0,99.0
888635,Joke Junction,30.67,Comedy,84.7,Tuesday,Afternoon,93.67,0.0,Positive,,0,93.0
889264,Joke Junction,117.32,Comedy,81.41,Tuesday,Afternoon,0.0,1.0,Neutral,,0,31.0
892101,Joke Junction,88.55,Comedy,45.18,Tuesday,Afternoon,65.27,3.0,Positive,,0,28.0
893540,Joke Junction,106.9,Comedy,49.6,Tuesday,Afternoon,83.06,1.0,Negative,,0,38.0
893834,Joke Junction,10.21,Comedy,43.87,Tuesday,Afternoon,52.71,0.0,Positive,,0,67.0
895019,Joke Junction,45.12,Comedy,50.32,Tuesday,Afternoon,46.43,1.0,Neutral,,0,17.0
895782,Joke Junction,66.41,Comedy,50.73,Tuesday,Afternoon,60.71,0.0,Positive,,0,73.0
898732,Joke Junction,108.11,Comedy,47.94,Tuesday,Afternoon,91.14,1.0,Negative,,0,19.0
900505,Joke Junction,63.74773333333333,Comedy,25.48,Tuesday,Afternoon,88.86,1.0,Neutral,,0,45.0
902136,Joke Junction,41.81,Comedy,35.32,Tuesday,Afternoon,0.0,3.0,Neutral,,0,71.0
902933,Joke Junction,84.04,Comedy,83.62,Tuesday,Afternoon,50.76,2.0,Positive,,0,90.0
903547,Joke Junction,83.98,Comedy,34.61,Tuesday,Afternoon,70.34,1.0,Negative,,0,23.0
905106,Joke Junction,91.26,Comedy,83.34,Tuesday,Afternoon,98.54,0.0,Positive,,0,59.0
905150,Joke Junction,63.74773333333333,Comedy,93.56,Tuesday,Afternoon,96.66,1.0,Neutral,,0,21.0
908228,Joke Junction,16.98,Comedy,74.63,Tuesday,Afternoon,94.82,1.0,Neutral,,0,3.0
908237,Joke Junction,68.37,Comedy,49.06,Tuesday,Afternoon,68.45,3.0,Negative,,0,22.0
910661,Joke Junction,12.05,Comedy,35.74,Tuesday,Afternoon,0.0,0.0,Negative,,0,65.0
912387,Joke Junction,34.05,Comedy,83.36,Tuesday,Afternoon,69.67,0.0,Positive,,0,63.0
915225,Joke Junction,33.11,Comedy,49.17,Tuesday,Afternoon,75.37,2.0,Neutral,,0,73.0
916442,Joke Junction,66.94,Comedy,30.05,Tuesday,Afternoon,39.91,2.0,Neutral,,0,23.0
916539,Joke Junction,112.32,Comedy,99.01,Tuesday,Afternoon,16.24,3.0,Neutral,,0,97.0
918107,Joke Junction,72.24,Comedy,48.55,Tuesday,Afternoon,47.3,3.0,Positive,,0,54.0
920006,Joke Junction,47.89,Comedy,68.86,Tuesday,Afternoon,10.15,0.0,Negative,,0,100.0
921421,Joke Junction,60.37,Comedy,85.81,Tuesday,Afternoon,0.0,0.0,Negative,,0,27.0
921550,Joke Junction,34.77,Comedy,73.41,Tuesday,Afternoon,32.42,3.0,Positive,,0,58.0
923757,Joke Junction,6.46,Comedy,64.02,Tuesday,Afternoon,45.62,1.0,Neutral,,0,62.0
924983,Joke Junction,92.86,Comedy,22.49,Tuesday,Afternoon,47.06,1.0,Neutral,,0,58.0
927937,Joke Junction,63.74773333333333,Comedy,93.43,Tuesday,Afternoon,0.0,0.0,Negative,,0,18.0
929666,Joke Junction,59.21,Comedy,55.55,Tuesday,Afternoon,97.29,2.0,Negative,,0,88.0
930874,Joke Junction,13.09,Comedy,79.11,Tuesday,Afternoon,99.02,1.0,Positive,,0,97.0
933218,Joke Junction,76.83,Comedy,39.04,Tuesday,Afternoon,90.63,2.0,Positive,,0,19.0
933286,Joke Junction,63.74773333333333,Comedy,26.63,Tuesday,Afternoon,10.54,2.0,Negative,,0,68.0
934203,Joke Junction,51.04,Comedy,49.14,Tuesday,Afternoon,0.0,1.0,Positive,,0,56.0
936394,Joke Junction,21.35,Comedy,73.3,Tuesday,Afternoon,44.77,3.0,Positive,,0,6.0
936986,Joke Junction,111.39,Comedy,45.27,Tuesday,Afternoon,50.02,2.0,Positive,,0,8.0
939277,Joke Junction,117.3,Comedy,34.41,Tuesday,Afternoon,34.36,0.0,Positive,,0,57.0
942385,Joke Junction,105.84,Comedy,49.81,Tuesday,Afternoon,20.07,2.0,Neutral,,0,24.0
945121,Joke Junction,65.15,Comedy,24.83,Tuesday,Afternoon,89.96,0.0,Neutral,,0,25.0
945767,Joke Junction,105.95,Comedy,22.89,Tuesday,Afternoon,48.57,1.0,Positive,,0,27.0
946865,Joke Junction,5.66,Comedy,53.3,Tuesday,Afternoon,4.0,1.0,Positive,,0,56.0
947343,Joke Junction,85.59,Comedy,32.47,Tuesday,Afternoon,59.27,0.0,Positive,,0,90.0
950686,Joke Junction,44.39,Comedy,21.97,Tuesday,Afternoon,0.0,3.0,Negative,,0,21.0
952364,Joke Junction,73.18,Comedy,26.7,Tuesday,Afternoon,74.88,2.0,Neutral,,0,72.0
953350,Joke Junction,16.69,Comedy,95.32,Tuesday,Afternoon,0.0,2.0,Negative,,0,87.0
956682,Joke Junction,100.3,Comedy,72.97,Tuesday,Afternoon,23.57,3.0,Negative,,0,72.0
958274,Joke Junction,103.02,Comedy,90.54,Tuesday,Afternoon,8.24,1.0,Neutral,,0,18.0
964360,Joke Junction,104.57,Comedy,25.83,Tuesday,Afternoon,3.55,1.0,Neutral,,0,95.0
964603,Joke Junction,69.9,Comedy,57.7,Tuesday,Afternoon,21.41,2.0,Negative,,0,42.0
964896,Joke Junction,78.49,Comedy,84.81,Tuesday,Afternoon,0.0,1.0,Positive,,0,40.0
967270,Joke Junction,39.87,Comedy,74.94,Tuesday,Afternoon,80.59,2.0,Negative,,0,89.0
971922,Joke Junction,41.13,Comedy,29.27,Tuesday,Afternoon,77.47,3.0,Negative,,0,2.0
973698,Joke Junction,101.92,Comedy,37.44,Tuesday,Afternoon,90.54,3.0,Positive,,0,66.0
974144,Joke Junction,63.74773333333333,Comedy,77.14,Tuesday,Afternoon,0.0,1.0,Negative,,0,72.0
979175,Joke Junction,39.87,Comedy,80.24,Tuesday,Afternoon,20.24,2.0,Positive,,0,89.0
980475,Joke Junction,26.82,Comedy,30.96,Tuesday,Afternoon,80.09,3.0,Negative,,0,14.0
985863,Joke Junction,60.02,Comedy,30.9,Tuesday,Afternoon,0.0,3.0,Positive,,0,39.0
986347,Joke Junction,65.06,Comedy,87.03,Tuesday,Afternoon,51.17,1.0,Positive,,0,71.0
987031,Joke Junction,73.68,Comedy,39.43,Tuesday,Afternoon,93.39,2.0,Positive,,0,4.0
990225,Joke Junction,76.97,Comedy,34.4,Tuesday,Afternoon,38.2,2.0,Neutral,,0,23.0
990389,Joke Junction,63.74773333333333,Comedy,35.76,Tuesday,Afternoon,70.58,0.0,Negative,,0,70.0
994876,Joke Junction,69.03,Comedy,31.95,Tuesday,Afternoon,96.3,1.0,Positive,,0,92.0
998032,Joke Junction,14.88,Comedy,35.73,Tuesday,Afternoon,28.26,0.0,Positive,,0,33.0
998717,Joke Junction,49.59,Comedy,65.46,Tuesday,Afternoon,79.81,1.0,Neutral,,0,58.0
999660,Joke Junction,19.4,Comedy,78.4,Tuesday,Afternoon,69.12,2.0,Negative,,0,68.0
