id,Podcast_Name,Episode_Length_minutes,Genre,Host_Popularity_percentage,Publication_Day,Publication_Time,Guest_Popularity_percentage,Number_of_Ads,Episode_Sentiment,Listening_Time_minutes,is_train,Episode_Number
3739,Melody Mix,46.62,Music,81.54,Monday,Night,69.71,3.0,Negative,22.57,1,19.0
6141,Melody Mix,75.67,Music,55.84,Monday,Night,0.0,2.0,Negative,52.22978,1,40.0
7987,Melody Mix,91.23,Music,70.99,Monday,Night,65.98,1.0,Neutral,70.7485,1,47.0
8178,Melody Mix,69.73718452023121,Music,63.29,Monday,Night,69.03,1.0,Negative,73.54758,1,13.0
8758,Melody Mix,104.64,Music,20.64,Monday,Night,52.82,3.0,Neutral,66.57,1,48.0
9785,Melody Mix,69.73718452023121,Music,65.74,Monday,Night,0.0,3.0,Neutral,24.45089,1,88.0
10438,Melody Mix,77.62,Music,37.97,Monday,Night,0.0,1.0,Positive,53.81894,1,7.0
10620,Melody Mix,14.58,Music,88.67,Monday,Night,73.08,3.0,Neutral,13.19825,1,65.0
10760,Melody Mix,62.06,Music,55.29,Monday,Night,55.81,1.0,Neutral,55.4782,1,90.0
12376,Melody Mix,101.99,Music,84.54,Monday,Night,15.44,1.0,Positive,76.213,1,55.0
12763,Melody Mix,20.93,Music,82.81,Monday,Night,26.24,3.0,Neutral,11.10771,1,82.0
13842,Melody Mix,118.62,Music,90.09,Monday,Night,90.93,1.0,Negative,87.4986,1,49.0
17042,Melody Mix,42.08,Music,58.44,Monday,Night,34.63,3.0,Positive,24.74961,1,31.0
17665,Melody Mix,106.49,Music,22.4,Monday,Night,87.8,3.0,Neutral,58.88878,1,3.0
18891,Melody Mix,94.39,Music,92.48,Monday,Night,96.11,1.0,Neutral,61.80348,1,46.0
19397,Melody Mix,39.87,Music,63.41,Monday,Night,9.76,0.0,Neutral,37.49457,1,28.0
19524,Melody Mix,47.32,Music,91.56,Monday,Night,81.02,3.0,Neutral,23.9927,1,86.0
23022,Melody Mix,111.12,Music,50.07,Monday,Night,34.94,2.0,Neutral,107.03719,1,57.0
23565,Melody Mix,69.73718452023121,Music,23.22,Monday,Night,90.34,1.0,Negative,8.58171,1,98.0
23979,Melody Mix,64.08,Music,58.83,Monday,Night,3.55,3.0,Positive,47.12894,1,69.0
25539,Melody Mix,97.61,Music,29.06,Monday,Night,0.0,1.0,Neutral,80.7713,1,53.0
27461,Melody Mix,26.32,Music,61.0,Monday,Night,36.93,0.0,Positive,13.62977,1,43.0
27689,Melody Mix,19.35,Music,26.42,Monday,Night,36.59,0.0,Positive,11.3319,1,36.0
28042,Melody Mix,116.65,Music,55.35,Monday,Night,0.0,1.0,Positive,76.05797,1,14.0
29878,Melody Mix,59.91,Music,67.39,Monday,Night,70.58,1.0,Neutral,41.97505,1,34.0
31643,Melody Mix,60.36,Music,64.7,Monday,Night,96.29,3.0,Neutral,43.7435,1,26.0
33411,Melody Mix,117.31,Music,58.77,Monday,Night,32.23,1.0,Positive,60.67281,1,59.0
33693,Melody Mix,62.99,Music,79.0,Monday,Night,41.78,1.0,Negative,35.54943,1,41.0
34625,Melody Mix,69.73718452023121,Music,64.87,Monday,Night,97.95,2.0,Neutral,70.62892,1,58.0
34732,Melody Mix,111.56,Music,68.75,Monday,Night,79.75,1.0,Neutral,56.75254,1,75.0
36084,Melody Mix,93.05,Music,61.3,Monday,Night,75.2,1.0,Positive,64.18237,1,7.0
36484,Melody Mix,69.73718452023121,Music,66.44,Monday,Night,0.0,0.0,Neutral,36.12461,1,20.0
36540,Melody Mix,24.71,Music,88.82,Monday,Night,80.62,0.0,Neutral,23.20025,1,59.0
37630,Melody Mix,42.58,Music,56.88,Monday,Night,60.03,1.0,Positive,22.07283,1,97.0
38646,Melody Mix,68.85,Music,62.81,Monday,Night,81.71,2.0,Neutral,46.89241,1,6.0
39022,Melody Mix,118.06,Music,90.84,Monday,Night,71.05,1.0,Negative,87.4986,1,49.0
39946,Melody Mix,78.56,Music,33.47,Monday,Night,70.98,2.0,Neutral,75.11151,1,7.0
39966,Melody Mix,88.6,Music,87.77,Monday,Night,12.77,3.0,Neutral,76.86195,1,13.0
40188,Melody Mix,41.4,Music,67.41,Monday,Night,90.75,3.0,Neutral,28.68821,1,63.0
41605,Melody Mix,81.11,Music,47.0,Monday,Night,33.72,1.0,Negative,55.40412,1,73.0
42397,Melody Mix,91.72,Music,51.23,Monday,Night,15.7,0.0,Negative,74.57875,1,57.0
42611,Melody Mix,106.52,Music,75.21,Monday,Night,39.07,1.0,Negative,56.90594,1,15.0
44369,Melody Mix,36.97,Music,29.67,Monday,Night,55.85,0.0,Positive,16.58111,1,10.0
44959,Melody Mix,38.08,Music,89.1,Monday,Night,34.07,2.0,Positive,33.85269,1,28.0
45803,Melody Mix,25.46,Music,72.55,Monday,Night,95.18,2.0,Positive,20.92,1,67.0
46523,Melody Mix,92.34,Music,91.0,Monday,Night,17.5,1.0,Positive,75.20194,1,14.0
46924,Melody Mix,33.99,Music,78.62,Monday,Night,27.36,3.0,Negative,14.83612,1,70.0
47606,Melody Mix,107.51,Music,98.96,Monday,Night,0.0,0.0,Neutral,84.36334,1,80.0
48939,Melody Mix,117.61,Music,24.72,Monday,Night,0.0,3.0,Positive,65.47608,1,30.0
49886,Melody Mix,54.19,Music,85.61,Monday,Night,93.51,0.0,Neutral,23.72982,1,82.0
51253,Melody Mix,75.96,Music,38.92,Monday,Night,62.61,3.0,Neutral,42.62324,1,43.0
51434,Melody Mix,49.88,Music,91.54,Monday,Night,91.18,2.0,Negative,28.55876,1,75.0
52021,Melody Mix,31.05,Music,40.33,Monday,Night,36.33,3.0,Positive,27.37086,1,45.0
53028,Melody Mix,50.47,Music,46.36,Monday,Night,0.0,1.0,Negative,34.095,1,32.0
54405,Melody Mix,52.44,Music,81.73,Monday,Night,33.25,2.0,Neutral,37.3667,1,76.0
56083,Melody Mix,96.22,Music,26.97,Monday,Night,64.96,3.0,Positive,65.95252,1,56.0
56295,Melody Mix,29.67,Music,47.21,Monday,Night,71.79,1.0,Neutral,19.83703,1,69.0
57766,Melody Mix,82.99,Music,37.4,Monday,Night,0.0,1.0,Negative,46.72982,1,17.0
57943,Melody Mix,17.16,Music,52.72,Monday,Night,84.96,3.0,Neutral,0.8862,1,56.0
58918,Melody Mix,100.63,Music,31.86,Monday,Night,75.06,2.0,Positive,91.30405,1,26.0
59438,Melody Mix,69.73718452023121,Music,78.06,Monday,Night,84.15,2.0,Negative,5.50877,1,85.0
59551,Melody Mix,48.22,Music,28.89,Monday,Night,0.0,1.0,Negative,36.00318,1,79.0
60113,Melody Mix,63.91,Music,68.3,Monday,Night,87.45,2.0,Neutral,52.64684,1,19.0
60839,Melody Mix,94.96,Music,76.25,Monday,Night,71.38,1.0,Positive,94.96923,1,90.0
61639,Melody Mix,53.01,Music,34.42,Monday,Night,65.09,1.0,Negative,43.08677,1,35.0
66057,Melody Mix,100.52,Music,87.48,Monday,Night,16.93,1.0,Negative,86.96523,1,11.0
66695,Melody Mix,82.92,Music,28.03,Monday,Night,13.91,2.0,Neutral,40.09785,1,66.0
66853,Melody Mix,101.29,Music,49.13,Monday,Night,21.5,0.0,Neutral,87.21717,1,54.0
67251,Melody Mix,69.73718452023121,Music,50.42,Monday,Night,91.55,0.0,Negative,63.09274,1,24.0
67911,Melody Mix,31.06,Music,40.33,Monday,Night,36.29,0.0,Positive,27.37086,1,83.0
70549,Melody Mix,30.65,Music,34.68,Monday,Night,37.36,2.0,Positive,27.35995,1,36.0
71058,Melody Mix,84.65,Music,96.58,Monday,Night,62.78,1.0,Negative,76.78874,1,26.0
71729,Melody Mix,42.24,Music,98.98,Monday,Night,42.26,3.0,Neutral,37.39195,1,10.0
71862,Melody Mix,17.89,Music,37.56,Monday,Night,97.45,1.0,Positive,8.32224,1,60.0
73090,Melody Mix,23.74,Music,53.05,Monday,Night,0.0,1.0,Negative,8.88242,1,30.0
73813,Melody Mix,89.45,Music,59.01,Monday,Night,55.33,2.0,Negative,52.01285,1,43.0
74054,Melody Mix,75.55,Music,86.0,Monday,Night,0.0,0.0,Positive,55.63186,1,62.0
74205,Melody Mix,5.8,Music,82.9,Monday,Night,28.12,0.0,Positive,1.15174,1,28.0
77818,Melody Mix,115.92,Music,50.21,Monday,Night,34.05,0.0,Neutral,69.91817,1,53.0
79470,Melody Mix,111.77,Music,20.81,Monday,Night,49.2,0.0,Neutral,94.789,1,42.0
81372,Melody Mix,56.82,Music,68.36,Monday,Night,6.28,0.0,Positive,37.16233,1,36.0
81506,Melody Mix,69.73718452023121,Music,87.1,Monday,Night,44.63,0.0,Positive,55.7455,1,5.0
82486,Melody Mix,9.61,Music,38.49,Monday,Night,81.03,2.0,Positive,6.78091,1,7.0
83528,Melody Mix,43.06,Music,72.18,Monday,Night,53.35,1.0,Neutral,32.06646,1,30.0
83887,Melody Mix,37.69,Music,41.21,Monday,Night,21.51,0.0,Neutral,19.94644,1,84.0
84046,Melody Mix,35.73,Music,90.35,Monday,Night,48.7,3.0,Positive,17.89,1,63.0
85317,Melody Mix,69.73718452023121,Music,24.97,Monday,Night,98.14,0.0,Neutral,51.29393,1,51.0
89373,Melody Mix,116.85,Music,55.07,Monday,Night,0.0,1.0,Positive,76.05797,1,14.0
93600,Melody Mix,112.65,Music,68.24,Monday,Night,0.0,3.0,Positive,56.78444,1,43.0
94562,Melody Mix,47.14,Music,80.71,Monday,Night,63.44,2.0,Negative,44.45824,1,65.0
97452,Melody Mix,78.86,Music,98.82,Monday,Night,10.15,0.0,Negative,46.92621,1,32.0
97458,Melody Mix,69.73718452023121,Music,87.1,Monday,Night,44.48,0.0,Positive,55.7455,1,5.0
98800,Melody Mix,97.42,Music,41.18,Monday,Night,45.52,0.0,Negative,95.69759,1,85.0
99997,Melody Mix,83.64,Music,47.26,Monday,Night,95.29,3.0,Positive,60.44349,1,71.0
102518,Melody Mix,101.92,Music,44.18,Monday,Night,0.0,2.0,Positive,77.11277,1,9.0
102536,Melody Mix,47.02,Music,61.19,Monday,Night,56.89,3.0,Neutral,24.49808,1,93.0
103636,Melody Mix,102.64,Music,55.75,Monday,Night,0.0,1.0,Positive,54.75964,1,26.0
104015,Melody Mix,20.18,Music,72.18,Monday,Night,0.0,2.0,Positive,6.05118,1,34.0
105518,Melody Mix,113.18,Music,56.34,Monday,Night,92.21,2.0,Negative,96.7927,1,27.0
107795,Melody Mix,110.12,Music,39.78,Monday,Night,65.82,3.0,Neutral,70.14675,1,36.0
108695,Melody Mix,97.42,Music,41.18,Monday,Night,45.42,0.0,Positive,95.69759,1,67.0
109294,Melody Mix,48.99,Music,68.73,Monday,Night,58.65,0.0,Positive,19.73988,1,66.0
110937,Melody Mix,96.01,Music,54.49,Monday,Night,41.95,0.0,Positive,75.24174,1,84.0
111088,Melody Mix,90.71,Music,94.76,Monday,Night,43.38,2.0,Negative,63.10596,1,28.0
111135,Melody Mix,69.73718452023121,Music,59.8,Monday,Night,58.95,2.0,Positive,37.16001,1,63.0
113497,Melody Mix,62.97,Music,30.19,Monday,Night,45.36,3.0,Neutral,57.14675,1,35.0
113990,Melody Mix,33.1,Music,34.98,Monday,Night,0.0,0.0,Neutral,12.15336,1,90.0
115423,Melody Mix,33.47,Music,79.57,Monday,Night,0.0,0.0,Neutral,12.74759,1,17.0
116200,Melody Mix,30.33,Music,88.72,Monday,Night,76.29,0.0,Neutral,15.97604,1,61.0
116890,Melody Mix,46.41,Music,26.63,Monday,Night,25.56,2.0,Positive,22.50236,1,47.0
117074,Melody Mix,103.91,Music,65.07,Monday,Night,94.25,2.0,Neutral,101.23245,1,95.0
117224,Melody Mix,34.17,Music,31.28,Monday,Night,11.29,1.0,Neutral,33.33099,1,48.0
117275,Melody Mix,98.04,Music,71.99,Monday,Night,0.0,0.0,Negative,81.9873,1,71.0
118048,Melody Mix,94.77,Music,93.35,Monday,Night,33.63,2.0,Neutral,52.82681,1,58.0
119246,Melody Mix,63.98,Music,58.9,Monday,Night,47.63,2.0,Negative,50.44732,1,62.0
119420,Melody Mix,30.97,Music,78.6,Monday,Night,11.33,1.0,Neutral,30.97,1,16.0
119579,Melody Mix,59.92,Music,26.07,Monday,Night,35.54,3.0,Neutral,48.1705,1,16.0
120075,Melody Mix,68.95,Music,27.52,Monday,Night,99.83,2.0,Neutral,39.34707,1,60.0
120920,Melody Mix,33.23,Music,85.33,Monday,Night,27.37,2.0,Positive,31.55911,1,30.0
121090,Melody Mix,69.73718452023121,Music,75.18,Monday,Night,53.37,1.0,Positive,72.74852,1,55.0
123553,Melody Mix,54.49,Music,91.69,Monday,Night,84.23,3.0,Negative,22.71954,1,87.0
126384,Melody Mix,78.15,Music,63.26,Monday,Night,45.1,0.0,Negative,66.32733,1,15.0
129139,Melody Mix,48.26,Music,42.77,Monday,Night,26.82,1.0,Neutral,22.1853,1,29.0
129263,Melody Mix,31.85,Music,58.25,Monday,Night,60.68,0.0,Neutral,23.2002,1,10.0
129482,Melody Mix,36.05,Music,53.64,Monday,Night,33.67,2.0,Neutral,28.18207,1,9.0
129499,Melody Mix,70.13,Music,59.4,Monday,Night,0.0,3.0,Positive,55.46,1,32.0
131071,Melody Mix,116.61,Music,34.93,Monday,Night,0.0,3.0,Neutral,88.01241,1,71.0
134036,Melody Mix,24.16,Music,84.11,Monday,Night,1.81,3.0,Positive,18.66595,1,12.0
134518,Melody Mix,111.43,Music,72.88,Monday,Night,62.61,2.0,Positive,111.30809,1,23.0
135369,Melody Mix,69.73718452023121,Music,50.28,Monday,Night,35.57,1.0,Neutral,44.14462,1,78.0
135629,Melody Mix,90.15,Music,40.57,Monday,Night,0.0,1.0,Positive,69.03493,1,11.0
135789,Melody Mix,17.44,Music,91.56,Monday,Night,97.66,0.0,Positive,8.32224,1,60.0
135828,Melody Mix,42.04,Music,66.61,Monday,Night,45.14,3.0,Positive,18.57,1,34.0
135916,Melody Mix,16.0,Music,29.05,Monday,Night,61.09,0.0,Neutral,9.18698,1,65.0
136542,Melody Mix,69.73718452023121,Music,58.18,Monday,Night,9.71,0.0,Neutral,67.2757,1,9.0
139848,Melody Mix,19.03,Music,79.34,Monday,Night,81.25,0.0,Positive,16.95059,1,50.0
141004,Melody Mix,90.81,Music,86.96,Monday,Night,43.52,2.0,Positive,63.33593,1,8.0
141182,Melody Mix,31.7,Music,82.07,Monday,Night,83.03,2.0,Negative,22.22276,1,58.0
141205,Melody Mix,41.31,Music,92.52,Monday,Night,67.03,0.0,Positive,33.36159,1,23.0
144292,Melody Mix,90.16,Music,74.63,Monday,Night,56.4,1.0,Neutral,80.26066,1,35.0
144397,Melody Mix,27.14,Music,30.03,Monday,Night,26.45,3.0,Negative,6.3867,1,51.0
144834,Melody Mix,96.81,Music,33.35,Monday,Night,26.26,2.0,Positive,75.70231,1,88.0
147760,Melody Mix,5.69,Music,31.36,Monday,Night,0.0,1.0,Positive,0.55573,1,31.0
149904,Melody Mix,17.63,Music,34.97,Monday,Night,14.23,2.0,Positive,6.15112,1,94.0
150433,Melody Mix,45.82,Music,28.74,Monday,Night,97.94,2.0,Negative,22.22276,1,58.0
152129,Melody Mix,32.31,Music,72.02,Monday,Night,0.0,0.0,Positive,14.47809,1,85.0
154850,Melody Mix,62.73,Music,43.37,Monday,Night,30.44,3.0,Neutral,57.14675,1,35.0
155111,Melody Mix,24.22,Music,73.52,Monday,Night,0.0,2.0,Positive,20.05551,1,83.0
155368,Melody Mix,106.06,Music,67.12,Monday,Night,0.0,3.0,Neutral,86.52608,1,72.0
156953,Melody Mix,88.36,Music,42.37,Monday,Night,0.0,1.0,Neutral,65.92056,1,51.0
159570,Melody Mix,14.04,Music,29.72,Monday,Night,29.35,0.0,Neutral,11.06028,1,9.0
160372,Melody Mix,82.28,Music,55.28,Monday,Night,97.67,0.0,Neutral,64.53889,1,90.0
161004,Melody Mix,32.87,Music,55.71,Monday,Night,79.69,1.0,Positive,28.69974,1,69.0
161202,Melody Mix,11.32,Music,36.39,Monday,Night,69.89,2.0,Neutral,3.39051,1,88.0
162471,Melody Mix,69.73718452023121,Music,89.89,Monday,Night,0.0,2.0,Neutral,51.35361,1,49.0
163063,Melody Mix,69.73718452023121,Music,31.89,Monday,Night,88.87,1.0,Neutral,57.89377,1,28.0
164599,Melody Mix,117.3,Music,52.98,Monday,Night,12.05,3.0,Positive,64.87575,1,75.0
164845,Melody Mix,103.13,Music,83.84,Monday,Night,0.0,0.0,Positive,91.78157,1,47.0
165440,Melody Mix,116.84,Music,97.7,Monday,Night,95.58,0.0,Positive,94.92977,1,19.0
165655,Melody Mix,26.93,Music,43.49,Monday,Night,27.46,3.0,Neutral,16.47334,1,34.0
166418,Melody Mix,66.04,Music,35.2,Monday,Night,3.29,2.0,Neutral,40.61531,1,38.0
166539,Melody Mix,24.17,Music,67.48,Monday,Night,12.34,0.0,Neutral,10.72976,1,55.0
167093,Melody Mix,49.99,Music,65.43,Monday,Night,60.16,3.0,Neutral,18.72924,1,97.0
168765,Melody Mix,87.85,Music,60.86,Monday,Night,0.0,1.0,Neutral,71.28322,1,25.0
169457,Melody Mix,69.73718452023121,Music,38.57,Monday,Night,0.0,1.0,Neutral,60.10418,1,1.0
170107,Melody Mix,33.2,Music,27.81,Monday,Night,29.23,0.0,Positive,24.6966,1,80.0
172123,Melody Mix,100.88,Music,73.78,Monday,Night,36.88,2.0,Neutral,46.94502,1,42.0
173192,Melody Mix,105.14,Music,67.82,Monday,Night,0.0,2.0,Neutral,51.66119,1,100.0
174244,Melody Mix,58.4,Music,55.77,Monday,Night,13.51,0.0,Neutral,36.85094,1,97.0
174823,Melody Mix,91.32,Music,65.85,Monday,Night,15.82,0.0,Positive,68.75633,1,12.0
175075,Melody Mix,86.11,Music,49.79,Monday,Night,17.05,1.0,Neutral,65.58557,1,96.0
175656,Melody Mix,66.75,Music,71.61,Monday,Night,93.71,3.0,Neutral,45.82802,1,72.0
175674,Melody Mix,92.14,Music,38.98,Monday,Night,0.0,3.0,Negative,73.49005,1,70.0
176084,Melody Mix,71.63,Music,82.41,Monday,Night,42.76,1.0,Negative,70.03696,1,25.0
176456,Melody Mix,62.73,Music,91.2,Monday,Night,0.0,0.0,Neutral,43.99061,1,81.0
179446,Melody Mix,90.93,Music,39.65,Monday,Night,89.69,2.0,Positive,63.69091,1,84.0
179759,Melody Mix,62.72,Music,79.0,Monday,Night,41.78,1.0,Negative,35.54943,1,41.0
180281,Melody Mix,105.76,Music,99.76,Monday,Night,71.24,1.0,Positive,69.49241,1,83.0
180923,Melody Mix,30.04,Music,30.4,Monday,Night,68.91,3.0,Positive,23.84,1,16.0
181146,Melody Mix,31.94,Music,42.44,Monday,Night,42.44,1.0,Negative,25.1635,1,47.0
182453,Melody Mix,107.93,Music,58.03,Monday,Night,8.95,2.0,Negative,56.18325,1,61.0
185418,Melody Mix,64.6,Music,45.53,Monday,Night,7.53,2.0,Neutral,44.88634,1,87.0
185732,Melody Mix,44.65,Music,68.23,Monday,Night,0.0,2.0,Neutral,22.92,1,71.0
190712,Melody Mix,31.17,Music,40.73,Monday,Night,7.7,0.0,Positive,26.96464,1,64.0
191436,Melody Mix,106.99,Music,51.85,Monday,Night,85.88,3.0,Neutral,86.08657,1,59.0
194538,Melody Mix,114.76,Music,70.67,Monday,Night,23.83,3.0,Positive,105.12,1,49.0
194554,Melody Mix,22.37,Music,70.95,Monday,Night,87.01,1.0,Positive,10.93772,1,80.0
196515,Melody Mix,52.89,Music,51.31,Monday,Night,6.97,1.0,Positive,28.00073,1,33.0
197417,Melody Mix,82.09,Music,77.56,Monday,Night,88.7,1.0,Negative,45.94732,1,86.0
198364,Melody Mix,86.16,Music,39.02,Monday,Night,0.0,1.0,Neutral,63.01551,1,73.0
198662,Melody Mix,81.53,Music,58.83,Monday,Night,3.55,1.0,Positive,47.12894,1,70.0
199379,Melody Mix,69.73718452023121,Music,26.52,Monday,Night,0.0,1.0,Neutral,33.30243,1,77.0
201403,Melody Mix,95.5,Music,87.73,Monday,Night,75.99,1.0,Positive,89.30442,1,4.0
203646,Melody Mix,107.18,Music,63.44,Monday,Night,54.98,0.0,Neutral,49.16,1,73.0
204436,Melody Mix,18.82,Music,71.47,Monday,Night,84.82,1.0,Negative,14.89001,1,35.0
205836,Melody Mix,69.73718452023121,Music,28.18,Monday,Night,90.16,1.0,Positive,22.71376,1,16.0
208604,Melody Mix,16.29,Music,47.11,Monday,Night,0.46,3.0,Negative,13.95239,1,11.0
209134,Melody Mix,69.73718452023121,Music,50.72,Monday,Night,28.22,1.0,Positive,40.13843,1,28.0
209143,Melody Mix,103.21,Music,41.72,Monday,Night,31.05,1.0,Neutral,65.90846,1,83.0
209469,Melody Mix,85.83,Music,58.48,Monday,Night,23.42,3.0,Neutral,63.13713,1,23.0
209586,Melody Mix,16.46,Music,33.33,Monday,Night,75.0,2.0,Negative,12.51708,1,78.0
219940,Melody Mix,32.35,Music,73.33,Monday,Night,5.25,3.0,Negative,18.0783,1,31.0
220491,Melody Mix,69.73718452023121,Music,69.38,Monday,Night,33.87,1.0,Positive,64.74402,1,84.0
221511,Melody Mix,85.86,Music,96.7,Monday,Night,62.38,1.0,Negative,76.78874,1,24.0
223009,Melody Mix,59.82,Music,58.79,Monday,Night,0.0,0.0,Negative,43.07381,1,8.0
223425,Melody Mix,69.3,Music,60.87,Monday,Night,0.0,2.0,Positive,58.78313,1,58.0
223673,Melody Mix,45.22,Music,21.97,Monday,Night,28.43,3.0,Positive,26.26141,1,93.0
224379,Melody Mix,102.67,Music,94.23,Monday,Night,46.19,2.0,Positive,75.82651,1,58.0
225170,Melody Mix,8.0,Music,91.55,Monday,Night,70.48,2.0,Positive,3.98862,1,79.0
225263,Melody Mix,106.66,Music,34.4,Monday,Night,67.24,3.0,Neutral,47.69267,1,96.0
226051,Melody Mix,50.52,Music,28.79,Monday,Night,22.52,2.0,Neutral,23.43,1,97.0
226839,Melody Mix,75.61,Music,29.97,Monday,Night,14.01,0.0,Neutral,61.62757,1,45.0
227616,Melody Mix,109.06,Music,29.42,Monday,Night,31.29,0.0,Positive,56.34086,1,7.0
228612,Melody Mix,46.03,Music,30.52,Monday,Night,36.18,1.0,Neutral,33.41502,1,75.0
229233,Melody Mix,62.56,Music,50.04,Monday,Night,80.02,3.0,Positive,42.33266,1,53.0
232201,Melody Mix,23.3,Music,97.15,Monday,Night,57.64,1.0,Positive,19.31329,1,81.0
233435,Melody Mix,87.04,Music,72.52,Monday,Night,72.09,0.0,Negative,66.58634,1,32.0
236853,Melody Mix,69.73718452023121,Music,91.42,Monday,Night,29.41,1.0,Positive,102.3,1,57.0
237011,Melody Mix,114.91,Music,35.72,Monday,Night,16.45,3.0,Positive,82.30258,1,3.0
237450,Melody Mix,37.61,Music,28.72,Monday,Night,89.95,1.0,Positive,34.40773,1,63.0
239060,Melody Mix,30.08,Music,27.15,Monday,Night,63.64,2.0,Neutral,14.84,1,31.0
239402,Melody Mix,26.06,Music,97.39,Monday,Night,21.42,0.0,Positive,9.69155,1,15.0
239695,Melody Mix,31.72,Music,67.54,Monday,Night,80.74,0.0,Neutral,23.20025,1,73.0
240531,Melody Mix,20.56,Music,95.77,Monday,Night,0.0,2.0,Neutral,8.46235,1,75.0
240670,Melody Mix,105.39,Music,91.56,Monday,Night,33.19,0.0,Positive,96.81151,1,79.0
241312,Melody Mix,118.05,Music,34.03,Monday,Night,0.0,3.0,Positive,67.55387,1,23.0
243061,Melody Mix,55.05,Music,63.05,Monday,Night,50.72,3.0,Neutral,39.90274,1,6.0
246404,Melody Mix,17.73,Music,91.56,Monday,Night,97.66,1.0,Negative,8.32224,1,60.0
247259,Melody Mix,31.49,Music,58.34,Monday,Night,0.0,0.0,Neutral,23.2002,1,10.0
249939,Melody Mix,112.48,Music,57.37,Monday,Night,2.37,1.0,Positive,64.09469,1,43.0
250839,Melody Mix,98.67,Music,80.16,Monday,Night,78.37,3.0,Neutral,84.61539,1,87.0
251794,Melody Mix,107.86,Music,35.59,Monday,Night,0.0,2.0,Positive,60.20343,1,37.0
252272,Melody Mix,104.86,Music,33.49,Monday,Night,0.0,3.0,Positive,57.94521,1,56.0
253466,Melody Mix,114.33,Music,26.38,Monday,Night,0.0,1.0,Negative,81.6015,1,2.0
253495,Melody Mix,78.58,Music,58.02,Monday,Night,11.37,3.0,Neutral,49.81854,1,96.0
255121,Melody Mix,78.18,Music,50.88,Monday,Night,83.11,3.0,Neutral,46.58561,1,90.0
255322,Melody Mix,19.23,Music,43.02,Monday,Night,19.52,2.0,Neutral,11.98671,1,49.0
256438,Melody Mix,20.47,Music,34.44,Monday,Night,3.6,0.0,Neutral,12.59516,1,23.0
257872,Melody Mix,103.22,Music,32.97,Monday,Night,46.2,2.0,Neutral,46.01961,1,32.0
258004,Melody Mix,35.18,Music,56.88,Monday,Night,60.03,1.0,Positive,22.07283,1,63.0
259418,Melody Mix,69.73718452023121,Music,61.98,Monday,Night,40.92,2.0,Positive,97.47198,1,40.0
259923,Melody Mix,9.73,Music,37.56,Monday,Night,97.66,1.0,Negative,8.32224,1,60.0
260859,Melody Mix,66.72,Music,86.94,Monday,Night,93.86,3.0,Neutral,44.45,1,66.0
264213,Melody Mix,88.75,Music,78.8,Monday,Night,47.13,2.0,Neutral,62.03449,1,30.0
264240,Melody Mix,55.48,Music,79.72,Monday,Night,0.0,0.0,Neutral,31.39754,1,55.0
265594,Melody Mix,65.03,Music,84.23,Monday,Night,54.59,0.0,Positive,63.33089,1,38.0
266214,Melody Mix,107.16,Music,71.4,Monday,Night,1.22,2.0,Neutral,97.77993,1,70.0
266345,Melody Mix,26.71,Music,75.57,Monday,Night,54.45,3.0,Negative,17.61548,1,69.0
267386,Melody Mix,54.83,Music,56.87,Monday,Night,15.0,0.0,Neutral,46.5867,1,44.0
268519,Melody Mix,115.9,Music,73.43,Monday,Night,1.3,2.0,Negative,51.85902,1,31.0
268582,Melody Mix,25.65,Music,38.74,Monday,Night,39.42,2.0,Neutral,10.32691,1,26.0
268592,Melody Mix,94.22,Music,29.8,Monday,Night,80.49,1.0,Positive,77.28,1,84.0
269963,Melody Mix,28.58,Music,32.65,Monday,Night,22.03,1.0,Negative,22.9882,1,55.0
270331,Melody Mix,29.27,Music,88.11,Monday,Night,15.81,0.0,Positive,14.68513,1,48.0
271661,Melody Mix,40.16,Music,35.65,Monday,Night,81.71,3.0,Negative,27.27757,1,68.0
272113,Melody Mix,102.85,Music,59.9,Monday,Night,44.84,0.0,Neutral,83.72654,1,14.0
273241,Melody Mix,43.11,Music,59.11,Monday,Night,51.01,0.0,Neutral,28.86809,1,57.0
274072,Melody Mix,48.8,Music,99.15,Monday,Night,58.4,3.0,Neutral,20.84411,1,29.0
274522,Melody Mix,21.43,Music,28.1,Monday,Night,96.94,2.0,Positive,5.35967,1,75.0
275398,Melody Mix,58.19,Music,42.87,Monday,Night,41.48,2.0,Negative,35.03452,1,84.0
275550,Melody Mix,97.42,Music,41.18,Monday,Night,36.35,0.0,Negative,95.69759,1,85.0
278108,Melody Mix,29.38,Music,50.84,Monday,Night,0.0,3.0,Positive,10.29312,1,68.0
281918,Melody Mix,45.09,Music,71.58,Monday,Night,95.13,1.0,Negative,26.19199,1,13.0
282547,Melody Mix,11.43,Music,82.76,Monday,Night,52.19,2.0,Neutral,11.03262,1,55.0
284593,Melody Mix,112.49,Music,53.29,Monday,Night,0.0,3.0,Negative,65.74406,1,53.0
286623,Melody Mix,70.96,Music,20.49,Monday,Night,95.22,2.0,Neutral,70.51349,1,83.0
288798,Melody Mix,99.83,Music,62.57,Monday,Night,0.0,0.0,Positive,70.20785,1,8.0
288910,Melody Mix,111.8,Music,33.44,Monday,Night,0.0,3.0,Positive,67.90013,1,9.0
290021,Melody Mix,114.0,Music,72.29,Monday,Night,79.72,0.0,Positive,80.59138,1,74.0
292251,Melody Mix,34.15,Music,98.71,Monday,Night,38.65,2.0,Neutral,15.08051,1,36.0
292615,Melody Mix,61.2,Music,80.23,Monday,Night,65.76,3.0,Neutral,45.10423,1,25.0
293216,Melody Mix,117.37,Music,63.88,Monday,Night,85.72,1.0,Neutral,71.7518,1,80.0
293964,Melody Mix,64.98,Music,98.83,Monday,Night,28.69,2.0,Negative,40.88662,1,94.0
294229,Melody Mix,16.4319,Music,53.22,Monday,Night,27.62,2.0,Positive,14.57801,1,65.0
295667,Melody Mix,119.54,Music,34.57,Monday,Night,0.0,0.0,Neutral,79.63858,1,53.0
295690,Melody Mix,36.77,Music,36.78,Monday,Night,0.0,2.0,Positive,20.51118,1,63.0
295931,Melody Mix,69.73718452023121,Music,70.94,Monday,Night,54.66,3.0,Neutral,7.08265,1,11.0
297889,Melody Mix,57.17,Music,55.48,Monday,Night,0.0,0.0,Positive,47.47667,1,27.0
298818,Melody Mix,73.31,Music,81.1,Monday,Night,69.31,1.0,Neutral,54.53703,1,100.0
301216,Melody Mix,11.43,Music,56.05,Monday,Night,36.13,1.0,Negative,6.75672,1,6.0
301752,Melody Mix,108.27,Music,70.01,Monday,Night,61.74,2.0,Neutral,96.46005,1,35.0
302332,Melody Mix,88.36,Music,31.46,Monday,Night,0.0,1.0,Neutral,65.92056,1,38.0
302448,Melody Mix,107.73,Music,22.1,Monday,Night,99.27,1.0,Neutral,110.9515,1,33.0
302481,Melody Mix,106.83,Music,57.12,Monday,Night,79.02,2.0,Negative,71.05615,1,63.0
303713,Melody Mix,69.73718452023121,Music,43.23,Monday,Night,81.02,3.0,Positive,21.05464,1,20.0
303778,Melody Mix,81.71,Music,42.11,Monday,Night,9.2,1.0,Positive,52.01842,1,43.0
304026,Melody Mix,52.07,Music,99.34,Monday,Night,86.05,3.0,Positive,46.46845,1,31.0
304856,Melody Mix,79.02,Music,44.41,Monday,Night,65.52,2.0,Positive,49.04788,1,59.0
305754,Melody Mix,42.17,Music,31.78,Monday,Night,56.4,0.0,Positive,34.17968,1,43.0
308211,Melody Mix,78.86,Music,34.87,Monday,Night,85.63,3.0,Positive,28.57251,1,75.0
309152,Melody Mix,60.12,Music,53.53,Monday,Night,79.95,0.0,Neutral,36.90484,1,61.0
310641,Melody Mix,95.46,Music,97.73,Monday,Night,0.0,2.0,Neutral,77.58396,1,71.0
311744,Melody Mix,9.03,Music,97.59,Monday,Night,88.73,1.0,Positive,8.32224,1,60.0
313413,Melody Mix,111.85,Music,27.6,Monday,Night,49.06,1.0,Positive,87.57295,1,11.0
317017,Melody Mix,96.22,Music,81.33,Monday,Night,93.71,2.0,Positive,50.23593,1,71.0
317954,Melody Mix,102.59,Music,65.3,Monday,Night,32.33,2.0,Neutral,47.21547,1,43.0
318581,Melody Mix,100.2,Music,40.0,Monday,Night,0.0,0.0,Negative,72.04176,1,34.0
320686,Melody Mix,117.05,Music,88.72,Monday,Night,0.0,2.0,Neutral,100.23698,1,78.0
320755,Melody Mix,28.69,Music,38.74,Monday,Night,62.32,3.0,Negative,19.04,1,72.0
322062,Melody Mix,68.44,Music,99.99,Monday,Night,34.87,0.0,Negative,43.6937,1,48.0
323010,Melody Mix,109.72,Music,41.72,Monday,Night,82.72,1.0,Positive,69.4631,1,31.0
323208,Melody Mix,69.73718452023121,Music,91.05,Monday,Night,0.0,2.0,Positive,57.18585,1,19.0
323958,Melody Mix,29.33,Music,73.33,Monday,Night,8.03,1.0,Negative,18.0783,1,31.0
324248,Melody Mix,102.02,Music,73.84,Monday,Night,83.54,0.0,Positive,51.92231,1,55.0
324581,Melody Mix,64.71,Music,84.92,Monday,Night,54.02,0.0,Neutral,45.66393,1,50.0
325099,Melody Mix,57.06,Music,99.51,Monday,Night,38.85,0.0,Neutral,41.33633,1,68.0
326922,Melody Mix,88.34,Music,55.79,Monday,Night,34.94,0.0,Negative,53.18579,1,43.0
329415,Melody Mix,39.74,Music,63.93,Monday,Night,7.3,0.0,Negative,37.49457,1,78.0
330398,Melody Mix,69.73718452023121,Music,45.64,Monday,Night,60.33,0.0,Negative,32.71274,1,71.0
330428,Melody Mix,117.48,Music,78.41,Monday,Night,75.86,1.0,Neutral,96.99494,1,28.0
330461,Melody Mix,87.44,Music,69.27,Monday,Night,64.48,0.0,Negative,82.97197,1,4.0
332063,Melody Mix,109.34,Music,45.21,Monday,Night,2.34,2.0,Positive,88.81322,1,61.0
332571,Melody Mix,97.79,Music,73.73,Monday,Night,63.39,1.0,Negative,85.05,1,64.0
333767,Melody Mix,116.12,Music,32.7,Monday,Night,0.0,3.0,Positive,98.85286,1,32.0
333957,Melody Mix,69.73718452023121,Music,95.12,Monday,Night,69.86,0.0,Negative,29.08076,1,24.0
334073,Melody Mix,116.43,Music,27.11,Monday,Night,99.59,2.0,Negative,73.26339,1,82.0
334397,Melody Mix,12.27,Music,66.65,Monday,Night,26.65,3.0,Positive,7.81,1,63.0
336442,Melody Mix,50.92,Music,71.76,Monday,Night,59.75,3.0,Negative,37.65117,1,80.0
336876,Melody Mix,10.97,Music,67.52,Monday,Night,2.44,1.0,Positive,6.10413,1,39.0
338096,Melody Mix,97.84,Music,96.28,Monday,Night,82.92,1.0,Neutral,85.01927,1,57.0
338299,Melody Mix,59.15,Music,46.39,Monday,Night,53.76,1.0,Neutral,39.81278,1,49.0
338479,Melody Mix,77.49,Music,33.08,Monday,Night,0.0,0.0,Positive,51.02007,1,74.0
339422,Melody Mix,24.34,Music,89.62,Monday,Night,67.67,0.0,Neutral,14.14063,1,29.0
340268,Melody Mix,32.24,Music,29.45,Monday,Night,24.1,3.0,Positive,16.8638,1,87.0
340935,Melody Mix,57.06,Music,83.69,Monday,Night,76.59,1.0,Negative,48.99194,1,58.0
341734,Melody Mix,69.73718452023121,Music,68.63,Monday,Night,0.0,1.0,Positive,55.78513,1,59.0
343074,Melody Mix,86.41,Music,95.46,Monday,Night,82.53,0.0,Negative,68.90429,1,71.0
344060,Melody Mix,97.1,Music,67.0,Monday,Night,53.4,1.0,Positive,54.32311,1,100.0
345557,Melody Mix,69.73718452023121,Music,41.69,Monday,Night,9.74,1.0,Neutral,44.1919,1,88.0
350276,Melody Mix,9.74,Music,22.81,Monday,Night,18.9,0.0,Negative,0.28689,1,92.0
350329,Melody Mix,86.02,Music,65.17,Monday,Night,2.55,1.0,Positive,47.12894,1,69.0
350704,Melody Mix,115.81,Music,66.87,Monday,Night,61.12,3.0,Neutral,94.09705,1,61.0
352043,Melody Mix,101.89,Music,54.67,Monday,Night,0.0,3.0,Neutral,65.47608,1,29.0
353733,Melody Mix,59.2,Music,35.83,Monday,Night,94.49,0.0,Neutral,40.33394,1,16.0
353826,Melody Mix,64.51,Music,65.87,Monday,Night,84.85,3.0,Neutral,49.13251,1,5.0
354986,Melody Mix,95.23,Music,89.48,Monday,Night,65.1,0.0,Positive,89.77493,1,38.0
355149,Melody Mix,28.27,Music,41.3,Monday,Night,49.21,3.0,Neutral,17.55773,1,19.0
359481,Melody Mix,29.71,Music,88.98,Monday,Night,0.0,3.0,Neutral,13.13,1,27.0
360351,Melody Mix,119.31,Music,91.31,Monday,Night,68.86,0.0,Negative,93.8033,1,7.0
361158,Melody Mix,44.81,Music,26.63,Monday,Night,32.63,2.0,Positive,22.50236,1,79.0
363552,Melody Mix,61.77,Music,81.53,Monday,Night,83.56,0.0,Neutral,28.94392,1,65.0
363792,Melody Mix,69.73718452023121,Music,64.92,Monday,Night,81.72,0.0,Positive,68.03006,1,48.0
363856,Melody Mix,88.36,Music,70.54,Monday,Night,0.0,3.0,Negative,52.18543,1,48.0
365771,Melody Mix,93.54,Music,20.44,Monday,Night,7.2,2.0,Neutral,66.93579,1,100.0
367150,Melody Mix,69.73718452023121,Music,49.63,Monday,Night,0.0,0.0,Negative,33.12128,1,27.0
367268,Melody Mix,51.31,Music,56.79,Monday,Night,95.47,2.0,Negative,38.12117,1,44.0
369612,Melody Mix,69.73718452023121,Music,43.49,Monday,Night,10.13,2.0,Neutral,69.00148,1,43.0
370473,Melody Mix,17.32,Music,89.9,Monday,Night,79.77,1.0,Positive,9.88029,1,85.0
372668,Melody Mix,17.32,Music,70.84,Monday,Night,0.0,1.0,Positive,6.25124,1,65.0
373222,Melody Mix,56.24,Music,63.94,Monday,Night,47.68,0.0,Negative,47.64874,1,31.0
374605,Melody Mix,76.86,Music,31.82,Monday,Night,34.26,0.0,Negative,71.51117,1,6.0
375151,Melody Mix,69.73718452023121,Music,70.99,Monday,Night,32.64,2.0,Neutral,59.08774,1,7.0
376717,Melody Mix,62.95,Music,32.0,Monday,Night,41.34,1.0,Positive,35.54943,1,41.0
377059,Melody Mix,116.21,Music,85.56,Monday,Night,18.86,0.0,Neutral,73.60544,1,22.0
379040,Melody Mix,27.15,Music,27.49,Monday,Night,50.31,1.0,Positive,18.764,1,19.0
379271,Melody Mix,82.72,Music,96.5,Monday,Night,5.05,1.0,Negative,46.0925,1,32.0
379462,Melody Mix,41.61,Music,94.8,Monday,Night,1.26,1.0,Positive,22.40033,1,31.0
380490,Melody Mix,109.93,Music,35.61,Monday,Night,88.21,1.0,Negative,60.03088,1,85.0
385727,Melody Mix,64.08,Music,58.33,Monday,Night,3.55,1.0,Positive,47.12894,1,62.0
386651,Melody Mix,68.32,Music,57.54,Monday,Night,0.0,3.0,Positive,45.03137,1,70.0
387394,Melody Mix,27.41,Music,68.27,Monday,Night,52.66,0.0,Negative,27.2659,1,13.0
388657,Melody Mix,84.56,Music,95.47,Monday,Night,99.79,2.0,Neutral,80.60236,1,99.0
389500,Melody Mix,62.28,Music,45.62,Monday,Night,74.82,1.0,Negative,44.9324,1,57.0
392696,Melody Mix,43.82,Music,89.63,Monday,Night,60.38,1.0,Positive,34.87287,1,53.0
392814,Melody Mix,72.95,Music,50.13,Monday,Night,52.63,0.0,Neutral,69.41034,1,28.0
393058,Melody Mix,30.29,Music,56.63,Monday,Night,82.23,0.0,Neutral,15.99187,1,44.0
395396,Melody Mix,99.18,Music,62.11,Monday,Night,47.71,1.0,Neutral,93.91094,1,33.0
396991,Melody Mix,59.35,Music,47.22,Monday,Night,99.45,2.0,Negative,23.84092,1,1.0
397050,Melody Mix,53.03,Music,77.98,Monday,Night,95.64,1.0,Neutral,39.66767,1,58.0
397199,Melody Mix,92.11,Music,45.71,Monday,Night,68.13,0.0,Neutral,88.94078,1,12.0
397294,Melody Mix,22.43,Music,54.43,Monday,Night,18.87,3.0,Positive,16.28759,1,31.0
398748,Melody Mix,69.73718452023121,Music,46.83,Monday,Night,22.04,3.0,Negative,39.52505,1,16.0
399169,Melody Mix,110.65,Music,28.49,Monday,Night,5.42,2.0,Negative,64.06148,1,2.0
399395,Melody Mix,64.78,Music,61.03,Monday,Night,65.11,2.0,Negative,48.26246,1,52.0
399462,Melody Mix,9.56,Music,91.66,Monday,Night,97.66,1.0,Positive,8.32224,1,60.0
399464,Melody Mix,6.77,Music,56.84,Monday,Night,36.47,1.0,Positive,2.14076,1,8.0
399764,Melody Mix,109.03,Music,78.17,Monday,Night,49.07,0.0,Negative,61.37214,1,73.0
400660,Melody Mix,33.93,Music,27.11,Monday,Night,0.0,1.0,Neutral,16.22499,1,3.0
401303,Melody Mix,30.73,Music,80.05,Monday,Night,0.0,3.0,Negative,24.5542,1,86.0
403521,Melody Mix,106.52,Music,80.99,Monday,Night,93.43,0.0,Neutral,66.75074,1,68.0
405153,Melody Mix,98.71,Music,79.48,Monday,Night,0.0,0.0,Negative,96.00716,1,24.0
405932,Melody Mix,17.44,Music,91.97,Monday,Night,97.48,1.0,Positive,8.32224,1,60.0
406353,Melody Mix,50.59,Music,28.99,Monday,Night,41.64,0.0,Negative,34.19303,1,80.0
407754,Melody Mix,31.46,Music,82.81,Monday,Night,36.66,1.0,Neutral,12.09805,1,80.0
410611,Melody Mix,45.47,Music,82.07,Monday,Night,83.62,2.0,Negative,22.22276,1,58.0
410940,Melody Mix,39.46,Music,28.79,Monday,Night,59.05,2.0,Negative,20.43287,1,99.0
412203,Melody Mix,35.24,Music,90.06,Monday,Night,86.15,2.0,Neutral,22.20961,1,23.0
412697,Melody Mix,88.61,Music,72.19,Monday,Night,0.0,0.0,Positive,69.5139,1,19.0
413255,Melody Mix,110.53,Music,63.87,Monday,Night,57.75,2.0,Negative,74.56813,1,34.0
415305,Melody Mix,99.39,Music,33.25,Monday,Night,97.06,2.0,Positive,71.3879,1,14.0
416626,Melody Mix,107.34,Music,87.61,Monday,Night,63.33,1.0,Positive,74.50108,1,31.0
417169,Melody Mix,119.01,Music,77.05,Monday,Night,91.38,3.0,Positive,85.31534,1,80.0
419150,Melody Mix,102.77,Music,50.65,Monday,Night,78.22,0.0,Positive,76.69242,1,6.0
421986,Melody Mix,44.33,Music,74.89,Monday,Night,31.89,0.0,Neutral,38.70785,1,31.0
423777,Melody Mix,61.97,Music,29.6,Monday,Night,36.66,0.0,Positive,56.34086,1,13.0
425099,Melody Mix,119.51,Music,33.78,Monday,Night,56.69,2.0,Neutral,49.85477,1,96.0
425422,Melody Mix,17.16,Music,96.9,Monday,Night,0.0,1.0,Neutral,12.18137,1,16.0
425534,Melody Mix,31.05,Music,88.74,Monday,Night,80.62,0.0,Neutral,23.20025,1,59.0
425545,Melody Mix,69.41,Music,65.22,Monday,Night,58.08,3.0,Neutral,58.71817,1,69.0
425581,Melody Mix,13.72,Music,82.95,Monday,Night,0.0,2.0,Negative,7.60377,1,11.0
425754,Melody Mix,69.73718452023121,Music,45.15,Monday,Night,0.0,1.0,Negative,12.03605,1,36.0
426099,Melody Mix,92.14,Music,47.76,Monday,Night,14.76,1.0,Positive,44.42386,1,7.0
428227,Melody Mix,100.65,Music,67.87,Monday,Night,91.88,2.0,Neutral,91.30405,1,95.0
428440,Melody Mix,117.33,Music,50.63,Monday,Night,78.78,0.0,Negative,75.86648,1,53.0
428942,Melody Mix,91.15,Music,91.81,Monday,Night,49.78,0.0,Neutral,46.52911,1,54.0
431304,Melody Mix,117.08,Music,77.4,Monday,Night,0.0,1.0,Positive,55.04888,1,98.0
431351,Melody Mix,85.37,Music,88.1,Monday,Night,75.84,0.0,Positive,70.04414,1,94.0
432377,Melody Mix,24.37,Music,74.07,Monday,Night,65.17,0.0,Neutral,12.43766,1,43.0
432648,Melody Mix,20.32,Music,88.87,Monday,Night,88.57,2.0,Negative,16.59124,1,13.0
433290,Melody Mix,95.22,Music,29.77,Monday,Night,29.57,1.0,Positive,82.09,1,90.0
433416,Melody Mix,85.73,Music,32.73,Monday,Night,85.42,3.0,Positive,57.14675,1,48.0
433875,Melody Mix,115.69,Music,96.93,Monday,Night,94.46,1.0,Positive,95.7731,1,15.0
434180,Melody Mix,30.79,Music,62.94,Monday,Night,95.31,3.0,Neutral,13.15,1,94.0
434254,Melody Mix,93.54,Music,40.65,Monday,Night,39.49,1.0,Negative,64.31981,1,97.0
435784,Melody Mix,79.39,Music,21.78,Monday,Night,45.66,0.0,Positive,39.65218,1,13.0
436833,Melody Mix,69.73718452023121,Music,65.69,Monday,Night,71.76,3.0,Negative,89.14,1,65.0
436895,Melody Mix,88.51,Music,76.69,Monday,Night,61.98,1.0,Negative,68.19931,1,44.0
437298,Melody Mix,54.77,Music,74.42,Monday,Night,8.95,2.0,Negative,26.44486,1,26.0
438651,Melody Mix,41.73,Music,72.58,Monday,Night,72.55,2.0,Negative,30.16586,1,24.0
440031,Melody Mix,107.4,Music,68.66,Monday,Night,21.46,0.0,Positive,86.97061,1,5.0
440032,Melody Mix,66.41,Music,96.53,Monday,Night,90.8,1.0,Neutral,47.7777,1,17.0
440871,Melody Mix,24.44,Music,32.09,Monday,Night,40.91,0.0,Neutral,17.09236,1,6.0
441715,Melody Mix,112.82,Music,81.54,Monday,Night,53.68,1.0,Negative,92.71126,1,1.0
442073,Melody Mix,104.95,Music,27.2,Monday,Night,71.69,0.0,Negative,101.64877,1,94.0
442544,Melody Mix,85.67,Music,58.13,Monday,Night,76.15,1.0,Positive,67.39853,1,22.0
443155,Melody Mix,80.99,Music,64.13,Monday,Night,65.97,2.0,Neutral,74.22517,1,20.0
443786,Melody Mix,102.86,Music,42.3,Monday,Night,82.6,0.0,Positive,85.29293,1,94.0
445819,Melody Mix,103.4,Music,97.28,Monday,Night,84.29,3.0,Positive,76.2667,1,17.0
449406,Melody Mix,103.46,Music,70.24,Monday,Night,81.05,1.0,Neutral,58.97,1,90.0
451249,Melody Mix,100.38,Music,61.67,Monday,Night,47.13,3.0,Positive,84.26538,1,37.0
451438,Melody Mix,92.34,Music,30.63,Monday,Night,23.63,0.0,Neutral,56.05421,1,79.0
451763,Melody Mix,27.62,Music,25.81,Monday,Night,8.93,3.0,Neutral,24.3744,1,33.0
452204,Melody Mix,64.42,Music,80.86,Monday,Night,94.72,0.0,Neutral,49.4353,1,30.0
452680,Melody Mix,111.39,Music,84.23,Monday,Night,54.3,0.0,Positive,63.33089,1,71.0
453058,Melody Mix,79.72,Music,60.81,Monday,Night,83.27,2.0,Positive,50.07001,1,38.0
454743,Melody Mix,113.18,Music,56.93,Monday,Night,95.35,2.0,Negative,96.7927,1,80.0
455664,Melody Mix,106.14,Music,52.48,Monday,Night,21.71,0.0,Negative,58.51907,1,35.0
456050,Melody Mix,90.93,Music,53.3,Monday,Night,2.62,0.0,Negative,71.35796,1,90.0
456643,Melody Mix,91.26,Music,68.11,Monday,Night,96.26,2.0,Positive,65.95252,1,32.0
458585,Melody Mix,77.06,Music,46.63,Monday,Night,10.79,1.0,Positive,44.42386,1,43.0
458801,Melody Mix,69.73718452023121,Music,73.87,Monday,Night,0.0,0.0,Positive,0.0,1,53.0
464451,Melody Mix,113.88,Music,61.05,Monday,Night,14.92,3.0,Negative,79.82862,1,84.0
465459,Melody Mix,66.92,Music,40.36,Monday,Night,52.51,1.0,Neutral,44.86334,1,58.0
465463,Melody Mix,69.73718452023121,Music,38.88,Monday,Night,58.88,2.0,Neutral,63.91821,1,62.0
465715,Melody Mix,69.73718452023121,Music,71.51,Monday,Night,0.0,0.0,Neutral,91.51926,1,32.0
466812,Melody Mix,113.18,Music,56.47,Monday,Night,92.21,2.0,Positive,96.7927,1,81.0
466831,Melody Mix,65.01,Music,50.85,Monday,Night,52.34,0.0,Positive,64.11359,1,94.0
467127,Melody Mix,110.12,Music,49.3,Monday,Night,22.48,2.0,Positive,105.66798,1,31.0
468000,Melody Mix,69.73718452023121,Music,51.72,Monday,Night,0.0,3.0,Positive,30.10048,1,34.0
468897,Melody Mix,84.23,Music,99.34,Monday,Night,7.0,2.0,Neutral,43.19637,1,76.0
471430,Melody Mix,69.73718452023121,Music,76.35,Monday,Night,26.49,2.0,Neutral,22.04505,1,83.0
472187,Melody Mix,85.77,Music,89.21,Monday,Night,82.02,0.0,Negative,72.52977,1,99.0
472320,Melody Mix,118.56,Music,90.48,Monday,Night,0.0,1.0,Negative,87.4986,1,49.0
473214,Melody Mix,98.36,Music,78.26,Monday,Night,87.53,2.0,Negative,71.88271,1,59.0
473781,Melody Mix,100.48,Music,53.72,Monday,Night,76.48,3.0,Negative,59.59257,1,74.0
474128,Melody Mix,106.89,Music,95.73,Monday,Night,23.3,1.0,Positive,95.41362,1,64.0
475997,Melody Mix,45.36,Music,96.42,Monday,Night,15.41,0.0,Neutral,40.58411,1,97.0
476467,Melody Mix,66.92,Music,64.25,Monday,Night,37.98,1.0,Positive,44.86334,1,32.0
478314,Melody Mix,69.73718452023121,Music,76.38,Monday,Night,19.41,2.0,Negative,13.63192,1,94.0
478603,Melody Mix,69.73718452023121,Music,98.42,Monday,Night,6.23,3.0,Negative,2.77821,1,44.0
479152,Melody Mix,32.05,Music,79.42,Monday,Night,0.0,3.0,Neutral,17.331,1,96.0
479219,Melody Mix,9.59,Music,37.56,Monday,Night,97.66,1.0,Positive,8.32224,1,60.0
481167,Melody Mix,79.36,Music,97.24,Monday,Night,57.87,3.0,Positive,68.75309,1,40.0
481549,Melody Mix,30.39,Music,25.18,Monday,Night,0.0,1.0,Negative,17.38351,1,91.0
481839,Melody Mix,108.98,Music,30.94,Monday,Night,80.28,1.0,Positive,100.33043,1,25.0
484729,Melody Mix,25.34,Music,96.0,Monday,Night,0.0,3.0,Positive,22.76723,1,18.0
484743,Melody Mix,29.13,Music,70.73,Monday,Night,76.09,0.0,Negative,18.1515,1,18.0
484791,Melody Mix,36.82,Music,53.09,Monday,Night,51.81,3.0,Negative,9.7918,1,94.0
484909,Melody Mix,65.05,Music,76.52,Monday,Night,0.0,3.0,Neutral,41.63881,1,4.0
486805,Melody Mix,39.72,Music,36.5,Monday,Night,47.82,1.0,Positive,31.69186,1,79.0
486929,Melody Mix,84.56,Music,95.59,Monday,Night,53.72,2.0,Negative,33.23631,1,97.0
487123,Melody Mix,31.85,Music,58.31,Monday,Night,60.68,0.0,Neutral,23.2002,1,11.0
488302,Melody Mix,19.6,Music,86.42,Monday,Night,98.59,1.0,Negative,13.99552,1,47.0
488764,Melody Mix,69.73718452023121,Music,32.17,Monday,Night,68.31,0.0,Neutral,103.84,1,73.0
489213,Melody Mix,69.73718452023121,Music,51.8,Monday,Night,88.33,0.0,Positive,46.10612,1,13.0
489401,Melody Mix,21.58,Music,96.78,Monday,Night,24.29,0.0,Positive,16.55051,1,7.0
490019,Melody Mix,102.11,Music,60.06,Monday,Night,99.09,1.0,Positive,66.50469,1,90.0
491082,Melody Mix,97.42,Music,41.18,Monday,Night,36.35,0.0,Negative,95.69759,1,67.0
492357,Melody Mix,98.08,Music,28.39,Monday,Night,0.0,2.0,Neutral,87.03411,1,10.0
493059,Melody Mix,72.08,Music,48.36,Monday,Night,0.12,2.0,Negative,32.85048,1,86.0
493509,Melody Mix,23.16,Music,51.43,Monday,Night,28.26,3.0,Positive,16.28759,1,26.0
494534,Melody Mix,111.31,Music,76.41,Monday,Night,70.94,3.0,Negative,95.06592,1,81.0
495857,Melody Mix,69.73718452023121,Music,88.31,Monday,Night,0.0,2.0,Negative,57.93231,1,31.0
495893,Melody Mix,35.4,Music,80.02,Monday,Night,0.0,2.0,Negative,17.23631,1,99.0
496113,Melody Mix,87.16,Music,31.78,Monday,Night,0.6,1.0,Neutral,73.01495,1,90.0
496334,Melody Mix,101.91,Music,39.72,Monday,Night,13.12,1.0,Negative,72.06121,1,69.0
497691,Melody Mix,101.99,Music,60.86,Monday,Night,12.82,3.0,Positive,75.06562,1,22.0
497979,Melody Mix,97.81,Music,46.08,Monday,Night,50.22,1.0,Positive,51.83211,1,25.0
498026,Melody Mix,62.63,Music,83.41,Monday,Night,97.93,0.0,Negative,50.41092,1,77.0
499973,Melody Mix,29.26,Music,58.43,Monday,Night,4.72,3.0,Positive,11.59297,1,58.0
501334,Melody Mix,97.92,Music,38.17,Monday,Night,17.98,1.0,Neutral,45.85356,1,11.0
503660,Melody Mix,39.6,Music,63.89,Monday,Night,28.74,0.0,Negative,37.49457,1,78.0
504254,Melody Mix,118.49,Music,71.79,Monday,Night,24.24,2.0,Positive,110.56554,1,10.0
504649,Melody Mix,103.39,Music,52.42,Monday,Night,55.09,2.0,Neutral,42.1263,1,34.0
505845,Melody Mix,27.39,Music,54.43,Monday,Night,4.99,1.0,Negative,18.96844,1,16.0
506889,Melody Mix,110.78,Music,20.42,Monday,Night,70.46,2.0,Negative,68.63446,1,59.0
507217,Melody Mix,24.34,Music,94.57,Monday,Night,69.91,0.0,Neutral,14.14063,1,85.0
509132,Melody Mix,66.06,Music,49.07,Monday,Night,53.84,0.0,Neutral,39.46193,1,59.0
509136,Melody Mix,46.97,Music,49.19,Monday,Night,21.29,1.0,Positive,47.0066,1,16.0
510948,Melody Mix,51.82,Music,80.59,Monday,Night,68.97,1.0,Negative,28.94392,1,68.0
511402,Melody Mix,53.55,Music,86.74,Monday,Night,0.0,3.0,Neutral,34.8467,1,47.0
511405,Melody Mix,41.59,Music,42.21,Monday,Night,71.64,2.0,Neutral,37.46247,1,42.0
511474,Melody Mix,69.73718452023121,Music,25.77,Monday,Night,98.67,3.0,Neutral,18.1949,1,67.0
511801,Melody Mix,36.52,Music,93.85,Monday,Night,73.46,0.0,Negative,16.44295,1,65.0
514688,Melody Mix,40.72,Music,88.71,Monday,Night,99.68,0.0,Positive,16.15095,1,88.0
517432,Melody Mix,69.73718452023121,Music,49.77,Monday,Night,8.2,0.0,Negative,16.57172,1,65.0
517772,Melody Mix,102.37,Music,33.59,Monday,Night,38.45,3.0,Positive,52.01628,1,16.0
520407,Melody Mix,61.03,Music,61.91,Monday,Night,68.34,2.0,Negative,52.83591,1,13.0
521684,Melody Mix,23.98,Music,66.26,Monday,Night,83.14,3.0,Negative,18.88402,1,85.0
521831,Melody Mix,107.5,Music,84.11,Monday,Night,0.0,2.0,Negative,88.73043,1,43.0
522314,Melody Mix,38.2,Music,72.14,Monday,Night,10.18,3.0,Positive,27.13344,1,57.0
523915,Melody Mix,118.89,Music,90.76,Monday,Night,90.39,1.0,Negative,87.4986,1,49.0
524972,Melody Mix,35.13,Music,56.45,Monday,Night,0.0,2.0,Neutral,29.30722,1,61.0
525905,Melody Mix,64.08,Music,88.51,Monday,Night,3.55,1.0,Positive,47.12894,1,69.0
526446,Melody Mix,84.71,Music,55.75,Monday,Night,0.0,2.0,Positive,68.66088,1,19.0
527654,Melody Mix,85.86,Music,55.75,Monday,Night,59.0,3.0,Neutral,43.37942,1,5.0
528040,Melody Mix,61.14,Music,56.79,Monday,Night,69.12,1.0,Positive,58.08103,1,4.0
528234,Melody Mix,95.26,Music,39.74,Monday,Night,41.47,1.0,Negative,70.23999,1,36.0
529825,Melody Mix,29.61,Music,41.23,Monday,Night,51.69,2.0,Negative,18.75233,1,71.0
530310,Melody Mix,68.17,Music,82.6,Monday,Night,34.87,0.0,Negative,43.6937,1,48.0
530512,Melody Mix,45.45,Music,97.49,Monday,Night,37.31,0.0,Positive,35.91812,1,62.0
531151,Melody Mix,15.15,Music,48.78,Monday,Night,97.56,0.0,Positive,11.95899,1,99.0
531976,Melody Mix,69.73718452023121,Music,37.4,Monday,Night,7.56,0.0,Neutral,51.97237,1,23.0
532273,Melody Mix,108.47,Music,25.78,Monday,Night,76.16,3.0,Negative,67.69669,1,88.0
532707,Melody Mix,94.64,Music,54.9,Monday,Night,67.93,3.0,Positive,57.07753,1,68.0
533176,Melody Mix,93.0,Music,84.97,Monday,Night,85.97,0.0,Positive,92.77553,1,92.0
533252,Melody Mix,54.46,Music,38.52,Monday,Night,0.0,2.0,Positive,45.86754,1,30.0
535419,Melody Mix,49.24,Music,81.89,Monday,Night,23.02,3.0,Positive,36.12378,1,56.0
536998,Melody Mix,44.32,Music,66.04,Monday,Night,68.21,2.0,Neutral,18.08521,1,67.0
538638,Melody Mix,86.86,Music,53.46,Monday,Night,67.35,2.0,Neutral,60.29151,1,10.0
540008,Melody Mix,32.86,Music,70.95,Monday,Night,58.25,1.0,Neutral,15.86449,1,1.0
540018,Melody Mix,39.39,Music,27.72,Monday,Night,0.0,2.0,Positive,29.94684,1,68.0
541053,Melody Mix,75.88,Music,55.85,Monday,Night,0.0,0.0,Positive,55.63186,1,62.0
542641,Melody Mix,52.9,Music,79.67,Monday,Night,29.06,0.0,Negative,34.74424,1,70.0
542653,Melody Mix,102.86,Music,89.37,Monday,Night,47.5,0.0,Positive,75.52614,1,91.0
545391,Melody Mix,59.07,Music,99.96,Monday,Night,0.0,1.0,Positive,27.86296,1,74.0
548518,Melody Mix,39.61,Music,84.25,Monday,Night,14.82,1.0,Positive,31.69186,1,7.0
549353,Melody Mix,69.73718452023121,Music,91.95,Monday,Night,0.0,3.0,Positive,63.31838,1,31.0
550645,Melody Mix,100.39,Music,97.14,Monday,Night,89.21,0.0,Positive,72.92646,1,17.0
550805,Melody Mix,69.73718452023121,Music,56.71,Monday,Night,0.0,3.0,Positive,51.88707,1,89.0
552725,Melody Mix,94.4,Music,78.81,Monday,Night,0.0,0.0,Neutral,84.94004,1,74.0
553711,Melody Mix,65.64,Music,86.79,Monday,Night,32.57,3.0,Positive,26.40686,1,1.0
553735,Melody Mix,38.51,Music,63.93,Monday,Night,7.74,0.0,Negative,37.49457,1,78.0
554911,Melody Mix,76.77,Music,37.59,Monday,Night,67.2,1.0,Positive,57.63271,1,12.0
554973,Melody Mix,105.16,Music,85.05,Monday,Night,68.46,2.0,Negative,88.81322,1,48.0
555560,Melody Mix,108.05,Music,64.53,Monday,Night,46.81,1.0,Negative,84.83443,1,41.0
556657,Melody Mix,38.11,Music,82.07,Monday,Night,83.07,2.0,Negative,22.22276,1,38.0
558280,Melody Mix,92.96,Music,82.2,Monday,Night,2.95,3.0,Positive,60.3879,1,31.0
558398,Melody Mix,52.09,Music,68.59,Monday,Night,0.0,1.0,Negative,38.01249,1,6.0
559290,Melody Mix,31.06,Music,40.33,Monday,Night,36.63,0.0,Positive,27.37086,1,83.0
559922,Melody Mix,47.86,Music,39.04,Monday,Night,0.0,0.0,Negative,38.93761,1,16.0
560815,Melody Mix,103.41,Music,85.66,Monday,Night,35.82,3.0,Neutral,70.14675,1,62.0
560874,Melody Mix,106.69,Music,64.14,Monday,Night,88.86,3.0,Neutral,72.95252,1,56.0
561530,Melody Mix,118.45,Music,75.77,Monday,Night,35.15,3.0,Positive,65.77315,1,69.0
561572,Melody Mix,119.55,Music,78.81,Monday,Night,99.75,0.0,Neutral,105.40053,1,48.0
562879,Melody Mix,100.16,Music,29.82,Monday,Night,84.12,0.0,Neutral,84.67733,1,45.0
564656,Melody Mix,18.11,Music,93.21,Monday,Night,13.73,0.0,Positive,7.40627,1,18.0
566298,Melody Mix,52.03,Music,74.42,Monday,Night,66.32,3.0,Positive,38.88468,1,17.0
566994,Melody Mix,69.73718452023121,Music,21.52,Monday,Night,34.97,1.0,Positive,35.94,1,34.0
567345,Melody Mix,117.12,Music,83.45,Monday,Night,6.17,0.0,Neutral,74.76451,1,7.0
567716,Melody Mix,68.78,Music,31.99,Monday,Night,0.0,0.0,Neutral,44.22096,1,88.0
569862,Melody Mix,69.83,Music,29.84,Monday,Night,83.88,3.0,Negative,46.93636,1,38.0
572009,Melody Mix,72.95471,Music,43.59,Monday,Night,82.48,0.0,Neutral,71.80123,1,21.0
572278,Melody Mix,78.27,Music,68.73,Monday,Night,97.61,3.0,Neutral,39.97285,1,14.0
572400,Melody Mix,27.15,Music,88.82,Monday,Night,58.67,2.0,Negative,19.85841,1,86.0
573245,Melody Mix,28.35,Music,44.41,Monday,Night,24.65,3.0,Positive,19.3439,1,27.0
574762,Melody Mix,89.66,Music,54.15,Monday,Night,34.25,2.0,Neutral,67.02944,1,32.0
576769,Melody Mix,69.73718452023121,Music,67.64,Monday,Night,32.6,3.0,Positive,54.95202,1,78.0
576879,Melody Mix,43.9,Music,40.78,Monday,Night,0.0,2.0,Positive,25.97591,1,22.0
580401,Melody Mix,69.73718452023121,Music,71.62,Monday,Night,34.63,1.0,Neutral,16.53251,1,92.0
581702,Melody Mix,110.33,Music,57.66,Monday,Night,0.0,0.0,Positive,70.86406,1,79.0
582778,Melody Mix,97.42,Music,41.18,Monday,Night,43.35,0.0,Negative,95.69759,1,68.0
582837,Melody Mix,30.04,Music,29.55,Monday,Night,0.0,0.0,Neutral,20.7821,1,2.0
583280,Melody Mix,77.53,Music,60.45,Monday,Night,0.0,0.0,Neutral,48.38625,1,43.0
587984,Melody Mix,62.41,Music,68.39,Monday,Night,0.0,1.0,Positive,43.95617,1,92.0
589251,Melody Mix,102.57,Music,58.44,Monday,Night,53.3,0.0,Positive,67.1046,1,66.0
589434,Melody Mix,71.05,Music,36.75,Monday,Night,0.0,2.0,Positive,48.37508,1,58.0
589692,Melody Mix,31.96,Music,79.25,Monday,Night,3.65,0.0,Neutral,23.9927,1,86.0
589930,Melody Mix,45.0,Music,58.11,Monday,Night,83.04,2.0,Negative,22.22276,1,30.0
589976,Melody Mix,44.05,Music,50.07,Monday,Night,34.41,1.0,Positive,44.05465,1,20.0
593732,Melody Mix,71.04,Music,27.76,Monday,Night,83.48,1.0,Neutral,59.02086,1,35.0
594583,Melody Mix,98.25,Music,21.85,Monday,Night,70.22,0.0,Positive,55.15869,1,77.0
594632,Melody Mix,69.73718452023121,Music,77.21,Monday,Night,0.0,2.0,Negative,54.82813,1,34.0
594974,Melody Mix,111.39,Music,84.23,Monday,Night,54.59,0.0,Neutral,63.33089,1,38.0
596995,Melody Mix,34.78,Music,47.58,Monday,Night,29.71,1.0,Neutral,8.79376,1,84.0
598600,Melody Mix,69.73718452023121,Music,72.43,Monday,Night,67.94,0.0,Negative,25.83,1,69.0
598737,Melody Mix,22.44,Music,23.22,Monday,Night,30.08,0.0,Positive,5.97213,1,31.0
599236,Melody Mix,69.73718452023121,Music,62.77,Monday,Night,0.0,1.0,Positive,72.61596,1,26.0
600690,Melody Mix,16.09,Music,41.3,Monday,Night,5.18,2.0,Negative,13.90025,1,36.0
603664,Melody Mix,61.46,Music,96.06,Monday,Night,0.0,0.0,Negative,54.03266,1,55.0
603838,Melody Mix,15.69,Music,79.4,Monday,Night,0.0,3.0,Positive,13.90593,1,16.0
606639,Melody Mix,52.83,Music,69.49,Monday,Night,87.53,0.0,Negative,36.54223,1,28.0
606950,Melody Mix,69.73718452023121,Music,78.82,Monday,Night,0.0,1.0,Negative,17.11,1,6.0
607339,Melody Mix,89.33,Music,48.78,Monday,Night,0.0,3.0,Negative,56.52811,1,5.0
608535,Melody Mix,61.41,Music,69.05,Monday,Night,0.0,1.0,Positive,50.46,1,33.0
609864,Melody Mix,101.88,Music,50.12,Monday,Night,77.72,0.0,Negative,75.86648,1,53.0
612692,Melody Mix,82.42,Music,47.64,Monday,Night,0.0,1.0,Neutral,50.23841,1,60.0
613177,Melody Mix,53.94,Music,35.56,Monday,Night,0.0,3.0,Negative,42.45183,1,35.0
613317,Melody Mix,117.2,Music,42.16,Monday,Night,51.31,1.0,Negative,65.43815,1,29.0
613423,Melody Mix,118.13,Music,62.74,Monday,Night,61.44,0.0,Positive,118.06,1,9.0
613528,Melody Mix,17.43,Music,93.56,Monday,Night,97.66,0.0,Negative,8.32224,1,60.0
614487,Melody Mix,109.51,Music,67.84,Monday,Night,0.0,2.0,Positive,54.10551,1,87.0
617509,Melody Mix,69.36,Music,73.01,Monday,Night,12.18,1.0,Negative,40.02214,1,3.0
617950,Melody Mix,105.01,Music,54.98,Monday,Night,69.17,3.0,Neutral,87.57518,1,19.0
618031,Melody Mix,106.33,Music,41.18,Monday,Night,36.35,0.0,Negative,95.69759,1,67.0
619378,Melody Mix,27.938,Music,28.63,Monday,Night,6.82,0.0,Neutral,27.93856,1,89.0
619590,Melody Mix,66.22,Music,34.85,Monday,Night,42.35,2.0,Positive,53.63821,1,59.0
619905,Melody Mix,7.55,Music,40.25,Monday,Night,0.0,1.0,Positive,1.06302,1,82.0
620842,Melody Mix,69.73718452023121,Music,89.82,Monday,Night,6.58,1.0,Negative,65.46481,1,40.0
621427,Melody Mix,97.42,Music,41.18,Monday,Night,44.52,0.0,Negative,95.69759,1,67.0
621780,Melody Mix,24.34,Music,89.79,Monday,Night,69.91,0.0,Neutral,14.14063,1,73.0
624917,Melody Mix,117.44,Music,65.17,Monday,Night,6.11,0.0,Negative,58.77778,1,30.0
625710,Melody Mix,52.21,Music,65.19,Monday,Night,27.64,3.0,Negative,45.47769,1,47.0
627350,Melody Mix,63.03,Music,82.52,Monday,Night,35.32,3.0,Neutral,45.17295,1,43.0
627636,Melody Mix,95.13,Music,46.08,Monday,Night,74.98,0.0,Neutral,84.29423,1,69.0
631113,Melody Mix,115.01,Music,87.22,Monday,Night,16.16,1.0,Neutral,61.53314,1,51.0
632349,Melody Mix,50.46,Music,50.94,Monday,Night,54.69,2.0,Negative,29.25286,1,32.0
632404,Melody Mix,22.85,Music,85.4,Monday,Night,96.79,1.0,Negative,19.07032,1,34.0
633218,Melody Mix,13.38,Music,93.91,Monday,Night,85.38,3.0,Positive,6.25555,1,75.0
633967,Melody Mix,54.61,Music,98.3,Monday,Night,34.32,0.0,Neutral,43.6937,1,48.0
634222,Melody Mix,96.84,Music,46.07,Monday,Night,58.29,3.0,Neutral,58.77253,1,27.0
634710,Melody Mix,77.52,Music,34.85,Monday,Night,69.85,2.0,Negative,53.21176,1,70.0
634756,Melody Mix,107.86,Music,35.65,Monday,Night,0.0,2.0,Positive,60.20343,1,37.0
634765,Melody Mix,114.33,Music,58.66,Monday,Night,78.76,1.0,Negative,105.52022,1,82.0
636553,Melody Mix,30.22,Music,78.98,Monday,Night,0.0,3.0,Positive,14.75406,1,35.0
638364,Melody Mix,113.03,Music,46.28,Monday,Night,69.14,1.0,Negative,85.945,1,10.0
638622,Melody Mix,33.83,Music,50.69,Monday,Night,74.31,2.0,Neutral,23.28908,1,78.0
640040,Melody Mix,109.25,Music,50.72,Monday,Night,48.44,1.0,Negative,66.1281,1,71.0
640643,Melody Mix,77.04,Music,35.54,Monday,Night,19.36,2.0,Positive,65.59631,1,14.0
644184,Melody Mix,82.9,Music,22.96,Monday,Night,0.0,2.0,Neutral,55.46083,1,52.0
646002,Melody Mix,115.11,Music,90.19,Monday,Night,19.4,3.0,Neutral,70.62771,1,55.0
648282,Melody Mix,67.1,Music,59.12,Monday,Night,32.02,2.0,Positive,60.8289,1,56.0
649542,Melody Mix,17.78,Music,30.01,Monday,Night,99.97,1.0,Neutral,11.92469,1,100.0
650089,Melody Mix,37.05,Music,47.6,Monday,Night,47.3,3.0,Negative,35.35485,1,63.0
650695,Melody Mix,104.57,Music,60.26,Monday,Night,52.89,0.0,Neutral,87.07701,1,4.0
650803,Melody Mix,29.51,Music,54.82,Monday,Night,53.72,1.0,Negative,22.99252,1,96.0
651028,Melody Mix,47.04,Music,38.61,Monday,Night,36.42,3.0,Negative,28.46967,1,58.0
652228,Melody Mix,106.4,Music,34.75,Monday,Night,0.0,2.0,Neutral,44.88693,1,45.0
652252,Melody Mix,24.27,Music,80.21,Monday,Night,0.0,0.0,Neutral,21.69967,1,9.0
653182,Melody Mix,114.91,Music,81.54,Monday,Night,32.82,1.0,Positive,110.72985,1,36.0
653885,Melody Mix,102.85,Music,65.85,Monday,Night,70.29,3.0,Positive,58.77253,1,56.0
654382,Melody Mix,17.44,Music,91.97,Monday,Night,97.66,1.0,Positive,8.32224,1,60.0
654927,Melody Mix,98.27,Music,91.03,Monday,Night,0.0,2.0,Negative,56.27728,1,70.0
655307,Melody Mix,111.73,Music,48.66,Monday,Night,0.0,3.0,Neutral,53.3173,1,23.0
655413,Melody Mix,101.46,Music,35.72,Monday,Night,30.81,1.0,Neutral,56.21028,1,23.0
655883,Melody Mix,104.31,Music,41.72,Monday,Night,57.83,3.0,Negative,85.10488,1,71.0
658632,Melody Mix,23.17,Music,41.35,Monday,Night,36.16,0.0,Positive,11.3319,1,36.0
659997,Melody Mix,7.92,Music,76.85,Monday,Night,34.26,0.0,Negative,3.66188,1,10.0
661127,Melody Mix,77.6,Music,53.6,Monday,Night,14.74,0.0,Neutral,47.97599,1,50.0
661803,Melody Mix,57.39,Music,98.86,Monday,Night,19.71,3.0,Negative,42.74605,1,35.0
661842,Melody Mix,71.94,Music,89.05,Monday,Night,77.94,3.0,Negative,32.17591,1,8.0
662299,Melody Mix,102.98,Music,85.93,Monday,Night,55.72,3.0,Negative,58.66343,1,41.0
663046,Melody Mix,119.59,Music,62.59,Monday,Night,98.59,3.0,Neutral,64.68244,1,25.0
663974,Melody Mix,113.32,Music,36.74,Monday,Night,26.83,1.0,Neutral,84.82886,1,77.0
669793,Melody Mix,89.85,Music,33.14,Monday,Night,0.0,0.0,Negative,52.02007,1,73.0
670395,Melody Mix,111.16,Music,84.44,Monday,Night,39.63,1.0,Positive,82.10746,1,9.0
670720,Melody Mix,57.73,Music,88.2,Monday,Night,12.48,0.0,Positive,26.86173,1,3.0
671279,Melody Mix,116.77,Music,48.24,Monday,Night,70.95,2.0,Neutral,115.36331,1,88.0
671859,Melody Mix,24.22,Music,67.57,Monday,Night,58.23,1.0,Neutral,21.8093,1,51.0
672114,Melody Mix,98.63,Music,93.45,Monday,Night,74.84,3.0,Neutral,43.81974,1,73.0
672209,Melody Mix,117.37,Music,67.69,Monday,Night,21.75,1.0,Neutral,71.7518,1,80.0
672397,Melody Mix,69.73718452023121,Music,49.59,Monday,Night,55.59,0.0,Negative,41.7915,1,54.0
672455,Melody Mix,113.88,Music,26.2,Monday,Night,0.0,2.0,Neutral,83.86242,1,12.0
673984,Melody Mix,71.27,Music,53.6,Monday,Night,28.84,1.0,Positive,66.3541,1,58.0
675098,Melody Mix,66.41,Music,24.2,Monday,Night,90.24,1.0,Neutral,47.7777,1,48.0
675931,Melody Mix,23.27,Music,73.89,Monday,Night,51.26,2.0,Neutral,18.3753,1,83.0
676520,Melody Mix,57.52,Music,28.33,Monday,Night,14.13,0.0,Positive,50.74083,1,38.0
679256,Melody Mix,39.51,Music,83.14,Monday,Night,0.0,3.0,Negative,30.79336,1,70.0
680182,Melody Mix,32.36,Music,68.98,Monday,Night,82.57,2.0,Neutral,15.73274,1,70.0
681639,Melody Mix,32.28,Music,21.72,Monday,Night,0.0,0.0,Negative,25.74659,1,31.0
681899,Melody Mix,29.1,Music,35.11,Monday,Night,36.95,2.0,Neutral,19.54847,1,70.0
684918,Melody Mix,69.73718452023121,Music,47.65,Monday,Night,20.32,1.0,Neutral,68.86583,1,1.0
685002,Melody Mix,76.78,Music,41.47,Monday,Night,0.0,3.0,Positive,36.16218,1,29.0
687224,Melody Mix,45.81,Music,82.07,Monday,Night,83.1,2.0,Negative,22.22276,1,27.0
688259,Melody Mix,63.9,Music,36.83,Monday,Night,85.27,2.0,Positive,34.92618,1,61.0
688355,Melody Mix,20.32,Music,36.32,Monday,Night,25.83,3.0,Positive,17.97,1,27.0
690011,Melody Mix,97.42,Music,41.18,Monday,Night,36.35,0.0,Positive,95.69759,1,69.0
690194,Melody Mix,69.73718452023121,Music,36.16,Monday,Night,51.25,0.0,Neutral,25.08028,1,42.0
690713,Melody Mix,109.9,Music,54.25,Monday,Night,31.18,0.0,Neutral,89.9592,1,70.0
692080,Melody Mix,114.98,Music,72.13,Monday,Night,0.0,3.0,Neutral,75.95,1,43.0
693085,Melody Mix,69.73718452023121,Music,38.09,Monday,Night,0.0,1.0,Neutral,51.4557,1,9.0
693424,Melody Mix,34.88,Music,58.61,Monday,Night,88.39,2.0,Positive,31.04805,1,86.0
695513,Melody Mix,26.36,Music,34.36,Monday,Night,91.62,2.0,Neutral,22.20961,1,63.0
695560,Melody Mix,45.39,Music,68.77,Monday,Night,22.2,2.0,Negative,33.06969,1,51.0
695679,Melody Mix,93.88,Music,32.5,Monday,Night,0.0,3.0,Positive,57.49432,1,46.0
697120,Melody Mix,69.73718452023121,Music,46.92,Monday,Night,87.67,0.0,Positive,20.88046,1,32.0
697277,Melody Mix,76.1,Music,37.16,Monday,Night,62.79,3.0,Positive,37.16729,1,27.0
698048,Melody Mix,61.3,Music,71.0,Monday,Night,38.7,1.0,Positive,55.05088,1,38.0
698892,Melody Mix,75.78,Music,84.62,Monday,Night,18.03,2.0,Positive,57.03103,1,72.0
699404,Melody Mix,79.04,Music,50.97,Monday,Night,87.17,3.0,Neutral,37.86321,1,98.0
699932,Melody Mix,112.69,Music,23.24,Monday,Night,23.72,2.0,Negative,84.03678,1,16.0
699997,Melody Mix,84.08,Music,52.77,Monday,Night,75.04,0.0,Neutral,49.51532,1,99.0
700149,Melody Mix,62.38,Music,32.0,Monday,Night,41.78,1.0,Negative,35.54943,1,41.0
702839,Melody Mix,30.89,Music,91.5,Monday,Night,0.0,2.0,Neutral,23.50029,1,17.0
703634,Melody Mix,69.73718452023121,Music,65.83,Monday,Night,88.63,1.0,Neutral,52.42293,1,37.0
703941,Melody Mix,102.89,Music,55.37,Monday,Night,44.15,2.0,Neutral,69.72094,1,92.0
704189,Melody Mix,117.75,Music,67.41,Monday,Night,27.23,1.0,Positive,70.78722,1,33.0
704376,Melody Mix,112.96,Music,32.39,Monday,Night,38.21,3.0,Neutral,51.10644,1,38.0
704442,Melody Mix,94.03,Music,60.45,Monday,Night,34.02,0.0,Neutral,58.15856,1,58.0
705735,Melody Mix,85.25,Music,82.14,Monday,Night,75.67,0.0,Positive,75.04583,1,91.0
709368,Melody Mix,119.57,Music,88.09,Monday,Night,67.96,1.0,Neutral,93.8033,1,70.0
711947,Melody Mix,57.03,Music,98.37,Monday,Night,31.23,0.0,Neutral,48.81059,1,85.0
713002,Melody Mix,42.92,Music,67.43,Monday,Night,2.26,2.0,Positive,29.23024,1,24.0
713212,Melody Mix,26.74,Music,44.36,Monday,Night,91.69,2.0,Neutral,22.20961,1,23.0
713660,Melody Mix,79.02,Music,49.02,Monday,Night,0.0,1.0,Positive,54.28631,1,67.0
716919,Melody Mix,51.11,Music,22.75,Monday,Night,1.99,2.0,Negative,34.78919,1,69.0
717033,Melody Mix,117.16,Music,27.16,Monday,Night,17.47,1.0,Neutral,84.93726,1,71.0
717241,Melody Mix,69.73718452023121,Music,64.83,Monday,Night,77.82,0.0,Positive,89.30442,1,15.0
718864,Melody Mix,113.58,Music,82.07,Monday,Night,67.87,1.0,Positive,106.37052,1,83.0
721091,Melody Mix,117.19,Music,42.11,Monday,Night,35.72,3.0,Neutral,80.64638,1,72.0
722525,Melody Mix,57.78,Music,86.79,Monday,Night,82.39,2.0,Neutral,30.62815,1,39.0
726522,Melody Mix,78.13,Music,78.47,Monday,Night,14.15,3.0,Negative,44.26946,1,69.0
727200,Melody Mix,59.9,Music,71.0,Monday,Night,38.0,1.0,Positive,55.05088,1,38.0
731013,Melody Mix,76.59,Music,33.2,Monday,Night,41.7,2.0,Neutral,40.61531,1,36.0
731396,Melody Mix,56.71,Music,39.77,Monday,Night,0.0,2.0,Negative,26.54374,1,30.0
731448,Melody Mix,26.69,Music,46.21,Monday,Night,0.0,2.0,Negative,21.59849,1,65.0
731813,Melody Mix,20.44,Music,34.44,Monday,Night,3.6,0.0,Neutral,12.59516,1,23.0
732764,Melody Mix,88.36,Music,42.37,Monday,Night,0.0,1.0,Neutral,65.92056,1,38.0
735138,Melody Mix,69.73718452023121,Music,80.3,Monday,Night,69.1,3.0,Positive,43.98602,1,73.0
738199,Melody Mix,16.0,Music,31.25,Monday,Night,52.04,1.0,Positive,8.43,1,44.0
738505,Melody Mix,78.97,Music,93.85,Monday,Night,0.0,3.0,Negative,53.46388,1,97.0
739970,Melody Mix,102.9,Music,37.8,Monday,Night,66.51,3.0,Neutral,70.14675,1,36.0
740334,Melody Mix,69.73718452023121,Music,81.08,Monday,Night,62.76,1.0,Negative,39.89,1,33.0
741484,Melody Mix,69.73718452023121,Music,70.23,Monday,Night,0.0,3.0,Positive,91.78446,1,1.0
741910,Melody Mix,69.73718452023121,Music,76.64,Monday,Night,2.64,0.0,Neutral,40.38441,1,10.0
744854,Melody Mix,114.34,Music,73.89,Monday,Night,12.17,3.0,Negative,87.98121,1,64.0
746139,Melody Mix,112.02,Music,73.36,Monday,Night,91.48,3.0,Negative,75.82,1,67.0
746507,Melody Mix,94.87,Music,33.29,Monday,Night,93.93,1.0,Positive,43.10652,1,53.0
746699,Melody Mix,19.3,Music,42.91,Monday,Night,0.0,2.0,Negative,10.28093,1,19.0
749291,Melody Mix,106.69,Music,37.21,Monday,Night,37.64,2.0,Negative,75.69692,1,71.0
750395,Melody Mix,84.57,True Crime,79.42,Monday,Night,62.94,1.0,Negative,,0,12.0
750606,Melody Mix,66.92,Music,86.52,Monday,Night,52.51,1.0,Positive,,0,51.0
751770,Melody Mix,111.56,Music,37.56,Monday,Night,0.0,1.0,Positive,,0,44.0
752806,Melody Mix,46.38,Music,92.56,Monday,Night,36.52,0.0,Positive,,0,10.0
753589,Melody Mix,91.28,Music,51.91,Monday,Night,52.4,2.0,Negative,,0,7.0
754082,Melody Mix,89.85,Music,40.81,Monday,Night,0.0,0.0,Neutral,,0,2.0
754310,Melody Mix,78.22,Music,88.18,Monday,Night,88.12,1.0,Neutral,,0,82.0
756222,Melody Mix,94.15,Music,82.09,Monday,Night,66.43,3.0,Negative,,0,5.0
757546,Melody Mix,102.51,Music,48.51,Monday,Night,72.52,3.0,Positive,,0,65.0
758462,Melody Mix,69.73718452023121,Music,46.99,Monday,Night,96.0,2.0,Neutral,,0,43.0
759668,Melody Mix,118.89,Music,90.76,Monday,Night,90.89,1.0,Negative,,0,49.0
764044,Melody Mix,82.28,Music,24.78,Monday,Night,9.96,3.0,Positive,,0,11.0
770058,Melody Mix,5.74,Music,86.75,Monday,Night,0.0,3.0,Neutral,,0,46.0
770063,Melody Mix,69.73718452023121,Music,75.99,Monday,Night,77.37,0.0,Negative,,0,53.0
771813,Melody Mix,59.49,Music,41.95,Monday,Night,55.02,1.0,Positive,,0,64.0
773763,Melody Mix,32.92,Music,55.15,Monday,Night,85.67,1.0,Positive,,0,65.0
773926,Melody Mix,75.21,Music,35.95,Monday,Night,0.0,1.0,Neutral,,0,44.0
774934,Melody Mix,101.87,Music,50.12,Monday,Night,77.72,0.0,Positive,,0,53.0
775147,Melody Mix,83.07,Music,65.9,Monday,Night,52.31,2.0,Positive,,0,35.0
775197,Melody Mix,15.97,Music,43.82,Monday,Night,63.48,1.0,Positive,,0,79.0
776126,Melody Mix,76.8,Music,54.79,Monday,Night,49.01,2.0,Negative,,0,33.0
776341,Melody Mix,69.73718452023121,Music,30.13,Monday,Night,67.92,0.0,Negative,,0,83.0
776841,Melody Mix,69.73718452023121,Music,25.44,Monday,Night,18.42,0.0,Negative,,0,89.0
777055,Melody Mix,63.61,Music,49.5,Monday,Night,63.86,3.0,Negative,,0,12.0
777237,Melody Mix,48.99,Music,57.02,Monday,Night,50.23,0.0,Positive,,0,36.0
779022,Melody Mix,40.54,Music,64.49,Monday,Night,79.97,3.0,Positive,,0,70.0
781148,Melody Mix,21.57,Music,28.47,Monday,Night,82.12,3.0,Neutral,,0,28.0
783717,Melody Mix,118.6,Music,80.24,Monday,Night,66.8,1.0,Neutral,,0,97.0
783863,Melody Mix,45.75,Music,46.36,Monday,Night,37.11,3.0,Positive,,0,41.0
784077,Melody Mix,69.73718452023121,Music,36.1,Monday,Night,70.51,3.0,Positive,,0,69.0
784404,Melody Mix,31.68,Music,30.51,Monday,Night,52.81,3.0,Neutral,,0,73.0
787829,Melody Mix,113.0,Music,89.61,Monday,Night,31.95,2.0,Negative,,0,81.0
788963,Melody Mix,36.04,Music,64.36,Monday,Night,0.0,2.0,Negative,,0,41.0
789483,Melody Mix,74.01,Music,69.28,Monday,Night,76.67,1.0,Negative,,0,90.0
790553,Melody Mix,30.87,Music,66.75,Monday,Night,0.0,1.0,Neutral,,0,61.0
790729,Melody Mix,94.21,Music,92.49,Monday,Night,42.84,1.0,Neutral,,0,93.0
791333,Melody Mix,68.44,Music,99.99,Monday,Night,84.6,0.0,Negative,,0,48.0
793591,Melody Mix,38.11,Music,82.82,Monday,Night,0.0,3.0,Negative,,0,87.0
794102,Melody Mix,71.71,Music,81.04,Monday,Night,89.37,0.0,Neutral,,0,12.0
794790,Melody Mix,85.99,Music,94.19,Monday,Night,0.0,3.0,Positive,,0,30.0
794920,Melody Mix,49.63,Music,78.71,Monday,Night,86.06,1.0,Negative,,0,6.0
796148,Melody Mix,69.73718452023121,Music,69.06,Monday,Night,31.22,1.0,Positive,,0,24.0
796186,Melody Mix,82.11,Music,73.81,Monday,Night,81.71,0.0,Negative,,0,41.0
796303,Melody Mix,27.18,Music,78.78,Monday,Night,92.07,0.0,Neutral,,0,69.0
796491,Melody Mix,82.72,Music,72.52,Monday,Night,82.67,3.0,Negative,,0,85.0
798288,Melody Mix,31.85,Music,67.54,Monday,Night,80.62,0.0,Neutral,,0,59.0
798533,Melody Mix,118.62,Music,90.84,Monday,Night,90.73,1.0,Negative,,0,49.0
801486,Melody Mix,36.95,Music,39.39,Monday,Night,93.49,1.0,Positive,,0,10.0
801578,Melody Mix,69.73718452023121,Music,79.8,Monday,Night,3.9,0.0,Positive,,0,36.0
802029,Melody Mix,19.98,Music,78.59,Monday,Night,78.12,1.0,Negative,,0,62.0
802328,Melody Mix,75.27,Music,55.72,Monday,Night,0.0,2.0,Negative,,0,62.0
804412,Melody Mix,61.68,Music,52.77,Monday,Night,45.79,3.0,Neutral,,0,94.0
804460,Melody Mix,32.29,Music,50.88,Monday,Night,0.0,1.0,Positive,,0,81.0
809084,Melody Mix,88.62,Music,75.77,Monday,Night,60.12,1.0,Negative,,0,81.0
811363,Melody Mix,107.02,Music,93.1,Monday,Night,0.0,2.0,Negative,,0,55.0
812240,Melody Mix,10.61,Music,73.79,Monday,Night,39.95,3.0,Negative,,0,1.0
813567,Melody Mix,113.03,Music,88.03,Monday,Night,34.19,2.0,Negative,,0,20.0
814159,Melody Mix,92.67,Music,70.72,Monday,Night,17.65,1.0,Positive,,0,20.0
816183,Melody Mix,78.28,Music,97.12,Monday,Night,30.7,0.0,Neutral,,0,45.0
817550,Melody Mix,92.31,Music,68.48,Monday,Night,71.67,0.0,Positive,,0,20.0
819066,Melody Mix,60.7,Music,64.96,Monday,Night,92.16,2.0,Neutral,,0,56.0
822089,Melody Mix,88.46,Music,63.47,Monday,Night,62.52,0.0,Neutral,,0,53.0
822253,Melody Mix,111.31,Music,97.65,Monday,Night,33.72,0.0,Negative,,0,57.0
822422,Melody Mix,84.85,True Crime,96.66,Monday,Night,62.38,1.0,Negative,,0,26.0
822504,Melody Mix,66.92,Music,86.63,Monday,Night,52.69,1.0,Neutral,,0,64.0
825243,Melody Mix,69.73718452023121,Music,52.47,Monday,Night,34.04,0.0,Positive,,0,90.0
826716,Melody Mix,110.03,Music,43.02,Monday,Night,73.98,3.0,Positive,,0,71.0
827311,Melody Mix,25.02,Music,78.21,Monday,Night,55.38,3.0,Negative,,0,100.0
827987,Melody Mix,59.93,Music,38.33,Monday,Night,35.83,3.0,Positive,,0,72.0
832779,Melody Mix,93.75,Music,86.94,Monday,Night,0.0,1.0,Negative,,0,73.0
834121,Melody Mix,118.59,Music,68.22,Monday,Night,25.82,2.0,Negative,,0,88.0
837448,Melody Mix,95.99,Music,75.65,Monday,Night,39.47,2.0,Negative,,0,27.0
838418,Melody Mix,97.61,Music,46.28,Monday,Night,71.53,2.0,Neutral,,0,98.0
841621,Melody Mix,101.46,Music,67.76,Monday,Night,71.46,2.0,Negative,,0,76.0
841889,Melody Mix,118.9,Music,76.74,Monday,Night,0.0,2.0,Neutral,,0,20.0
842849,Melody Mix,85.76,Music,96.75,Monday,Night,62.43,1.0,Positive,,0,26.0
843880,Melody Mix,36.06,Music,70.72,Monday,Night,12.78,0.0,Negative,,0,18.0
844147,Melody Mix,114.44,Music,72.74,Monday,Night,16.67,2.0,Negative,,0,96.0
844739,Melody Mix,94.07,Music,43.59,Monday,Night,60.62,3.0,Positive,,0,47.0
845615,Melody Mix,93.05,Music,60.44,Monday,Night,26.7,1.0,Negative,,0,7.0
845836,Melody Mix,87.55,Music,45.56,Monday,Night,87.32,3.0,Positive,,0,76.0
848269,Melody Mix,95.73,Music,28.23,Monday,Night,72.73,1.0,Neutral,,0,66.0
848411,Melody Mix,81.09,Music,61.54,Monday,Night,82.52,1.0,Negative,,0,24.0
853065,Melody Mix,31.06,Music,40.33,Monday,Night,36.33,0.0,Positive,,0,43.0
853845,Melody Mix,100.98,Music,20.98,Monday,Night,33.4,2.0,Negative,,0,60.0
854359,Melody Mix,17.82,Music,50.51,Monday,Night,6.04,1.0,Negative,,0,9.0
854720,Melody Mix,43.86,Music,44.19,Monday,Night,0.0,1.0,Positive,,0,78.0
855218,Melody Mix,107.47,Music,91.69,Monday,Night,47.81,0.0,Positive,,0,41.0
855701,Melody Mix,111.66,Music,79.71,Monday,Night,71.97,1.0,Positive,,0,62.0
857395,Melody Mix,95.38,Music,85.93,Monday,Night,0.0,0.0,Negative,,0,22.0
857958,Melody Mix,19.05,Music,27.35,Monday,Night,34.53,3.0,Positive,,0,19.0
858514,Melody Mix,32.29,Music,50.4,Monday,Night,0.0,1.0,Negative,,0,80.0
859260,Melody Mix,59.87,Music,68.0,Monday,Night,58.87,0.0,Neutral,,0,44.0
860108,Melody Mix,28.52,Music,29.89,Monday,Night,56.71,0.0,Neutral,,0,2.0
860731,Melody Mix,92.0,Music,72.78,Monday,Night,8.65,0.0,Positive,,0,25.0
861268,Melody Mix,116.65,Music,26.2,Monday,Night,80.57,1.0,Neutral,,0,96.0
862508,Melody Mix,32.61,Music,26.95,Monday,Night,38.91,0.0,Neutral,,0,38.0
863050,Melody Mix,60.18,Music,29.85,Monday,Night,29.87,1.0,Positive,,0,76.0
863260,Melody Mix,29.86,Music,95.51,Monday,Night,0.0,2.0,Negative,,0,4.0
865265,Melody Mix,62.38,Music,65.84,Monday,Night,79.27,0.0,Positive,,0,52.0
867267,Melody Mix,84.56,Music,97.74,Monday,Night,39.14,3.0,Positive,,0,29.0
868830,Melody Mix,38.21,Music,64.2,Monday,Night,2.19,2.0,Neutral,,0,64.0
868878,Melody Mix,14.39,Music,37.76,Monday,Night,97.39,1.0,Positive,,0,60.0
871338,Melody Mix,101.18,Music,58.98,Monday,Night,52.61,1.0,Positive,,0,55.0
872632,Melody Mix,32.45,Music,68.26,Monday,Night,66.21,3.0,Neutral,,0,58.0
872779,Melody Mix,69.73718452023121,Music,41.25,Monday,Night,94.88,1.0,Positive,,0,79.0
872890,Melody Mix,95.89,Music,75.35,Monday,Night,82.28,2.0,Positive,,0,25.0
873137,Melody Mix,44.04,Music,40.72,Monday,Night,91.39,3.0,Neutral,,0,86.0
873157,Melody Mix,111.83,Music,80.99,Monday,Night,85.29,1.0,Negative,,0,81.0
873992,Melody Mix,111.14,Music,30.23,Monday,Night,17.18,2.0,Positive,,0,34.0
874819,Melody Mix,118.74,Music,28.98,Monday,Night,90.79,1.0,Positive,,0,79.0
875378,Melody Mix,105.27,Music,58.94,Monday,Night,0.0,2.0,Positive,,0,92.0
876685,Melody Mix,118.75,Music,80.14,Monday,Night,23.97,1.0,Neutral,,0,97.0
877378,Melody Mix,77.62,Music,61.17,Monday,Night,22.18,1.0,Neutral,,0,5.0
877842,Melody Mix,48.38,Music,34.16,Monday,Night,0.34,0.0,Negative,,0,5.0
881031,Melody Mix,58.81,Music,38.74,Monday,Night,82.62,2.0,Positive,,0,72.0
881673,Melody Mix,55.91,Music,88.68,Monday,Night,76.11,0.0,Positive,,0,43.0
881865,Melody Mix,71.05,Music,27.3,Monday,Night,35.29,1.0,Positive,,0,35.0
882640,Melody Mix,76.89,Music,88.92,Monday,Night,47.41,0.0,Positive,,0,78.0
883141,Melody Mix,76.04,Music,61.0,Monday,Night,33.71,0.0,Positive,,0,31.0
883174,Melody Mix,69.73718452023121,Music,55.08,Monday,Night,35.15,1.0,Neutral,,0,56.0
883505,Melody Mix,93.58,Music,94.97,Monday,Night,62.97,3.0,Neutral,,0,49.0
884665,Melody Mix,69.19,Music,43.07,Monday,Night,58.16,2.0,Negative,,0,18.0
885094,Melody Mix,37.67,Music,62.59,Monday,Night,34.14,3.0,Neutral,,0,22.0
885246,Melody Mix,23.84,Music,91.9,Monday,Night,89.39,0.0,Positive,,0,60.0
888552,Melody Mix,6.89,Music,95.94,Monday,Night,73.51,0.0,Negative,,0,79.0
889451,Melody Mix,104.67,Music,78.87,Monday,Night,58.77,0.0,Negative,,0,94.0
889934,Melody Mix,44.45,Music,49.89,Monday,Night,20.18,1.0,Neutral,,0,49.0
890084,Melody Mix,96.93,Music,44.59,Monday,Night,51.98,3.0,Neutral,,0,64.0
890750,Melody Mix,30.04,Music,66.68,Monday,Night,82.42,1.0,Negative,,0,90.0
892286,Melody Mix,67.34,Music,29.63,Monday,Night,32.24,0.0,Neutral,,0,33.0
892651,Melody Mix,84.71,Music,62.27,Monday,Night,22.04,3.0,Negative,,0,62.0
893174,Melody Mix,69.73718452023121,Music,62.97,Monday,Night,90.63,2.0,Neutral,,0,61.0
893910,Melody Mix,69.73718452023121,Music,59.69,Monday,Night,90.75,3.0,Neutral,,0,45.0
901149,Melody Mix,80.38,Music,42.34,Monday,Night,1.2,3.0,Positive,,0,53.0
901630,Melody Mix,76.42,Music,34.85,Monday,Night,43.52,2.0,Neutral,,0,56.0
903936,Melody Mix,96.99,Music,85.16,Monday,Night,0.0,1.0,Negative,,0,36.0
905989,Melody Mix,42.87,Music,91.04,Monday,Night,16.73,2.0,Positive,,0,10.0
907697,Melody Mix,101.62,Music,60.45,Monday,Night,34.02,1.0,Neutral,,0,58.0
908864,Melody Mix,88.46,Music,63.47,Monday,Night,62.49,2.0,Neutral,,0,64.0
911463,Melody Mix,69.73718452023121,Music,80.24,Monday,Night,42.55,0.0,Positive,,0,10.0
911637,Melody Mix,31.98,Music,41.09,Monday,Night,2.83,3.0,Negative,,0,71.0
912139,Melody Mix,118.6,Music,82.74,Monday,Night,85.86,2.0,Neutral,,0,71.0
913496,Melody Mix,59.34,Music,32.11,Monday,Night,95.04,2.0,Neutral,,0,8.0
916711,Melody Mix,68.93,Music,23.05,Monday,Night,76.85,1.0,Neutral,,0,45.0
917249,Melody Mix,115.31,Music,49.45,Monday,Night,19.76,2.0,Positive,,0,48.0
917587,Melody Mix,109.65,Music,50.35,Monday,Night,64.06,0.0,Negative,,0,65.0
918238,Melody Mix,113.56,Music,82.07,Monday,Night,65.77,1.0,Positive,,0,83.0
919435,Melody Mix,100.02,Music,47.37,Monday,Night,0.0,1.0,Negative,,0,84.0
922122,Melody Mix,69.73718452023121,Music,56.07,Monday,Night,0.0,0.0,Positive,,0,32.0
922641,Melody Mix,26.87,Music,24.44,Monday,Night,96.64,2.0,Neutral,,0,51.0
923720,Melody Mix,107.9,Music,28.33,Monday,Night,67.23,2.0,Neutral,,0,84.0
926012,Melody Mix,76.78,Music,89.57,Monday,Night,5.1,1.0,Positive,,0,32.0
926710,Melody Mix,27.87,Music,91.29,Monday,Night,0.0,1.0,Neutral,,0,41.0
926875,Melody Mix,117.84,Music,71.83,Monday,Night,6.77,2.0,Positive,,0,72.0
928902,Melody Mix,69.73718452023121,Music,88.54,Monday,Night,21.2,1.0,Neutral,,0,34.0
929900,Melody Mix,76.86,Music,80.09,Monday,Night,13.21,0.0,Positive,,0,86.0
931125,Melody Mix,56.22,Music,63.41,Monday,Night,47.77,0.0,Negative,,0,5.0
931358,Melody Mix,9.96,Music,41.79,Monday,Night,79.48,1.0,Neutral,,0,72.0
932995,Melody Mix,28.56,Music,38.56,Monday,Night,0.0,3.0,Positive,,0,11.0
933191,Melody Mix,96.81,Music,60.08,Monday,Night,78.35,1.0,Neutral,,0,29.0
933819,Melody Mix,19.35,Music,73.2,Monday,Night,36.16,0.0,Positive,,0,36.0
933824,Melody Mix,51.31,Music,56.79,Monday,Night,75.02,0.0,Negative,,0,71.0
935111,Melody Mix,17.16,Music,67.16,Monday,Night,16.94,0.0,Negative,,0,79.0
935277,Melody Mix,85.47,Music,28.65,Monday,Night,13.75,3.0,Negative,,0,15.0
936295,Melody Mix,111.17,Music,85.31,Monday,Night,58.5,3.0,Negative,,0,28.0
936431,Melody Mix,56.41,Music,70.39,Monday,Night,16.46,3.0,Negative,,0,71.0
936975,Melody Mix,9.65,Music,63.26,Monday,Night,0.0,2.0,Negative,,0,25.0
937289,Melody Mix,9.58,Music,35.73,Monday,Night,0.0,1.0,Neutral,,0,56.0
938197,Melody Mix,22.99,Music,54.35,Monday,Night,93.23,0.0,Neutral,,0,79.0
938828,Melody Mix,117.71,Music,89.94,Monday,Night,95.6,1.0,Positive,,0,82.0
939096,Melody Mix,19.76,Music,52.66,Monday,Night,89.69,1.0,Negative,,0,83.0
940156,Melody Mix,98.46,Music,86.19,Monday,Night,0.0,1.0,Neutral,,0,99.0
941186,Melody Mix,93.06,Music,31.07,Monday,Night,97.52,3.0,Neutral,,0,15.0
944297,Melody Mix,91.13,Music,31.19,Monday,Night,83.57,2.0,Positive,,0,30.0
948022,Melody Mix,69.73718452023121,Music,40.55,Monday,Night,0.0,1.0,Positive,,0,67.0
949862,Melody Mix,118.41,Technology,90.01,Monday,Night,90.93,1.0,Negative,,0,49.0
950483,Melody Mix,112.96,Music,93.06,Monday,Night,9.77,0.0,Positive,,0,47.0
950709,Melody Mix,49.37,Music,64.56,Monday,Night,89.07,2.0,Neutral,,0,93.0
951747,Melody Mix,90.16,Music,90.69,Monday,Night,47.97,2.0,Positive,,0,87.0
951795,Melody Mix,54.96,Music,78.62,Monday,Night,84.41,0.0,Positive,,0,26.0
951911,Melody Mix,17.44,Music,91.97,Monday,Night,97.66,0.0,Positive,,0,60.0
952269,Melody Mix,103.4,Music,62.05,Monday,Night,66.3,0.0,Positive,,0,11.0
952475,Melody Mix,109.94,Music,28.72,Monday,Night,0.0,0.0,Neutral,,0,14.0
952969,Melody Mix,109.77,Music,56.53,Monday,Night,78.05,3.0,Neutral,,0,58.0
954908,Melody Mix,85.35,Music,42.31,Monday,Night,9.85,3.0,Negative,,0,17.0
956936,Melody Mix,27.26,Music,54.58,Monday,Night,13.46,3.0,Positive,,0,40.0
958285,Melody Mix,69.07,Music,36.93,Monday,Night,45.04,1.0,Positive,,0,65.0
960500,Melody Mix,88.69,Music,44.11,Monday,Night,59.05,1.0,Positive,,0,42.0
961667,Melody Mix,27.7,Music,63.9,Monday,Night,95.12,2.0,Negative,,0,23.0
963866,Melody Mix,118.97,Music,80.24,Monday,Night,23.97,1.0,Neutral,,0,97.0
964469,Melody Mix,85.92,Music,53.23,Monday,Night,41.49,2.0,Positive,,0,89.0
965517,Melody Mix,102.72,Music,62.46,Monday,Night,0.0,1.0,Neutral,,0,96.0
965574,Melody Mix,34.67,Music,91.72,Monday,Night,49.58,2.0,Positive,,0,76.0
966635,Melody Mix,107.83,Music,64.19,Monday,Night,55.51,3.0,Neutral,,0,29.0
968362,Melody Mix,94.51,Music,46.4,Monday,Night,96.28,3.0,Negative,,0,98.0
968923,Melody Mix,31.85,Music,88.82,Monday,Night,80.74,0.0,Neutral,,0,59.0
969015,Melody Mix,116.36,Music,68.18,Monday,Night,54.32,2.0,Neutral,,0,72.0
972511,Melody Mix,119.62,Music,92.36,Monday,Night,67.93,1.0,Neutral,,0,94.0
975440,Melody Mix,69.73718452023121,Music,92.09,Monday,Night,97.74,1.0,Neutral,,0,27.0
975839,Melody Mix,36.23,Music,81.49,Monday,Night,98.86,3.0,Positive,,0,75.0
976960,Melody Mix,86.91,Music,91.94,Monday,Night,23.75,2.0,Positive,,0,46.0
977282,Melody Mix,69.73718452023121,Music,90.0,Monday,Night,71.57,3.0,Neutral,,0,32.0
983092,Melody Mix,69.73718452023121,Music,50.4,Monday,Night,89.53,3.0,Neutral,,0,98.0
983982,Melody Mix,92.73,Music,90.41,Monday,Night,39.56,0.0,Negative,,0,24.0
985320,Melody Mix,101.86,Music,84.19,Monday,Night,32.88,2.0,Negative,,0,64.0
987410,Melody Mix,62.58,Music,78.0,Monday,Night,41.78,1.0,Negative,,0,37.0
987652,Melody Mix,76.72,Music,79.73,Monday,Night,42.66,1.0,Neutral,,0,5.0
988085,Melody Mix,40.11,Music,33.14,Monday,Night,39.37,0.0,Negative,,0,49.0
988149,Melody Mix,66.92,Music,95.42,Monday,Night,42.69,1.0,Neutral,,0,64.0
988755,Melody Mix,94.97,Music,69.54,Monday,Night,51.39,0.0,Positive,,0,9.0
989225,Melody Mix,27.8,Music,88.34,Monday,Night,3.24,2.0,Positive,,0,90.0
989405,Melody Mix,97.42,Music,41.18,Monday,Night,55.36,0.0,Negative,,0,85.0
990168,Melody Mix,7.8,Music,73.58,Monday,Night,0.0,2.0,Neutral,,0,31.0
991231,Melody Mix,110.18,Music,78.49,Monday,Night,93.42,3.0,Neutral,,0,81.0
991799,Melody Mix,92.71,Music,20.51,Monday,Night,41.1,2.0,Neutral,,0,34.0
994329,Melody Mix,89.05,Music,72.08,Monday,Night,85.05,1.0,Neutral,,0,25.0
995060,Melody Mix,104.31,Music,28.2,Monday,Night,0.0,0.0,Neutral,,0,78.0
998401,Melody Mix,87.08,Music,45.42,Monday,Night,76.19,2.0,Neutral,,0,87.0
998410,Melody Mix,101.77,Music,68.72,Monday,Night,28.18,3.0,Positive,,0,71.0
999193,Melody Mix,52.51,Music,37.92,Monday,Night,0.0,3.0,Negative,,0,58.0
999397,Melody Mix,114.98,Music,52.72,Monday,Night,70.78,1.0,Neutral,,0,9.0
999434,Melody Mix,101.97,Music,46.06,Monday,Night,0.0,3.0,Positive,,0,88.0
999458,Melody Mix,36.43,Music,72.61,Monday,Night,34.62,2.0,Negative,,0,94.0
999919,Melody Mix,33.16,Music,52.43,Monday,Night,41.58,0.0,Positive,,0,94.0
