id,Podcast_Name,Episode_Length_minutes,Genre,Host_Popularity_percentage,Publication_Day,Publication_Time,Guest_Popularity_percentage,Number_of_Ads,Episode_Sentiment,Listening_Time_minutes,is_train,Episode_Number
163,Melody Mix,117.71,Music,20.73,Saturday,Evening,87.38,0.0,Positive,91.7265,1,17.0
276,Melody Mix,9.7,Music,58.28,Saturday,Evening,43.37,3.0,Neutral,0.0,1,59.0
379,Melody Mix,89.93,Music,42.37,Saturday,Evening,5.69,2.0,Negative,56.70675,1,56.0
1569,Melody Mix,99.34,Music,69.36,Saturday,Evening,0.0,1.0,Negative,55.17423,1,28.0
1816,Melody Mix,85.67,Music,59.95,Saturday,Evening,83.14,1.0,Negative,64.61905,1,36.0
3347,Melody Mix,119.83,Music,69.69,Saturday,Evening,17.0,0.0,Positive,119.97,1,15.0
5200,Melody Mix,49.3,Music,88.24,Saturday,Evening,0.0,1.0,Positive,42.69369,1,24.0
6074,Melody Mix,57.63,Music,64.85,Saturday,Evening,34.71,1.0,Negative,45.91996,1,85.0
6943,Melody Mix,113.99,Music,24.92,Saturday,Evening,81.08,2.0,Negative,90.49,1,45.0
6985,Melody Mix,76.07,Music,87.3,Saturday,Evening,85.36,0.0,Positive,56.09609,1,54.0
10012,Melody Mix,67.17227482678985,Music,77.05,Saturday,Evening,39.29,3.0,Positive,83.58731,1,10.0
10092,Melody Mix,75.06,Music,33.62,Saturday,Evening,63.61,0.0,Positive,48.73687,1,12.0
10103,Melody Mix,67.17227482678985,Music,77.5,Saturday,Evening,28.1,3.0,Negative,57.64972,1,82.0
10859,Melody Mix,27.39,Music,25.14,Saturday,Evening,50.33,2.0,Neutral,18.79856,1,25.0
16398,Melody Mix,85.37,Music,85.39,Saturday,Evening,42.38,2.0,Positive,53.59619,1,9.0
16862,Melody Mix,64.51,Music,29.27,Saturday,Evening,59.7,1.0,Neutral,48.48156,1,37.0
17276,Melody Mix,50.75,Music,20.91,Saturday,Evening,10.34,1.0,Negative,29.89868,1,49.0
18641,Melody Mix,51.19,Music,36.72,Saturday,Evening,43.81,1.0,Neutral,41.46303,1,80.0
20152,Melody Mix,76.22,Music,93.87,Saturday,Evening,93.62,2.0,Neutral,61.00482,1,44.0
20763,Melody Mix,110.33,Music,20.34,Saturday,Evening,32.77,0.0,Negative,86.01262,1,86.0
21923,Melody Mix,39.11,Music,29.62,Saturday,Evening,54.53,0.0,Negative,36.7989,1,82.0
23048,Melody Mix,32.41,Music,62.65,Saturday,Evening,59.28,1.0,Negative,16.56274,1,5.0
24683,Melody Mix,58.09,Music,92.15,Saturday,Evening,93.26,2.0,Negative,46.59618,1,92.0
25821,Melody Mix,73.07,Music,57.22,Saturday,Evening,32.64,2.0,Positive,41.47508,1,97.0
26953,Melody Mix,16.17,Music,89.65,Saturday,Evening,95.16,1.0,Negative,11.92964,1,67.0
30640,Melody Mix,55.73,Music,22.23,Saturday,Evening,82.32,3.0,Neutral,34.07075,1,63.0
30654,Melody Mix,119.9,Music,83.17,Saturday,Evening,51.75,3.0,Neutral,100.28947,1,63.0
32239,Melody Mix,93.54,Music,34.56,Saturday,Evening,84.0,1.0,Neutral,51.025,1,45.0
33040,Melody Mix,85.37,Music,23.81,Saturday,Evening,65.57,0.0,Neutral,53.02569,1,65.0
33180,Melody Mix,41.87,Music,36.72,Saturday,Evening,43.81,1.0,Neutral,41.46303,1,80.0
33357,Melody Mix,77.02,Music,88.55,Saturday,Evening,82.62,1.0,Negative,63.40826,1,20.0
36833,Melody Mix,24.3,Music,97.11,Saturday,Evening,0.0,3.0,Negative,20.47683,1,12.0
36894,Melody Mix,76.5,Music,51.42,Saturday,Evening,26.35,2.0,Positive,74.37227,1,2.0
37433,Melody Mix,27.23,Music,58.48,Saturday,Evening,37.86,2.0,Negative,20.21248,1,84.0
37634,Melody Mix,23.74,Music,54.13,Saturday,Evening,72.81,0.0,Positive,6.7225,1,87.0
38639,Melody Mix,34.52,Music,96.04,Saturday,Evening,0.0,0.0,Neutral,25.8861,1,49.0
38644,Melody Mix,98.22,Music,82.04,Saturday,Evening,20.71,1.0,Positive,82.51483,1,43.0
38971,Melody Mix,111.67,Music,93.37,Saturday,Evening,95.81,1.0,Negative,105.48,1,33.0
41588,Melody Mix,86.28,Music,94.82,Saturday,Evening,62.92,0.0,Positive,56.98769,1,41.0
42315,Melody Mix,67.17227482678985,Music,80.26,Saturday,Evening,64.27,0.0,Neutral,97.14744,1,32.0
42908,Melody Mix,93.38,Music,50.68,Saturday,Evening,67.29,1.0,Neutral,87.04396,1,30.0
43016,Melody Mix,80.58,Music,58.63,Saturday,Evening,0.0,1.0,Neutral,49.02016,1,22.0
43356,Melody Mix,109.64,Music,35.84,Saturday,Evening,38.83,0.0,Positive,89.9072,1,3.0
43593,Melody Mix,34.29,Music,82.18,Saturday,Evening,17.27,3.0,Negative,23.94517,1,82.0
43740,Melody Mix,67.17227482678985,Music,98.76,Saturday,Evening,61.04,3.0,Neutral,66.63842,1,49.0
43855,Melody Mix,22.99,Music,81.13,Saturday,Evening,42.29,1.0,Neutral,19.16684,1,89.0
45190,Melody Mix,119.66,Music,46.89,Saturday,Evening,61.78,0.0,Negative,74.55274,1,65.0
45909,Melody Mix,109.42,Music,65.75,Saturday,Evening,39.08,3.0,Positive,79.5463,1,46.0
46596,Melody Mix,99.23,Music,30.7,Saturday,Evening,79.59,3.0,Negative,87.65566,1,67.0
47058,Melody Mix,107.4,Music,34.43,Saturday,Evening,56.51,3.0,Negative,54.29369,1,73.0
49923,Melody Mix,55.02,Music,96.78,Saturday,Evening,50.39,1.0,Positive,41.10849,1,64.0
51986,Melody Mix,100.61,Music,56.12,Saturday,Evening,43.56,1.0,Positive,74.10176,1,7.0
52211,Melody Mix,64.34,Music,86.73,Saturday,Evening,75.59,2.0,Negative,47.6229,1,56.0
55596,Melody Mix,114.06,Music,88.42,Saturday,Evening,48.88,3.0,Negative,87.03305,1,12.0
55688,Melody Mix,82.98,Music,92.39,Saturday,Evening,84.23,1.0,Negative,65.88452,1,47.0
58315,Melody Mix,33.33,Music,58.57,Saturday,Evening,85.82,2.0,Negative,19.96,1,65.0
58343,Melody Mix,15.65,Music,27.83,Saturday,Evening,69.9,3.0,Neutral,7.44,1,4.0
58346,Melody Mix,67.17227482678985,Music,77.98,Saturday,Evening,69.98,2.0,Negative,88.24452,1,21.0
59921,Melody Mix,63.68,Music,39.77,Saturday,Evening,87.61,2.0,Negative,47.60015,1,91.0
60120,Melody Mix,85.57,Music,77.11,Saturday,Evening,26.44,2.0,Positive,47.88659,1,48.0
61727,Melody Mix,95.87,Music,46.17,Saturday,Evening,91.17,1.0,Positive,60.07836,1,86.0
62465,Melody Mix,26.3,Music,56.3,Saturday,Evening,22.34,3.0,Positive,12.54206,1,13.0
64318,Melody Mix,33.61,Music,75.15,Saturday,Evening,23.46,2.0,Neutral,27.87,1,33.0
65175,Melody Mix,67.17227482678985,Music,68.73,Saturday,Evening,0.0,0.0,Neutral,78.46514,1,16.0
65433,Melody Mix,44.59,Music,74.9,Saturday,Evening,93.19,0.0,Negative,35.39879,1,71.0
66141,Melody Mix,62.94,Music,90.94,Saturday,Evening,42.17,0.0,Neutral,44.08375,1,54.0
66312,Melody Mix,67.17227482678985,Music,20.8,Saturday,Evening,10.96,0.0,Neutral,28.79898,1,100.0
66347,Melody Mix,53.96,Music,83.67,Saturday,Evening,75.69,0.0,Neutral,41.33387,1,59.0
66672,Melody Mix,50.6,Music,63.95,Saturday,Evening,15.18,3.0,Neutral,39.34,1,92.0
70232,Melody Mix,102.37,Music,24.24,Saturday,Evening,42.17,1.0,Neutral,59.06371,1,19.0
71154,Melody Mix,108.41,Music,43.73,Saturday,Evening,30.36,0.0,Neutral,61.96954,1,56.0
71161,Melody Mix,102.83,Music,47.55,Saturday,Evening,58.17,3.0,Neutral,58.11556,1,10.0
71215,Melody Mix,97.84,Music,63.58,Saturday,Evening,62.93,2.0,Negative,49.47274,1,5.0
71397,Melody Mix,35.57,Music,69.64,Saturday,Evening,23.17,0.0,Negative,21.84553,1,98.0
74350,Melody Mix,62.94,Music,48.26,Saturday,Evening,79.75,2.0,Neutral,35.11072,1,73.0
74590,Melody Mix,106.15,Music,92.84,Saturday,Evening,0.0,0.0,Positive,56.50627,1,92.0
75236,Melody Mix,37.92,Music,62.04,Saturday,Evening,0.0,0.0,Positive,21.05,1,96.0
75817,Melody Mix,17.48,Music,99.03,Saturday,Evening,31.15,2.0,Neutral,8.42776,1,77.0
76192,Melody Mix,82.19,Music,92.12,Saturday,Evening,0.0,1.0,Negative,53.29857,1,40.0
76193,Melody Mix,71.38,Music,25.17,Saturday,Evening,9.49,1.0,Positive,60.90876,1,87.0
76293,Melody Mix,84.15,Music,29.51,Saturday,Evening,91.9,1.0,Negative,57.0464,1,57.0
77587,Melody Mix,75.45,Music,77.84,Saturday,Evening,92.09,2.0,Negative,32.49749,1,8.0
77591,Melody Mix,119.45,Music,88.38,Saturday,Evening,92.21,1.0,Negative,100.6974,1,43.0
77724,Melody Mix,119.45,Music,33.35,Saturday,Evening,0.0,0.0,Positive,95.18459,1,8.0
78796,Melody Mix,49.26,Music,36.01,Saturday,Evening,52.18,2.0,Negative,28.55876,1,62.0
79146,Melody Mix,67.17227482678985,Music,28.63,Saturday,Evening,41.39,0.0,Neutral,74.96008,1,19.0
80082,Melody Mix,67.17227482678985,Music,58.63,Saturday,Evening,0.0,2.0,Negative,17.03371,1,48.0
81333,Melody Mix,49.06,Music,84.2,Saturday,Evening,0.0,1.0,Positive,48.03484,1,89.0
82740,Melody Mix,67.17227482678985,Music,39.69,Saturday,Evening,0.0,1.0,Neutral,0.0,1,37.0
83225,Melody Mix,67.17227482678985,Music,88.19,Saturday,Evening,19.17,0.0,Negative,70.0367,1,17.0
84954,Melody Mix,67.17227482678985,Music,99.12,Saturday,Evening,42.69,0.0,Positive,15.69854,1,3.0
93837,Melody Mix,30.97,Music,68.63,Saturday,Evening,88.63,3.0,Neutral,13.85,1,61.0
94863,Melody Mix,67.17227482678985,Music,91.04,Saturday,Evening,81.73,3.0,Neutral,86.78321,1,43.0
96637,Melody Mix,34.39,Music,42.23,Saturday,Evening,90.96,1.0,Negative,15.1105,1,62.0
96998,Melody Mix,38.46,Music,52.48,Saturday,Evening,1.2,3.0,Negative,20.74528,1,82.0
99676,Melody Mix,97.27,Music,97.15,Saturday,Evening,45.25,0.0,Positive,96.34416,1,84.0
99965,Melody Mix,119.89,Music,20.83,Saturday,Evening,61.05,0.0,Negative,74.55274,1,71.0
100310,Melody Mix,54.85,Music,40.28,Saturday,Evening,64.99,1.0,Negative,39.4429,1,12.0
100671,Melody Mix,49.9,Music,67.11,Saturday,Evening,53.86,2.0,Neutral,21.84553,1,7.0
101920,Melody Mix,25.91,Music,88.74,Saturday,Evening,0.0,2.0,Neutral,24.92868,1,75.0
102643,Melody Mix,63.57,Music,80.79,Saturday,Evening,25.76,2.0,Negative,32.06394,1,62.0
104722,Melody Mix,41.58,Music,95.37,Saturday,Evening,0.0,0.0,Neutral,22.8861,1,49.0
104861,Melody Mix,87.28,Music,24.92,Saturday,Evening,82.13,1.0,Positive,74.36739,1,15.0
106144,Melody Mix,30.34,Music,54.83,Saturday,Evening,0.0,2.0,Negative,15.14864,1,64.0
106149,Melody Mix,98.65,Music,58.78,Saturday,Evening,9.66,2.0,Neutral,51.07275,1,80.0
106411,Melody Mix,77.84,Music,62.19,Saturday,Evening,89.08,1.0,Positive,43.22945,1,59.0
108634,Melody Mix,41.06,Music,53.13,Saturday,Evening,56.15,2.0,Negative,25.17625,1,71.0
112536,Melody Mix,39.1,Music,86.29,Saturday,Evening,93.21,3.0,Positive,18.98328,1,58.0
113731,Melody Mix,108.79,Music,82.41,Saturday,Evening,30.18,1.0,Neutral,100.42,1,46.0
114054,Melody Mix,73.42,Music,28.66,Saturday,Evening,55.35,1.0,Positive,67.63,1,64.0
114432,Melody Mix,73.91,Music,87.6,Saturday,Evening,47.23,2.0,Neutral,56.23676,1,72.0
114475,Melody Mix,47.16,Music,20.69,Saturday,Evening,93.05,3.0,Neutral,26.33402,1,49.0
114494,Melody Mix,102.97,Music,38.39,Saturday,Evening,10.48,0.0,Negative,61.96954,1,33.0
115930,Melody Mix,96.77,Music,70.85,Saturday,Evening,28.71,3.0,Negative,89.15079,1,84.0
119971,Melody Mix,21.48,Music,85.99,Saturday,Evening,38.19,0.0,Negative,13.64379,1,55.0
121754,Melody Mix,37.85,Music,41.85,Saturday,Evening,0.0,3.0,Positive,18.97112,1,67.0
121776,Melody Mix,96.79,Music,91.61,Saturday,Evening,16.91,1.0,Positive,74.48837,1,50.0
123442,Melody Mix,66.75,Music,33.75,Saturday,Evening,1.84,2.0,Neutral,40.85708,1,40.0
124149,Melody Mix,33.47,Music,57.18,Saturday,Evening,89.71,3.0,Negative,16.73071,1,16.0
124655,Melody Mix,111.7,Music,57.32,Saturday,Evening,49.62,3.0,Positive,45.97309,1,96.0
127714,Melody Mix,67.17227482678985,Music,84.23,Saturday,Evening,19.69,0.0,Negative,70.03696,1,42.0
128787,Melody Mix,100.42,Music,70.01,Saturday,Evening,0.0,3.0,Negative,65.08269,1,11.0
129140,Melody Mix,34.52,Music,39.12,Saturday,Evening,0.0,0.0,Neutral,25.8861,1,49.0
131024,Melody Mix,67.17227482678985,Music,30.32,Saturday,Evening,90.7,0.0,Positive,105.86,1,82.0
132395,Melody Mix,55.02,Music,89.61,Saturday,Evening,50.39,1.0,Positive,41.10849,1,64.0
133288,Melody Mix,102.68,Music,56.63,Saturday,Evening,79.57,1.0,Neutral,53.09,1,75.0
135328,Melody Mix,75.79,Music,85.54,Saturday,Evening,82.17,1.0,Neutral,54.15774,1,26.0
135839,Melody Mix,57.59,Music,64.85,Saturday,Evening,64.69,1.0,Negative,45.91996,1,55.0
137063,Melody Mix,50.22,Music,49.31,Saturday,Evening,67.93,3.0,Neutral,24.08612,1,81.0
137759,Melody Mix,82.55,Music,61.33,Saturday,Evening,27.73,0.0,Negative,60.72718,1,88.0
140263,Melody Mix,98.81,Music,76.79,Saturday,Evening,46.1,0.0,Negative,68.79636,1,37.0
141235,Melody Mix,36.59,Music,67.87,Saturday,Evening,76.33,2.0,Positive,22.70646,1,16.0
141354,Melody Mix,15.24,Music,80.25,Saturday,Evening,95.63,0.0,Positive,2.94442,1,34.0
142040,Melody Mix,54.85,Music,65.39,Saturday,Evening,70.29,1.0,Negative,39.4429,1,12.0
142108,Melody Mix,62.18,Music,98.69,Saturday,Evening,34.77,0.0,Negative,54.14297,1,65.0
142433,Melody Mix,86.01,Music,49.87,Saturday,Evening,39.38,0.0,Neutral,62.0601,1,21.0
143031,Melody Mix,18.5,Music,46.53,Saturday,Evening,13.44,3.0,Negative,16.4019,1,46.0
143748,Melody Mix,114.99,Music,94.72,Saturday,Evening,0.0,2.0,Negative,103.95,1,52.0
143800,Melody Mix,67.17227482678985,Music,69.38,Saturday,Evening,99.9,2.0,Positive,25.9839,1,42.0
143920,Melody Mix,104.18,Music,91.16,Saturday,Evening,69.31,1.0,Positive,90.525,1,4.0
144126,Melody Mix,61.47,Music,83.94,Saturday,Evening,43.19,1.0,Positive,34.30265,1,76.0
144248,Melody Mix,106.51,Music,68.17,Saturday,Evening,0.0,0.0,Negative,60.67179,1,55.0
144326,Melody Mix,103.04,Music,97.16,Saturday,Evening,0.0,0.0,Positive,70.31543,1,7.0
146210,Melody Mix,57.97,Music,29.12,Saturday,Evening,0.0,1.0,Positive,53.94955,1,63.0
146343,Melody Mix,62.59,Music,69.66,Saturday,Evening,83.19,1.0,Neutral,53.75969,1,37.0
146537,Melody Mix,40.17,Music,32.07,Saturday,Evening,7.17,0.0,Negative,36.07431,1,9.0
146843,Melody Mix,44.98,Music,27.67,Saturday,Evening,0.0,0.0,Neutral,26.19,1,27.0
148265,Melody Mix,104.57,Music,88.98,Saturday,Evening,60.49,0.0,Neutral,75.46955,1,11.0
152875,Melody Mix,67.17227482678985,Music,26.48,Saturday,Evening,71.15,1.0,Negative,44.14286,1,20.0
153617,Melody Mix,117.52,Music,26.52,Saturday,Evening,0.0,1.0,Negative,91.81855,1,81.0
153735,Melody Mix,29.09,Music,78.16,Saturday,Evening,90.5,0.0,Positive,9.11819,1,32.0
154899,Melody Mix,46.08,Music,56.5,Saturday,Evening,0.0,3.0,Positive,22.54275,1,72.0
154943,Melody Mix,67.17227482678985,Music,24.04,Saturday,Evening,0.0,3.0,Positive,55.5703,1,21.0
155135,Melody Mix,87.57,Music,64.82,Saturday,Evening,11.45,1.0,Neutral,72.95684,1,56.0
156542,Melody Mix,86.4,Music,93.69,Saturday,Evening,23.28,0.0,Negative,66.8387,1,78.0
157185,Melody Mix,19.43,Music,39.72,Saturday,Evening,58.58,3.0,Positive,6.03,1,72.0
157417,Melody Mix,42.32,Music,42.39,Saturday,Evening,36.73,0.0,Negative,21.15717,1,45.0
160600,Melody Mix,109.64,Music,95.93,Saturday,Evening,0.0,1.0,Positive,79.82262,1,90.0
162708,Melody Mix,99.94,Music,91.38,Saturday,Evening,91.63,1.0,Negative,89.62736,1,40.0
164094,Melody Mix,67.17227482678985,Music,77.57,Saturday,Evening,77.03,0.0,Negative,85.9873,1,66.0
164700,Melody Mix,66.53,Music,98.69,Saturday,Evening,34.77,0.0,Negative,54.14297,1,65.0
165369,Melody Mix,70.08,Music,59.24,Saturday,Evening,0.0,2.0,Neutral,43.52636,1,32.0
165478,Melody Mix,19.56,Music,28.39,Saturday,Evening,72.54,1.0,Negative,11.41,1,64.0
166442,Melody Mix,112.24,Music,24.25,Saturday,Evening,78.71,2.0,Negative,84.03678,1,48.0
168551,Melody Mix,85.11,Music,98.02,Saturday,Evening,35.03,1.0,Negative,56.5787,1,5.0
170287,Melody Mix,61.47,Music,83.94,Saturday,Evening,48.19,1.0,Positive,34.30265,1,76.0
171795,Melody Mix,14.35,Music,70.51,Saturday,Evening,0.0,0.0,Negative,10.72976,1,43.0
172347,Melody Mix,23.88,Music,32.77,Saturday,Evening,61.58,1.0,Neutral,19.67554,1,41.0
172441,Melody Mix,113.74,Music,61.16,Saturday,Evening,19.57,2.0,Negative,103.21,1,60.0
172590,Melody Mix,50.31,Music,66.99,Saturday,Evening,57.14,1.0,Negative,36.15,1,70.0
173422,Melody Mix,102.74,Music,80.26,Saturday,Evening,87.82,3.0,Positive,48.41402,1,37.0
175108,Melody Mix,30.91,Music,73.91,Saturday,Evening,67.54,3.0,Negative,18.26267,1,17.0
175879,Melody Mix,66.28,Music,57.33,Saturday,Evening,75.51,0.0,Negative,43.99604,1,77.0
177752,Melody Mix,61.6,Music,51.22,Saturday,Evening,51.29,0.0,Negative,41.41106,1,50.0
178216,Melody Mix,49.9,Music,83.04,Saturday,Evening,53.66,2.0,Neutral,21.84553,1,13.0
179004,Melody Mix,73.48,Music,54.78,Saturday,Evening,91.16,0.0,Positive,40.00603,1,61.0
180600,Melody Mix,50.19,Music,49.76,Saturday,Evening,0.0,0.0,Negative,43.61116,1,36.0
180842,Melody Mix,84.26,Music,88.99,Saturday,Evening,7.97,1.0,Positive,73.9014,1,29.0
182101,Melody Mix,99.65,Music,62.29,Saturday,Evening,0.0,2.0,Neutral,62.77502,1,84.0
183633,Melody Mix,89.11,Music,86.35,Saturday,Evening,90.75,2.0,Neutral,69.28141,1,95.0
184490,Melody Mix,45.81,Music,34.01,Saturday,Evening,62.77,0.0,Negative,44.80274,1,9.0
184847,Melody Mix,68.07,Music,43.56,Saturday,Evening,38.93,3.0,Negative,55.89358,1,13.0
185532,Melody Mix,39.81,Music,31.24,Saturday,Evening,96.98,1.0,Positive,14.8927,1,4.0
186809,Melody Mix,34.41,Music,62.39,Saturday,Evening,90.84,1.0,Negative,15.1105,1,62.0
187618,Melody Mix,8.54,Music,39.76,Saturday,Evening,0.0,1.0,Positive,0.0,1,13.0
188255,Melody Mix,109.36,Music,68.26,Saturday,Evening,0.0,0.0,Positive,92.75959,1,74.0
188397,Melody Mix,18.86,Music,82.5,Saturday,Evening,3.13,3.0,Neutral,11.99337,1,81.0
188611,Melody Mix,30.16,Music,41.65,Saturday,Evening,86.06,3.0,Negative,22.02875,1,57.0
189374,Melody Mix,65.33,Music,42.38,Saturday,Evening,48.33,1.0,Neutral,44.17617,1,42.0
189615,Melody Mix,18.18,Music,86.79,Saturday,Evening,47.27,0.0,Positive,4.39224,1,67.0
190748,Melody Mix,102.22,Music,27.74,Saturday,Evening,61.47,2.0,Neutral,67.08698,1,98.0
195462,Melody Mix,99.4,Music,97.3,Saturday,Evening,52.84,1.0,Positive,93.4174,1,45.0
197579,Melody Mix,37.47,Music,73.06,Saturday,Evening,43.69,1.0,Negative,28.30488,1,92.0
197980,Melody Mix,19.83,Music,47.49,Saturday,Evening,68.48,0.0,Positive,10.72976,1,80.0
198603,Melody Mix,42.32,Music,42.39,Saturday,Evening,8.9,0.0,Negative,21.15717,1,43.0
200423,Melody Mix,62.38,Music,81.99,Saturday,Evening,9.35,0.0,Neutral,52.70309,1,71.0
200441,Melody Mix,32.4,Music,78.72,Saturday,Evening,82.56,2.0,Positive,28.69974,1,69.0
200738,Melody Mix,62.59,Music,55.23,Saturday,Evening,22.62,1.0,Neutral,53.75949,1,31.0
203412,Melody Mix,65.01,Music,32.68,Saturday,Evening,28.38,1.0,Neutral,48.10763,1,19.0
203983,Melody Mix,109.51,Music,33.71,Saturday,Evening,67.12,1.0,Negative,103.84,1,41.0
204737,Melody Mix,23.48,Music,64.65,Saturday,Evening,61.12,1.0,Negative,16.56274,1,58.0
204886,Melody Mix,97.81,Music,49.54,Saturday,Evening,0.0,3.0,Neutral,53.23816,1,43.0
207509,Melody Mix,115.52,Music,55.15,Saturday,Evening,2.16,2.0,Neutral,59.60799,1,28.0
207835,Melody Mix,44.76,Music,95.64,Saturday,Evening,97.16,1.0,Positive,37.02884,1,9.0
209302,Melody Mix,57.07,Music,29.12,Saturday,Evening,0.0,1.0,Positive,53.94955,1,63.0
210700,Melody Mix,12.58,Music,46.75,Saturday,Evening,38.08,0.0,Neutral,10.43967,1,87.0
211789,Melody Mix,32.65,Music,58.48,Saturday,Evening,49.64,1.0,Negative,16.56274,1,63.0
211919,Melody Mix,29.04,Music,60.42,Saturday,Evening,50.78,1.0,Positive,13.87,1,16.0
213941,Melody Mix,115.05,Music,64.68,Saturday,Evening,97.47,0.0,Positive,70.22138,1,95.0
214493,Melody Mix,76.73,Music,85.39,Saturday,Evening,15.65,0.0,Neutral,47.68374,1,30.0
214662,Melody Mix,80.22,Music,64.69,Saturday,Evening,87.67,2.0,Positive,53.64156,1,87.0
215431,Melody Mix,71.48,Music,36.78,Saturday,Evening,32.01,2.0,Neutral,54.70145,1,70.0
215882,Melody Mix,18.82,Music,93.41,Saturday,Evening,66.81,2.0,Positive,10.26497,1,18.0
216976,Melody Mix,67.17227482678985,Music,77.26,Saturday,Evening,21.26,2.0,Negative,45.47445,1,34.0
217097,Melody Mix,90.11,Music,72.36,Saturday,Evening,20.81,2.0,Neutral,72.65868,1,18.0
219318,Melody Mix,8.47,Music,89.15,Saturday,Evening,1.79,1.0,Negative,0.0,1,77.0
220423,Melody Mix,114.67,Music,35.19,Saturday,Evening,0.0,3.0,Neutral,68.2089,1,59.0
222671,Melody Mix,66.35,Music,42.45,Saturday,Evening,21.45,3.0,Neutral,46.01617,1,19.0
225803,Melody Mix,85.75,Music,58.97,Saturday,Evening,50.2,1.0,Neutral,82.80681,1,35.0
227857,Melody Mix,104.35,Music,32.55,Saturday,Evening,69.83,2.0,Positive,49.68138,1,73.0
228421,Melody Mix,67.17227482678985,Music,50.57,Saturday,Evening,79.66,3.0,Negative,103.44252,1,68.0
228426,Melody Mix,62.9,Music,60.85,Saturday,Evening,79.75,2.0,Neutral,35.11072,1,72.0
230038,Melody Mix,67.17227482678985,Music,25.47,Saturday,Evening,42.78,2.0,Positive,42.28578,1,71.0
230215,Melody Mix,42.84,Music,79.6,Saturday,Evening,89.02,1.0,Negative,29.6289,1,54.0
230529,Melody Mix,76.81,Music,93.28,Saturday,Evening,62.71,1.0,Negative,54.95202,1,35.0
231989,Melody Mix,67.17227482678985,Music,98.0,Saturday,Evening,0.0,2.0,Positive,90.46441,1,32.0
232034,Melody Mix,19.12,Music,51.43,Saturday,Evening,0.0,3.0,Positive,16.28,1,60.0
232475,Melody Mix,59.53,Music,74.08,Saturday,Evening,0.0,3.0,Neutral,28.62275,1,71.0
233921,Melody Mix,82.49,Music,38.62,Saturday,Evening,32.62,2.0,Negative,44.14927,1,83.0
234586,Melody Mix,87.41,Music,76.47,Saturday,Evening,74.73,3.0,Negative,68.55611,1,56.0
236838,Melody Mix,65.01,Music,57.72,Saturday,Evening,63.57,0.0,Neutral,48.34009,1,56.0
239430,Melody Mix,77.87,Music,39.96,Saturday,Evening,0.0,1.0,Negative,43.90666,1,93.0
240249,Melody Mix,67.17227482678985,Music,89.86,Saturday,Evening,10.14,0.0,Positive,28.79898,1,100.0
240766,Melody Mix,105.27,Music,99.77,Saturday,Evening,69.02,1.0,Neutral,96.05922,1,90.0
241375,Melody Mix,7.15,Music,28.25,Saturday,Evening,34.69,1.0,Neutral,0.0,1,40.0
241752,Melody Mix,119.89,Music,65.81,Saturday,Evening,0.0,0.0,Neutral,74.55274,1,8.0
241962,Melody Mix,8.78,Music,95.72,Saturday,Evening,95.84,1.0,Positive,6.08232,1,93.0
241976,Melody Mix,34.44,Music,42.47,Saturday,Evening,69.99,0.0,Neutral,18.658,1,24.0
243525,Melody Mix,7.38,Music,82.65,Saturday,Evening,0.0,1.0,Positive,7.2156,1,5.0
243931,Melody Mix,103.68,Music,86.68,Saturday,Evening,99.23,3.0,Negative,85.03666,1,91.0
246441,Melody Mix,50.33,Music,63.57,Saturday,Evening,0.0,3.0,Positive,34.74417,1,21.0
248935,Melody Mix,117.3,Music,20.71,Saturday,Evening,47.49,0.0,Positive,69.92616,1,19.0
249177,Melody Mix,59.73,Music,93.81,Saturday,Evening,71.27,1.0,Negative,43.45428,1,4.0
249362,Melody Mix,56.61,Music,54.53,Saturday,Evening,0.0,1.0,Negative,21.89576,1,75.0
249452,Melody Mix,106.41,Music,58.71,Saturday,Evening,56.14,3.0,Negative,55.68973,1,32.0
251505,Melody Mix,115.67,Music,23.31,Saturday,Evening,53.46,2.0,Positive,73.95388,1,56.0
251738,Melody Mix,67.17227482678985,Music,70.78,Saturday,Evening,12.38,1.0,Negative,50.14089,1,34.0
253755,Melody Mix,64.75,Music,29.99,Saturday,Evening,32.66,3.0,Negative,40.66504,1,34.0
255413,Melody Mix,34.17,Music,62.72,Saturday,Evening,90.96,1.0,Negative,15.1105,1,62.0
257425,Melody Mix,92.89,Music,53.14,Saturday,Evening,11.87,1.0,Negative,86.445,1,27.0
259142,Melody Mix,54.67,Music,73.27,Saturday,Evening,86.28,0.0,Negative,46.89451,1,54.0
260565,Melody Mix,61.47,Music,83.94,Saturday,Evening,39.19,1.0,Positive,34.30265,1,76.0
264546,Melody Mix,14.45,Music,97.53,Saturday,Evening,88.24,3.0,Negative,4.89737,1,42.0
266409,Melody Mix,67.17227482678985,Music,33.77,Saturday,Evening,47.06,3.0,Positive,69.56866,1,26.0
267401,Melody Mix,85.75,Music,69.11,Saturday,Evening,0.0,3.0,Negative,39.46038,1,18.0
267964,Melody Mix,67.17227482678985,Music,67.17,Saturday,Evening,34.53,3.0,Neutral,63.24662,1,91.0
269544,Melody Mix,118.07,Music,71.3,Saturday,Evening,20.98,0.0,Neutral,94.97855,1,58.0
269864,Melody Mix,67.17227482678985,Music,26.39,Saturday,Evening,71.65,1.0,Negative,44.14286,1,20.0
271529,Melody Mix,45.6,Music,40.01,Saturday,Evening,22.03,0.0,Positive,25.88872,1,28.0
271943,Melody Mix,94.44,Music,96.6,Saturday,Evening,65.22,3.0,Neutral,57.7219,1,55.0
273407,Melody Mix,49.13,Music,71.99,Saturday,Evening,17.97,1.0,Neutral,24.54024,1,60.0
273431,Melody Mix,32.07,Music,96.59,Saturday,Evening,44.23,2.0,Neutral,26.5084,1,29.0
274525,Melody Mix,40.09,Music,92.98,Saturday,Evening,95.21,0.0,Negative,23.27319,1,80.0
276156,Melody Mix,97.98,Music,48.39,Saturday,Evening,70.14,0.0,Neutral,91.12972,1,24.0
276814,Melody Mix,57.03,Music,29.12,Saturday,Evening,0.0,1.0,Positive,53.94955,1,63.0
278185,Melody Mix,86.47,Music,57.85,Saturday,Evening,72.68,3.0,Negative,48.91011,1,80.0
278372,Melody Mix,48.87,Music,42.67,Saturday,Evening,24.78,1.0,Negative,34.65112,1,58.0
279772,Melody Mix,19.4,Music,71.55,Saturday,Evening,43.97,0.0,Negative,17.97919,1,14.0
283084,Melody Mix,42.15,Music,79.84,Saturday,Evening,94.93,1.0,Negative,29.6289,1,54.0
283964,Melody Mix,48.96,Music,64.19,Saturday,Evening,15.67,2.0,Neutral,37.14757,1,80.0
286394,Melody Mix,78.04,Music,75.11,Saturday,Evening,84.98,0.0,Negative,69.80737,1,44.0
287344,Melody Mix,101.03,Music,64.42,Saturday,Evening,50.67,1.0,Positive,76.2189,1,46.0
288664,Melody Mix,16.69,Music,33.12,Saturday,Evening,92.67,1.0,Neutral,7.44649,1,37.0
289700,Melody Mix,39.36,Music,99.94,Saturday,Evening,52.6,1.0,Negative,30.71321,1,26.0
290436,Melody Mix,66.82,Music,75.92,Saturday,Evening,55.82,2.0,Neutral,26.28606,1,60.0
290556,Melody Mix,116.74,Music,66.03,Saturday,Evening,1.63,1.0,Positive,110.12748,1,87.0
293391,Melody Mix,100.79,Music,33.44,Saturday,Evening,70.83,2.0,Neutral,53.09577,1,7.0
293891,Melody Mix,118.07,Music,87.03,Saturday,Evening,12.33,1.0,Neutral,70.54024,1,33.0
294562,Melody Mix,43.59,Music,96.59,Saturday,Evening,85.91,1.0,Positive,23.22964,1,84.0
294967,Melody Mix,44.96,Music,66.28,Saturday,Evening,66.0,2.0,Negative,32.2929,1,49.0
295145,Melody Mix,67.17227482678985,Music,77.13,Saturday,Evening,79.69,1.0,Negative,56.75641,1,83.0
295904,Melody Mix,94.42,Music,95.32,Saturday,Evening,75.23,0.0,Neutral,84.77221,1,72.0
297335,Melody Mix,61.98,Music,83.94,Saturday,Evening,43.19,1.0,Positive,34.30265,1,76.0
297535,Melody Mix,83.02,Music,80.4,Saturday,Evening,27.44,1.0,Neutral,79.93383,1,7.0
298253,Melody Mix,67.17227482678985,Music,77.99,Saturday,Evening,70.11,3.0,Negative,62.48705,1,79.0
298285,Melody Mix,30.02,Music,31.6,Saturday,Evening,98.01,1.0,Negative,14.93,1,64.0
298535,Melody Mix,97.81,Music,97.12,Saturday,Evening,49.76,1.0,Positive,75.68227,1,2.0
298780,Melody Mix,43.94,Music,60.61,Saturday,Evening,66.48,1.0,Neutral,33.94916,1,30.0
299466,Melody Mix,53.61,Music,30.28,Saturday,Evening,0.0,1.0,Neutral,33.07503,1,67.0
300277,Melody Mix,104.58,Music,62.38,Saturday,Evening,3.37,0.0,Positive,84.19717,1,17.0
300629,Melody Mix,85.37,Music,79.7,Saturday,Evening,97.11,0.0,Positive,68.72219,1,94.0
300892,Melody Mix,6.28,Music,37.11,Saturday,Evening,0.0,1.0,Negative,0.0,1,17.0
301792,Melody Mix,32.06,Music,26.41,Saturday,Evening,8.85,0.0,Positive,16.67,1,6.0
302000,Melody Mix,67.17227482678985,Music,55.52,Saturday,Evening,0.0,0.0,Positive,26.68007,1,87.0
302767,Melody Mix,53.53,Music,34.81,Saturday,Evening,12.75,3.0,Negative,42.4236,1,14.0
306699,Melody Mix,73.15,Music,91.67,Saturday,Evening,0.0,0.0,Neutral,67.96759,1,53.0
307651,Melody Mix,79.86,Music,38.95,Saturday,Evening,77.77,3.0,Neutral,50.07001,1,85.0
309269,Melody Mix,117.05,Music,27.4,Saturday,Evening,22.3,0.0,Neutral,68.46757,1,30.0
309721,Melody Mix,103.21,Music,44.1,Saturday,Evening,32.85,1.0,Neutral,70.04844,1,92.0
309906,Melody Mix,67.17227482678985,Music,35.03,Saturday,Evening,0.0,3.0,Neutral,38.19269,1,16.0
310622,Melody Mix,19.12,Music,24.75,Saturday,Evening,93.68,1.0,Negative,17.03471,1,12.0
310709,Melody Mix,63.82,Music,27.52,Saturday,Evening,90.8,3.0,Negative,46.81104,1,57.0
310764,Melody Mix,25.34,Music,44.45,Saturday,Evening,0.0,2.0,Positive,23.84681,1,42.0
311844,Melody Mix,34.44,Music,27.13,Saturday,Evening,0.35,1.0,Neutral,27.36532,1,40.0
312703,Melody Mix,67.17227482678985,Music,58.67,Saturday,Evening,22.57,2.0,Negative,59.60799,1,32.0
313836,Melody Mix,34.28,Music,68.26,Saturday,Evening,25.1,2.0,Neutral,19.97402,1,65.0
315532,Melody Mix,67.17227482678985,Music,39.78,Saturday,Evening,0.0,2.0,Neutral,25.88594,1,62.0
317907,Melody Mix,39.85,Music,76.5,Saturday,Evening,43.85,2.0,Neutral,27.78833,1,4.0
318358,Melody Mix,95.98,Music,38.79,Saturday,Evening,0.0,0.0,Neutral,58.84454,1,37.0
321019,Melody Mix,82.35,Music,98.18,Saturday,Evening,0.35,0.0,Neutral,56.42782,1,32.0
321494,Melody Mix,67.17227482678985,Music,24.44,Saturday,Evening,99.76,2.0,Neutral,29.80592,1,41.0
322659,Melody Mix,36.83,Music,48.46,Saturday,Evening,73.53,3.0,Positive,25.50401,1,30.0
322699,Melody Mix,106.06,Music,63.21,Saturday,Evening,54.25,3.0,Negative,48.527,1,64.0
322758,Melody Mix,65.68,Music,60.35,Saturday,Evening,30.87,3.0,Neutral,53.53099,1,73.0
325248,Melody Mix,16.29,Music,49.74,Saturday,Evening,0.0,2.0,Negative,1.46537,1,37.0
325350,Melody Mix,61.67,Music,45.77,Saturday,Evening,55.03,3.0,Positive,42.23556,1,3.0
326127,Melody Mix,67.17227482678985,Music,30.24,Saturday,Evening,0.0,1.0,Negative,87.48703,1,77.0
326176,Melody Mix,23.54,Music,89.2,Saturday,Evening,64.39,3.0,Negative,20.31044,1,72.0
326222,Melody Mix,54.17,Music,86.22,Saturday,Evening,0.0,2.0,Neutral,43.17676,1,11.0
326349,Melody Mix,54.85,Music,68.39,Saturday,Evening,0.0,3.0,Positive,40.48524,1,23.0
328332,Melody Mix,103.26,Music,85.21,Saturday,Evening,28.63,0.0,Negative,60.21669,1,62.0
328448,Melody Mix,113.32,Music,78.25,Saturday,Evening,0.0,1.0,Negative,87.68675,1,52.0
329944,Melody Mix,32.06,Music,29.06,Saturday,Evening,13.34,3.0,Neutral,18.81,1,80.0
330318,Melody Mix,49.24,Music,97.47,Saturday,Evening,16.19,1.0,Negative,23.94517,1,72.0
332710,Melody Mix,95.27,Music,72.98,Saturday,Evening,31.29,1.0,Negative,76.69,1,34.0
333664,Melody Mix,93.83,Music,87.37,Saturday,Evening,0.0,2.0,Positive,69.30266,1,86.0
334545,Melody Mix,96.55,Music,31.52,Saturday,Evening,0.0,2.0,Positive,39.21541,1,83.0
334723,Melody Mix,114.38,Music,30.8,Saturday,Evening,71.62,2.0,Negative,97.55119,1,78.0
334819,Melody Mix,67.17227482678985,Music,62.65,Saturday,Evening,48.72,0.0,Negative,19.57274,1,21.0
335120,Melody Mix,39.17,Music,49.16,Saturday,Evening,33.55,1.0,Neutral,21.35152,1,9.0
335721,Melody Mix,111.56,Music,30.8,Saturday,Evening,4.78,0.0,Negative,66.79865,1,84.0
336298,Melody Mix,61.48,Music,86.04,Saturday,Evening,0.0,1.0,Neutral,30.43824,1,3.0
336766,Melody Mix,82.15,Music,92.11,Saturday,Evening,8.0,2.0,Neutral,62.7888,1,34.0
337927,Melody Mix,87.96,Music,76.77,Saturday,Evening,17.2,0.0,Negative,66.58612,1,76.0
338661,Melody Mix,115.52,Music,44.28,Saturday,Evening,64.45,3.0,Neutral,72.27239,1,74.0
339323,Melody Mix,93.28,Music,74.37,Saturday,Evening,32.85,0.0,Positive,90.83869,1,67.0
339608,Melody Mix,117.33,Music,67.88,Saturday,Evening,21.49,1.0,Neutral,71.7518,1,80.0
340633,Melody Mix,90.81,Music,29.81,Saturday,Evening,63.41,0.0,Positive,84.14484,1,29.0
341584,Melody Mix,99.45,Music,54.12,Saturday,Evening,39.06,3.0,Neutral,52.29475,1,86.0
345494,Melody Mix,98.08,Music,29.43,Saturday,Evening,0.0,0.0,Neutral,91.20048,1,61.0
345538,Melody Mix,53.41,Music,95.23,Saturday,Evening,56.79,3.0,Negative,22.81908,1,39.0
345858,Melody Mix,111.23,Music,31.57,Saturday,Evening,4.16,0.0,Negative,77.10066,1,96.0
345877,Melody Mix,64.44,Music,64.44,Saturday,Evening,23.44,3.0,Positive,37.82159,1,10.0
347209,Melody Mix,49.88,Music,46.97,Saturday,Evening,74.54,3.0,Negative,37.03305,1,74.0
347850,Melody Mix,11.66,Music,27.92,Saturday,Evening,12.05,0.0,Neutral,10.10186,1,55.0
347973,Melody Mix,59.44,Music,69.43,Saturday,Evening,56.71,0.0,Neutral,42.68808,1,30.0
350734,Melody Mix,33.81,Music,98.35,Saturday,Evening,48.25,0.0,Neutral,23.79512,1,70.0
350944,Melody Mix,67.17227482678985,Music,56.54,Saturday,Evening,0.0,2.0,Negative,21.14858,1,49.0
350998,Melody Mix,112.75,Music,47.49,Saturday,Evening,20.02,2.0,Negative,62.04694,1,24.0
352656,Melody Mix,113.71,Music,20.19,Saturday,Evening,79.37,2.0,Negative,65.89126,1,6.0
353085,Melody Mix,114.72,Music,72.43,Saturday,Evening,68.52,1.0,Neutral,90.40989,1,5.0
354319,Melody Mix,67.17227482678985,Music,32.26,Saturday,Evening,85.97,2.0,Positive,7.38798,1,62.0
355612,Melody Mix,39.81,Music,27.23,Saturday,Evening,50.99,3.0,Positive,26.86213,1,58.0
357637,Melody Mix,61.99,Music,43.35,Saturday,Evening,77.37,3.0,Positive,27.85469,1,11.0
361815,Melody Mix,67.17227482678985,Music,74.13,Saturday,Evening,0.0,3.0,Positive,22.11075,1,92.0
363709,Melody Mix,42.97,Music,79.16,Saturday,Evening,53.85,1.0,Positive,29.6289,1,54.0
365051,Melody Mix,67.17227482678985,Music,66.47,Saturday,Evening,42.82,0.0,Negative,37.0015,1,49.0
367763,Melody Mix,49.96,Music,79.57,Saturday,Evening,57.7,3.0,Negative,34.67763,1,78.0
368855,Melody Mix,68.96,Music,22.81,Saturday,Evening,84.57,1.0,Neutral,28.12411,1,47.0
370133,Melody Mix,67.73,Music,33.46,Saturday,Evening,58.97,1.0,Neutral,49.4863,1,65.0
370195,Melody Mix,94.27,Music,56.06,Saturday,Evening,10.18,0.0,Neutral,86.57549,1,29.0
371230,Melody Mix,94.88,Music,76.41,Saturday,Evening,0.0,1.0,Neutral,50.24383,1,62.0
372020,Melody Mix,95.18,Music,92.52,Saturday,Evening,95.82,2.0,Neutral,90.24442,1,72.0
373006,Melody Mix,53.53,Music,34.81,Saturday,Evening,5.15,0.0,Negative,42.4236,1,11.0
373626,Melody Mix,32.41,Music,64.49,Saturday,Evening,61.12,1.0,Negative,16.56274,1,5.0
373977,Melody Mix,100.22,Music,62.82,Saturday,Evening,41.06,3.0,Negative,73.907,1,63.0
374383,Melody Mix,69.08,Music,60.43,Saturday,Evening,63.94,1.0,Negative,44.99548,1,35.0
375439,Melody Mix,93.58,Music,70.37,Saturday,Evening,79.27,1.0,Neutral,65.07139,1,43.0
376481,Melody Mix,42.29,Music,21.91,Saturday,Evening,0.0,3.0,Positive,23.41547,1,30.0
376793,Melody Mix,113.72,Music,95.18,Saturday,Evening,0.0,3.0,Neutral,83.95392,1,41.0
376908,Melody Mix,67.17227482678985,Music,69.74,Saturday,Evening,68.89,3.0,Neutral,89.95408,1,88.0
377581,Melody Mix,85.85,Music,79.69,Saturday,Evening,56.4,2.0,Positive,50.16067,1,84.0
378083,Melody Mix,44.81,Music,92.92,Saturday,Evening,83.93,1.0,Positive,29.76627,1,43.0
379048,Melody Mix,67.17227482678985,Music,94.78,Saturday,Evening,55.34,0.0,Positive,63.06457,1,58.0
379945,Melody Mix,84.53,Music,27.08,Saturday,Evening,79.81,3.0,Negative,74.87559,1,73.0
379962,Melody Mix,93.81,Music,34.88,Saturday,Evening,83.44,1.0,Neutral,51.025,1,45.0
379998,Melody Mix,67.17227482678985,Music,77.04,Saturday,Evening,44.27,0.0,Neutral,31.6767,1,77.0
380215,Melody Mix,23.61,Music,66.37,Saturday,Evening,0.0,0.0,Positive,16.26304,1,65.0
380544,Melody Mix,100.54,Music,78.4,Saturday,Evening,6.71,2.0,Neutral,61.36492,1,36.0
381193,Melody Mix,67.17227482678985,Music,88.87,Saturday,Evening,19.69,0.0,Negative,70.03696,1,27.0
381323,Melody Mix,77.86,Music,58.12,Saturday,Evening,45.95,0.0,Positive,41.79742,1,34.0
384556,Melody Mix,15.15,Music,69.63,Saturday,Evening,30.1,3.0,Negative,9.33843,1,29.0
386332,Melody Mix,45.65,Music,21.7,Saturday,Evening,45.41,3.0,Negative,19.86,1,97.0
386458,Melody Mix,67.17227482678985,Music,39.29,Saturday,Evening,0.0,0.0,Neutral,44.19571,1,33.0
388605,Melody Mix,56.56,Music,30.08,Saturday,Evening,14.16,1.0,Negative,49.90693,1,60.0
388729,Melody Mix,19.23,Music,21.56,Saturday,Evening,23.14,0.0,Negative,7.9281,1,23.0
389905,Melody Mix,52.81,Music,56.45,Saturday,Evening,69.75,1.0,Positive,52.43956,1,61.0
390232,Melody Mix,77.03,Music,71.74,Saturday,Evening,38.45,0.0,Negative,70.84232,1,87.0
392115,Melody Mix,24.35,Music,57.26,Saturday,Evening,0.0,1.0,Positive,10.98,1,51.0
392612,Melody Mix,113.64,Music,26.15,Saturday,Evening,60.87,2.0,Positive,73.26,1,98.0
394143,Melody Mix,64.22,Music,42.33,Saturday,Evening,24.16,1.0,Positive,44.17617,1,37.0
394780,Melody Mix,102.65,Music,37.79,Saturday,Evening,0.0,1.0,Negative,92.95,1,78.0
398458,Melody Mix,8.93,Music,68.47,Saturday,Evening,1.93,0.0,Neutral,1.80309,1,82.0
399289,Melody Mix,79.37,Music,48.37,Saturday,Evening,27.1,2.0,Negative,46.08396,1,11.0
400066,Melody Mix,16.97,Music,31.97,Saturday,Evening,39.64,2.0,Neutral,12.20412,1,76.0
400284,Melody Mix,99.4,Music,37.27,Saturday,Evening,0.0,3.0,Negative,77.4606,1,42.0
404409,Melody Mix,67.17227482678985,Music,98.83,Saturday,Evening,21.41,0.0,Positive,79.34606,1,77.0
404604,Melody Mix,78.76,Music,44.41,Saturday,Evening,40.44,2.0,Neutral,56.58256,1,33.0
406715,Melody Mix,14.71,Music,73.73,Saturday,Evening,36.83,3.0,Neutral,10.24684,1,22.0
406812,Melody Mix,21.13,Music,52.27,Saturday,Evening,63.01,1.0,Neutral,9.50775,1,73.0
410016,Melody Mix,31.68,Music,29.47,Saturday,Evening,47.69,3.0,Neutral,14.93,1,61.0
410087,Melody Mix,37.02,Music,95.8,Saturday,Evening,86.23,0.0,Neutral,22.8861,1,49.0
410509,Melody Mix,47.15,Music,84.41,Saturday,Evening,18.56,3.0,Positive,24.99459,1,83.0
413398,Melody Mix,116.6,Music,37.17,Saturday,Evening,38.43,0.0,Negative,82.14924,1,37.0
414274,Melody Mix,66.64,Music,97.89,Saturday,Evening,49.11,3.0,Neutral,53.78959,1,41.0
414532,Melody Mix,55.39,Music,40.86,Saturday,Evening,58.86,3.0,Negative,30.5633,1,3.0
414997,Melody Mix,32.16,Music,30.06,Saturday,Evening,11.23,3.0,Neutral,11.01711,1,19.0
418213,Melody Mix,67.17227482678985,Music,36.83,Saturday,Evening,17.63,3.0,Neutral,50.94898,1,12.0
420210,Melody Mix,28.87,Music,29.67,Saturday,Evening,0.0,3.0,Positive,15.3772,1,96.0
422915,Melody Mix,105.97,Music,83.72,Saturday,Evening,46.14,0.0,Positive,97.30826,1,65.0
426355,Melody Mix,19.03,Music,75.08,Saturday,Evening,8.28,0.0,Neutral,12.26233,1,53.0
426990,Melody Mix,67.17227482678985,Music,77.57,Saturday,Evening,77.14,0.0,Neutral,85.9873,1,75.0
427387,Melody Mix,54.85,Music,65.39,Saturday,Evening,64.55,1.0,Negative,39.4429,1,12.0
427627,Melody Mix,115.72,Music,84.36,Saturday,Evening,8.23,1.0,Neutral,61.30568,1,71.0
428007,Melody Mix,95.85,Music,91.31,Saturday,Evening,95.31,0.0,Positive,73.55864,1,85.0
428090,Melody Mix,46.59,Music,78.97,Saturday,Evening,70.69,1.0,Negative,26.96262,1,7.0
428525,Melody Mix,74.38,Music,50.3,Saturday,Evening,9.68,0.0,Positive,54.18938,1,67.0
429412,Melody Mix,81.05,Music,35.13,Saturday,Evening,18.96,0.0,Positive,47.41,1,12.0
431074,Melody Mix,50.26,Music,84.05,Saturday,Evening,98.11,3.0,Negative,22.77552,1,30.0
431269,Melody Mix,70.44,Music,88.44,Saturday,Evening,33.05,3.0,Neutral,56.87222,1,5.0
433265,Melody Mix,57.4,Music,81.9,Saturday,Evening,4.16,0.0,Negative,34.8019,1,31.0
433974,Melody Mix,70.69,Music,89.5,Saturday,Evening,33.69,3.0,Positive,54.16748,1,63.0
436277,Melody Mix,91.99,Music,46.51,Saturday,Evening,0.0,3.0,Positive,65.18723,1,92.0
437454,Melody Mix,12.41,Music,33.36,Saturday,Evening,11.36,3.0,Negative,0.0,1,39.0
437577,Melody Mix,75.97,Music,78.76,Saturday,Evening,0.0,2.0,Neutral,51.03364,1,89.0
438804,Melody Mix,38.25,Music,52.36,Saturday,Evening,3.33,2.0,Neutral,23.97549,1,13.0
439652,Melody Mix,68.26,Music,94.92,Saturday,Evening,47.07,2.0,Negative,27.73853,1,3.0
439901,Melody Mix,92.84,Music,69.26,Saturday,Evening,55.77,3.0,Neutral,79.97516,1,54.0
441171,Melody Mix,67.17227482678985,Music,23.39,Saturday,Evening,25.54,3.0,Positive,45.81306,1,31.0
441608,Melody Mix,67.17227482678985,Music,77.57,Saturday,Evening,0.0,2.0,Negative,51.96695,1,22.0
441652,Melody Mix,113.98,Music,85.33,Saturday,Evening,0.0,1.0,Negative,94.21387,1,57.0
441960,Melody Mix,32.49,Music,86.52,Saturday,Evening,0.0,0.0,Negative,23.16761,1,13.0
443813,Melody Mix,83.12,Music,86.75,Saturday,Evening,0.0,0.0,Positive,79.96759,1,30.0
444172,Melody Mix,67.17227482678985,Music,86.59,Saturday,Evening,62.75,0.0,Negative,37.02897,1,39.0
444648,Melody Mix,107.27,Music,50.77,Saturday,Evening,15.47,1.0,Negative,75.69692,1,100.0
445432,Melody Mix,61.74,Music,83.94,Saturday,Evening,43.19,1.0,Positive,34.30265,1,76.0
450137,Melody Mix,92.84,Music,23.57,Saturday,Evening,65.49,0.0,Neutral,53.02569,1,77.0
451074,Melody Mix,67.17227482678985,Music,43.43,Saturday,Evening,22.7,3.0,Negative,27.21891,1,69.0
455615,Melody Mix,24.73,Music,70.93,Saturday,Evening,27.68,0.0,Neutral,21.48774,1,98.0
457372,Melody Mix,12.58,Music,46.45,Saturday,Evening,85.25,0.0,Neutral,10.43967,1,87.0
457575,Melody Mix,27.16,Music,79.81,Saturday,Evening,0.0,2.0,Neutral,20.18763,1,4.0
457644,Melody Mix,40.72,Music,84.68,Saturday,Evening,0.0,0.0,Negative,29.90268,1,100.0
458260,Melody Mix,51.11,Music,72.12,Saturday,Evening,99.29,0.0,Neutral,22.54982,1,99.0
459010,Melody Mix,102.5,Music,37.28,Saturday,Evening,54.7,1.0,Neutral,50.76202,1,11.0
459841,Melody Mix,67.17227482678985,Music,94.27,Saturday,Evening,72.58,0.0,Positive,63.06457,1,58.0
460376,Melody Mix,22.03,Music,72.06,Saturday,Evening,81.08,0.0,Positive,18.1515,1,86.0
460993,Melody Mix,67.17227482678985,Music,95.8,Saturday,Evening,37.9,0.0,Neutral,25.8861,1,49.0
463387,Melody Mix,86.94,Music,97.83,Saturday,Evening,73.09,1.0,Negative,70.82212,1,93.0
463873,Melody Mix,13.54,Music,46.33,Saturday,Evening,66.63,3.0,Neutral,10.76664,1,23.0
465402,Melody Mix,88.33,Music,58.29,Saturday,Evening,77.54,1.0,Positive,53.62013,1,56.0
465484,Melody Mix,67.17227482678985,Music,27.3,Saturday,Evening,16.57,0.0,Positive,105.66798,1,58.0
465691,Melody Mix,105.22,Music,37.84,Saturday,Evening,19.88,3.0,Neutral,59.0601,1,31.0
465763,Melody Mix,38.04,Music,22.73,Saturday,Evening,34.68,1.0,Positive,33.3305,1,63.0
465808,Melody Mix,67.17227482678985,Music,89.9,Saturday,Evening,89.25,3.0,Positive,59.27004,1,37.0
466692,Melody Mix,101.58,Music,24.39,Saturday,Evening,0.0,2.0,Neutral,48.72,1,28.0
467212,Melody Mix,108.98,Music,87.98,Saturday,Evening,47.22,1.0,Neutral,100.58,1,64.0
469185,Melody Mix,16.71,Music,69.52,Saturday,Evening,0.0,1.0,Neutral,9.36418,1,79.0
469354,Melody Mix,65.09,Music,48.83,Saturday,Evening,79.57,2.0,Neutral,35.11072,1,73.0
470146,Melody Mix,32.36,Music,30.14,Saturday,Evening,57.59,3.0,Negative,25.6033,1,43.0
470381,Melody Mix,81.22,Music,78.7,Saturday,Evening,78.2,2.0,Positive,32.08378,1,88.0
471660,Melody Mix,12.09,Music,65.91,Saturday,Evening,0.0,3.0,Positive,8.20391,1,76.0
472158,Melody Mix,94.91,Music,43.33,Saturday,Evening,36.82,0.0,Neutral,71.86454,1,30.0
473238,Melody Mix,12.58,Music,46.45,Saturday,Evening,30.12,0.0,Neutral,10.43967,1,87.0
476434,Melody Mix,67.17227482678985,Music,49.65,Saturday,Evening,60.82,0.0,Negative,19.57274,1,21.0
478618,Melody Mix,106.48,Music,47.68,Saturday,Evening,70.79,2.0,Neutral,46.14466,1,72.0
478811,Melody Mix,67.17227482678985,Music,39.06,Saturday,Evening,0.0,3.0,Positive,60.42258,1,88.0
479185,Melody Mix,14.18,Music,27.35,Saturday,Evening,41.25,3.0,Neutral,6.38505,1,36.0
481362,Melody Mix,42.76,Music,67.81,Saturday,Evening,70.07,0.0,Positive,22.85568,1,4.0
481941,Melody Mix,35.38,Music,88.61,Saturday,Evening,42.41,3.0,Neutral,23.87075,1,56.0
482023,Melody Mix,67.17227482678985,Music,82.45,Saturday,Evening,19.69,0.0,Negative,70.03696,1,73.0
482228,Melody Mix,17.18,Music,36.14,Saturday,Evening,75.13,1.0,Positive,4.39224,1,39.0
482932,Melody Mix,110.12,Music,35.8,Saturday,Evening,45.27,3.0,Neutral,63.46315,1,88.0
484355,Melody Mix,67.17227482678985,Music,84.24,Saturday,Evening,19.69,0.0,Negative,70.03696,1,27.0
484381,Melody Mix,55.51,Music,89.16,Saturday,Evening,83.72,2.0,Neutral,42.28578,1,30.0
485848,Melody Mix,84.56,Music,26.32,Saturday,Evening,0.0,3.0,Positive,58.43243,1,15.0
486731,Melody Mix,57.33,Music,82.06,Saturday,Evening,9.85,3.0,Negative,24.99459,1,29.0
487191,Melody Mix,88.52,Music,77.58,Saturday,Evening,0.0,2.0,Positive,85.98966,1,67.0
488220,Melody Mix,29.89,Music,50.24,Saturday,Evening,0.0,1.0,Positive,11.08911,1,34.0
488699,Melody Mix,67.17227482678985,Music,28.92,Saturday,Evening,0.0,2.0,Negative,26.65441,1,99.0
488772,Melody Mix,114.79,Music,49.08,Saturday,Evening,0.0,0.0,Positive,50.23593,1,20.0
489640,Melody Mix,39.54,Music,24.07,Saturday,Evening,1.03,1.0,Negative,36.209,1,84.0
489850,Melody Mix,67.17227482678985,Music,96.42,Saturday,Evening,94.73,2.0,Neutral,106.29141,1,80.0
490042,Melody Mix,14.62,Music,31.67,Saturday,Evening,96.5,3.0,Neutral,4.22865,1,57.0
491323,Melody Mix,71.64,Music,43.9,Saturday,Evening,59.96,3.0,Negative,44.22873,1,21.0
491688,Melody Mix,118.82,Music,88.57,Saturday,Evening,13.21,1.0,Positive,115.32,1,29.0
492992,Melody Mix,61.67,Music,60.47,Saturday,Evening,9.43,3.0,Negative,44.57068,1,14.0
493474,Melody Mix,67.17227482678985,Music,49.79,Saturday,Evening,60.82,0.0,Negative,19.57274,1,21.0
493547,Melody Mix,40.12,Music,73.66,Saturday,Evening,97.39,1.0,Positive,36.05,1,13.0
495404,Melody Mix,100.45,Music,30.78,Saturday,Evening,77.77,2.0,Neutral,85.31675,1,87.0
495797,Melody Mix,100.83,Music,78.2,Saturday,Evening,4.05,1.0,Positive,83.84702,1,56.0
497205,Melody Mix,65.44,Music,34.68,Saturday,Evening,0.0,2.0,Negative,37.07397,1,5.0
500659,Melody Mix,30.88,Music,33.84,Saturday,Evening,23.11,3.0,Neutral,15.09376,1,4.0
500890,Melody Mix,9.09,Music,56.25,Saturday,Evening,95.29,2.0,Neutral,8.72875,1,12.0
502056,Melody Mix,118.58,Music,80.43,Saturday,Evening,64.82,0.0,Neutral,74.52705,1,26.0
502600,Melody Mix,114.34,Music,63.49,Saturday,Evening,78.71,2.0,Neutral,101.72784,1,65.0
508773,Melody Mix,67.17227482678985,Music,94.43,Saturday,Evening,31.28,0.0,Negative,47.02886,1,40.0
509851,Melody Mix,101.09,Music,98.96,Saturday,Evening,43.64,1.0,Neutral,73.22218,1,29.0
510337,Melody Mix,49.81,Music,49.81,Saturday,Evening,58.78,3.0,Neutral,34.11708,1,80.0
510680,Melody Mix,62.5,Music,45.17,Saturday,Evening,0.0,0.0,Negative,56.89696,1,76.0
512492,Melody Mix,36.04,Music,84.26,Saturday,Evening,42.31,3.0,Neutral,20.55895,1,97.0
515557,Melody Mix,28.78,Music,42.31,Saturday,Evening,0.0,2.0,Negative,24.81505,1,73.0
516053,Melody Mix,69.66,Music,26.78,Saturday,Evening,69.58,3.0,Positive,40.26348,1,49.0
516068,Melody Mix,29.33,Music,29.69,Saturday,Evening,17.18,1.0,Neutral,18.96884,1,7.0
516201,Melody Mix,118.07,Music,57.63,Saturday,Evening,20.76,0.0,Negative,94.97855,1,53.0
516242,Melody Mix,89.55,Music,80.25,Saturday,Evening,80.17,2.0,Negative,41.6,1,98.0
516825,Melody Mix,59.87,Music,47.11,Saturday,Evening,66.4,3.0,Neutral,35.93019,1,54.0
518353,Melody Mix,119.82,Music,36.32,Saturday,Evening,0.0,2.0,Neutral,98.62473,1,15.0
519036,Melody Mix,116.21,Music,66.03,Saturday,Evening,13.15,1.0,Positive,110.12748,1,81.0
519724,Melody Mix,67.17227482678985,Music,22.76,Saturday,Evening,11.76,0.0,Positive,21.97687,1,48.0
519890,Melody Mix,104.72,Music,72.8,Saturday,Evening,0.0,0.0,Neutral,90.47896,1,6.0
521461,Melody Mix,114.91,Music,46.14,Saturday,Evening,10.79,1.0,Positive,86.17794,1,50.0
521688,Melody Mix,23.41,Music,41.96,Saturday,Evening,50.5,3.0,Positive,18.42753,1,61.0
522659,Melody Mix,67.17227482678985,Music,34.54,Saturday,Evening,64.68,1.0,Positive,7.06822,1,61.0
523060,Melody Mix,34.44,Music,62.84,Saturday,Evening,90.23,1.0,Negative,15.1105,1,62.0
523414,Melody Mix,91.47,Music,43.11,Saturday,Evening,81.81,3.0,Positive,67.98318,1,42.0
523992,Melody Mix,114.78,Music,24.07,Saturday,Evening,61.23,1.0,Positive,70.51044,1,26.0
525213,Melody Mix,67.17227482678985,Music,49.72,Saturday,Evening,61.68,0.0,Negative,19.57274,1,21.0
525516,Melody Mix,31.98,Music,78.78,Saturday,Evening,71.6,1.0,Negative,19.73,1,19.0
525969,Melody Mix,115.53,Music,20.8,Saturday,Evening,83.82,0.0,Neutral,90.28241,1,66.0
527742,Melody Mix,18.33,Music,34.55,Saturday,Evening,80.28,0.0,Negative,15.78742,1,17.0
527778,Melody Mix,111.68,Music,60.86,Saturday,Evening,44.57,1.0,Neutral,52.35048,1,71.0
528371,Melody Mix,5.41,Music,70.13,Saturday,Evening,34.94,2.0,Negative,0.0,1,53.0
528397,Melody Mix,67.17227482678985,Music,71.7,Saturday,Evening,0.0,1.0,Positive,79.95152,1,79.0
529004,Melody Mix,36.17,Music,31.57,Saturday,Evening,0.0,2.0,Negative,28.85,1,30.0
531509,Melody Mix,118.82,Music,70.95,Saturday,Evening,90.81,3.0,Neutral,82.79755,1,61.0
531789,Melody Mix,112.48,Music,20.49,Saturday,Evening,0.0,1.0,Neutral,69.6969,1,96.0
532718,Melody Mix,23.68,Music,58.06,Saturday,Evening,85.86,0.0,Negative,9.46285,1,83.0
534014,Melody Mix,31.4,Music,35.05,Saturday,Evening,11.11,2.0,Neutral,24.28776,1,77.0
536147,Melody Mix,100.56,Music,76.33,Saturday,Evening,75.31,3.0,Positive,71.50266,1,4.0
536784,Melody Mix,95.47,Music,61.18,Saturday,Evening,0.0,1.0,Neutral,84.39813,1,9.0
537493,Melody Mix,32.16,Music,43.82,Saturday,Evening,81.82,3.0,Negative,23.23763,1,79.0
537642,Melody Mix,12.58,Music,44.76,Saturday,Evening,68.08,0.0,Neutral,10.43967,1,87.0
537831,Melody Mix,67.17227482678985,Music,82.87,Saturday,Evening,0.0,3.0,Neutral,32.7051,1,38.0
537967,Melody Mix,88.02,Music,54.24,Saturday,Evening,0.0,1.0,Negative,53.18233,1,71.0
539528,Melody Mix,35.66,Music,72.19,Saturday,Evening,52.25,3.0,Negative,19.70571,1,19.0
540230,Melody Mix,27.08,Music,78.93,Saturday,Evening,75.48,3.0,Neutral,15.9041,1,76.0
543156,Melody Mix,78.07,Music,73.16,Saturday,Evening,82.54,1.0,Neutral,30.24791,1,56.0
543258,Melody Mix,67.17227482678985,Music,91.86,Saturday,Evening,0.0,0.0,Positive,79.96759,1,80.0
543860,Melody Mix,83.76,Music,34.45,Saturday,Evening,0.0,1.0,Negative,64.83989,1,94.0
544419,Melody Mix,67.17227482678985,Music,27.3,Saturday,Evening,12.57,0.0,Positive,105.66798,1,58.0
544893,Melody Mix,95.91,Music,64.76,Saturday,Evening,9.16,1.0,Neutral,78.43315,1,3.0
545024,Melody Mix,36.22,Music,69.79,Saturday,Evening,0.0,3.0,Negative,17.66574,1,46.0
548712,Melody Mix,56.44,Music,30.25,Saturday,Evening,81.31,2.0,Negative,38.31707,1,31.0
548730,Melody Mix,46.11,Music,93.33,Saturday,Evening,88.74,2.0,Positive,37.00711,1,15.0
548752,Melody Mix,57.59,Music,96.72,Saturday,Evening,34.07,1.0,Negative,45.91996,1,85.0
549502,Melody Mix,113.94,Music,97.98,Saturday,Evening,54.96,1.0,Negative,106.16,1,31.0
549540,Melody Mix,16.91,Music,22.41,Saturday,Evening,38.41,2.0,Positive,13.28166,1,70.0
550314,Melody Mix,14.94,Music,80.86,Saturday,Evening,0.0,0.0,Positive,5.33641,1,29.0
551546,Melody Mix,57.59,Music,64.85,Saturday,Evening,34.07,1.0,Negative,45.91996,1,55.0
553608,Melody Mix,115.73,Music,31.31,Saturday,Evening,54.79,2.0,Neutral,92.96318,1,90.0
557196,Melody Mix,105.16,Music,93.37,Saturday,Evening,94.12,0.0,Neutral,98.45,1,69.0
557385,Melody Mix,67.17227482678985,Music,32.33,Saturday,Evening,75.55,3.0,Negative,5.39,1,3.0
557404,Melody Mix,53.11,Music,88.29,Saturday,Evening,38.46,3.0,Neutral,37.78194,1,57.0
558973,Melody Mix,67.17227482678985,Music,81.55,Saturday,Evening,0.0,1.0,Negative,67.22238,1,6.0
560172,Melody Mix,75.91,Music,97.39,Saturday,Evening,5.71,2.0,Neutral,49.34418,1,55.0
566703,Melody Mix,113.85,Music,34.47,Saturday,Evening,0.0,0.0,Negative,92.59451,1,74.0
568476,Melody Mix,117.16,Music,47.84,Saturday,Evening,49.39,3.0,Neutral,102.18347,1,25.0
568883,Melody Mix,15.51,Music,30.35,Saturday,Evening,79.07,3.0,Negative,15.14766,1,26.0
569587,Melody Mix,81.12,Music,76.51,Saturday,Evening,4.36,1.0,Positive,76.35708,1,71.0
570335,Melody Mix,48.51,Music,71.51,Saturday,Evening,7.06,1.0,Negative,37.45585,1,99.0
570861,Melody Mix,63.52,Music,74.3,Saturday,Evening,62.0,1.0,Negative,47.6229,1,56.0
572316,Melody Mix,112.48,Music,23.46,Saturday,Evening,36.05,1.0,Neutral,69.6969,1,66.0
573065,Melody Mix,44.59,Music,74.44,Saturday,Evening,21.42,0.0,Negative,35.39879,1,37.0
575982,Melody Mix,67.17227482678985,Music,28.18,Saturday,Evening,2.81,1.0,Neutral,19.71374,1,14.0
577076,Melody Mix,18.11,Music,32.71,Saturday,Evening,65.37,3.0,Neutral,14.48707,1,77.0
577619,Melody Mix,44.94,Music,40.05,Saturday,Evening,74.61,2.0,Neutral,31.88075,1,91.0
577785,Melody Mix,52.44,Music,33.36,Saturday,Evening,9.4,0.0,Positive,31.5046,1,8.0
578930,Melody Mix,116.64,Music,98.49,Saturday,Evening,84.02,0.0,Positive,73.89045,1,36.0
580191,Melody Mix,95.64,Music,69.95,Saturday,Evening,92.11,1.0,Positive,72.40803,1,74.0
580298,Melody Mix,32.6,Music,25.08,Saturday,Evening,0.0,2.0,Positive,26.55419,1,12.0
580568,Melody Mix,65.95,Music,37.41,Saturday,Evening,68.56,1.0,Neutral,61.50497,1,35.0
581246,Melody Mix,30.97,Music,68.36,Saturday,Evening,0.8,2.0,Negative,14.06998,1,34.0
583499,Melody Mix,110.52,Music,87.81,Saturday,Evening,1.48,1.0,Positive,82.79721,1,75.0
584416,Melody Mix,60.83,Music,61.34,Saturday,Evening,79.84,1.0,Neutral,48.00094,1,19.0
584758,Melody Mix,31.22,Music,23.74,Saturday,Evening,83.83,2.0,Positive,24.45992,1,76.0
585587,Melody Mix,73.28,Music,96.91,Saturday,Evening,22.81,0.0,Positive,56.98769,1,43.0
590792,Melody Mix,92.34,Music,88.58,Saturday,Evening,86.8,0.0,Positive,53.60841,1,55.0
592502,Melody Mix,27.15,Music,55.81,Saturday,Evening,28.39,1.0,Positive,18.72859,1,62.0
594798,Melody Mix,81.02,Music,87.72,Saturday,Evening,79.09,0.0,Neutral,68.02525,1,72.0
594901,Melody Mix,69.52,Music,60.25,Saturday,Evening,88.79,1.0,Negative,59.27903,1,4.0
594993,Melody Mix,99.29,Music,89.29,Saturday,Evening,47.09,3.0,Neutral,87.27618,1,16.0
595587,Melody Mix,111.95,Music,82.35,Saturday,Evening,0.0,3.0,Neutral,61.33676,1,58.0
598612,Melody Mix,62.71,Music,87.76,Saturday,Evening,63.55,0.0,Neutral,49.06931,1,32.0
599240,Melody Mix,76.69,Music,70.97,Saturday,Evening,84.98,0.0,Negative,50.74568,1,19.0
599988,Melody Mix,31.82,Music,87.61,Saturday,Evening,38.82,0.0,Neutral,19.98629,1,87.0
600305,Melody Mix,79.96,Music,52.67,Saturday,Evening,24.44,0.0,Positive,50.42948,1,78.0
601057,Melody Mix,102.63,Music,61.03,Saturday,Evening,69.9,3.0,Negative,43.08672,1,98.0
602125,Melody Mix,17.01,Music,85.9,Saturday,Evening,0.0,3.0,Positive,8.46429,1,85.0
603021,Melody Mix,37.12,Music,37.91,Saturday,Evening,0.0,0.0,Positive,22.3462,1,25.0
604826,Melody Mix,48.46,Music,34.41,Saturday,Evening,61.46,0.0,Positive,45.78321,1,54.0
605002,Melody Mix,90.57,Music,70.71,Saturday,Evening,0.0,0.0,Positive,85.09869,1,26.0
605722,Melody Mix,67.17227482678985,Music,22.87,Saturday,Evening,12.88,1.0,Neutral,61.30796,1,78.0
606631,Melody Mix,53.06,Music,91.95,Saturday,Evening,15.51,3.0,Positive,32.76667,1,49.0
607628,Melody Mix,116.63,Music,98.84,Saturday,Evening,0.88,2.0,Positive,113.97631,1,43.0
608176,Melody Mix,63.94,Music,77.4,Saturday,Evening,0.0,0.0,Neutral,48.58648,1,63.0
608992,Melody Mix,100.61,Music,91.94,Saturday,Evening,0.0,2.0,Positive,45.24523,1,26.0
612800,Melody Mix,74.22,Music,75.62,Saturday,Evening,0.0,0.0,Positive,68.28885,1,71.0
615688,Melody Mix,62.38,True Crime,48.26,Saturday,Evening,79.77,2.0,Neutral,35.11072,1,73.0
616297,Melody Mix,88.78,Music,25.77,Saturday,Evening,22.52,2.0,Neutral,74.70839,1,8.0
616699,Melody Mix,33.86,Music,87.04,Saturday,Evening,27.16,0.0,Negative,11.92495,1,2.0
617025,Melody Mix,56.77,Music,34.98,Saturday,Evening,87.19,0.0,Positive,28.79761,1,73.0
618061,Melody Mix,6.82,Music,78.97,Saturday,Evening,84.64,2.0,Positive,2.96691,1,48.0
619360,Melody Mix,86.19,Music,66.75,Saturday,Evening,0.0,1.0,Negative,69.48029,1,39.0
619865,Melody Mix,75.47,Music,41.81,Saturday,Evening,90.62,2.0,Positive,42.26146,1,46.0
620438,Melody Mix,109.71,Music,78.48,Saturday,Evening,78.61,0.0,Positive,87.41,1,51.0
620579,Melody Mix,67.17227482678985,Music,69.16,Saturday,Evening,72.9,0.0,Positive,52.43956,1,31.0
620961,Melody Mix,118.39,Music,40.73,Saturday,Evening,8.16,1.0,Negative,107.56822,1,90.0
621973,Melody Mix,106.59,Music,45.7,Saturday,Evening,25.54,3.0,Neutral,49.19485,1,8.0
622913,Melody Mix,62.53,Music,80.54,Saturday,Evening,32.2,3.0,Negative,47.14828,1,33.0
624513,Melody Mix,39.85,Music,58.32,Saturday,Evening,86.99,3.0,Negative,18.15047,1,18.0
624936,Melody Mix,67.17227482678985,Music,82.73,Saturday,Evening,0.0,3.0,Negative,50.09486,1,63.0
625977,Melody Mix,94.88,Music,84.02,Saturday,Evening,9.51,2.0,Positive,94.13034,1,64.0
626988,Melody Mix,77.58,Music,93.25,Saturday,Evening,55.82,3.0,Neutral,48.77395,1,72.0
627814,Melody Mix,69.44,Music,46.66,Saturday,Evening,39.52,3.0,Positive,27.90422,1,63.0
629354,Melody Mix,67.17227482678985,Music,62.16,Saturday,Evening,4.6,2.0,Neutral,61.59069,1,57.0
629482,Melody Mix,56.33,Music,64.69,Saturday,Evening,98.62,1.0,Negative,32.14165,1,50.0
630215,Melody Mix,31.84,Music,68.24,Saturday,Evening,27.45,0.0,Positive,24.44268,1,70.0
630230,Melody Mix,67.17227482678985,Music,49.88,Saturday,Evening,36.84,0.0,Positive,46.79859,1,68.0
630585,Melody Mix,96.22,Music,93.43,Saturday,Evening,9.01,0.0,Negative,72.62461,1,38.0
630669,Melody Mix,40.22,Music,29.49,Saturday,Evening,82.4,3.0,Negative,23.50029,1,19.0
631302,Melody Mix,67.17227482678985,Music,89.79,Saturday,Evening,60.04,0.0,Negative,19.57274,1,22.0
631480,Melody Mix,97.74,Music,65.14,Saturday,Evening,58.39,0.0,Negative,81.21439,1,72.0
633672,Melody Mix,118.07,Music,71.2,Saturday,Evening,20.74,0.0,Neutral,94.97855,1,58.0
633688,Melody Mix,99.23,Music,77.89,Saturday,Evening,94.37,2.0,Neutral,59.6891,1,92.0
635250,Melody Mix,48.41,Music,90.25,Saturday,Evening,47.52,1.0,Negative,33.13456,1,38.0
635508,Melody Mix,67.17227482678985,Music,41.01,Saturday,Evening,7.94,0.0,Negative,76.19159,1,57.0
636387,Melody Mix,67.17227482678985,Music,28.45,Saturday,Evening,0.0,0.0,Positive,58.27787,1,16.0
636802,Melody Mix,101.03,Music,98.46,Saturday,Evening,0.0,2.0,Neutral,73.22218,1,31.0
636847,Melody Mix,16.78,Music,39.23,Saturday,Evening,62.18,2.0,Positive,6.96217,1,38.0
638365,Melody Mix,67.17227482678985,Music,32.47,Saturday,Evening,68.5,0.0,Positive,57.11276,1,64.0
638533,Melody Mix,34.29,Music,41.48,Saturday,Evening,76.15,2.0,Neutral,16.03778,1,93.0
638618,Melody Mix,26.47,Music,71.31,Saturday,Evening,7.22,1.0,Neutral,22.64947,1,82.0
640265,Melody Mix,93.99,Music,49.86,Saturday,Evening,13.21,2.0,Neutral,79.05856,1,13.0
642845,Melody Mix,119.16,Music,70.15,Saturday,Evening,1.83,1.0,Positive,78.7135,1,3.0
644180,Melody Mix,31.46,Music,65.8,Saturday,Evening,23.11,1.0,Neutral,18.18,1,31.0
645077,Melody Mix,16.2,Music,52.13,Saturday,Evening,65.1,2.0,Neutral,0.99035,1,100.0
646521,Melody Mix,72.35,Music,42.34,Saturday,Evening,77.99,0.0,Neutral,58.107,1,32.0
646935,Melody Mix,67.17227482678985,Music,92.03,Saturday,Evening,39.87,1.0,Negative,16.58275,1,62.0
646938,Melody Mix,37.11,Music,59.61,Saturday,Evening,3.14,0.0,Neutral,15.7921,1,96.0
647122,Melody Mix,54.85,Music,64.39,Saturday,Evening,55.59,0.0,Negative,39.4429,1,78.0
648801,Melody Mix,15.71,Music,41.08,Saturday,Evening,47.73,3.0,Negative,13.49,1,45.0
649260,Melody Mix,84.37,Music,52.33,Saturday,Evening,42.0,2.0,Neutral,68.71542,1,70.0
651962,Melody Mix,57.91,Music,79.34,Saturday,Evening,0.0,0.0,Neutral,42.29624,1,99.0
652680,Melody Mix,73.91,Music,30.98,Saturday,Evening,51.69,2.0,Neutral,48.18387,1,50.0
653169,Melody Mix,27.71,Music,61.8,Saturday,Evening,98.43,1.0,Negative,21.42,1,7.0
653465,Melody Mix,114.69,Music,93.14,Saturday,Evening,15.5,0.0,Neutral,76.2234,1,91.0
654791,Melody Mix,45.66,Music,62.97,Saturday,Evening,53.68,0.0,Neutral,30.81358,1,37.0
654981,Melody Mix,91.28,Music,31.34,Saturday,Evening,20.33,2.0,Neutral,57.42039,1,86.0
656096,Melody Mix,11.4,Music,32.02,Saturday,Evening,40.35,0.0,Neutral,0.0,1,30.0
656235,Melody Mix,67.17227482678985,Music,51.39,Saturday,Evening,20.63,1.0,Positive,4.33686,1,32.0
656276,Melody Mix,76.88,Music,29.67,Saturday,Evening,62.05,2.0,Positive,47.4121,1,64.0
656527,Melody Mix,67.99,Music,78.78,Saturday,Evening,26.65,1.0,Positive,40.26348,1,28.0
656971,Melody Mix,104.08,Music,86.32,Saturday,Evening,0.0,1.0,Neutral,51.92448,1,9.0
656978,Melody Mix,67.17227482678985,Music,20.01,Saturday,Evening,32.02,3.0,Neutral,5.54651,1,8.0
657657,Melody Mix,103.37,Music,40.5,Saturday,Evening,66.43,3.0,Negative,46.72775,1,16.0
658474,Melody Mix,40.78,Music,37.85,Saturday,Evening,45.67,3.0,Positive,33.3658,1,90.0
658499,Melody Mix,28.31,Music,71.92,Saturday,Evening,54.51,3.0,Positive,12.95427,1,5.0
659082,Melody Mix,113.04,Music,38.85,Saturday,Evening,38.94,1.0,Positive,61.42677,1,99.0
659910,Melody Mix,101.35,Music,28.57,Saturday,Evening,91.83,2.0,Negative,58.10268,1,79.0
660465,Melody Mix,98.27,Music,99.16,Saturday,Evening,67.36,3.0,Positive,79.28798,1,72.0
661356,Melody Mix,113.14,Music,71.3,Saturday,Evening,95.64,3.0,Neutral,52.19372,1,11.0
661769,Melody Mix,67.17227482678985,Music,48.98,Saturday,Evening,6.81,1.0,Negative,22.04054,1,48.0
663555,Melody Mix,39.1,Music,56.13,Saturday,Evening,9.79,1.0,Negative,25.49274,1,9.0
665490,Melody Mix,60.62,Music,59.23,Saturday,Evening,45.88,0.0,Neutral,56.89696,1,25.0
665904,Melody Mix,67.17227482678985,Music,54.63,Saturday,Evening,36.35,0.0,Neutral,100.9642,1,44.0
666615,Melody Mix,96.53,Music,23.54,Saturday,Evening,0.0,1.0,Negative,45.29384,1,18.0
666932,Melody Mix,67.17227482678985,Music,73.17,Saturday,Evening,0.0,3.0,Positive,23.74259,1,19.0
667204,Melody Mix,34.93,Music,96.16,Saturday,Evening,62.91,3.0,Positive,21.84553,1,9.0
668163,Melody Mix,105.32,Music,48.39,Saturday,Evening,96.06,1.0,Negative,57.9139,1,32.0
668662,Melody Mix,8.42,Music,28.4,Saturday,Evening,34.48,0.0,Positive,3.02643,1,17.0
668703,Melody Mix,104.17,Music,79.36,Saturday,Evening,69.75,2.0,Negative,85.03666,1,39.0
670591,Melody Mix,27.64,Music,51.34,Saturday,Evening,44.17,1.0,Negative,17.29561,1,59.0
670620,Melody Mix,117.83,Music,64.67,Saturday,Evening,17.81,1.0,Positive,70.54024,1,73.0
671024,Melody Mix,113.94,Music,67.14,Saturday,Evening,0.0,2.0,Positive,74.44491,1,31.0
671149,Melody Mix,67.17227482678985,Music,37.72,Saturday,Evening,43.19,1.0,Positive,34.30265,1,76.0
671833,Melody Mix,91.44,Music,77.7,Saturday,Evening,89.96,0.0,Positive,57.79549,1,2.0
671920,Melody Mix,66.53,Music,31.57,Saturday,Evening,34.77,0.0,Negative,54.14297,1,65.0
672643,Melody Mix,103.05,Music,34.78,Saturday,Evening,94.33,0.0,Positive,63.60625,1,8.0
674287,Melody Mix,112.08,Music,63.7,Saturday,Evening,0.0,2.0,Positive,110.14,1,71.0
675768,Melody Mix,40.25,Music,69.31,Saturday,Evening,50.43,1.0,Neutral,22.00904,1,30.0
676681,Melody Mix,32.8,Music,64.49,Saturday,Evening,59.28,1.0,Negative,16.56274,1,63.0
679097,Melody Mix,77.31,Music,88.98,Saturday,Evening,0.0,2.0,Positive,72.95252,1,73.0
679690,Melody Mix,100.6,Music,50.13,Saturday,Evening,93.69,3.0,Neutral,85.08808,1,57.0
680865,Melody Mix,44.28,Music,74.33,Saturday,Evening,66.33,2.0,Negative,18.50764,1,20.0
680988,Melody Mix,59.48,Music,29.12,Saturday,Evening,0.0,1.0,Positive,53.94955,1,63.0
682074,Melody Mix,30.91,Music,98.35,Saturday,Evening,83.29,0.0,Neutral,27.26102,1,37.0
682138,Melody Mix,67.17227482678985,Music,25.05,Saturday,Evening,0.0,1.0,Positive,36.51806,1,14.0
682220,Melody Mix,68.81,Music,60.78,Saturday,Evening,0.0,2.0,Neutral,36.89372,1,21.0
683112,Melody Mix,56.18,Music,53.95,Saturday,Evening,15.43,0.0,Positive,53.91418,1,34.0
684722,Melody Mix,83.72,Music,64.07,Saturday,Evening,0.0,3.0,Positive,55.45168,1,33.0
687725,Melody Mix,59.34,Music,25.63,Saturday,Evening,0.0,2.0,Negative,55.34093,1,31.0
687846,Melody Mix,103.02,Music,28.4,Saturday,Evening,47.3,0.0,Neutral,63.54,1,31.0
688287,Melody Mix,84.83,Music,61.14,Saturday,Evening,70.81,1.0,Positive,76.61074,1,62.0
689169,Melody Mix,67.17227482678985,Music,44.2,Saturday,Evening,0.0,0.0,Negative,0.0,1,15.0
689370,Melody Mix,102.35,Music,38.82,Saturday,Evening,62.74,0.0,Neutral,99.98309,1,1.0
689379,Melody Mix,84.11,Music,62.16,Saturday,Evening,9.95,3.0,Negative,55.26946,1,14.0
689736,Melody Mix,67.17227482678985,Music,49.84,Saturday,Evening,48.72,0.0,Negative,19.57274,1,23.0
690234,Melody Mix,105.41,Music,99.72,Saturday,Evening,21.39,1.0,Positive,76.73853,1,56.0
690292,Melody Mix,67.17227482678985,Music,98.77,Saturday,Evening,88.2,1.0,Neutral,50.28788,1,86.0
691116,Melody Mix,34.84,Music,38.36,Saturday,Evening,0.0,3.0,Negative,21.10167,1,20.0
691877,Melody Mix,41.8,Music,22.09,Saturday,Evening,70.9,0.0,Negative,29.63807,1,33.0
691958,Melody Mix,104.23,Music,58.59,Saturday,Evening,0.0,3.0,Neutral,63.75923,1,99.0
694185,Melody Mix,102.3,Music,67.69,Saturday,Evening,34.75,2.0,Negative,70.37,1,16.0
694388,Melody Mix,12.24,Music,49.75,Saturday,Evening,85.73,0.0,Neutral,10.43967,1,87.0
697033,Melody Mix,67.17227482678985,Music,43.93,Saturday,Evening,59.53,0.0,Positive,40.14949,1,62.0
697166,Melody Mix,111.37,Music,89.08,Saturday,Evening,0.0,3.0,Positive,75.187,1,81.0
698291,Melody Mix,113.54,Music,55.63,Saturday,Evening,60.17,1.0,Positive,96.18403,1,49.0
699349,Melody Mix,78.77,Music,38.76,Saturday,Evening,91.81,2.0,Negative,59.03376,1,79.0
700203,Melody Mix,56.19,Music,54.61,Saturday,Evening,40.74,3.0,Negative,49.66568,1,58.0
701857,Melody Mix,113.94,Music,93.14,Saturday,Evening,0.0,2.0,Neutral,76.2234,1,30.0
705669,Melody Mix,64.0,Music,46.8,Saturday,Evening,26.05,0.0,Negative,42.06423,1,48.0
706287,Melody Mix,11.78,Music,30.25,Saturday,Evening,4.94,0.0,Positive,2.07716,1,60.0
710360,Melody Mix,67.17227482678985,Music,51.31,Saturday,Evening,12.19,0.0,Negative,21.15717,1,69.0
711881,Melody Mix,48.06,Music,91.29,Saturday,Evening,61.85,0.0,Positive,45.78321,1,30.0
712935,Melody Mix,79.2,Music,78.26,Saturday,Evening,79.92,1.0,Neutral,66.86316,1,6.0
713174,Melody Mix,105.05,Music,59.38,Saturday,Evening,1.33,3.0,Positive,73.6998,1,41.0
714351,Melody Mix,119.89,Music,46.79,Saturday,Evening,61.05,0.0,Negative,74.55274,1,8.0
714451,Melody Mix,80.82,Music,67.38,Saturday,Evening,53.31,2.0,Neutral,39.82,1,58.0
715743,Melody Mix,103.39,Music,63.04,Saturday,Evening,23.21,0.0,Positive,63.61276,1,14.0
716224,Melody Mix,112.48,Music,20.4,Saturday,Evening,22.89,1.0,Neutral,69.6969,1,35.0
719779,Melody Mix,105.02,Music,63.76,Saturday,Evening,78.02,2.0,Neutral,92.26598,1,64.0
720321,Melody Mix,73.68,Music,73.63,Saturday,Evening,47.5,1.0,Positive,51.69215,1,87.0
721452,Melody Mix,15.62,Music,85.84,Saturday,Evening,4.12,3.0,Neutral,10.43967,1,87.0
721684,Melody Mix,56.44,Music,91.02,Saturday,Evening,91.53,2.0,Positive,32.96627,1,22.0
722068,Melody Mix,45.61,Music,60.61,Saturday,Evening,16.73,0.0,Neutral,41.91466,1,83.0
722189,Melody Mix,65.93,Music,98.69,Saturday,Evening,34.05,0.0,Negative,54.14297,1,72.0
722720,Melody Mix,67.17227482678985,Music,38.99,Saturday,Evening,88.64,0.0,Negative,26.44,1,73.0
723636,Melody Mix,27.07,Music,81.28,Saturday,Evening,79.77,0.0,Neutral,19.18337,1,6.0
724078,Melody Mix,108.94,Music,82.41,Saturday,Evening,34.76,1.0,Positive,100.42,1,1.0
725324,Melody Mix,70.12,Music,20.76,Saturday,Evening,76.38,1.0,Positive,54.4659,1,43.0
725667,Melody Mix,6.94,Music,35.13,Saturday,Evening,43.69,2.0,Neutral,0.0,1,83.0
726080,Melody Mix,62.29,Music,68.36,Saturday,Evening,20.54,2.0,Neutral,55.60954,1,81.0
726515,Melody Mix,117.07,Music,81.68,Saturday,Evening,47.69,1.0,Negative,70.51044,1,17.0
727736,Melody Mix,10.72,Music,38.64,Saturday,Evening,32.72,3.0,Negative,0.0,1,81.0
730284,Melody Mix,67.17227482678985,Music,48.96,Saturday,Evening,0.0,0.0,Positive,49.74444,1,84.0
731122,Melody Mix,30.31,Music,42.1,Saturday,Evening,93.68,3.0,Negative,25.6033,1,60.0
731597,Melody Mix,7.31,Music,73.31,Saturday,Evening,93.14,1.0,Negative,0.63873,1,71.0
731838,Melody Mix,69.47,Music,87.78,Saturday,Evening,7.52,0.0,Positive,50.42948,1,13.0
732069,Melody Mix,15.62,Music,49.75,Saturday,Evening,0.0,3.0,Negative,10.43967,1,4.0
733806,Melody Mix,42.75,Music,86.19,Saturday,Evening,23.18,2.0,Negative,31.65908,1,49.0
735618,Melody Mix,13.36,Music,87.17,Saturday,Evening,66.82,0.0,Negative,6.63636,1,13.0
736483,Melody Mix,103.18,Music,76.18,Saturday,Evening,42.4,2.0,Negative,93.94218,1,12.0
738621,Melody Mix,94.51,Music,85.63,Saturday,Evening,0.0,1.0,Positive,66.81387,1,64.0
739774,Melody Mix,26.57,Music,51.95,Saturday,Evening,0.07,1.0,Positive,15.86237,1,45.0
739920,Melody Mix,67.17227482678985,Music,54.89,Saturday,Evening,42.85,1.0,Positive,39.87835,1,85.0
740131,Melody Mix,94.96,Music,31.76,Saturday,Evening,31.03,1.0,Positive,70.68,1,58.0
741082,Melody Mix,64.02,Music,60.48,Saturday,Evening,94.05,3.0,Positive,33.88,1,95.0
741315,Melody Mix,32.04,Music,49.15,Saturday,Evening,48.45,2.0,Positive,13.81527,1,91.0
742825,Melody Mix,51.96,Music,65.16,Saturday,Evening,0.0,1.0,Negative,27.33296,1,71.0
744819,Melody Mix,91.0,Music,89.11,Saturday,Evening,0.0,0.0,Neutral,67.96759,1,80.0
745665,Melody Mix,58.96,Music,78.75,Saturday,Evening,47.35,1.0,Negative,34.96845,1,56.0
745888,Melody Mix,67.17227482678985,Music,82.36,Saturday,Evening,32.94,1.0,Neutral,0.0,1,51.0
746661,Melody Mix,67.21,Music,85.94,Saturday,Evening,0.0,0.0,Positive,50.62009,1,43.0
749213,Melody Mix,43.23,Music,50.43,Saturday,Evening,0.0,0.0,Neutral,27.75141,1,48.0
750377,Melody Mix,98.51,Music,84.37,Saturday,Evening,0.0,3.0,Negative,,0,77.0
750710,Melody Mix,95.64,Music,83.7,Saturday,Evening,77.59,0.0,Neutral,,0,8.0
756353,Melody Mix,61.71,Music,84.97,Saturday,Evening,64.4,2.0,Neutral,,0,73.0
757202,Melody Mix,71.92,Music,36.72,Saturday,Evening,44.57,1.0,Negative,,0,53.0
759237,Melody Mix,20.56,Music,90.84,Saturday,Evening,79.47,3.0,Neutral,,0,90.0
763205,Melody Mix,29.81,Music,95.82,Saturday,Evening,74.68,0.0,Neutral,,0,82.0
763784,Melody Mix,104.35,Music,65.4,Saturday,Evening,49.82,2.0,Neutral,,0,13.0
765475,Melody Mix,65.35,Music,57.26,Saturday,Evening,0.0,0.0,Neutral,,0,13.0
765857,Melody Mix,57.07,Music,29.55,Saturday,Evening,0.0,1.0,Positive,,0,63.0
767171,Melody Mix,67.17227482678985,Music,47.74,Saturday,Evening,53.74,3.0,Negative,,0,7.0
769151,Melody Mix,98.98,Music,31.18,Saturday,Evening,53.24,0.0,Neutral,,0,96.0
769193,Melody Mix,84.41,Music,89.85,Saturday,Evening,91.47,3.0,Negative,,0,91.0
769653,Melody Mix,97.4,Music,58.85,Saturday,Evening,86.72,1.0,Positive,,0,49.0
771382,Melody Mix,91.96,Music,36.79,Saturday,Evening,0.67,1.0,Neutral,,0,55.0
771424,Melody Mix,118.51,Music,62.11,Saturday,Evening,70.04,0.0,Neutral,,0,25.0
771525,Melody Mix,73.39,Music,95.35,Saturday,Evening,0.0,1.0,Negative,,0,23.0
771915,Melody Mix,81.0,Music,97.93,Saturday,Evening,0.0,3.0,Negative,,0,27.0
772025,Melody Mix,106.7,Music,36.37,Saturday,Evening,14.98,0.0,Neutral,,0,68.0
772946,Melody Mix,67.17227482678985,Music,57.63,Saturday,Evening,0.0,0.0,Negative,,0,55.0
773488,Melody Mix,49.31,Music,99.35,Saturday,Evening,10.35,0.0,Positive,,0,36.0
774324,Melody Mix,25.82,Music,42.11,Saturday,Evening,32.84,0.0,Positive,,0,48.0
774911,Melody Mix,45.55,Music,33.88,Saturday,Evening,72.55,2.0,Negative,,0,84.0
775731,Melody Mix,17.66,Music,69.57,Saturday,Evening,42.94,2.0,Negative,,0,83.0
777166,Melody Mix,119.27,Music,49.75,Saturday,Evening,0.0,0.0,Neutral,,0,50.0
783404,Melody Mix,112.48,Music,23.69,Saturday,Evening,22.28,1.0,Neutral,,0,96.0
783406,Melody Mix,30.37,Music,28.58,Saturday,Evening,0.0,0.0,Positive,,0,29.0
783789,Melody Mix,99.09,Music,92.59,Saturday,Evening,52.69,3.0,Neutral,,0,23.0
783920,Melody Mix,45.34,Music,58.45,Saturday,Evening,41.02,0.0,Negative,,0,98.0
785344,Melody Mix,118.33,Music,40.25,Saturday,Evening,44.34,0.0,Neutral,,0,34.0
785693,Melody Mix,61.17,Music,65.6,Saturday,Evening,74.63,0.0,Neutral,,0,71.0
785900,Melody Mix,61.62,Music,98.68,Saturday,Evening,34.13,0.0,Negative,,0,65.0
786025,Melody Mix,67.17227482678985,Music,90.0,Saturday,Evening,35.88,0.0,Neutral,,0,74.0
786590,Melody Mix,95.0,Music,34.4,Saturday,Evening,35.35,0.0,Neutral,,0,43.0
786930,Melody Mix,105.39,Music,45.19,Saturday,Evening,60.47,2.0,Positive,,0,29.0
787094,Melody Mix,42.09,Music,46.09,Saturday,Evening,0.0,1.0,Negative,,0,33.0
787649,Melody Mix,67.17227482678985,Music,23.56,Saturday,Evening,0.0,1.0,Neutral,,0,11.0
788225,Melody Mix,86.8,Music,22.92,Saturday,Evening,11.56,0.0,Neutral,,0,4.0
789634,Melody Mix,67.17227482678985,Music,26.48,Saturday,Evening,0.0,1.0,Negative,,0,42.0
789852,Melody Mix,19.64,Music,22.55,Saturday,Evening,23.15,0.0,Negative,,0,24.0
793577,Melody Mix,31.12,Music,60.64,Saturday,Evening,5.48,3.0,Neutral,,0,33.0
795775,Melody Mix,33.25,Music,81.44,Saturday,Evening,66.86,2.0,Positive,,0,81.0
795840,Melody Mix,72.37,Music,23.1,Saturday,Evening,60.04,0.0,Positive,,0,49.0
796053,Melody Mix,109.06,Music,67.81,Saturday,Evening,0.0,0.0,Neutral,,0,50.0
798410,Melody Mix,114.5,Music,77.53,Saturday,Evening,0.0,2.0,Positive,,0,75.0
800376,Melody Mix,35.28,Music,42.18,Saturday,Evening,28.57,3.0,Negative,,0,82.0
800613,Melody Mix,31.15,Music,67.1,Saturday,Evening,17.21,2.0,Positive,,0,70.0
801969,Melody Mix,105.0,Music,46.26,Saturday,Evening,84.05,2.0,Neutral,,0,71.0
803242,Melody Mix,62.13,Music,98.69,Saturday,Evening,38.85,1.0,Negative,,0,72.0
804632,Melody Mix,67.17227482678985,Music,42.96,Saturday,Evening,62.73,0.0,Negative,,0,27.0
804859,Melody Mix,67.17227482678985,Music,36.72,Saturday,Evening,82.14,0.0,Negative,,0,59.0
805196,Melody Mix,15.16,Music,27.83,Saturday,Evening,53.7,1.0,Neutral,,0,16.0
805919,Melody Mix,63.69,Music,40.86,Saturday,Evening,91.22,0.0,Negative,,0,83.0
806768,Melody Mix,107.23,Music,90.97,Saturday,Evening,86.19,2.0,Positive,,0,79.0
807223,Melody Mix,67.17227482678985,Music,27.54,Saturday,Evening,38.03,2.0,Negative,,0,69.0
808094,Melody Mix,67.17227482678985,Music,34.21,Saturday,Evening,78.24,2.0,Neutral,,0,41.0
809787,Melody Mix,42.32,Music,42.39,Saturday,Evening,8.9,0.0,Negative,,0,45.0
810014,Melody Mix,67.17227482678985,Music,21.9,Saturday,Evening,47.38,2.0,Negative,,0,30.0
810920,Melody Mix,49.1,Music,39.47,Saturday,Evening,43.56,1.0,Negative,,0,67.0
810987,Melody Mix,69.5,Music,44.42,Saturday,Evening,0.0,0.0,Positive,,0,50.0
811717,Melody Mix,61.34,Music,83.94,Saturday,Evening,39.87,1.0,Positive,,0,76.0
812808,Melody Mix,28.3,Music,55.42,Saturday,Evening,17.4,0.0,Positive,,0,62.0
813139,Melody Mix,56.57,Music,30.94,Saturday,Evening,0.0,2.0,Neutral,,0,18.0
816326,Melody Mix,96.81,Music,38.59,Saturday,Evening,25.88,3.0,Positive,,0,99.0
816576,Melody Mix,92.08,Music,76.31,Saturday,Evening,76.05,0.0,Negative,,0,48.0
817407,Melody Mix,87.73,Music,54.43,Saturday,Evening,52.58,2.0,Neutral,,0,12.0
818274,Melody Mix,90.84,Music,90.42,Saturday,Evening,57.22,1.0,Negative,,0,77.0
819106,Melody Mix,67.17227482678985,Music,33.2,Saturday,Evening,14.15,3.0,Neutral,,0,52.0
819984,Melody Mix,16.26,Music,96.02,Saturday,Evening,0.0,1.0,Neutral,,0,40.0
820045,Melody Mix,57.93,Music,89.42,Saturday,Evening,32.62,0.0,Negative,,0,89.0
821526,Melody Mix,40.52,Music,58.34,Saturday,Evening,64.59,3.0,Negative,,0,69.0
822220,Melody Mix,32.46,Music,31.55,Saturday,Evening,71.53,1.0,Neutral,,0,20.0
824715,Melody Mix,59.4,Music,39.77,Saturday,Evening,14.74,1.0,Negative,,0,28.0
824837,Melody Mix,116.21,Music,66.4,Saturday,Evening,13.2,1.0,Positive,,0,87.0
825568,Melody Mix,91.5,Music,32.73,Saturday,Evening,0.0,2.0,Positive,,0,31.0
826559,Melody Mix,19.95,Music,80.88,Saturday,Evening,57.35,2.0,Negative,,0,49.0
827834,Melody Mix,98.96,Music,50.6,Saturday,Evening,64.56,2.0,Neutral,,0,73.0
827863,Melody Mix,31.68,Music,69.3,Saturday,Evening,99.68,2.0,Positive,,0,69.0
829317,Melody Mix,117.06,Music,83.69,Saturday,Evening,3.0,2.0,Positive,,0,56.0
829790,Melody Mix,112.61,Music,20.81,Saturday,Evening,48.93,3.0,Negative,,0,70.0
830653,Melody Mix,85.11,Music,59.67,Saturday,Evening,35.03,1.0,Negative,,0,5.0
830879,Melody Mix,30.02,Music,95.71,Saturday,Evening,71.15,1.0,Positive,,0,71.0
834378,Melody Mix,13.95,Music,46.55,Saturday,Evening,64.91,3.0,Positive,,0,24.0
836189,Melody Mix,105.69,Music,78.01,Saturday,Evening,0.0,0.0,Neutral,,0,30.0
839084,Melody Mix,13.04,Music,31.18,Saturday,Evening,45.3,0.0,Negative,,0,27.0
839354,Melody Mix,9.33,Music,77.26,Saturday,Evening,2.62,0.0,Neutral,,0,82.0
842316,Melody Mix,67.17227482678985,Music,91.04,Saturday,Evening,69.72,1.0,Neutral,,0,70.0
842835,Melody Mix,67.17227482678985,Music,32.14,Saturday,Evening,41.08,1.0,Neutral,,0,61.0
843036,Melody Mix,7.91,Music,95.15,Saturday,Evening,48.3,1.0,Negative,,0,1.0
843705,Melody Mix,67.17227482678985,Music,97.07,Saturday,Evening,0.0,1.0,Positive,,0,96.0
844028,Melody Mix,16.53,Music,40.05,Saturday,Evening,80.67,0.0,Neutral,,0,82.0
844156,Melody Mix,76.65,Music,75.39,Saturday,Evening,84.57,3.0,Neutral,,0,70.0
845926,Melody Mix,53.66,Music,47.62,Saturday,Evening,47.23,0.0,Neutral,,0,17.0
846866,Melody Mix,113.32,Music,78.06,Saturday,Evening,8.51,1.0,Neutral,,0,96.0
847591,Melody Mix,71.84,Music,50.19,Saturday,Evening,0.0,2.0,Negative,,0,78.0
847939,Melody Mix,16.46,Music,86.63,Saturday,Evening,66.38,3.0,Neutral,,0,19.0
848287,Melody Mix,92.24,Music,23.61,Saturday,Evening,37.67,0.0,Negative,,0,18.0
848365,Melody Mix,78.27,Music,74.53,Saturday,Evening,55.22,0.0,Negative,,0,90.0
848457,Melody Mix,57.61,Music,70.55,Saturday,Evening,0.0,3.0,Positive,,0,82.0
848696,Melody Mix,113.05,Music,32.86,Saturday,Evening,58.9,0.0,Neutral,,0,56.0
849122,Melody Mix,31.07,Music,34.13,Saturday,Evening,23.16,3.0,Neutral,,0,80.0
849486,Melody Mix,74.28,Music,67.42,Saturday,Evening,0.0,2.0,Positive,,0,67.0
849765,Melody Mix,29.3,Music,27.23,Saturday,Evening,0.0,3.0,Neutral,,0,3.0
850084,Melody Mix,87.99,Music,62.44,Saturday,Evening,0.0,2.0,Positive,,0,5.0
850447,Melody Mix,69.52,Music,42.69,Saturday,Evening,0.0,3.0,Positive,,0,91.0
850804,Melody Mix,67.17227482678985,Music,57.0,Saturday,Evening,40.47,0.0,Neutral,,0,43.0
853494,Melody Mix,51.14,Music,35.73,Saturday,Evening,27.71,2.0,Positive,,0,75.0
853799,Melody Mix,12.58,Music,46.45,Saturday,Evening,68.08,0.0,Neutral,,0,87.0
855644,Melody Mix,82.88,Music,50.74,Saturday,Evening,85.94,3.0,Positive,,0,75.0
855912,Melody Mix,67.17227482678985,Music,86.82,Saturday,Evening,99.99,2.0,Neutral,,0,37.0
855936,Melody Mix,104.01,Music,90.79,Saturday,Evening,98.82,1.0,Negative,,0,71.0
861904,Melody Mix,28.36,Music,70.17,Saturday,Evening,46.45,3.0,Negative,,0,70.0
864279,Melody Mix,116.21,Music,66.5,Saturday,Evening,1.99,1.0,Positive,,0,55.0
864470,Melody Mix,10.61,Music,47.93,Saturday,Evening,40.72,0.0,Positive,,0,34.0
865092,Melody Mix,67.17227482678985,Music,88.19,Saturday,Evening,19.27,0.0,Negative,,0,17.0
866909,Melody Mix,116.21,Music,66.96,Saturday,Evening,13.02,2.0,Positive,,0,81.0
868887,Melody Mix,98.74,Music,21.2,Saturday,Evening,0.0,2.0,Neutral,,0,2.0
872022,Melody Mix,27.45,Music,28.13,Saturday,Evening,0.0,3.0,Negative,,0,99.0
873794,Melody Mix,77.83,Music,24.07,Saturday,Evening,18.37,1.0,Neutral,,0,48.0
874246,Melody Mix,99.74,Music,35.11,Saturday,Evening,82.82,1.0,Neutral,,0,90.0
875167,Melody Mix,56.77,Music,62.69,Saturday,Evening,0.0,3.0,Positive,,0,31.0
875995,Melody Mix,111.32,Music,24.57,Saturday,Evening,72.65,2.0,Neutral,,0,47.0
878245,Melody Mix,70.73,Music,36.77,Saturday,Evening,40.86,3.0,Neutral,,0,22.0
878599,Melody Mix,42.93,Music,57.2,Saturday,Evening,0.0,1.0,Negative,,0,50.0
881584,Melody Mix,114.48,Music,35.57,Saturday,Evening,65.83,2.0,Negative,,0,46.0
882003,Melody Mix,117.04,Music,34.4,Saturday,Evening,0.0,0.0,Positive,,0,27.0
883755,Melody Mix,19.26,Music,87.47,Saturday,Evening,0.0,0.0,Neutral,,0,58.0
884475,Melody Mix,31.18,Music,69.2,Saturday,Evening,69.01,2.0,Neutral,,0,79.0
885273,Melody Mix,70.11,Music,48.64,Saturday,Evening,87.37,3.0,Neutral,,0,9.0
885693,Melody Mix,29.97,Music,78.77,Saturday,Evening,0.0,0.0,Positive,,0,15.0
885856,Melody Mix,21.85,Music,71.87,Saturday,Evening,0.0,0.0,Positive,,0,48.0
886206,Melody Mix,90.79,Music,73.0,Saturday,Evening,36.78,0.0,Negative,,0,49.0
886593,Melody Mix,84.9,Music,44.44,Saturday,Evening,0.0,1.0,Positive,,0,67.0
887506,Melody Mix,87.25,Music,41.2,Saturday,Evening,8.25,1.0,Neutral,,0,28.0
888906,Melody Mix,117.94,Music,50.77,Saturday,Evening,55.88,3.0,Neutral,,0,70.0
889334,Melody Mix,42.03,Music,79.8,Saturday,Evening,93.92,1.0,Negative,,0,64.0
890645,Melody Mix,67.17227482678985,Music,82.5,Saturday,Evening,13.75,3.0,Positive,,0,66.0
890646,Melody Mix,61.7,Music,51.81,Saturday,Evening,50.63,0.0,Positive,,0,60.0
891520,Melody Mix,67.17227482678985,Music,94.13,Saturday,Evening,91.5,2.0,Neutral,,0,12.0
891714,Melody Mix,56.42,Music,58.87,Saturday,Evening,54.59,3.0,Neutral,,0,62.0
892698,Melody Mix,30.82,Music,33.71,Saturday,Evening,95.43,0.0,Negative,,0,63.0
893239,Melody Mix,53.17,Music,83.17,Saturday,Evening,7.04,3.0,Neutral,,0,20.0
894073,Melody Mix,107.63,Music,70.81,Saturday,Evening,82.53,0.0,Positive,,0,24.0
895066,Melody Mix,29.28,Music,47.55,Saturday,Evening,72.53,0.0,Negative,,0,63.0
895325,Melody Mix,77.71,Music,49.87,Saturday,Evening,80.56,3.0,Positive,,0,36.0
895934,Melody Mix,105.17,Music,65.33,Saturday,Evening,30.05,2.0,Negative,,0,37.0
898536,Melody Mix,91.62,Music,33.07,Saturday,Evening,0.0,3.0,Negative,,0,46.0
899519,Melody Mix,113.03,Music,91.19,Saturday,Evening,14.29,0.0,Positive,,0,69.0
899877,Melody Mix,15.21,Music,23.92,Saturday,Evening,0.0,2.0,Neutral,,0,19.0
900278,Melody Mix,77.08,Music,24.25,Saturday,Evening,54.73,3.0,Neutral,,0,12.0
901108,Melody Mix,63.13,Music,72.02,Saturday,Evening,68.4,0.0,Neutral,,0,41.0
901230,Melody Mix,49.19,Music,20.23,Saturday,Evening,96.6,2.0,Negative,,0,29.0
903379,Melody Mix,112.25,Music,22.33,Saturday,Evening,93.46,2.0,Positive,,0,71.0
904117,Melody Mix,119.16,Music,38.71,Saturday,Evening,1.83,1.0,Negative,,0,87.0
906387,Melody Mix,67.17227482678985,Music,59.44,Saturday,Evening,62.97,0.0,Positive,,0,12.0
906808,Melody Mix,94.41,Music,20.31,Saturday,Evening,22.04,1.0,Neutral,,0,13.0
907016,Melody Mix,68.99,Music,46.32,Saturday,Evening,1.99,1.0,Neutral,,0,29.0
909077,Melody Mix,65.01,Music,90.79,Saturday,Evening,90.65,2.0,Positive,,0,56.0
909269,Melody Mix,113.99,Music,60.48,Saturday,Evening,0.0,2.0,Positive,,0,35.0
909663,Melody Mix,103.56,Music,38.68,Saturday,Evening,40.96,1.0,Positive,,0,41.0
910037,Melody Mix,26.57,Music,26.24,Saturday,Evening,0.0,2.0,Negative,,0,19.0
911400,Melody Mix,57.13,Music,84.06,Saturday,Evening,74.63,0.0,Neutral,,0,71.0
911903,Melody Mix,16.68,Music,49.66,Saturday,Evening,0.0,3.0,Neutral,,0,87.0
912779,Melody Mix,38.27,Music,74.38,Saturday,Evening,62.74,0.0,Negative,,0,15.0
912900,Melody Mix,26.27,Music,75.04,Saturday,Evening,58.77,2.0,Neutral,,0,90.0
913939,Melody Mix,72.37,Music,23.1,Saturday,Evening,60.04,0.0,Positive,,0,59.0
916099,Melody Mix,34.44,Music,62.72,Saturday,Evening,90.63,1.0,Negative,,0,62.0
919274,Melody Mix,75.11,Music,57.78,Saturday,Evening,78.76,3.0,Negative,,0,99.0
922172,Melody Mix,49.02,Music,30.26,Saturday,Evening,42.44,1.0,Neutral,,0,3.0
922336,Melody Mix,37.13,Music,42.15,Saturday,Evening,0.0,2.0,Negative,,0,60.0
922551,Melody Mix,76.25,Music,49.54,Saturday,Evening,49.07,1.0,Negative,,0,12.0
922924,Melody Mix,69.08,Music,49.96,Saturday,Evening,21.84,0.0,Negative,,0,30.0
923271,Melody Mix,96.38,Music,82.62,Saturday,Evening,79.89,3.0,Negative,,0,56.0
923961,Melody Mix,22.96,Music,66.44,Saturday,Evening,29.37,3.0,Negative,,0,16.0
926159,Melody Mix,111.04,Music,30.29,Saturday,Evening,4.78,0.0,Negative,,0,34.0
926520,Melody Mix,13.98,Music,35.26,Saturday,Evening,96.56,1.0,Positive,,0,32.0
928968,Melody Mix,69.37,Music,31.51,Saturday,Evening,38.78,0.0,Negative,,0,65.0
930892,Melody Mix,67.17227482678985,Music,57.72,Saturday,Evening,0.0,2.0,Neutral,,0,46.0
931702,Melody Mix,10.69,Music,92.25,Saturday,Evening,17.06,1.0,Positive,,0,40.0
934088,Melody Mix,67.17227482678985,Music,80.28,Saturday,Evening,77.58,0.0,Negative,,0,66.0
934610,Melody Mix,67.17227482678985,Music,94.69,Saturday,Evening,87.07,2.0,Negative,,0,77.0
935441,Melody Mix,67.17227482678985,Music,29.6,Saturday,Evening,53.57,0.0,Positive,,0,60.0
935474,Melody Mix,49.64,Music,88.92,Saturday,Evening,47.23,0.0,Neutral,,0,6.0
935609,Melody Mix,14.74,Music,47.05,Saturday,Evening,42.86,3.0,Positive,,0,90.0
936437,Melody Mix,21.84,Music,24.37,Saturday,Evening,55.04,0.0,Neutral,,0,64.0
936741,Melody Mix,104.87,Music,67.19,Saturday,Evening,0.0,2.0,Positive,,0,52.0
936883,Melody Mix,118.01,Music,47.49,Saturday,Evening,27.53,3.0,Positive,,0,86.0
938347,Melody Mix,107.34,Music,33.84,Saturday,Evening,0.0,0.0,Neutral,,0,11.0
938899,Melody Mix,28.95,Music,76.87,Saturday,Evening,23.38,2.0,Neutral,,0,66.0
938988,Melody Mix,39.97,Music,91.72,Saturday,Evening,43.16,2.0,Negative,,0,39.0
942151,Melody Mix,99.41,Music,85.93,Saturday,Evening,82.14,1.0,Positive,,0,84.0
942250,Melody Mix,37.37,Music,70.48,Saturday,Evening,52.36,3.0,Negative,,0,43.0
943238,Melody Mix,57.19,Music,72.81,Saturday,Evening,84.41,3.0,Positive,,0,3.0
943815,Melody Mix,118.82,Music,71.54,Saturday,Evening,63.18,2.0,Negative,,0,63.0
943885,Melody Mix,51.68,Music,55.07,Saturday,Evening,51.01,3.0,Neutral,,0,67.0
945355,Melody Mix,67.73,Music,65.08,Saturday,Evening,8.94,0.0,Neutral,,0,23.0
946273,Melody Mix,77.92,Music,93.4,Saturday,Evening,0.0,3.0,Positive,,0,5.0
946686,Melody Mix,97.34,Music,24.78,Saturday,Evening,39.06,0.0,Negative,,0,99.0
950523,Melody Mix,32.49,Music,66.03,Saturday,Evening,30.65,1.0,Neutral,,0,46.0
953597,Melody Mix,41.48,Music,98.04,Saturday,Evening,3.91,3.0,Positive,,0,72.0
955214,Melody Mix,30.71,Music,69.79,Saturday,Evening,69.79,1.0,Negative,,0,39.0
955236,Melody Mix,67.17227482678985,Music,84.44,Saturday,Evening,19.69,0.0,Negative,,0,42.0
955614,Melody Mix,52.42,Music,74.05,Saturday,Evening,71.52,3.0,Negative,,0,82.0
956401,Melody Mix,52.67,Music,40.72,Saturday,Evening,92.09,1.0,Positive,,0,87.0
956743,Melody Mix,43.92,Music,29.89,Saturday,Evening,45.82,3.0,Negative,,0,36.0
956883,Melody Mix,67.17227482678985,Music,63.97,Saturday,Evening,77.57,0.0,Negative,,0,75.0
957632,Melody Mix,12.58,Music,49.75,Saturday,Evening,16.67,0.0,Neutral,,0,87.0
960288,Melody Mix,44.5,Music,20.8,Saturday,Evening,94.19,2.0,Negative,,0,59.0
960721,Melody Mix,56.45,Music,49.46,Saturday,Evening,0.0,2.0,Neutral,,0,97.0
961051,Melody Mix,109.72,Music,31.58,Saturday,Evening,0.0,3.0,Positive,,0,2.0
961588,Melody Mix,81.9,Music,55.63,Saturday,Evening,12.11,2.0,Neutral,,0,58.0
961655,Melody Mix,87.72,Music,30.15,Saturday,Evening,0.0,3.0,Positive,,0,77.0
963745,Melody Mix,67.99,Music,78.78,Saturday,Evening,20.65,3.0,Positive,,0,68.0
968298,Melody Mix,78.28,Music,67.77,Saturday,Evening,47.66,1.0,Negative,,0,7.0
969294,Melody Mix,57.63,Music,96.72,Saturday,Evening,34.07,1.0,Negative,,0,11.0
969583,Melody Mix,44.14,Music,67.56,Saturday,Evening,69.36,2.0,Neutral,,0,64.0
970213,Melody Mix,67.17227482678985,Music,60.22,Saturday,Evening,0.0,0.0,Neutral,,0,32.0
970307,Melody Mix,94.07,Music,49.08,Saturday,Evening,98.6,1.0,Negative,,0,5.0
970942,Melody Mix,116.12,Music,55.46,Saturday,Evening,0.0,2.0,Neutral,,0,66.0
972323,Melody Mix,67.17227482678985,Music,83.0,Saturday,Evening,45.79,0.0,Positive,,0,67.0
973419,Melody Mix,74.92,Music,80.83,Saturday,Evening,0.0,0.0,Positive,,0,38.0
975210,Melody Mix,32.24,Music,39.68,Saturday,Evening,55.59,3.0,Positive,,0,43.0
976251,Melody Mix,111.21,Music,95.77,Saturday,Evening,25.73,2.0,Neutral,,0,4.0
977451,Melody Mix,67.17227482678985,Music,60.73,Saturday,Evening,92.2,1.0,Neutral,,0,36.0
977502,Melody Mix,77.31,Music,41.6,Saturday,Evening,30.75,2.0,Positive,,0,25.0
977761,Melody Mix,48.9,Music,34.61,Saturday,Evening,34.98,3.0,Neutral,,0,43.0
977947,Melody Mix,86.42,Music,69.65,Saturday,Evening,31.72,0.0,Positive,,0,5.0
978123,Melody Mix,67.17227482678985,Music,51.78,Saturday,Evening,32.72,3.0,Neutral,,0,92.0
978402,Melody Mix,116.74,Music,66.96,Saturday,Evening,13.15,1.0,Positive,,0,55.0
981962,Melody Mix,98.71,Music,92.53,Saturday,Evening,91.66,1.0,Negative,,0,30.0
983655,Melody Mix,116.53,Music,85.38,Saturday,Evening,99.69,1.0,Negative,,0,45.0
986031,Melody Mix,116.87,Music,39.41,Saturday,Evening,0.0,1.0,Negative,,0,40.0
986929,Melody Mix,119.58,Music,93.37,Saturday,Evening,40.97,3.0,Neutral,,0,56.0
989737,Melody Mix,44.34,Music,45.8,Saturday,Evening,63.12,1.0,Negative,,0,89.0
990260,Melody Mix,115.51,Music,31.37,Saturday,Evening,19.38,3.0,Negative,,0,76.0
990435,Melody Mix,42.32,Music,42.37,Saturday,Evening,7.9,0.0,Negative,,0,71.0
991075,Melody Mix,103.23,Music,38.46,Saturday,Evening,55.08,1.0,Neutral,,0,51.0
993584,Melody Mix,38.89,Music,38.98,Saturday,Evening,38.73,2.0,Positive,,0,38.0
994058,Melody Mix,111.35,Music,30.8,Saturday,Evening,4.78,0.0,Negative,,0,84.0
995765,Melody Mix,47.89,Music,66.47,Saturday,Evening,42.35,0.0,Negative,,0,83.0
996778,Melody Mix,96.15,Music,53.34,Saturday,Evening,22.27,1.0,Neutral,,0,60.0
996790,Melody Mix,70.15,Music,47.37,Saturday,Evening,0.0,2.0,Positive,,0,89.0
998107,Melody Mix,32.81,Music,57.81,Saturday,Evening,21.55,0.0,Negative,,0,27.0
998880,Melody Mix,67.17227482678985,Music,49.01,Saturday,Evening,0.0,2.0,Neutral,,0,17.0
999669,Melody Mix,73.68,Music,57.06,Saturday,Evening,7.23,0.0,Neutral,,0,25.0
