id,Podcast_Name,Episode_Length_minutes,Genre,Host_Popularity_percentage,Publication_Day,Publication_Time,Guest_Popularity_percentage,Number_of_Ads,Episode_Sentiment,Listening_Time_minutes,is_train,Episode_Number
41,Game Day,33.02,Sports,27.78,Wednesday,Morning,91.13,2.0,Positive,16.36,1,4.0
547,Game Day,51.42,Sports,30.09,Wednesday,Morning,94.8,3.0,Neutral,33.82439,1,84.0
1213,Game Day,82.72,Sports,42.28,Wednesday,Morning,31.9,1.0,Negative,45.19257,1,34.0
3337,Game Day,75.15,Sports,75.67,Wednesday,Morning,0.0,2.0,Negative,46.01617,1,46.0
3914,Game Day,45.92,Sports,30.61,Wednesday,Morning,85.38,3.0,Negative,23.36708,1,42.0
6574,Game Day,9.71,Sports,42.57,Wednesday,Morning,0.0,1.0,Negative,0.0,1,61.0
6699,Game Day,56.14,Sports,66.04,Wednesday,Morning,75.87,0.0,Negative,30.67464,1,76.0
7994,Game Day,16.56,Sports,90.02,Wednesday,Morning,41.03,1.0,Positive,9.67971,1,16.0
8652,Game Day,69.7,Sports,43.85,Wednesday,Morning,71.7,3.0,Neutral,37.39672,1,63.0
9076,Game Day,23.02,Sports,50.4,Wednesday,Morning,24.68,0.0,Negative,21.49346,1,88.0
9427,Game Day,56.655910828025476,Sports,50.09,Wednesday,Morning,0.0,0.0,Negative,40.20113,1,48.0
10119,Game Day,65.55,Sports,30.78,Wednesday,Morning,11.53,1.0,Neutral,37.39672,1,42.0
10300,Game Day,89.35,Sports,98.47,Wednesday,Morning,98.4,2.0,Neutral,71.73299,1,67.0
10585,Game Day,46.99,Sports,35.32,Wednesday,Morning,82.29,3.0,Neutral,28.73686,1,82.0
10648,Game Day,62.33,Sports,42.38,Wednesday,Morning,14.46,2.0,Positive,47.95863,1,10.0
11222,Game Day,34.9,Sports,42.18,Wednesday,Morning,15.24,0.0,Negative,26.3499,1,45.0
13459,Game Day,78.32,Sports,48.92,Wednesday,Morning,70.66,0.0,Negative,40.78361,1,21.0
13710,Game Day,21.54,Sports,44.56,Wednesday,Morning,82.14,3.0,Positive,15.62791,1,90.0
14654,Game Day,33.78,Sports,28.31,Wednesday,Morning,39.87,2.0,Negative,20.74,1,14.0
15883,Game Day,12.67,Sports,96.15,Wednesday,Morning,0.0,0.0,Negative,11.81,1,26.0
16699,Game Day,95.64,Sports,79.71,Wednesday,Morning,61.56,2.0,Negative,72.62315,1,31.0
16811,Game Day,13.13,Sports,88.03,Wednesday,Morning,88.03,0.0,Negative,11.6164,1,7.0
17848,Game Day,81.33,Sports,75.8,Wednesday,Morning,72.08,2.0,Negative,53.79624,1,4.0
22851,Game Day,32.06,Sports,57.91,Wednesday,Morning,45.71,0.0,Negative,19.50954,1,62.0
24868,Game Day,30.26,Sports,79.44,Wednesday,Morning,4.22,3.0,Neutral,17.44864,1,30.0
25686,Game Day,64.13,Sports,72.7,Wednesday,Morning,84.1,0.0,Neutral,29.88492,1,1.0
28052,Game Day,111.97,Sports,29.43,Wednesday,Morning,69.73,2.0,Neutral,105.79109,1,47.0
28065,Game Day,45.2,Sports,30.19,Wednesday,Morning,0.37,2.0,Neutral,32.91798,1,65.0
28592,Game Day,31.71,Sports,73.41,Wednesday,Morning,56.71,3.0,Negative,12.28,1,97.0
29021,Game Day,68.0,Sports,33.9,Wednesday,Morning,88.1,1.0,Neutral,40.78361,1,25.0
29472,Game Day,12.16,Sports,22.26,Wednesday,Morning,61.91,2.0,Neutral,12.01522,1,26.0
29639,Game Day,6.36,Sports,96.36,Wednesday,Morning,17.06,3.0,Positive,3.15927,1,16.0
31050,Game Day,28.32,Sports,48.83,Wednesday,Morning,99.36,1.0,Positive,15.03,1,78.0
33399,Game Day,28.96,Sports,62.7,Wednesday,Morning,74.58,2.0,Neutral,14.66409,1,74.0
33852,Game Day,75.31,Sports,86.93,Wednesday,Morning,77.32,1.0,Positive,69.86712,1,75.0
36245,Game Day,12.93,Sports,40.32,Wednesday,Morning,68.6,0.0,Neutral,11.53366,1,67.0
36576,Game Day,56.88,Sports,31.43,Wednesday,Morning,79.97,0.0,Positive,51.66588,1,4.0
42904,Game Day,90.34,Sports,69.47,Wednesday,Morning,48.69,1.0,Positive,56.93,1,69.0
44179,Game Day,69.94,Sports,59.01,Wednesday,Morning,42.07,3.0,Negative,28.40764,1,8.0
45289,Game Day,104.7,Sports,43.23,Wednesday,Morning,43.68,3.0,Neutral,95.49704,1,58.0
47671,Game Day,44.92,Sports,32.16,Wednesday,Morning,46.01,2.0,Negative,21.18871,1,70.0
47980,Game Day,56.655910828025476,Sports,39.23,Wednesday,Morning,96.68,0.0,Positive,16.58,1,11.0
50603,Game Day,102.14,Sports,63.01,Wednesday,Morning,3.33,2.0,Negative,78.70412,1,42.0
54160,Game Day,29.28,Sports,77.16,Wednesday,Morning,0.0,0.0,Negative,20.43287,1,75.0
57166,Game Day,74.52,Sports,56.06,Wednesday,Morning,0.0,3.0,Positive,36.27256,1,97.0
58232,Game Day,56.655910828025476,Sports,27.77,Wednesday,Morning,50.34,2.0,Positive,60.04,1,54.0
59997,Game Day,55.62,Sports,78.72,Wednesday,Morning,58.59,1.0,Positive,49.58,1,31.0
60696,Game Day,114.56,Sports,91.79,Wednesday,Morning,53.46,1.0,Negative,81.9191,1,11.0
60769,Game Day,45.66,Sports,57.23,Wednesday,Morning,93.97,1.0,Neutral,28.95018,1,20.0
61706,Game Day,17.98,Sports,39.23,Wednesday,Morning,47.98,0.0,Positive,17.58,1,23.0
61999,Game Day,61.31,Sports,37.35,Wednesday,Morning,84.67,2.0,Neutral,44.64922,1,41.0
62190,Game Day,56.655910828025476,Sports,46.79,Wednesday,Morning,71.11,1.0,Negative,22.45408,1,64.0
62202,Game Day,56.655910828025476,Sports,50.95,Wednesday,Morning,0.0,2.0,Negative,19.07674,1,19.0
62385,Game Day,9.52,Sports,21.23,Wednesday,Morning,23.73,0.0,Neutral,7.84439,1,29.0
63374,Game Day,26.23,Sports,97.37,Wednesday,Morning,41.72,0.0,Neutral,13.59565,1,70.0
63741,Game Day,24.94,Sports,36.69,Wednesday,Morning,99.28,1.0,Neutral,8.55,1,81.0
64936,Game Day,78.36,Sports,26.4,Wednesday,Morning,90.93,1.0,Negative,63.94,1,35.0
66146,Game Day,57.04,Sports,23.5,Wednesday,Morning,55.77,0.0,Negative,45.89093,1,40.0
66784,Game Day,103.45,Sports,62.06,Wednesday,Morning,0.0,1.0,Positive,63.93965,1,75.0
69775,Game Day,29.47,Sports,85.05,Wednesday,Morning,56.12,3.0,Positive,15.42,1,3.0
70310,Game Day,28.0,Sports,37.85,Wednesday,Morning,93.8,0.0,Positive,13.54533,1,10.0
71576,Game Day,58.5,Sports,86.21,Wednesday,Morning,63.36,2.0,Neutral,47.70421,1,45.0
72412,Game Day,28.32,Sports,36.62,Wednesday,Morning,56.78,1.0,Positive,15.03,1,78.0
72480,Game Day,56.655910828025476,Sports,85.05,Wednesday,Morning,56.84,1.0,Positive,14.42,1,31.0
73239,Game Day,11.47,Sports,51.73,Wednesday,Morning,73.41,1.0,Positive,8.48,1,31.0
76488,Game Day,12.15,Sports,22.26,Wednesday,Morning,61.91,2.0,Neutral,12.01522,1,92.0
77083,Game Day,118.75,Sports,62.64,Wednesday,Morning,45.07,2.0,Neutral,64.65,1,55.0
77570,Game Day,50.0,Sports,44.18,Wednesday,Morning,26.8,0.0,Neutral,48.3594,1,44.0
78312,Game Day,56.655910828025476,Sports,56.45,Wednesday,Morning,11.3,0.0,Positive,45.03273,1,69.0
79044,Game Day,26.12,Sports,96.48,Wednesday,Morning,48.08,0.0,Positive,15.85,1,62.0
79125,Game Day,56.655910828025476,Sports,85.05,Wednesday,Morning,56.71,3.0,Positive,14.42,1,3.0
79241,Game Day,48.7,Sports,77.55,Wednesday,Morning,21.91,1.0,Positive,42.83449,1,80.0
80293,Game Day,87.36,Sports,66.9,Wednesday,Morning,57.79,0.0,Positive,79.12255,1,70.0
80508,Game Day,56.655910828025476,Sports,34.03,Wednesday,Morning,29.43,1.0,Negative,73.58474,1,53.0
80826,Game Day,72.69,Sports,59.44,Wednesday,Morning,65.68,2.0,Neutral,35.6,1,22.0
81080,Game Day,115.86,Sports,94.19,Wednesday,Morning,0.0,0.0,Positive,70.69031,1,84.0
84392,Game Day,35.6,Sports,95.83,Wednesday,Morning,48.21,0.0,Neutral,23.60525,1,91.0
86120,Game Day,40.53,Sports,31.65,Wednesday,Morning,90.63,0.0,Neutral,39.22594,1,57.0
86130,Game Day,7.15,Sports,88.65,Wednesday,Morning,93.48,3.0,Negative,1.84542,1,76.0
87819,Game Day,56.655910828025476,Sports,38.33,Wednesday,Morning,43.44,2.0,Positive,16.02,1,52.0
88526,Game Day,85.36,Sports,94.73,Wednesday,Morning,47.63,1.0,Negative,85.71294,1,94.0
91256,Game Day,16.29,Sports,29.66,Wednesday,Morning,0.0,0.0,Negative,13.45258,1,78.0
92248,Game Day,30.22,Sports,37.72,Wednesday,Morning,42.78,1.0,Positive,16.04,1,53.0
92523,Game Day,56.655910828025476,Sports,96.41,Wednesday,Morning,92.67,3.0,Negative,14.56639,1,92.0
92807,Game Day,53.94,Sports,78.26,Wednesday,Morning,31.56,1.0,Positive,33.94,1,31.0
93310,Game Day,41.14,Sports,48.29,Wednesday,Morning,53.61,3.0,Positive,22.39743,1,30.0
93632,Game Day,20.47,Sports,39.84,Wednesday,Morning,92.52,1.0,Positive,15.09,1,81.0
94410,Game Day,6.89,Sports,35.15,Wednesday,Morning,0.0,0.0,Positive,4.71867,1,81.0
94489,Game Day,19.03,Sports,88.01,Wednesday,Morning,47.56,0.0,Neutral,8.48,1,87.0
96615,Game Day,70.03,Sports,34.68,Wednesday,Morning,71.11,0.0,Negative,57.79756,1,25.0
96997,Game Day,107.86,Sports,78.69,Wednesday,Morning,34.28,0.0,Negative,67.84,1,51.0
98326,Game Day,30.47,Sports,64.39,Wednesday,Morning,53.54,1.0,Negative,17.54,1,73.0
98381,Game Day,55.12,Sports,52.71,Wednesday,Morning,1.99,1.0,Negative,36.22734,1,1.0
99325,Game Day,12.09,Sports,21.5,Wednesday,Morning,0.0,3.0,Negative,8.97344,1,47.0
100070,Game Day,41.26,Sports,62.7,Wednesday,Morning,10.33,2.0,Positive,26.54374,1,19.0
102097,Game Day,16.04,Sports,63.01,Wednesday,Morning,4.48,3.0,Positive,14.38458,1,89.0
103184,Game Day,49.31,Sports,48.92,Wednesday,Morning,82.61,2.0,Positive,32.68676,1,6.0
104757,Game Day,62.69,Sports,66.11,Wednesday,Morning,81.53,1.0,Positive,49.90315,1,72.0
105203,Game Day,107.09,Sports,34.85,Wednesday,Morning,0.0,2.0,Positive,73.28706,1,34.0
106535,Game Day,56.655910828025476,Sports,35.67,Wednesday,Morning,78.55,3.0,Positive,9.66066,1,28.0
107258,Game Day,66.92,Sports,67.42,Wednesday,Morning,19.1,2.0,Positive,46.30677,1,52.0
107655,Game Day,38.3,Sports,55.03,Wednesday,Morning,88.57,1.0,Negative,28.91798,1,58.0
110087,Game Day,92.6,Sports,62.08,Wednesday,Morning,0.0,0.0,Negative,76.7601,1,59.0
112232,Game Day,108.52,Sports,68.37,Wednesday,Morning,0.0,2.0,Negative,91.51105,1,85.0
112384,Game Day,56.655910828025476,Sports,87.93,Wednesday,Morning,92.42,2.0,Positive,15.02,1,63.0
112726,Game Day,20.87,Sports,58.82,Wednesday,Morning,32.65,3.0,Negative,11.26,1,66.0
112939,Game Day,30.69,Sports,85.08,Wednesday,Morning,65.54,1.0,Positive,12.42,1,38.0
113140,Game Day,73.37,Sports,59.45,Wednesday,Morning,0.11,0.0,Positive,45.03273,1,69.0
113169,Game Day,53.34,Sports,44.6,Wednesday,Morning,0.0,1.0,Negative,35.6,1,88.0
115049,Game Day,48.33,Sports,89.12,Wednesday,Morning,62.29,0.0,Positive,38.24246,1,35.0
116228,Game Day,13.56,Sports,29.11,Wednesday,Morning,23.3,1.0,Negative,10.79,1,93.0
119189,Game Day,48.12,Sports,49.2,Wednesday,Morning,42.47,0.0,Neutral,31.65495,1,52.0
119695,Game Day,30.69,Sports,35.79,Wednesday,Morning,98.54,3.0,Positive,12.42,1,31.0
120828,Game Day,67.93,Sports,40.0,Wednesday,Morning,19.6,3.0,Neutral,43.75965,1,79.0
122176,Game Day,102.98,Sports,39.41,Wednesday,Morning,97.7,3.0,Negative,83.47547,1,50.0
123272,Game Day,79.69,Sports,28.99,Wednesday,Morning,69.23,1.0,Negative,63.94,1,35.0
125039,Game Day,42.21,Sports,22.29,Wednesday,Morning,28.62,1.0,Negative,30.47512,1,37.0
127721,Game Day,88.42,Sports,33.93,Wednesday,Morning,60.02,3.0,Positive,42.85211,1,7.0
131242,Game Day,32.29,Sports,27.77,Wednesday,Morning,47.89,3.0,Positive,22.29084,1,88.0
132571,Game Day,15.69,Sports,76.38,Wednesday,Morning,96.94,0.0,Negative,15.06521,1,8.0
132605,Game Day,40.3,Sports,31.73,Wednesday,Morning,85.7,0.0,Negative,39.22553,1,57.0
132798,Game Day,10.21,Sports,91.19,Wednesday,Morning,0.0,0.0,Neutral,0.0,1,42.0
135516,Game Day,26.28,Sports,42.07,Wednesday,Morning,43.74,3.0,Positive,16.19459,1,38.0
135749,Game Day,56.655910828025476,Sports,39.29,Wednesday,Morning,95.48,0.0,Positive,16.58,1,9.0
136244,Game Day,115.38,Sports,78.43,Wednesday,Morning,44.69,1.0,Neutral,69.70614,1,63.0
138447,Game Day,84.57,Sports,82.6,Wednesday,Morning,92.36,1.0,Positive,71.30807,1,78.0
139110,Game Day,61.37,Sports,52.87,Wednesday,Morning,0.0,1.0,Positive,46.01432,1,49.0
140312,Game Day,36.65,Sports,65.27,Wednesday,Morning,50.99,2.0,Neutral,18.0,1,81.0
141149,Game Day,56.655910828025476,Sports,22.58,Wednesday,Morning,70.99,0.0,Negative,60.80438,1,96.0
141464,Game Day,56.655910828025476,Sports,43.11,Wednesday,Morning,71.47,3.0,Negative,61.48118,1,70.0
141825,Game Day,99.94,Sports,76.73,Wednesday,Morning,98.67,1.0,Positive,98.45,1,24.0
142076,Game Day,31.77,Sports,78.39,Wednesday,Morning,83.68,1.0,Negative,20.85,1,83.0
143608,Game Day,38.04,Sports,53.1,Wednesday,Morning,79.72,2.0,Positive,22.78807,1,16.0
144189,Game Day,63.62,Sports,58.98,Wednesday,Morning,16.82,2.0,Positive,41.46198,1,7.0
144393,Game Day,81.19,Sports,78.59,Wednesday,Morning,69.3,0.0,Positive,65.93,1,51.0
145341,Game Day,19.19,Sports,83.6,Wednesday,Morning,0.0,3.0,Neutral,18.39385,1,85.0
146489,Game Day,56.655910828025476,Sports,26.08,Wednesday,Morning,50.72,1.0,Positive,28.94,1,63.0
147023,Game Day,17.98,Sports,39.23,Wednesday,Morning,9.42,0.0,Positive,17.58,1,23.0
147358,Game Day,92.82,Sports,42.89,Wednesday,Morning,92.29,1.0,Positive,76.54159,1,20.0
147874,Game Day,32.72,Sports,41.89,Wednesday,Morning,62.58,0.0,Negative,16.3,1,48.0
150936,Game Day,40.3,Sports,30.63,Wednesday,Morning,90.63,0.0,Neutral,39.22594,1,63.0
151453,Game Day,14.24,Sports,70.94,Wednesday,Morning,69.35,2.0,Neutral,9.60684,1,32.0
153136,Game Day,11.69,Sports,38.69,Wednesday,Morning,51.39,0.0,Neutral,7.48,1,14.0
154163,Game Day,110.97,Sports,60.38,Wednesday,Morning,1.22,2.0,Positive,68.44109,1,40.0
156697,Game Day,25.39,Sports,62.67,Wednesday,Morning,23.97,1.0,Negative,23.05865,1,68.0
159240,Game Day,25.03,Sports,85.77,Wednesday,Morning,77.14,1.0,Neutral,7.8624,1,15.0
161006,Game Day,115.43,Sports,45.12,Wednesday,Morning,6.17,2.0,Neutral,68.82,1,89.0
161643,Game Day,112.42,Sports,77.08,Wednesday,Morning,62.29,2.0,Negative,84.48408,1,73.0
162688,Game Day,35.24,Sports,30.33,Wednesday,Morning,95.0,2.0,Neutral,25.45916,1,25.0
162840,Game Day,52.21,Sports,29.31,Wednesday,Morning,0.0,3.0,Neutral,38.01253,1,82.0
163354,Game Day,42.61,Sports,22.45,Wednesday,Morning,67.01,2.0,Neutral,23.92883,1,75.0
163437,Game Day,8.6,Sports,64.17,Wednesday,Morning,64.76,1.0,Positive,4.09759,1,68.0
165179,Game Day,54.69,Sports,93.32,Wednesday,Morning,45.84,1.0,Positive,51.21546,1,36.0
167643,Game Day,80.99,Sports,97.39,Wednesday,Morning,0.0,2.0,Positive,60.04,1,42.0
169118,Game Day,23.14,Sports,39.56,Wednesday,Morning,54.66,0.0,Positive,16.28,1,51.0
169359,Game Day,29.12,Sports,79.4,Wednesday,Morning,56.78,1.0,Positive,16.49,1,4.0
170425,Game Day,67.37,Sports,49.65,Wednesday,Morning,94.19,3.0,Positive,50.27755,1,18.0
170518,Game Day,109.81,Sports,80.71,Wednesday,Morning,47.63,2.0,Neutral,50.03534,1,10.0
171798,Game Day,53.17,Sports,71.46,Wednesday,Morning,0.0,2.0,Positive,40.24,1,23.0
173009,Game Day,115.81,Sports,90.98,Wednesday,Morning,95.11,0.0,Negative,99.55954,1,82.0
174119,Game Day,56.655910828025476,Sports,74.23,Wednesday,Morning,75.02,1.0,Neutral,59.58285,1,23.0
174356,Game Day,112.36,Comedy,31.92,Wednesday,Morning,23.36,0.0,Neutral,87.53235,1,30.0
175616,Game Day,49.99,Sports,36.87,Wednesday,Morning,74.87,0.0,Positive,40.23911,1,62.0
176951,Game Day,43.72,Sports,28.17,Wednesday,Morning,0.0,2.0,Positive,28.16,1,93.0
178358,Game Day,39.67,Sports,83.13,Wednesday,Morning,87.3,0.0,Negative,36.59701,1,1.0
179053,Game Day,56.655910828025476,Sports,38.14,Wednesday,Morning,55.69,0.0,Neutral,7.48,1,31.0
180035,Game Day,80.29,Sports,92.82,Wednesday,Morning,12.75,1.0,Positive,65.10525,1,29.0
180647,Game Day,40.7,Sports,31.27,Wednesday,Morning,85.6,0.0,Positive,39.22553,1,57.0
181246,Game Day,85.18,Sports,51.92,Wednesday,Morning,2.87,2.0,Neutral,64.22767,1,26.0
183321,Game Day,12.91,Sports,74.41,Wednesday,Morning,0.0,2.0,Positive,10.12491,1,49.0
183433,Game Day,63.86,Sports,53.79,Wednesday,Morning,57.69,0.0,Neutral,32.43985,1,73.0
184208,Game Day,40.89,Sports,74.14,Wednesday,Morning,22.62,0.0,Positive,39.86594,1,17.0
186086,Game Day,53.29,Sports,40.02,Wednesday,Morning,46.94,2.0,Neutral,33.13709,1,66.0
186339,Game Day,119.53,Sports,32.84,Wednesday,Morning,94.82,2.0,Positive,110.10661,1,68.0
186644,Game Day,60.47,Sports,45.11,Wednesday,Morning,71.15,1.0,Positive,38.44912,1,6.0
186885,Game Day,53.94,Sports,26.4,Wednesday,Morning,57.8,1.0,Positive,33.94,1,29.0
187285,Game Day,115.93,Sports,50.17,Wednesday,Morning,0.0,3.0,Positive,74.49509,1,49.0
188171,Game Day,56.655910828025476,Sports,48.29,Wednesday,Morning,0.0,0.0,Positive,21.34751,1,27.0
188516,Game Day,29.3,Sports,85.29,Wednesday,Morning,30.3,1.0,Positive,18.44,1,81.0
188636,Game Day,85.69,Sports,95.05,Wednesday,Morning,85.16,1.0,Negative,78.22143,1,15.0
190282,Game Day,92.44,Sports,90.68,Wednesday,Morning,68.3,0.0,Positive,42.81029,1,58.0
190971,Game Day,34.4,Sports,78.02,Wednesday,Morning,0.0,2.0,Negative,21.87007,1,13.0
192889,Game Day,17.28,Sports,44.11,Wednesday,Morning,99.01,2.0,Negative,9.39,1,11.0
193523,Game Day,56.655910828025476,Sports,66.89,Wednesday,Morning,0.0,2.0,Negative,26.2772,1,37.0
194010,Game Day,32.91,Sports,34.68,Wednesday,Morning,83.91,1.0,Negative,22.49391,1,17.0
196119,Game Day,35.72,Sports,37.53,Wednesday,Morning,23.12,3.0,Negative,21.46114,1,92.0
196558,Game Day,78.49,Sports,44.89,Wednesday,Morning,8.65,1.0,Negative,58.29958,1,22.0
196641,Game Day,47.88,Sports,26.53,Wednesday,Morning,50.43,2.0,Negative,42.03004,1,67.0
200557,Game Day,64.69,Sports,97.44,Wednesday,Morning,88.59,2.0,Positive,55.42,1,30.0
204022,Game Day,69.52,Sports,41.44,Wednesday,Morning,52.89,1.0,Positive,50.50751,1,89.0
204437,Game Day,71.64,Sports,79.71,Wednesday,Morning,50.47,2.0,Negative,30.69031,1,38.0
204531,Game Day,53.26,Sports,50.39,Wednesday,Morning,0.0,2.0,Negative,26.89341,1,68.0
206533,Game Day,53.22,Sports,52.39,Wednesday,Morning,48.39,3.0,Positive,32.21512,1,29.0
206548,Game Day,64.19,Sports,69.28,Wednesday,Morning,50.94,3.0,Negative,53.55677,1,71.0
208965,Game Day,23.38,Sports,44.94,Wednesday,Morning,82.36,1.0,Negative,9.61,1,35.0
209069,Game Day,90.46,Sports,70.61,Wednesday,Morning,63.78,0.0,Negative,72.6159,1,16.0
210050,Game Day,31.82,Sports,78.32,Wednesday,Morning,43.68,1.0,Negative,20.95,1,83.0
210169,Game Day,94.03,Sports,36.02,Wednesday,Morning,91.65,3.0,Negative,90.0848,1,27.0
210809,Game Day,32.96,Sports,27.21,Wednesday,Morning,19.08,2.0,Positive,13.45591,1,14.0
210933,Game Day,118.67,Sports,88.38,Wednesday,Morning,3.87,2.0,Negative,82.56534,1,8.0
211624,Game Day,43.24,Sports,51.49,Wednesday,Morning,62.37,3.0,Positive,35.29608,1,59.0
211786,Game Day,33.02,Sports,74.37,Wednesday,Morning,72.09,1.0,Negative,14.85,1,43.0
212007,Game Day,32.43,Sports,63.0,Wednesday,Morning,86.2,1.0,Negative,23.93036,1,5.0
212632,Game Day,56.655910828025476,True Crime,88.11,Wednesday,Morning,71.21,1.0,Positive,38.44912,1,6.0
213536,Game Day,97.97,Sports,30.19,Wednesday,Morning,86.47,0.0,Neutral,48.01245,1,54.0
214143,Game Day,27.72,Sports,47.84,Wednesday,Morning,93.4,1.0,Positive,15.03,1,78.0
215401,Game Day,84.06,Sports,75.48,Wednesday,Morning,12.16,1.0,Negative,41.82712,1,6.0
215714,Game Day,99.53,Sports,49.54,Wednesday,Morning,62.97,2.0,Neutral,55.72089,1,67.0
217001,Game Day,29.2,Sports,45.58,Wednesday,Morning,0.0,0.0,Neutral,9.66066,1,85.0
217410,Game Day,43.48,Sports,55.03,Wednesday,Morning,36.88,1.0,Negative,28.91798,1,58.0
218213,Game Day,95.81,Sports,77.13,Wednesday,Morning,0.0,1.0,Positive,65.02965,1,13.0
218926,Game Day,38.09,Sports,81.32,Wednesday,Morning,66.33,2.0,Positive,32.8271,1,67.0
222158,Game Day,107.92,Sports,76.82,Wednesday,Morning,93.58,2.0,Negative,90.43297,1,4.0
223500,Game Day,56.655910828025476,Sports,26.4,Wednesday,Morning,48.33,1.0,Positive,67.94,1,14.0
223989,Game Day,23.44,Sports,39.56,Wednesday,Morning,54.66,0.0,Positive,16.28,1,51.0
226491,Game Day,56.655910828025476,Sports,90.33,Wednesday,Morning,60.06,2.0,Negative,20.06542,1,79.0
226527,Game Day,88.58,Sports,45.22,Wednesday,Morning,52.89,1.0,Positive,83.31218,1,22.0
226541,Game Day,56.655910828025476,Sports,57.78,Wednesday,Morning,1.58,2.0,Positive,46.43959,1,40.0
227711,Game Day,13.95,Sports,43.08,Wednesday,Morning,57.95,2.0,Neutral,7.10493,1,66.0
228095,Game Day,73.18,Sports,26.4,Wednesday,Morning,50.34,1.0,Negative,63.94,1,35.0
229892,Game Day,17.98,Sports,38.38,Wednesday,Morning,14.01,0.0,Positive,17.58,1,47.0
231296,Game Day,22.31,Sports,39.69,Wednesday,Morning,92.28,0.0,Positive,7.66447,1,27.0
231981,Game Day,26.67,Sports,38.36,Wednesday,Morning,83.48,0.0,Positive,15.85,1,62.0
232751,Game Day,93.04,Sports,61.97,Wednesday,Morning,74.54,1.0,Neutral,87.44642,1,67.0
233873,Game Day,94.03,Sports,36.31,Wednesday,Morning,82.1,1.0,Neutral,90.36383,1,73.0
234773,Game Day,25.39,Sports,59.27,Wednesday,Morning,57.61,0.0,Negative,23.05865,1,61.0
235274,Game Day,68.94,Sports,54.15,Wednesday,Morning,87.08,2.0,Positive,49.99511,1,7.0
237439,Game Day,61.82,Sports,31.72,Wednesday,Morning,58.59,1.0,Positive,49.58,1,23.0
239413,Game Day,53.74,Sports,88.18,Wednesday,Morning,51.34,0.0,Negative,48.40913,1,60.0
241152,Game Day,56.655910828025476,Sports,31.87,Wednesday,Morning,0.0,3.0,Negative,68.44123,1,83.0
243256,Game Day,30.71,Sports,85.05,Wednesday,Morning,36.89,1.0,Positive,16.42,1,3.0
243748,Game Day,56.655910828025476,Sports,35.85,Wednesday,Morning,85.22,3.0,Neutral,30.26655,1,29.0
246310,Game Day,33.02,Sports,39.38,Wednesday,Morning,91.17,2.0,Positive,16.36,1,15.0
246471,Game Day,67.65,Sports,62.69,Wednesday,Morning,4.44,1.0,Negative,48.99194,1,12.0
248150,Game Day,50.52,Sports,86.61,Wednesday,Morning,70.45,2.0,Positive,47.62811,1,91.0
248801,Game Day,30.26,Sports,24.4,Wednesday,Morning,84.91,3.0,Neutral,24.489,1,66.0
249172,Game Day,78.05,Sports,53.41,Wednesday,Morning,11.37,1.0,Positive,43.41357,1,75.0
249653,Game Day,65.12,Sports,82.86,Wednesday,Morning,0.0,0.0,Positive,43.66571,1,80.0
250215,Game Day,87.85,Sports,99.76,Wednesday,Morning,52.24,1.0,Neutral,69.30629,1,61.0
250435,Game Day,47.0,Sports,53.56,Wednesday,Morning,48.73,2.0,Negative,34.10893,1,31.0
252791,Game Day,68.99,Sports,38.49,Wednesday,Morning,22.49,1.0,Positive,44.12839,1,81.0
253061,Game Day,26.42,Sports,44.11,Wednesday,Morning,32.86,1.0,Negative,15.42527,1,26.0
253834,Game Day,81.47,Sports,26.09,Wednesday,Morning,0.0,2.0,Neutral,45.74355,1,91.0
254485,Game Day,17.98,Sports,39.23,Wednesday,Morning,54.29,0.0,Positive,17.58,1,23.0
254542,Game Day,43.2,Sports,53.52,Wednesday,Morning,4.05,1.0,Neutral,36.17149,1,99.0
256226,Game Day,56.655910828025476,Sports,38.73,Wednesday,Morning,26.83,2.0,Positive,16.02,1,52.0
256290,Game Day,56.655910828025476,Sports,74.72,Wednesday,Morning,76.03,2.0,Neutral,71.19449,1,63.0
257299,Game Day,9.78,Sports,90.37,Wednesday,Morning,68.66,3.0,Positive,8.13765,1,9.0
257599,Game Day,95.46,Sports,52.46,Wednesday,Morning,0.0,0.0,Neutral,89.61625,1,54.0
258306,Game Day,26.67,Sports,38.36,Wednesday,Morning,83.23,0.0,Neutral,15.85,1,52.0
259680,Game Day,6.6,Sports,21.45,Wednesday,Morning,0.0,3.0,Negative,0.0,1,42.0
259768,Game Day,30.69,Sports,43.59,Wednesday,Morning,65.54,1.0,Positive,12.42,1,30.0
260756,Game Day,37.08,Sports,56.01,Wednesday,Morning,0.0,1.0,Negative,22.54275,1,63.0
261162,Game Day,32.91,Sports,62.77,Wednesday,Morning,61.03,1.0,Neutral,22.51425,1,89.0
261365,Game Day,56.655910828025476,Sports,39.22,Wednesday,Morning,96.41,1.0,Positive,16.58,1,9.0
263753,Game Day,18.26,Sports,57.85,Wednesday,Morning,42.04,1.0,Positive,6.0168,1,82.0
265899,Game Day,82.4,Sports,68.07,Wednesday,Morning,0.0,1.0,Negative,56.74922,1,39.0
269997,Game Day,114.92,Sports,99.14,Wednesday,Morning,93.04,1.0,Negative,87.68445,1,4.0
272938,Game Day,53.89,Sports,56.93,Wednesday,Morning,40.0,2.0,Positive,45.10265,1,7.0
274088,Game Day,114.14,Sports,87.64,Wednesday,Morning,39.15,1.0,Negative,52.97788,1,96.0
277090,Game Day,31.68,Sports,69.39,Wednesday,Morning,82.08,1.0,Negative,18.99,1,82.0
278101,Game Day,73.57,Sports,69.05,Wednesday,Morning,0.44,0.0,Positive,45.03273,1,69.0
280046,Game Day,80.92,Sports,27.77,Wednesday,Morning,50.34,2.0,Positive,60.04,1,48.0
280123,Game Day,44.12,Sports,35.91,Wednesday,Morning,0.0,2.0,Neutral,28.15637,1,55.0
280532,Game Day,42.72,Sports,58.72,Wednesday,Morning,56.76,2.0,Neutral,16.57507,1,96.0
281616,Game Day,56.655910828025476,Sports,34.26,Wednesday,Morning,0.0,3.0,Positive,73.9939,1,81.0
282023,Game Day,41.11,Sports,85.24,Wednesday,Morning,8.94,1.0,Neutral,22.55042,1,68.0
282026,Game Day,48.37,Sports,29.18,Wednesday,Morning,42.56,0.0,Negative,23.33832,1,89.0
282178,Game Day,33.78,Sports,44.16,Wednesday,Morning,26.82,3.0,Neutral,24.68411,1,42.0
282930,Game Day,56.655910828025476,Sports,93.68,Wednesday,Morning,74.04,2.0,Neutral,27.16,1,69.0
284043,Game Day,103.31,Sports,63.73,Wednesday,Morning,71.97,2.0,Positive,76.55416,1,78.0
285213,Game Day,40.3,Sports,30.63,Wednesday,Morning,90.48,0.0,Neutral,39.22594,1,57.0
285615,Game Day,101.29,Sports,30.39,Wednesday,Morning,46.4,1.0,Neutral,62.4411,1,3.0
286031,Game Day,52.52,Sports,49.02,Wednesday,Morning,3.43,0.0,Neutral,24.44534,1,54.0
286216,Game Day,115.24,Sports,85.12,Wednesday,Morning,46.09,1.0,Positive,91.63523,1,26.0
286553,Game Day,90.27,Sports,89.22,Wednesday,Morning,48.48,1.0,Positive,56.93,1,69.0
287956,Game Day,63.23,Sports,84.58,Wednesday,Morning,0.0,0.0,Neutral,50.8965,1,22.0
288502,Game Day,104.7,Sports,43.23,Wednesday,Morning,57.68,3.0,Neutral,95.49704,1,57.0
289826,Game Day,59.91,Sports,69.93,Wednesday,Morning,23.47,2.0,Positive,26.44568,1,17.0
292111,Game Day,105.47,Sports,80.99,Wednesday,Morning,83.31,2.0,Negative,56.47659,1,27.0
292333,Game Day,56.655910828025476,Sports,36.62,Wednesday,Morning,20.78,1.0,Negative,15.03,1,78.0
292935,Game Day,56.655910828025476,Sports,81.86,Wednesday,Morning,91.18,1.0,Positive,85.73035,1,90.0
293094,Game Day,56.655910828025476,Sports,39.36,Wednesday,Morning,56.93,1.0,Neutral,15.03,1,78.0
296886,Game Day,37.18,Sports,86.28,Wednesday,Morning,19.86,2.0,Negative,29.40954,1,59.0
297842,Game Day,56.655910828025476,Sports,86.85,Wednesday,Morning,19.86,2.0,Negative,29.40954,1,59.0
298662,Game Day,17.98,Sports,39.23,Wednesday,Morning,57.23,0.0,Positive,17.58,1,23.0
299309,Game Day,16.56,Sports,97.51,Wednesday,Morning,13.61,0.0,Neutral,8.25807,1,50.0
299555,Game Day,23.52,Sports,55.71,Wednesday,Morning,66.47,0.0,Neutral,11.48592,1,61.0
301454,Game Day,62.92,Sports,82.75,Wednesday,Morning,0.0,0.0,Neutral,51.28171,1,7.0
302474,Game Day,24.23,Sports,39.74,Wednesday,Morning,17.64,0.0,Neutral,10.6222,1,66.0
303089,Game Day,38.35,Sports,37.72,Wednesday,Morning,0.0,3.0,Neutral,22.10626,1,47.0
304538,Game Day,53.92,Sports,86.9,Wednesday,Morning,96.64,1.0,Neutral,53.74908,1,92.0
306569,Game Day,87.61,Sports,67.39,Wednesday,Morning,56.79,0.0,Positive,79.12255,1,70.0
308434,Game Day,64.2,Sports,38.98,Wednesday,Morning,88.1,0.0,Negative,53.47542,1,1.0
310268,Game Day,94.47,Sports,96.04,Wednesday,Morning,4.68,0.0,Negative,81.9937,1,82.0
310393,Game Day,109.14,Sports,45.2,Wednesday,Morning,18.1,2.0,Positive,86.2635,1,71.0
311028,Game Day,58.7,Sports,44.09,Wednesday,Morning,27.5,3.0,Neutral,44.68913,1,31.0
311785,Game Day,40.63,Sports,30.63,Wednesday,Morning,90.01,0.0,Negative,39.22594,1,63.0
312022,Game Day,56.655910828025476,Sports,65.43,Wednesday,Morning,36.44,0.0,Negative,16.47209,1,74.0
312151,Game Day,74.57,Sports,83.89,Wednesday,Morning,88.31,3.0,Neutral,61.97271,1,9.0
313526,Game Day,21.41,Sports,60.29,Wednesday,Morning,63.01,1.0,Negative,8.55,1,86.0
313618,Game Day,56.655910828025476,Sports,39.36,Wednesday,Morning,56.83,1.0,Neutral,15.03,1,78.0
313992,Game Day,56.655910828025476,Sports,99.08,Wednesday,Morning,0.0,3.0,Positive,73.85965,1,63.0
315220,Game Day,111.41,Sports,72.16,Wednesday,Morning,27.46,3.0,Negative,94.88554,1,68.0
316229,Game Day,28.87,Sports,80.84,Wednesday,Morning,75.81,3.0,Negative,25.79236,1,54.0
316908,Game Day,16.52,Sports,74.72,Wednesday,Morning,72.17,0.0,Positive,8.28291,1,62.0
317328,Game Day,56.655910828025476,Sports,70.79,Wednesday,Morning,20.19,3.0,Negative,48.8009,1,29.0
319630,Game Day,56.655910828025476,Sports,63.41,Wednesday,Morning,0.0,1.0,Neutral,42.78403,1,82.0
319673,Game Day,71.26,Sports,41.14,Wednesday,Morning,66.98,3.0,Neutral,47.16006,1,57.0
319886,Game Day,53.05,Sports,57.3,Wednesday,Morning,40.87,2.0,Positive,45.10265,1,7.0
319893,Game Day,38.3,Sports,55.03,Wednesday,Morning,45.27,1.0,Negative,28.91798,1,58.0
320390,Game Day,16.98,Sports,61.4,Wednesday,Morning,0.0,2.0,Positive,6.39071,1,9.0
320605,Game Day,37.15,Sports,47.55,Wednesday,Morning,36.65,0.0,Neutral,25.58926,1,64.0
321131,Game Day,79.47,Sports,64.47,Wednesday,Morning,50.43,3.0,Neutral,48.59208,1,36.0
323011,Game Day,12.67,Sports,24.72,Wednesday,Morning,62.4,3.0,Neutral,4.8473,1,57.0
323272,Game Day,86.28,Sports,32.79,Wednesday,Morning,88.49,0.0,Positive,67.63674,1,49.0
324391,Game Day,78.36,Sports,36.12,Wednesday,Morning,11.58,3.0,Negative,60.91795,1,7.0
325557,Game Day,23.8,Sports,83.43,Wednesday,Morning,21.02,3.0,Positive,22.37594,1,64.0
327718,Game Day,16.52,Sports,74.45,Wednesday,Morning,70.29,0.0,Positive,8.28291,1,62.0
328143,Game Day,76.65,Sports,38.36,Wednesday,Morning,68.92,0.0,Negative,50.73012,1,30.0
328745,Game Day,58.7,Sports,36.24,Wednesday,Morning,0.0,3.0,Positive,44.68913,1,31.0
329676,Game Day,115.51,Sports,45.28,Wednesday,Morning,20.54,3.0,Positive,87.53108,1,91.0
330207,Game Day,115.13,Sports,54.21,Wednesday,Morning,14.51,1.0,Positive,64.58,1,65.0
331114,Game Day,56.655910828025476,Sports,33.67,Wednesday,Morning,0.0,3.0,Negative,44.15705,1,89.0
331157,Game Day,90.23,Sports,49.7,Wednesday,Morning,0.0,0.0,Neutral,79.35832,1,44.0
332022,Game Day,56.655910828025476,Sports,39.36,Wednesday,Morning,56.27,1.0,Positive,15.03,1,3.0
334577,Game Day,24.27,Sports,32.02,Wednesday,Morning,0.0,3.0,Positive,9.02506,1,50.0
334643,Game Day,67.19,Sports,51.57,Wednesday,Morning,92.74,2.0,Neutral,50.0,1,81.0
335847,Game Day,52.61,Sports,59.22,Wednesday,Morning,0.0,1.0,Negative,36.70708,1,92.0
336233,Game Day,95.46,Sports,52.36,Wednesday,Morning,0.0,1.0,Neutral,89.61625,1,36.0
336703,Game Day,61.62,Sports,29.56,Wednesday,Morning,64.69,3.0,Negative,34.10893,1,37.0
337692,Game Day,56.655910828025476,Sports,69.45,Wednesday,Morning,0.44,0.0,Positive,45.03273,1,69.0
338566,Game Day,25.96,Sports,62.67,Wednesday,Morning,57.61,0.0,Negative,23.05865,1,68.0
338614,Game Day,40.72,Sports,78.14,Wednesday,Morning,43.82,0.0,Negative,39.56594,1,61.0
339364,Game Day,17.08,Sports,69.72,Wednesday,Morning,24.39,1.0,Positive,10.54252,1,44.0
340649,Game Day,40.17,Sports,67.72,Wednesday,Morning,0.0,0.0,Positive,22.67158,1,40.0
340717,Game Day,104.65,Sports,29.4,Wednesday,Morning,59.72,1.0,Neutral,78.38956,1,64.0
340940,Game Day,14.68,Sports,47.84,Wednesday,Morning,50.18,1.0,Negative,10.99,1,84.0
344086,Game Day,46.35,Sports,62.3,Wednesday,Morning,49.39,2.0,Positive,28.01828,1,98.0
345225,Game Day,16.19,Sports,81.2,Wednesday,Morning,33.5,0.0,Positive,7.83331,1,33.0
345710,Game Day,70.47,Sports,22.32,Wednesday,Morning,0.32,2.0,Neutral,55.34096,1,39.0
346370,Game Day,37.32,Sports,49.07,Wednesday,Morning,0.0,2.0,Neutral,17.83929,1,90.0
349330,Game Day,93.49,Sports,53.53,Wednesday,Morning,85.57,1.0,Positive,66.53969,1,8.0
351172,Game Day,33.9,Sports,33.81,Wednesday,Morning,61.63,1.0,Negative,16.48544,1,29.0
351339,Game Day,116.82,Sports,82.79,Wednesday,Morning,31.65,0.0,Positive,76.32599,1,21.0
356290,Game Day,82.31,Sports,46.51,Wednesday,Morning,0.0,3.0,Negative,51.13877,1,71.0
356964,Game Day,29.02,Sports,43.33,Wednesday,Morning,56.83,3.0,Positive,15.42,1,31.0
358673,Game Day,32.02,Sports,94.47,Wednesday,Morning,32.7,3.0,Neutral,16.76617,1,19.0
359554,Game Day,7.63,Sports,67.38,Wednesday,Morning,0.0,0.0,Negative,0.0,1,78.0
359998,Game Day,40.49,Sports,55.37,Wednesday,Morning,79.59,3.0,Negative,22.45408,1,64.0
360125,Game Day,9.96,Sports,72.96,Wednesday,Morning,0.0,0.0,Positive,2.83242,1,2.0
361154,Game Day,44.42,Sports,55.08,Wednesday,Morning,36.88,1.0,Negative,28.91798,1,58.0
362804,Game Day,61.62,Sports,23.07,Wednesday,Morning,71.08,3.0,Negative,34.10893,1,37.0
363395,Game Day,36.83,Sports,95.1,Wednesday,Morning,3.86,0.0,Negative,24.84746,1,85.0
364982,Game Day,99.69,Sports,96.95,Wednesday,Morning,17.98,2.0,Negative,96.14872,1,25.0
365079,Game Day,25.39,Sports,62.67,Wednesday,Morning,57.61,3.0,Negative,23.05865,1,68.0
366494,Game Day,50.42,Sports,67.19,Wednesday,Morning,26.8,0.0,Neutral,48.3594,1,44.0
367406,Game Day,56.655910828025476,Sports,39.36,Wednesday,Morning,56.83,1.0,Positive,15.03,1,78.0
367507,Game Day,17.08,Sports,69.72,Wednesday,Morning,54.23,1.0,Positive,10.54252,1,39.0
367587,Game Day,34.4,Sports,74.64,Wednesday,Morning,91.5,3.0,Positive,17.76,1,43.0
368785,Game Day,23.71,Sports,39.56,Wednesday,Morning,96.16,0.0,Positive,16.28,1,51.0
368862,Game Day,22.61,Sports,81.5,Wednesday,Morning,51.41,1.0,Positive,11.87,1,78.0
369838,Game Day,23.71,Sports,39.15,Wednesday,Morning,56.43,0.0,Positive,16.28,1,51.0
371119,Game Day,45.52,Sports,39.12,Wednesday,Morning,24.91,0.0,Positive,26.61207,1,9.0
371897,Game Day,118.62,Sports,67.14,Wednesday,Morning,99.96,1.0,Negative,87.68445,1,76.0
372001,Game Day,56.655910828025476,Sports,48.72,Wednesday,Morning,33.06,2.0,Negative,71.42719,1,1.0
372209,Game Day,56.655910828025476,Sports,37.63,Wednesday,Morning,96.22,2.0,Positive,15.02,1,63.0
372758,Game Day,107.68,Sports,31.74,Wednesday,Morning,71.8,0.0,Positive,75.99,1,84.0
373808,Game Day,93.58,Sports,32.28,Wednesday,Morning,92.86,2.0,Positive,71.73514,1,35.0
374089,Game Day,27.72,Sports,47.63,Wednesday,Morning,56.93,1.0,Negative,15.03,1,78.0
374590,Game Day,92.02,Sports,23.8,Wednesday,Morning,80.93,2.0,Positive,85.12803,1,49.0
375498,Game Day,69.2,Sports,59.25,Wednesday,Morning,25.41,1.0,Positive,27.33296,1,63.0
377261,Game Day,38.54,Sports,98.5,Wednesday,Morning,98.61,1.0,Neutral,31.3788,1,54.0
378054,Game Day,24.48,Sports,49.94,Wednesday,Morning,0.0,2.0,Negative,20.48154,1,64.0
379732,Game Day,56.655910828025476,Sports,90.46,Wednesday,Morning,40.01,2.0,Neutral,38.20727,1,2.0
382092,Game Day,24.68,Sports,73.68,Wednesday,Morning,98.63,1.0,Negative,10.44,1,78.0
383314,Game Day,103.02,Sports,72.3,Wednesday,Morning,3.83,3.0,Positive,70.55698,1,78.0
383376,Game Day,47.99,Sports,26.4,Wednesday,Morning,75.31,1.0,Negative,33.94,1,51.0
383495,Game Day,8.69,Sports,81.33,Wednesday,Morning,37.7,3.0,Neutral,0.0,1,19.0
387409,Game Day,44.38,Sports,99.94,Wednesday,Morning,32.94,1.0,Neutral,33.17247,1,28.0
389722,Game Day,88.02,Sports,64.02,Wednesday,Morning,77.84,0.0,Negative,48.66538,1,73.0
390770,Game Day,38.3,Sports,55.03,Wednesday,Morning,4.28,1.0,Negative,28.91798,1,58.0
394655,Game Day,64.75,Sports,40.55,Wednesday,Morning,83.2,1.0,Negative,45.54813,1,76.0
396394,Game Day,56.655910828025476,Sports,24.18,Wednesday,Morning,16.04,1.0,Positive,44.193,1,62.0
397215,Game Day,67.43,Sports,38.33,Wednesday,Morning,22.3,0.0,Neutral,48.2937,1,9.0
399072,Game Day,99.84,Sports,94.44,Wednesday,Morning,52.15,0.0,Neutral,75.55042,1,71.0
400828,Game Day,97.96,Sports,39.22,Wednesday,Morning,0.0,2.0,Negative,57.85927,1,7.0
401498,Game Day,56.655910828025476,Sports,44.75,Wednesday,Morning,51.25,1.0,Positive,9.72,1,73.0
401691,Game Day,96.39,Sports,54.94,Wednesday,Morning,12.65,1.0,Positive,70.84442,1,89.0
403552,Game Day,56.655910828025476,Sports,23.72,Wednesday,Morning,17.61,2.0,Negative,45.75427,1,19.0
404067,Game Day,74.25,Sports,78.34,Wednesday,Morning,83.26,2.0,Negative,39.59769,1,21.0
406679,Game Day,76.14,Sports,52.66,Wednesday,Morning,0.0,3.0,Positive,72.29492,1,24.0
408129,Game Day,44.08,Sports,78.69,Wednesday,Morning,56.44,0.0,Negative,28.42,1,3.0
408592,Game Day,28.73,Sports,50.19,Wednesday,Morning,34.29,0.0,Negative,11.52165,1,4.0
410757,Game Day,56.655910828025476,Sports,24.19,Wednesday,Morning,0.0,0.0,Neutral,7.25814,1,31.0
410851,Game Day,106.41,Sports,89.3,Wednesday,Morning,64.17,0.0,Neutral,93.02372,1,24.0
412681,Game Day,89.27,Sports,54.25,Wednesday,Morning,12.76,0.0,Positive,70.84442,1,16.0
414738,Game Day,18.21,Sports,60.06,Wednesday,Morning,61.91,2.0,Neutral,12.01522,1,22.0
415714,Game Day,115.3,Sports,62.16,Wednesday,Morning,12.76,0.0,Positive,65.10525,1,24.0
416167,Game Day,56.655910828025476,Sports,38.72,Wednesday,Morning,7.1,2.0,Positive,59.41335,1,71.0
417411,Game Day,33.57,Sports,81.04,Wednesday,Morning,31.39,2.0,Positive,16.36,1,4.0
417440,Game Day,65.57,Sports,78.72,Wednesday,Morning,83.29,1.0,Positive,49.58,1,23.0
417846,Game Day,57.23,Sports,69.66,Wednesday,Morning,0.0,3.0,Negative,31.86774,1,90.0
418124,Game Day,119.4,Sports,27.34,Wednesday,Morning,20.18,1.0,Negative,76.72851,1,45.0
418969,Game Day,94.05,Sports,69.44,Wednesday,Morning,54.9,0.0,Neutral,54.61532,1,47.0
419510,Game Day,30.71,Sports,86.75,Wednesday,Morning,64.43,3.0,Positive,16.42,1,3.0
420866,Game Day,24.41,Sports,25.31,Wednesday,Morning,84.07,0.0,Positive,21.27978,1,16.0
421043,Game Day,100.2,Sports,20.39,Wednesday,Morning,54.22,0.0,Positive,83.45329,1,26.0
421420,Game Day,62.77,Sports,62.33,Wednesday,Morning,74.33,0.0,Positive,44.31028,1,41.0
422549,Game Day,105.73,Sports,34.76,Wednesday,Morning,18.81,0.0,Positive,101.98574,1,78.0
423181,Game Day,99.74,Sports,76.73,Wednesday,Morning,98.29,1.0,Positive,98.45,1,51.0
425267,Game Day,70.03,Sports,34.68,Wednesday,Morning,71.09,0.0,Negative,57.79756,1,25.0
428209,Game Day,100.22,Sports,48.29,Wednesday,Morning,0.0,2.0,Negative,86.62611,1,60.0
428600,Game Day,56.655910828025476,Sports,76.47,Wednesday,Morning,41.84,3.0,Negative,59.42083,1,81.0
429137,Game Day,33.2,Sports,55.03,Wednesday,Morning,45.27,1.0,Negative,28.91798,1,58.0
430498,Game Day,71.22,Sports,63.21,Wednesday,Morning,71.81,3.0,Negative,68.01,1,51.0
430649,Game Day,56.655910828025476,Sports,56.45,Wednesday,Morning,0.11,0.0,Positive,45.03273,1,69.0
432418,Game Day,56.655910828025476,Sports,39.23,Wednesday,Morning,96.68,1.0,Positive,16.58,1,11.0
434241,Game Day,107.24,Sports,59.24,Wednesday,Morning,96.85,2.0,Neutral,72.24269,1,56.0
434601,Game Day,30.83,Sports,56.33,Wednesday,Morning,2.19,3.0,Negative,14.93,1,65.0
434610,Game Day,22.81,Sports,30.78,Wednesday,Morning,67.84,3.0,Negative,21.44305,1,94.0
435411,Game Day,30.71,Sports,85.05,Wednesday,Morning,86.65,1.0,Positive,16.42,1,3.0
435557,Game Day,6.6,Sports,67.54,Wednesday,Morning,0.0,0.0,Negative,0.0,1,82.0
438084,Game Day,105.93,Sports,93.26,Wednesday,Morning,44.94,3.0,Positive,69.39736,1,45.0
438496,Game Day,104.6,Sports,59.06,Wednesday,Morning,59.05,3.0,Neutral,49.36828,1,31.0
439221,Game Day,81.99,Sports,26.72,Wednesday,Morning,48.23,0.0,Negative,77.94,1,34.0
439856,Game Day,30.71,Sports,85.05,Wednesday,Morning,36.72,1.0,Positive,16.42,1,3.0
441681,Game Day,61.6,Sports,32.3,Wednesday,Morning,79.39,2.0,Positive,51.55673,1,72.0
442371,Game Day,32.06,Sports,57.16,Wednesday,Morning,56.61,0.0,Negative,19.50954,1,62.0
443420,Game Day,61.71,Sports,45.73,Wednesday,Morning,71.08,2.0,Neutral,44.51641,1,45.0
444105,Game Day,70.41,Sports,73.73,Wednesday,Morning,14.21,1.0,Neutral,44.26037,1,45.0
444562,Game Day,34.57,Sports,81.92,Wednesday,Morning,45.97,3.0,Negative,28.78015,1,97.0
446832,Game Day,83.84,Sports,97.77,Wednesday,Morning,13.84,2.0,Neutral,49.37919,1,13.0
447490,Game Day,118.71,Sports,27.73,Wednesday,Morning,69.49,1.0,Negative,117.75,1,12.0
450510,Game Day,56.655910828025476,Sports,26.36,Wednesday,Morning,71.48,1.0,Negative,57.94,1,34.0
451189,Game Day,58.3,Sports,91.86,Wednesday,Morning,0.0,1.0,Neutral,47.88278,1,30.0
453084,Game Day,32.06,Sports,57.15,Wednesday,Morning,18.57,0.0,Negative,19.50954,1,62.0
453768,Game Day,56.655910828025476,Sports,23.94,Wednesday,Morning,45.32,1.0,Negative,81.75548,1,71.0
454419,Game Day,102.13,Sports,35.62,Wednesday,Morning,0.0,0.0,Neutral,65.16969,1,49.0
455257,Game Day,72.93,Sports,89.1,Wednesday,Morning,0.0,2.0,Neutral,35.92,1,2.0
455581,Game Day,80.93,Sports,73.89,Wednesday,Morning,43.26,3.0,Negative,51.47193,1,51.0
455962,Game Day,30.58,Sports,39.36,Wednesday,Morning,92.78,1.0,Positive,15.03,1,63.0
456511,Game Day,48.58,Sports,77.81,Wednesday,Morning,66.97,2.0,Negative,39.64685,1,5.0
456835,Game Day,56.655910828025476,Sports,61.87,Wednesday,Morning,0.0,3.0,Negative,31.67544,1,29.0
460415,Game Day,48.74,Sports,60.14,Wednesday,Morning,71.43,0.0,Neutral,38.87,1,19.0
461666,Game Day,27.91,Sports,55.24,Wednesday,Morning,44.6,0.0,Negative,23.03695,1,45.0
461718,Game Day,99.74,Sports,76.73,Wednesday,Morning,98.67,1.0,Positive,98.45,1,31.0
462021,Game Day,11.5,Sports,36.2,Wednesday,Morning,65.56,1.0,Negative,9.95729,1,1.0
463092,Game Day,63.41,Sports,26.12,Wednesday,Morning,83.96,3.0,Positive,28.89237,1,5.0
465856,Game Day,41.64,Sports,23.11,Wednesday,Morning,0.0,3.0,Positive,24.30217,1,33.0
466837,Game Day,56.655910828025476,Sports,58.33,Wednesday,Morning,0.0,3.0,Positive,19.01471,1,53.0
467323,Game Day,14.72,Sports,85.38,Wednesday,Morning,30.35,1.0,Neutral,11.24942,1,24.0
467697,Game Day,19.4,Sports,93.1,Wednesday,Morning,32.63,1.0,Negative,17.51365,1,23.0
468745,Game Day,119.71,Sports,85.99,Wednesday,Morning,60.68,0.0,Positive,92.02029,1,34.0
472186,Game Day,56.655910828025476,Sports,60.07,Wednesday,Morning,0.0,3.0,Positive,76.48892,1,80.0
472600,Game Day,83.06,Sports,33.41,Wednesday,Morning,0.0,1.0,Positive,51.87762,1,88.0
472874,Game Day,62.85,Sports,78.94,Wednesday,Morning,26.25,1.0,Positive,44.84486,1,45.0
479663,Game Day,18.74,Sports,31.91,Wednesday,Morning,0.0,3.0,Neutral,11.29,1,40.0
481647,Game Day,57.73,Sports,32.17,Wednesday,Morning,3.13,2.0,Negative,23.16954,1,69.0
482821,Game Day,37.54,Sports,84.16,Wednesday,Morning,23.86,3.0,Negative,30.27,1,99.0
484666,Game Day,105.59,Sports,32.04,Wednesday,Morning,45.37,3.0,Positive,65.44594,1,32.0
486246,Game Day,58.0,Sports,97.16,Wednesday,Morning,93.63,1.0,Positive,53.07466,1,38.0
486799,Game Day,93.29,Sports,62.16,Wednesday,Morning,12.76,0.0,Positive,65.10525,1,29.0
486800,Game Day,9.27,Sports,63.32,Wednesday,Morning,89.89,0.0,Neutral,1.15291,1,15.0
488561,Game Day,52.51,Sports,77.92,Wednesday,Morning,77.41,0.0,Neutral,27.60803,1,77.0
489099,Game Day,5.51,Sports,82.79,Wednesday,Morning,34.21,1.0,Negative,0.0,1,40.0
489984,Game Day,28.32,Sports,39.62,Wednesday,Morning,20.78,1.0,Positive,15.03,1,63.0
491003,Game Day,56.655910828025476,Sports,35.23,Wednesday,Morning,28.4,3.0,Positive,31.44104,1,27.0
491470,Game Day,29.47,Sports,85.08,Wednesday,Morning,56.83,3.0,Positive,15.42,1,3.0
495788,Game Day,90.02,Sports,86.24,Wednesday,Morning,73.41,1.0,Positive,56.93,1,68.0
497080,Game Day,106.29,Sports,98.13,Wednesday,Morning,8.18,0.0,Positive,68.85466,1,6.0
497139,Game Day,83.39,Sports,68.94,Wednesday,Morning,74.88,2.0,Positive,66.98815,1,89.0
497729,Game Day,16.46,Sports,49.3,Wednesday,Morning,54.69,2.0,Negative,8.35,1,81.0
497763,Game Day,32.28,Sports,46.71,Wednesday,Morning,0.0,2.0,Neutral,22.3742,1,87.0
498993,Game Day,81.35,Sports,98.97,Wednesday,Morning,69.3,0.0,Neutral,68.60096,1,54.0
498995,Game Day,23.44,Sports,20.57,Wednesday,Morning,64.51,3.0,Neutral,20.40536,1,75.0
499574,Game Day,97.9,Sports,30.19,Wednesday,Morning,32.33,0.0,Neutral,48.01245,1,88.0
499960,Game Day,74.47,Sports,76.11,Wednesday,Morning,12.76,1.0,Positive,43.43417,1,80.0
502494,Game Day,70.09,Sports,34.24,Wednesday,Morning,6.65,0.0,Negative,57.79756,1,25.0
502831,Game Day,56.655910828025476,Sports,66.07,Wednesday,Morning,1.69,2.0,Negative,4.61877,1,58.0
504143,Game Day,56.655910828025476,Sports,85.21,Wednesday,Morning,26.7,0.0,Neutral,21.15348,1,78.0
507281,Game Day,101.34,Sports,75.99,Wednesday,Morning,27.54,2.0,Negative,70.8244,1,86.0
508264,Game Day,18.21,Sports,22.26,Wednesday,Morning,61.91,2.0,Neutral,12.01522,1,26.0
508322,Game Day,46.39,Sports,35.55,Wednesday,Morning,3.22,2.0,Positive,37.64941,1,95.0
508470,Game Day,50.19,Sports,85.82,Wednesday,Morning,57.94,0.0,Negative,23.27609,1,18.0
509783,Game Day,107.16,Sports,87.82,Wednesday,Morning,12.72,2.0,Positive,90.68927,1,14.0
510040,Game Day,31.42,Sports,44.31,Wednesday,Morning,84.83,2.0,Positive,13.48551,1,69.0
510744,Game Day,17.55,Sports,65.98,Wednesday,Morning,0.0,2.0,Neutral,16.20615,1,54.0
510898,Game Day,30.58,Sports,39.36,Wednesday,Morning,56.83,1.0,Positive,15.03,1,84.0
513325,Game Day,17.17,Sports,86.56,Wednesday,Morning,70.51,0.0,Neutral,7.45,1,24.0
513872,Game Day,90.14,Technology,89.15,Wednesday,Morning,19.7,1.0,Positive,62.65893,1,40.0
513973,Game Day,108.2,Sports,88.44,Wednesday,Morning,30.05,3.0,Neutral,67.25506,1,47.0
514223,Game Day,56.655910828025476,Sports,39.71,Wednesday,Morning,96.68,1.0,Positive,16.58,1,11.0
514752,Game Day,47.0,Sports,30.93,Wednesday,Morning,7.06,0.0,Neutral,44.6294,1,41.0
515077,Game Day,96.94,Sports,68.03,Wednesday,Morning,68.53,1.0,Negative,86.74294,1,26.0
515452,Game Day,16.99,Sports,60.79,Wednesday,Morning,52.76,0.0,Negative,12.31714,1,54.0
516829,Game Day,97.57,Sports,30.18,Wednesday,Morning,66.39,0.0,Neutral,48.01245,1,97.0
518718,Game Day,56.655910828025476,Sports,26.68,Wednesday,Morning,71.99,1.0,Negative,35.94,1,47.0
519761,Game Day,114.22,Sports,28.4,Wednesday,Morning,22.12,0.0,Positive,53.49449,1,30.0
519942,Game Day,16.72,Sports,27.03,Wednesday,Morning,75.8,0.0,Positive,6.15,1,92.0
521419,Game Day,56.655910828025476,Sports,98.31,Wednesday,Morning,0.0,3.0,Neutral,71.40728,1,64.0
521950,Game Day,6.89,Sports,82.24,Wednesday,Morning,44.64,0.0,Positive,6.45891,1,65.0
524195,Game Day,56.655910828025476,Sports,57.18,Wednesday,Morning,16.3,1.0,Neutral,45.24523,1,18.0
525016,Game Day,84.81,Sports,52.03,Wednesday,Morning,39.41,2.0,Neutral,73.34987,1,71.0
526682,Game Day,65.27,Sports,85.58,Wednesday,Morning,65.44,0.0,Positive,36.42,1,39.0
526942,Game Day,71.61,Sports,56.58,Wednesday,Morning,84.38,0.0,Negative,70.11516,1,52.0
527395,Game Day,52.25,Sports,88.55,Wednesday,Morning,97.87,1.0,Positive,31.84698,1,72.0
527551,Game Day,64.05,Sports,22.7,Wednesday,Morning,50.42,0.0,Positive,54.4216,1,74.0
527909,Game Day,54.53,Sports,37.34,Wednesday,Morning,0.0,3.0,Positive,19.34294,1,69.0
528121,Game Day,50.11,Sports,72.68,Wednesday,Morning,72.86,2.0,Negative,24.31292,1,48.0
528668,Game Day,19.03,Sports,51.69,Wednesday,Morning,71.4,2.0,Negative,8.48,1,84.0
529466,Game Day,94.47,Sports,96.29,Wednesday,Morning,61.32,1.0,Neutral,85.31534,1,97.0
530221,Game Day,10.91,Sports,62.4,Wednesday,Morning,68.63,3.0,Positive,8.34,1,69.0
531249,Game Day,89.44,Sports,57.57,Wednesday,Morning,26.54,2.0,Positive,50.14759,1,54.0
531414,Game Day,100.02,Sports,49.21,Wednesday,Morning,71.12,3.0,Neutral,59.92,1,71.0
532271,Game Day,68.13,Sports,78.79,Wednesday,Morning,69.75,3.0,Negative,36.97,1,19.0
532889,Game Day,20.01,Sports,66.05,Wednesday,Morning,0.0,1.0,Positive,10.50285,1,39.0
533370,Game Day,56.655910828025476,Sports,87.84,Wednesday,Morning,54.4,2.0,Neutral,20.32197,1,96.0
535117,Game Day,53.94,Sports,26.3,Wednesday,Morning,85.6,1.0,Positive,33.94,1,31.0
538050,Game Day,28.32,Sports,39.62,Wednesday,Morning,92.84,1.0,Positive,15.03,1,78.0
538187,Game Day,100.41,Sports,88.72,Wednesday,Morning,0.0,1.0,Negative,54.70417,1,12.0
540253,Game Day,28.32,Sports,47.63,Wednesday,Morning,93.62,0.0,Positive,15.03,1,78.0
540654,Game Day,32.2,Sports,58.73,Wednesday,Morning,0.0,1.0,Positive,23.44277,1,35.0
540878,Game Day,108.52,Sports,37.29,Wednesday,Morning,53.52,2.0,Positive,91.00125,1,68.0
543291,Game Day,17.06,Sports,75.29,Wednesday,Morning,69.06,0.0,Positive,6.06201,1,54.0
543325,Game Day,53.02,Sports,28.99,Wednesday,Morning,50.96,0.0,Positive,25.84,1,63.0
543905,Game Day,92.83,Sports,99.12,Wednesday,Morning,20.73,2.0,Neutral,91.30131,1,89.0
544628,Game Day,56.655910828025476,Sports,31.57,Wednesday,Morning,50.46,0.0,Negative,9.48,1,31.0
545019,Game Day,91.2,Sports,42.4,Wednesday,Morning,0.0,1.0,Neutral,46.78615,1,64.0
546628,Game Day,61.62,Sports,29.56,Wednesday,Morning,71.15,3.0,Negative,34.10893,1,37.0
554675,Game Day,46.27,Sports,32.34,Wednesday,Morning,47.09,3.0,Negative,23.06936,1,61.0
555092,Game Day,49.8,Sports,81.69,Wednesday,Morning,0.0,3.0,Positive,39.9,1,49.0
556552,Game Day,16.43,Sports,53.05,Wednesday,Morning,3.94,3.0,Neutral,7.24183,1,76.0
556856,Game Day,84.33,Sports,97.93,Wednesday,Morning,56.29,2.0,Positive,60.04,1,52.0
557662,Game Day,14.63,Sports,85.91,Wednesday,Morning,12.72,1.0,Neutral,11.24942,1,11.0
558103,Game Day,45.25,Sports,33.9,Wednesday,Morning,23.06,3.0,Negative,24.31839,1,50.0
559580,Game Day,18.29,Sports,77.58,Wednesday,Morning,34.72,0.0,Negative,4.62869,1,23.0
561683,Game Day,56.655910828025476,Sports,76.33,Wednesday,Morning,0.0,3.0,Negative,39.48676,1,25.0
562239,Game Day,36.26,Sports,28.36,Wednesday,Morning,29.37,1.0,Negative,15.64404,1,44.0
565033,Game Day,56.655910828025476,Sports,86.55,Wednesday,Morning,19.86,2.0,Positive,29.40954,1,59.0
565427,Game Day,10.62,Sports,88.97,Wednesday,Morning,62.38,1.0,Positive,6.82433,1,61.0
567045,Game Day,30.08,Sports,49.72,Wednesday,Morning,3.62,0.0,Positive,24.44534,1,5.0
567397,Game Day,87.81,Sports,62.71,Wednesday,Morning,24.44,1.0,Negative,59.94542,1,23.0
570003,Game Day,56.655910828025476,Sports,39.78,Wednesday,Morning,0.0,1.0,Negative,51.47834,1,45.0
570008,Game Day,19.01,Sports,48.23,Wednesday,Morning,23.23,0.0,Neutral,15.57,1,69.0
573273,Game Day,105.47,Sports,93.85,Wednesday,Morning,96.55,3.0,Positive,45.08856,1,20.0
574164,Game Day,55.48,Sports,29.56,Wednesday,Morning,71.08,3.0,Negative,34.10893,1,77.0
575761,Game Day,32.44,Sports,37.31,Wednesday,Morning,53.85,3.0,Neutral,22.2202,1,42.0
576342,Game Day,57.52,Sports,53.53,Wednesday,Morning,0.0,3.0,Positive,30.29104,1,72.0
579069,Game Day,45.57,Sports,73.37,Wednesday,Morning,0.0,0.0,Positive,44.39479,1,81.0
580077,Game Day,54.58,Sports,27.06,Wednesday,Morning,83.31,1.0,Negative,38.36,1,78.0
582409,Game Day,41.22,Sports,44.97,Wednesday,Morning,0.0,3.0,Negative,24.31627,1,54.0
583405,Game Day,16.71,Sports,70.28,Wednesday,Morning,73.83,3.0,Neutral,6.3,1,4.0
583546,Game Day,101.11,Sports,85.84,Wednesday,Morning,61.33,0.0,Neutral,75.55042,1,71.0
587998,Game Day,114.18,Sports,39.92,Wednesday,Morning,34.64,2.0,Positive,62.58,1,9.0
588359,Game Day,109.07,Sports,90.84,Wednesday,Morning,47.12,0.0,Positive,102.96514,1,67.0
588971,Game Day,56.655910828025476,Sports,29.63,Wednesday,Morning,0.0,3.0,Negative,58.66628,1,43.0
588990,Game Day,38.54,Sports,42.46,Wednesday,Morning,27.23,0.0,Positive,26.8876,1,32.0
589112,Game Day,13.55,Sports,36.46,Wednesday,Morning,90.17,2.0,Negative,8.8267,1,74.0
591066,Game Day,66.15,Sports,91.22,Wednesday,Morning,68.54,2.0,Positive,45.36,1,1.0
592265,Game Day,56.655910828025476,Sports,85.23,Wednesday,Morning,26.8,0.0,Neutral,21.15348,1,62.0
593811,Game Day,56.655910828025476,Sports,81.36,Wednesday,Morning,62.44,0.0,Neutral,91.70905,1,4.0
594801,Game Day,96.08,True Crime,87.27,Wednesday,Morning,0.0,1.0,Neutral,76.7601,1,90.0
596803,Game Day,56.655910828025476,Sports,63.01,Wednesday,Morning,0.0,3.0,Neutral,53.88855,1,98.0
597059,Game Day,6.36,Sports,96.31,Wednesday,Morning,90.93,0.0,Positive,3.15927,1,27.0
598246,Game Day,15.45,Sports,64.34,Wednesday,Morning,4.91,3.0,Negative,7.07881,1,39.0
599129,Game Day,57.74,Sports,53.32,Wednesday,Morning,0.0,3.0,Neutral,31.98326,1,49.0
600843,Game Day,56.655910828025476,Sports,70.8,Wednesday,Morning,4.59,1.0,Negative,58.13947,1,100.0
601329,Game Day,50.0,Sports,39.87,Wednesday,Morning,85.58,0.0,Neutral,48.3594,1,44.0
603149,Game Day,28.54,Sports,21.51,Wednesday,Morning,62.32,3.0,Negative,20.59,1,52.0
603305,Game Day,116.21,Sports,87.02,Wednesday,Morning,0.0,0.0,Negative,97.20858,1,71.0
604675,Game Day,114.2,Sports,84.49,Wednesday,Morning,14.81,3.0,Neutral,89.18974,1,86.0
605325,Game Day,16.3,Sports,35.87,Wednesday,Morning,0.0,1.0,Neutral,11.45879,1,35.0
606088,Game Day,29.3,Sports,79.77,Wednesday,Morning,50.99,1.0,Positive,18.44,1,7.0
606306,Game Day,68.94,Sports,75.85,Wednesday,Morning,83.6,1.0,Neutral,48.96,1,35.0
611029,Game Day,25.39,Sports,62.67,Wednesday,Morning,57.61,1.0,Negative,23.05865,1,68.0
611046,Game Day,115.51,Sports,68.11,Wednesday,Morning,95.09,1.0,Negative,99.55954,1,72.0
614535,Game Day,19.03,Sports,88.22,Wednesday,Morning,50.79,1.0,Negative,8.48,1,62.0
614681,Game Day,56.655910828025476,Sports,97.22,Wednesday,Morning,53.19,2.0,Neutral,71.31708,1,24.0
619080,Game Day,17.16,Sports,45.6,Wednesday,Morning,4.36,3.0,Neutral,11.38413,1,87.0
620065,Game Day,109.61,Sports,84.13,Wednesday,Morning,69.39,1.0,Neutral,102.62773,1,99.0
621198,Game Day,76.53,Sports,61.84,Wednesday,Morning,0.0,0.0,Negative,50.73012,1,72.0
621550,Game Day,66.54,Sports,91.71,Wednesday,Morning,95.46,3.0,Neutral,53.92891,1,7.0
622076,Game Day,42.8,Sports,38.35,Wednesday,Morning,92.85,0.0,Neutral,22.48387,1,32.0
622722,Game Day,14.73,Sports,85.52,Wednesday,Morning,58.62,1.0,Negative,11.24942,1,24.0
623062,Game Day,52.85,Sports,96.11,Wednesday,Morning,72.74,1.0,Neutral,49.26737,1,7.0
624088,Game Day,46.46,Sports,87.91,Wednesday,Morning,7.94,0.0,Neutral,19.70828,1,62.0
627938,Game Day,24.38,Sports,22.62,Wednesday,Morning,96.09,3.0,Negative,10.23173,1,14.0
631118,Game Day,90.11,Sports,54.33,Wednesday,Morning,41.74,0.0,Negative,47.26967,1,36.0
631388,Game Day,59.35,Sports,52.19,Wednesday,Morning,20.54,1.0,Negative,46.59182,1,61.0
631975,Game Day,80.03,Sports,73.24,Wednesday,Morning,58.31,1.0,Positive,65.10525,1,28.0
632782,Game Day,19.38,Sports,58.58,Wednesday,Morning,45.03,2.0,Positive,3.09541,1,80.0
634204,Game Day,95.45,Sports,61.45,Wednesday,Morning,66.54,3.0,Negative,83.82184,1,15.0
634263,Game Day,48.06,Sports,81.68,Wednesday,Morning,51.06,1.0,Negative,38.70694,1,64.0
634499,Game Day,99.94,Sports,99.85,Wednesday,Morning,98.73,1.0,Positive,98.45,1,51.0
634669,Game Day,65.36,Sports,78.72,Wednesday,Morning,83.29,0.0,Positive,49.58,1,23.0
634815,Game Day,56.655910828025476,Sports,93.81,Wednesday,Morning,13.81,2.0,Positive,10.11056,1,42.0
634965,Game Day,17.08,Sports,69.96,Wednesday,Morning,59.38,1.0,Positive,10.54252,1,39.0
640672,Game Day,33.24,Sports,62.77,Wednesday,Morning,61.03,1.0,Neutral,22.51425,1,89.0
641584,Game Day,92.62,Sports,82.01,Wednesday,Morning,8.85,3.0,Negative,75.07159,1,50.0
643552,Game Day,17.95,Sports,25.78,Wednesday,Morning,81.18,3.0,Negative,12.3589,1,58.0
645722,Game Day,102.88,Sports,27.86,Wednesday,Morning,43.06,3.0,Positive,95.04316,1,23.0
645845,Game Day,56.655910828025476,Sports,63.72,Wednesday,Morning,98.74,1.0,Positive,14.44,1,79.0
646178,Game Day,5.48,Sports,30.14,Wednesday,Morning,71.21,0.0,Neutral,0.0,1,42.0
646249,Game Day,62.82,Sports,41.65,Wednesday,Morning,32.95,2.0,Neutral,50.41092,1,41.0
647067,Game Day,48.08,Sports,38.54,Wednesday,Morning,88.16,3.0,Negative,38.5751,1,36.0
647206,Game Day,7.99,Sports,35.72,Wednesday,Morning,30.77,0.0,Positive,6.66506,1,48.0
647740,Game Day,91.27,Sports,88.04,Wednesday,Morning,25.4,0.0,Neutral,63.56443,1,42.0
648712,Game Day,56.655910828025476,Sports,39.29,Wednesday,Morning,96.0,0.0,Positive,16.58,1,9.0
649109,Game Day,60.99,Sports,28.72,Wednesday,Morning,99.33,1.0,Negative,40.44,1,81.0
649520,Game Day,42.76,Sports,79.76,Wednesday,Morning,68.6,0.0,Neutral,19.73409,1,22.0
650566,Game Day,34.28,Sports,64.24,Wednesday,Morning,63.27,1.0,Positive,25.98153,1,31.0
656088,Game Day,56.655910828025476,Sports,45.68,Wednesday,Morning,18.99,3.0,Neutral,33.94,1,34.0
657230,Game Day,63.94,Sports,88.25,Wednesday,Morning,0.0,2.0,Negative,52.80189,1,60.0
657480,Game Day,21.46,Sports,21.97,Wednesday,Morning,0.0,1.0,Negative,17.20676,1,82.0
659390,Game Day,82.87,Sports,57.97,Wednesday,Morning,0.0,3.0,Negative,46.22499,1,54.0
662472,Game Day,56.655910828025476,Sports,43.9,Wednesday,Morning,54.83,0.0,Positive,105.4986,1,71.0
662786,Game Day,23.18,Sports,50.92,Wednesday,Morning,24.03,0.0,Negative,21.49346,1,92.0
664805,Game Day,66.99,Sports,98.44,Wednesday,Morning,86.02,1.0,Positive,44.42,1,30.0
666479,Game Day,72.32,Sports,46.49,Wednesday,Morning,37.15,0.0,Neutral,60.28408,1,63.0
666909,Game Day,56.655910828025476,Sports,41.74,Wednesday,Morning,0.0,3.0,Negative,29.8974,1,9.0
667140,Game Day,88.86,Sports,24.37,Wednesday,Morning,0.0,0.0,Positive,83.31218,1,42.0
667338,Game Day,93.24,Sports,41.66,Wednesday,Morning,0.0,1.0,Neutral,87.75419,1,88.0
669638,Game Day,71.0,Sports,62.67,Wednesday,Morning,4.44,0.0,Negative,48.99194,1,66.0
669726,Game Day,95.46,Sports,52.46,Wednesday,Morning,0.0,0.0,Neutral,89.61625,1,36.0
670307,Game Day,15.45,Sports,43.78,Wednesday,Morning,57.63,2.0,Negative,5.66469,1,55.0
670367,Game Day,104.08,Sports,62.11,Wednesday,Morning,0.0,2.0,Negative,48.96,1,73.0
670640,Game Day,81.53,Sports,68.94,Wednesday,Morning,91.32,2.0,Positive,66.78842,1,7.0
671043,Game Day,34.66,Sports,27.98,Wednesday,Morning,99.56,1.0,Negative,14.36,1,62.0
675609,Game Day,31.75,Sports,31.98,Wednesday,Morning,0.0,2.0,Positive,19.87127,1,71.0
678550,Game Day,88.3,Sports,30.18,Wednesday,Morning,66.39,0.0,Positive,48.01245,1,97.0
678590,Game Day,49.99,Sports,66.87,Wednesday,Morning,42.5,1.0,Neutral,24.62007,1,97.0
681438,Game Day,66.52,Sports,64.25,Wednesday,Morning,62.71,0.0,Negative,48.18106,1,86.0
681629,Game Day,100.68,Sports,67.22,Wednesday,Morning,0.0,2.0,Positive,91.30405,1,32.0
682383,Game Day,28.32,Sports,56.8,Wednesday,Morning,20.78,1.0,Positive,15.03,1,43.0
682494,Game Day,47.16,Sports,85.61,Wednesday,Morning,41.11,1.0,Neutral,38.62022,1,38.0
682545,Game Day,49.01,Sports,53.56,Wednesday,Morning,79.61,3.0,Negative,29.4644,1,90.0
684946,Game Day,56.655910828025476,Sports,67.54,Wednesday,Morning,0.04,1.0,Positive,61.95985,1,42.0
686498,Game Day,19.63,Sports,51.76,Wednesday,Morning,50.0,1.0,Neutral,8.48,1,31.0
686853,Game Day,54.05,Sports,31.61,Wednesday,Morning,44.14,1.0,Positive,48.44568,1,55.0
687516,Game Day,30.04,Sports,27.44,Wednesday,Morning,19.25,3.0,Positive,14.34,1,64.0
689112,Game Day,51.05,Sports,81.18,Wednesday,Morning,79.37,2.0,Negative,39.10462,1,51.0
689737,Game Day,39.66,Sports,86.56,Wednesday,Morning,97.63,2.0,Neutral,30.89994,1,15.0
691176,Game Day,56.655910828025476,Sports,26.4,Wednesday,Morning,48.67,1.0,Positive,67.94,1,51.0
697162,Game Day,90.46,Sports,60.61,Wednesday,Morning,63.78,0.0,Negative,72.6159,1,16.0
697523,Game Day,20.44,Sports,45.32,Wednesday,Morning,90.11,2.0,Neutral,10.51764,1,91.0
698013,Game Day,112.52,Sports,96.03,Wednesday,Morning,71.45,1.0,Neutral,65.1925,1,82.0
701152,Game Day,30.69,Sports,82.18,Wednesday,Morning,58.62,0.0,Positive,16.4,1,59.0
703825,Game Day,116.09,Sports,37.21,Wednesday,Morning,36.05,0.0,Neutral,77.54447,1,51.0
704034,Game Day,38.54,Sports,98.5,Wednesday,Morning,98.38,1.0,Neutral,31.3788,1,54.0
705961,Game Day,25.39,Sports,87.65,Wednesday,Morning,57.61,0.0,Negative,23.05865,1,61.0
706854,Game Day,71.43,Sports,20.44,Wednesday,Morning,52.89,0.0,Positive,50.50751,1,71.0
707628,Game Day,92.82,Sports,34.87,Wednesday,Morning,0.0,1.0,Neutral,89.82567,1,83.0
707918,Game Day,56.655910828025476,Sports,84.25,Wednesday,Morning,74.84,0.0,Negative,102.57,1,63.0
707980,Game Day,56.655910828025476,Sports,64.11,Wednesday,Morning,45.77,0.0,Positive,39.70754,1,56.0
710632,Game Day,56.655910828025476,Sports,38.23,Wednesday,Morning,96.68,0.0,Positive,16.58,1,9.0
711448,Game Day,56.655910828025476,Sports,20.96,Wednesday,Morning,22.96,2.0,Negative,20.798,1,88.0
711694,Game Day,115.97,Sports,83.62,Wednesday,Morning,1.82,0.0,Positive,105.44976,1,86.0
711695,Game Day,53.27,Sports,29.03,Wednesday,Morning,20.72,3.0,Negative,31.69,1,72.0
714742,Game Day,31.85,Sports,66.68,Wednesday,Morning,68.26,1.0,Positive,20.93,1,31.0
718626,Game Day,35.09,Sports,61.86,Wednesday,Morning,6.6,3.0,Neutral,18.4697,1,7.0
719388,Game Day,30.67,Sports,37.71,Wednesday,Morning,21.71,1.0,Positive,16.04,1,54.0
721937,Game Day,77.69,Sports,89.4,Wednesday,Morning,82.22,0.0,Positive,72.93,1,47.0
723954,Game Day,9.07,Sports,75.55,Wednesday,Morning,57.54,2.0,Negative,0.49532,1,20.0
724483,Game Day,16.92,Sports,78.56,Wednesday,Morning,4.68,3.0,Positive,8.45453,1,76.0
726290,Game Day,56.655910828025476,Sports,68.28,Wednesday,Morning,19.86,2.0,Positive,59.40954,1,59.0
730046,Game Day,102.94,Sports,27.87,Wednesday,Morning,81.03,3.0,Negative,87.28,1,61.0
730172,Game Day,56.655910828025476,Sports,56.8,Wednesday,Morning,83.14,0.0,Neutral,14.0,1,48.0
731827,Game Day,90.15,Sports,37.76,Wednesday,Morning,0.0,1.0,Negative,61.87912,1,14.0
732382,Game Day,84.57,Sports,82.36,Wednesday,Morning,92.57,1.0,Positive,71.30807,1,64.0
732719,Game Day,23.54,Sports,32.74,Wednesday,Morning,17.21,3.0,Neutral,10.14374,1,64.0
734024,Game Day,90.56,Sports,58.72,Wednesday,Morning,20.67,2.0,Negative,51.24311,1,75.0
735087,Game Day,33.11,Sports,39.3,Wednesday,Morning,49.57,2.0,Negative,12.59,1,99.0
735790,Game Day,94.72,Sports,42.28,Wednesday,Morning,31.9,1.0,Negative,45.19257,1,34.0
736528,Game Day,37.23,Sports,89.3,Wednesday,Morning,35.57,1.0,Neutral,34.58544,1,96.0
736833,Game Day,45.93,Sports,80.3,Wednesday,Morning,71.9,2.0,Negative,30.5419,1,98.0
737014,Game Day,39.24,Sports,88.62,Wednesday,Morning,0.0,3.0,Negative,38.0725,1,9.0
738832,Game Day,61.4,Sports,35.25,Wednesday,Morning,96.52,3.0,Positive,33.56899,1,88.0
739569,Game Day,41.07,Sports,38.62,Wednesday,Morning,96.52,0.0,Positive,15.02,1,69.0
739612,Game Day,118.11,Sports,48.83,Wednesday,Morning,93.6,1.0,Positive,91.72845,1,55.0
740225,Game Day,56.655910828025476,Sports,52.72,Wednesday,Morning,30.72,0.0,Negative,14.44,1,81.0
741231,Game Day,56.655910828025476,Sports,29.33,Wednesday,Morning,0.0,0.0,Neutral,16.39338,1,89.0
741733,Game Day,112.32,Sports,29.53,Wednesday,Morning,0.0,1.0,Neutral,87.85283,1,63.0
742209,Game Day,16.29,Sports,49.37,Wednesday,Morning,35.59,0.0,Negative,13.45258,1,3.0
743185,Game Day,68.17,Sports,29.48,Wednesday,Morning,0.0,3.0,Neutral,57.46594,1,96.0
743272,Game Day,16.13,Sports,32.57,Wednesday,Morning,44.01,0.0,Negative,8.54,1,71.0
744067,Game Day,56.655910828025476,Sports,25.18,Wednesday,Morning,81.93,1.0,Negative,54.91405,1,93.0
745477,Game Day,56.655910828025476,Sports,35.92,Wednesday,Morning,36.4,2.0,Positive,42.03004,1,58.0
745999,Game Day,54.41,Sports,37.16,Wednesday,Morning,38.2,0.0,Positive,43.80278,1,18.0
746614,Game Day,98.26,Sports,97.33,Wednesday,Morning,90.18,2.0,Neutral,95.52396,1,23.0
747729,Game Day,40.3,Sports,63.43,Wednesday,Morning,90.41,0.0,Negative,39.22594,1,57.0
749480,Game Day,56.655910828025476,Sports,41.34,Wednesday,Morning,86.43,3.0,Positive,34.8976,1,31.0
749939,Game Day,13.04,Sports,51.69,Wednesday,Morning,45.4,1.0,Neutral,8.48,1,84.0
750179,Game Day,10.23,Sports,53.49,Wednesday,Morning,0.0,3.0,Positive,,0,24.0
750915,Game Day,30.71,Sports,85.05,Wednesday,Morning,86.72,1.0,Positive,,0,3.0
751132,Game Day,55.3,Sports,57.18,Wednesday,Morning,16.38,1.0,Neutral,,0,18.0
754047,Game Day,17.5,Sports,50.21,Wednesday,Morning,66.6,2.0,Negative,,0,86.0
756586,Game Day,70.03,Sports,34.25,Wednesday,Morning,6.11,1.0,Negative,,0,25.0
758493,Game Day,95.46,Sports,83.57,Wednesday,Morning,18.35,0.0,Negative,,0,93.0
759831,Game Day,56.655910828025476,Sports,53.78,Wednesday,Morning,51.46,1.0,Negative,,0,66.0
761915,Game Day,30.69,Sports,39.56,Wednesday,Morning,19.54,0.0,Positive,,0,38.0
763471,Game Day,61.03,Sports,68.55,Wednesday,Morning,68.31,3.0,Neutral,,0,68.0
764239,Game Day,56.655910828025476,Sports,85.7,Wednesday,Morning,56.55,1.0,Positive,,0,3.0
764523,Game Day,48.38,Sports,38.12,Wednesday,Morning,88.4,3.0,Negative,,0,36.0
765448,Game Day,72.63,Sports,82.26,Wednesday,Morning,93.12,2.0,Neutral,,0,96.0
768736,Game Day,18.74,Sports,22.43,Wednesday,Morning,0.0,1.0,Negative,,0,91.0
769041,Game Day,56.655910828025476,Sports,85.2,Wednesday,Morning,90.64,2.0,Neutral,,0,7.0
769397,Game Day,99.94,Sports,91.47,Wednesday,Morning,98.29,1.0,Positive,,0,51.0
769795,Game Day,56.655910828025476,Sports,39.36,Wednesday,Morning,18.62,1.0,Positive,,0,78.0
770487,Game Day,30.65,Sports,34.92,Wednesday,Morning,59.64,1.0,Positive,,0,35.0
773967,Game Day,45.4,Sports,30.4,Wednesday,Morning,71.15,1.0,Positive,,0,6.0
774298,Game Day,30.69,Sports,27.32,Wednesday,Morning,56.89,2.0,Neutral,,0,7.0
775123,Game Day,60.12,Sports,80.68,Wednesday,Morning,1.44,1.0,Neutral,,0,49.0
776577,Game Day,90.17,Sports,28.85,Wednesday,Morning,65.16,1.0,Negative,,0,99.0
776622,Game Day,116.58,Sports,27.96,Wednesday,Morning,44.88,0.0,Neutral,,0,43.0
776959,Game Day,50.68,Sports,85.78,Wednesday,Morning,5.78,0.0,Positive,,0,6.0
777251,Game Day,45.54,Sports,88.11,Wednesday,Morning,54.68,1.0,Positive,,0,6.0
782474,Game Day,117.33,Sports,33.37,Wednesday,Morning,82.5,0.0,Positive,,0,17.0
784285,Game Day,11.38,Sports,55.2,Wednesday,Morning,93.97,1.0,Neutral,,0,53.0
784945,Game Day,56.655910828025476,Sports,88.4,Wednesday,Morning,71.4,1.0,Positive,,0,6.0
786023,Game Day,97.92,Sports,48.01,Wednesday,Morning,9.46,0.0,Negative,,0,9.0
786627,Game Day,99.74,Sports,98.12,Wednesday,Morning,28.73,1.0,Negative,,0,76.0
787105,Game Day,104.89,Sports,33.58,Wednesday,Morning,13.46,2.0,Negative,,0,45.0
787700,Game Day,107.55,Sports,76.53,Wednesday,Morning,73.34,2.0,Neutral,,0,2.0
789753,Game Day,36.76,Sports,34.44,Wednesday,Morning,12.66,2.0,Positive,,0,91.0
789825,Game Day,62.85,Sports,26.77,Wednesday,Morning,45.96,1.0,Neutral,,0,39.0
789934,Game Day,117.6,Sports,20.28,Wednesday,Morning,69.61,0.0,Negative,,0,47.0
790610,Game Day,107.82,Sports,91.71,Wednesday,Morning,51.51,1.0,Negative,,0,62.0
790679,Game Day,18.21,Sports,22.26,Wednesday,Morning,61.91,2.0,Neutral,,0,86.0
792885,Game Day,56.655910828025476,Sports,57.18,Wednesday,Morning,16.3,1.0,Neutral,,0,15.0
796176,Game Day,68.87,Sports,93.81,Wednesday,Morning,40.31,1.0,Negative,,0,22.0
797906,Game Day,54.67,Sports,53.69,Wednesday,Morning,55.1,1.0,Neutral,,0,72.0
797991,Game Day,30.58,Sports,47.87,Wednesday,Morning,56.72,1.0,Negative,,0,51.0
798730,Game Day,47.16,Sports,88.11,Wednesday,Morning,36.99,3.0,Positive,,0,30.0
800918,Game Day,91.69,Sports,90.07,Wednesday,Morning,0.0,2.0,Positive,,0,88.0
801962,Game Day,10.12,Sports,35.47,Wednesday,Morning,0.0,3.0,Positive,,0,69.0
805721,Game Day,89.07,Sports,80.92,Wednesday,Morning,5.61,3.0,Positive,,0,5.0
805883,Game Day,25.34,Sports,78.86,Wednesday,Morning,0.0,1.0,Neutral,,0,81.0
808342,Game Day,55.1,Sports,91.44,Wednesday,Morning,55.2,1.0,Positive,,0,41.0
812269,Game Day,32.85,Sports,93.92,Wednesday,Morning,73.8,3.0,Positive,,0,31.0
812320,Game Day,86.07,Sports,89.24,Wednesday,Morning,71.22,0.0,Positive,,0,18.0
812745,Game Day,56.655910828025476,Sports,44.37,Wednesday,Morning,96.57,1.0,Negative,,0,57.0
816166,Game Day,45.74,Sports,75.27,Wednesday,Morning,0.0,3.0,Neutral,,0,18.0
819071,Game Day,111.4,Sports,42.26,Wednesday,Morning,29.45,0.0,Positive,,0,21.0
819767,Game Day,28.04,Sports,48.83,Wednesday,Morning,20.43,1.0,Positive,,0,49.0
819942,Game Day,50.94,Sports,43.8,Wednesday,Morning,34.94,1.0,Negative,,0,97.0
819948,Game Day,109.56,Sports,52.26,Wednesday,Morning,91.38,1.0,Positive,,0,35.0
820055,Game Day,39.19,Sports,71.43,Wednesday,Morning,93.57,2.0,Positive,,0,61.0
820146,Game Day,28.32,Sports,96.84,Wednesday,Morning,0.0,1.0,Positive,,0,78.0
820692,Game Day,32.24,Sports,62.2,Wednesday,Morning,9.12,0.0,Neutral,,0,30.0
821822,Game Day,61.62,Sports,23.07,Wednesday,Morning,64.69,3.0,Negative,,0,37.0
826416,Game Day,27.12,Sports,47.29,Wednesday,Morning,0.32,3.0,Neutral,,0,73.0
829384,Game Day,56.655910828025476,Sports,28.66,Wednesday,Morning,34.11,0.0,Negative,,0,51.0
829399,Game Day,98.74,Sports,77.16,Wednesday,Morning,87.19,3.0,Positive,,0,34.0
829642,Game Day,97.58,Sports,59.37,Wednesday,Morning,0.0,0.0,Negative,,0,7.0
830361,Game Day,56.655910828025476,Sports,28.56,Wednesday,Morning,95.66,0.0,Positive,,0,13.0
830820,Game Day,28.32,Sports,39.36,Wednesday,Morning,56.89,1.0,Positive,,0,78.0
832967,Game Day,56.655910828025476,Sports,88.31,Wednesday,Morning,88.72,3.0,Positive,,0,20.0
833714,Game Day,102.02,Sports,30.79,Wednesday,Morning,71.4,3.0,Negative,,0,79.0
834571,Game Day,60.71,Sports,87.3,Wednesday,Morning,58.45,3.0,Neutral,,0,8.0
835503,Game Day,31.59,Sports,54.04,Wednesday,Morning,0.0,3.0,Neutral,,0,29.0
835955,Game Day,21.08,Sports,67.42,Wednesday,Morning,98.11,2.0,Negative,,0,89.0
836395,Game Day,30.05,Sports,48.99,Wednesday,Morning,43.4,2.0,Negative,,0,4.0
836925,Game Day,59.73,Sports,44.56,Wednesday,Morning,53.69,3.0,Negative,,0,85.0
837080,Game Day,56.655910828025476,Sports,62.58,Wednesday,Morning,89.72,2.0,Neutral,,0,34.0
837143,Game Day,56.655910828025476,Sports,45.01,Wednesday,Morning,0.0,1.0,Positive,,0,75.0
837596,Game Day,56.45,Sports,27.35,Wednesday,Morning,62.76,0.0,Neutral,,0,73.0
838234,Game Day,113.73,Sports,36.53,Wednesday,Morning,76.84,3.0,Neutral,,0,32.0
840606,Game Day,56.655910828025476,Sports,30.56,Wednesday,Morning,76.19,0.0,Negative,,0,43.0
842810,Game Day,93.48,Sports,48.02,Wednesday,Morning,10.49,1.0,Neutral,,0,82.0
844262,Game Day,17.98,Sports,39.23,Wednesday,Morning,56.0,0.0,Positive,,0,51.0
845811,Game Day,48.33,Sports,22.26,Wednesday,Morning,0.0,3.0,Negative,,0,90.0
846129,Game Day,75.95,Sports,57.32,Wednesday,Morning,0.0,3.0,Negative,,0,6.0
846391,Game Day,116.14,Sports,80.29,Wednesday,Morning,32.94,1.0,Positive,,0,9.0
847231,Game Day,115.4,Sports,53.85,Wednesday,Morning,53.56,2.0,Neutral,,0,70.0
848215,Game Day,93.84,Sports,39.14,Wednesday,Morning,29.65,2.0,Neutral,,0,42.0
848592,Game Day,56.655910828025476,Sports,91.99,Wednesday,Morning,0.0,0.0,Positive,,0,27.0
849191,Game Day,106.94,Sports,42.38,Wednesday,Morning,0.0,1.0,Neutral,,0,56.0
850481,Game Day,75.57,Sports,57.2,Wednesday,Morning,57.83,3.0,Neutral,,0,84.0
850942,Game Day,54.19,Sports,36.99,Wednesday,Morning,0.0,0.0,Positive,,0,86.0
851207,Game Day,16.52,Sports,74.72,Wednesday,Morning,70.06,0.0,Positive,,0,62.0
851728,Game Day,14.73,Sports,85.38,Wednesday,Morning,42.71,1.0,Neutral,,0,11.0
854804,Game Day,56.655910828025476,Sports,38.64,Wednesday,Morning,72.34,1.0,Positive,,0,12.0
854807,Game Day,94.38,Sports,98.31,Wednesday,Morning,0.0,1.0,Neutral,,0,90.0
854892,Game Day,12.16,Sports,22.26,Wednesday,Morning,61.91,0.0,Neutral,,0,86.0
855481,Game Day,50.06,Sports,39.05,Wednesday,Morning,20.84,3.0,Neutral,,0,72.0
857092,Game Day,28.64,Sports,78.28,Wednesday,Morning,87.91,3.0,Negative,,0,54.0
860770,Game Day,25.17,Sports,76.55,Wednesday,Morning,50.54,0.0,Neutral,,0,37.0
861376,Game Day,25.67,Sports,44.56,Wednesday,Morning,98.9,0.0,Positive,,0,18.0
861535,Game Day,56.655910828025476,Sports,38.73,Wednesday,Morning,96.22,2.0,Positive,,0,63.0
862333,Game Day,25.69,Sports,21.71,Wednesday,Morning,69.51,2.0,Negative,,0,66.0
863489,Game Day,18.46,Sports,53.85,Wednesday,Morning,66.95,3.0,Negative,,0,32.0
864294,Game Day,64.02,Sports,75.59,Wednesday,Morning,16.94,0.0,Neutral,,0,17.0
864569,Game Day,56.655910828025476,Sports,38.22,Wednesday,Morning,96.0,0.0,Positive,,0,9.0
864681,Game Day,6.6,Sports,91.85,Wednesday,Morning,0.0,0.0,Negative,,0,42.0
864796,Game Day,28.32,Education,78.62,Wednesday,Morning,56.25,0.0,Positive,,0,3.0
865287,Game Day,106.99,Sports,84.31,Wednesday,Morning,35.99,0.0,Positive,,0,46.0
865438,Game Day,22.03,Sports,45.51,Wednesday,Morning,3.76,2.0,Negative,,0,33.0
866027,Game Day,13.05,Sports,36.23,Wednesday,Morning,20.23,0.0,Neutral,,0,38.0
866028,Game Day,6.77,Sports,94.48,Wednesday,Morning,41.33,1.0,Negative,,0,31.0
869694,Game Day,27.72,Sports,36.62,Wednesday,Morning,93.4,1.0,Negative,,0,78.0
869850,Game Day,56.655910828025476,Sports,78.36,Wednesday,Morning,47.31,1.0,Negative,,0,29.0
870941,Game Day,56.655910828025476,Sports,74.03,Wednesday,Morning,0.0,0.0,Neutral,,0,14.0
871215,Game Day,56.655910828025476,Sports,56.29,Wednesday,Morning,58.72,3.0,Negative,,0,55.0
871761,Game Day,72.92,Sports,69.28,Wednesday,Morning,68.42,1.0,Positive,,0,92.0
872678,Game Day,85.51,Sports,97.13,Wednesday,Morning,99.36,3.0,Negative,,0,84.0
873358,Game Day,85.64,Sports,92.3,Wednesday,Morning,54.21,2.0,Positive,,0,16.0
873881,Game Day,57.73,Sports,32.17,Wednesday,Morning,9.76,2.0,Negative,,0,69.0
876025,Game Day,67.88,Sports,67.41,Wednesday,Morning,84.12,2.0,Negative,,0,47.0
877040,Game Day,119.03,Sports,33.8,Wednesday,Morning,17.19,0.0,Negative,,0,20.0
877796,Game Day,103.56,Sports,77.29,Wednesday,Morning,40.01,1.0,Neutral,,0,63.0
880324,Game Day,117.68,Sports,29.62,Wednesday,Morning,0.0,0.0,Positive,,0,46.0
880421,Game Day,91.36,Sports,40.02,Wednesday,Morning,43.29,0.0,Positive,,0,53.0
881203,Game Day,42.36,Sports,96.25,Wednesday,Morning,0.0,3.0,Negative,,0,98.0
882756,Game Day,56.655910828025476,Sports,88.85,Wednesday,Morning,19.86,2.0,Negative,,0,59.0
883390,Game Day,106.51,Sports,79.66,Wednesday,Morning,62.55,1.0,Negative,,0,9.0
883415,Game Day,16.85,Sports,62.69,Wednesday,Morning,99.36,0.0,Negative,,0,70.0
884696,Game Day,58.86,Sports,24.31,Wednesday,Morning,38.31,1.0,Positive,,0,100.0
886651,Game Day,104.82,Sports,91.69,Wednesday,Morning,31.15,0.0,Neutral,,0,42.0
887110,Game Day,53.94,Sports,26.3,Wednesday,Morning,57.7,1.0,Positive,,0,51.0
887599,Game Day,5.33,Sports,46.87,Wednesday,Morning,0.0,1.0,Positive,,0,48.0
888897,Game Day,72.69,Sports,49.45,Wednesday,Morning,65.68,2.0,Neutral,,0,23.0
892738,Game Day,40.89,Sports,23.76,Wednesday,Morning,52.14,0.0,Positive,,0,52.0
892866,Game Day,109.91,Sports,70.34,Wednesday,Morning,95.83,2.0,Positive,,0,84.0
894842,Game Day,56.655910828025476,Sports,84.58,Wednesday,Morning,90.55,0.0,Neutral,,0,22.0
895984,Game Day,40.3,Sports,31.27,Wednesday,Morning,63.0,0.0,Positive,,0,57.0
896086,Game Day,56.655910828025476,Sports,98.09,Wednesday,Morning,57.88,0.0,Neutral,,0,54.0
896829,Game Day,56.655910828025476,Sports,27.77,Wednesday,Morning,10.74,2.0,Positive,,0,48.0
897075,Game Day,30.08,Sports,91.8,Wednesday,Morning,47.78,2.0,Negative,,0,71.0
897149,Game Day,57.96,Sports,47.44,Wednesday,Morning,97.62,3.0,Negative,,0,5.0
897909,Game Day,106.78,Sports,59.49,Wednesday,Morning,0.0,3.0,Neutral,,0,24.0
899734,Game Day,50.45,Sports,69.69,Wednesday,Morning,0.0,2.0,Negative,,0,69.0
900890,Game Day,117.54,Sports,95.29,Wednesday,Morning,0.0,1.0,Neutral,,0,20.0
902773,Game Day,34.26,Sports,94.01,Wednesday,Morning,34.18,1.0,Neutral,,0,72.0
903701,Game Day,7.54,Sports,89.25,Wednesday,Morning,42.81,3.0,Neutral,,0,63.0
903954,Game Day,17.98,Sports,39.23,Wednesday,Morning,47.25,2.0,Positive,,0,23.0
904098,Game Day,7.92,Sports,73.28,Wednesday,Morning,23.11,3.0,Negative,,0,24.0
904764,Game Day,84.19,Sports,45.49,Wednesday,Morning,33.42,3.0,Negative,,0,85.0
905185,Game Day,81.25,Sports,99.8,Wednesday,Morning,16.5,1.0,Neutral,,0,15.0
906449,Game Day,81.02,Sports,55.89,Wednesday,Morning,45.85,1.0,Negative,,0,84.0
907254,Game Day,61.62,Sports,29.56,Wednesday,Morning,71.08,3.0,Negative,,0,37.0
907730,Game Day,56.655910828025476,Sports,70.83,Wednesday,Morning,0.0,3.0,Negative,,0,98.0
911304,Game Day,61.32,Sports,26.62,Wednesday,Morning,1.26,0.0,Negative,,0,6.0
912629,Game Day,71.2,Sports,62.67,Wednesday,Morning,4.99,0.0,Negative,,0,40.0
912723,Game Day,90.27,Sports,69.19,Wednesday,Morning,73.25,1.0,Positive,,0,69.0
912878,Game Day,32.83,Sports,22.45,Wednesday,Morning,47.12,3.0,Negative,,0,45.0
913013,Game Day,6.59,Sports,96.93,Wednesday,Morning,17.51,0.0,Positive,,0,67.0
913525,Game Day,116.98,Sports,27.74,Wednesday,Morning,0.0,3.0,Neutral,,0,88.0
913639,Game Day,32.1,Sports,36.23,Wednesday,Morning,1.88,2.0,Negative,,0,81.0
914187,Game Day,75.49,Sports,79.67,Wednesday,Morning,71.49,3.0,Neutral,,0,9.0
914299,Game Day,100.55,Sports,78.99,Wednesday,Morning,66.53,1.0,Positive,,0,59.0
915919,Game Day,56.655910828025476,Sports,87.93,Wednesday,Morning,92.42,2.0,Positive,,0,76.0
916265,Game Day,56.08,Sports,25.06,Wednesday,Morning,15.72,1.0,Negative,,0,98.0
916376,Game Day,71.45,Sports,71.65,Wednesday,Morning,54.32,2.0,Negative,,0,33.0
916922,Game Day,89.78,Sports,69.89,Wednesday,Morning,37.95,0.0,Negative,,0,16.0
916928,Game Day,56.655910828025476,Sports,42.66,Wednesday,Morning,0.0,1.0,Negative,,0,59.0
918948,Game Day,70.38,Sports,34.25,Wednesday,Morning,6.11,0.0,Negative,,0,25.0
919198,Game Day,12.85,Sports,29.31,Wednesday,Morning,45.75,3.0,Negative,,0,35.0
920127,Game Day,30.22,Sports,38.22,Wednesday,Morning,18.83,1.0,Positive,,0,54.0
921360,Game Day,56.655910828025476,Sports,49.98,Wednesday,Morning,70.99,0.0,Negative,,0,44.0
923462,Game Day,36.57,Sports,30.1,Wednesday,Morning,36.71,3.0,Negative,,0,97.0
924412,Game Day,16.47,Sports,45.19,Wednesday,Morning,0.26,3.0,Positive,,0,12.0
924953,Game Day,103.38,Sports,52.08,Wednesday,Morning,0.0,1.0,Neutral,,0,15.0
928101,Game Day,56.655910828025476,Sports,38.29,Wednesday,Morning,22.27,0.0,Neutral,,0,32.0
931041,Game Day,64.02,Sports,44.19,Wednesday,Morning,48.11,1.0,Neutral,,0,20.0
931335,Game Day,51.96,Sports,25.87,Wednesday,Morning,88.31,1.0,Negative,,0,87.0
932589,Game Day,32.06,Sports,21.92,Wednesday,Morning,45.71,0.0,Negative,,0,52.0
932843,Game Day,97.09,Sports,85.66,Wednesday,Morning,61.73,0.0,Neutral,,0,71.0
934110,Game Day,44.76,Sports,35.98,Wednesday,Morning,13.49,3.0,Negative,,0,13.0
935116,Game Day,29.07,Sports,38.22,Wednesday,Morning,53.27,1.0,Positive,,0,8.0
939291,Game Day,84.57,Sports,82.83,Wednesday,Morning,92.39,1.0,Positive,,0,54.0
943315,Game Day,112.28,Sports,65.42,Wednesday,Morning,66.48,2.0,Negative,,0,86.0
943999,Game Day,85.69,Sports,44.64,Wednesday,Morning,4.32,1.0,Positive,,0,83.0
947985,Game Day,80.84,Sports,71.62,Wednesday,Morning,22.62,0.0,Positive,,0,51.0
950014,Game Day,118.96,Sports,28.84,Wednesday,Morning,36.28,1.0,Negative,,0,31.0
950345,Game Day,7.69,Sports,93.05,Wednesday,Morning,58.93,1.0,Neutral,,0,72.0
950455,Game Day,17.08,Sports,69.96,Wednesday,Morning,58.93,1.0,Positive,,0,39.0
950819,Game Day,43.21,Sports,25.67,Wednesday,Morning,3.51,2.0,Negative,,0,91.0
951636,Game Day,109.25,Sports,64.72,Wednesday,Morning,84.58,1.0,Neutral,,0,12.0
952732,Game Day,56.655910828025476,Sports,85.08,Wednesday,Morning,56.71,0.0,Positive,,0,3.0
954489,Game Day,45.21,Sports,45.09,Wednesday,Morning,92.71,2.0,Positive,,0,35.0
954851,Game Day,54.01,Sports,53.16,Wednesday,Morning,53.74,3.0,Positive,,0,29.0
956497,Game Day,39.61,Sports,92.19,Wednesday,Morning,92.06,0.0,Positive,,0,9.0
956731,Game Day,18.21,Sports,22.26,Wednesday,Morning,61.91,2.0,Neutral,,0,61.0
958093,Game Day,56.71,Sports,56.71,Wednesday,Morning,54.57,0.0,Negative,,0,44.0
961816,Game Day,57.9,Sports,43.21,Wednesday,Morning,59.24,0.0,Positive,,0,29.0
962206,Game Day,71.62,Sports,76.4,Wednesday,Morning,4.94,0.0,Negative,,0,34.0
966743,Game Day,37.18,Sports,86.28,Wednesday,Morning,19.86,2.0,Positive,,0,59.0
967147,Game Day,56.655910828025476,Sports,69.6,Wednesday,Morning,94.43,2.0,Positive,,0,59.0
972463,Game Day,9.51,Sports,23.06,Wednesday,Morning,77.91,2.0,Neutral,,0,32.0
972743,Game Day,35.04,Sports,93.33,Wednesday,Morning,97.45,0.0,Neutral,,0,22.0
973196,Game Day,56.655910828025476,Sports,56.4,Wednesday,Morning,0.0,1.0,Neutral,,0,17.0
974851,Game Day,56.655910828025476,Sports,32.4,Wednesday,Morning,24.39,2.0,Positive,,0,71.0
976289,Game Day,15.03,Sports,72.81,Wednesday,Morning,57.92,3.0,Positive,,0,93.0
976783,Game Day,104.63,Sports,94.85,Wednesday,Morning,0.0,1.0,Neutral,,0,38.0
977081,Game Day,31.36,Sports,62.64,Wednesday,Morning,26.81,0.0,Positive,,0,70.0
979463,Game Day,52.06,Sports,35.73,Wednesday,Morning,0.0,3.0,Negative,,0,51.0
979476,Game Day,56.655910828025476,Sports,47.61,Wednesday,Morning,96.27,1.0,Negative,,0,72.0
979699,Game Day,30.71,Sports,85.05,Wednesday,Morning,85.98,1.0,Positive,,0,3.0
979892,Game Day,39.63,Sports,71.43,Wednesday,Morning,93.57,2.0,Positive,,0,71.0
980270,Game Day,56.655910828025476,Sports,56.49,Wednesday,Morning,71.11,3.0,Negative,,0,64.0
984811,Game Day,15.29,Sports,49.37,Wednesday,Morning,0.0,0.0,Negative,,0,78.0
984920,Game Day,69.92,Sports,95.39,Wednesday,Morning,86.24,2.0,Positive,,0,29.0
986128,Game Day,56.655910828025476,Sports,32.39,Wednesday,Morning,0.0,2.0,Positive,,0,94.0
986835,Game Day,47.82,Sports,62.26,Wednesday,Morning,86.88,0.0,Positive,,0,67.0
987328,Game Day,56.655910828025476,Sports,28.49,Wednesday,Morning,12.01,1.0,Negative,,0,73.0
987497,Game Day,56.655910828025476,Sports,97.04,Wednesday,Morning,36.5,1.0,Negative,,0,87.0
989057,Game Day,12.81,Sports,63.82,Wednesday,Morning,52.54,0.0,Positive,,0,2.0
989307,Game Day,95.03,Sports,99.1,Wednesday,Morning,29.17,0.0,Neutral,,0,49.0
989890,Game Day,80.28,Sports,45.9,Wednesday,Morning,0.0,3.0,Neutral,,0,66.0
989912,Game Day,43.25,Sports,43.67,Wednesday,Morning,0.0,2.0,Negative,,0,89.0
992244,Game Day,91.94,Sports,32.38,Wednesday,Morning,99.7,1.0,Negative,,0,76.0
992327,Game Day,92.81,Sports,47.33,Wednesday,Morning,49.02,1.0,Neutral,,0,82.0
992535,Game Day,30.34,Sports,51.57,Wednesday,Morning,0.0,2.0,Positive,,0,90.0
995038,Game Day,74.41,Sports,98.86,Wednesday,Morning,10.77,3.0,Neutral,,0,55.0
995523,Game Day,99.74,Sports,76.73,Wednesday,Morning,98.73,1.0,Negative,,0,25.0
995612,Game Day,67.27,Sports,82.56,Wednesday,Morning,88.44,2.0,Negative,,0,81.0
995836,Game Day,26.07,Sports,63.33,Wednesday,Morning,86.66,3.0,Positive,,0,99.0
997714,Game Day,39.48,Sports,79.6,Wednesday,Morning,69.74,3.0,Negative,,0,61.0
998113,Game Day,23.01,Sports,82.81,Wednesday,Morning,68.54,0.0,Negative,,0,92.0
999844,Game Day,56.655910828025476,Sports,86.71,Wednesday,Morning,85.88,2.0,Neutral,,0,31.0
999952,Game Day,40.53,Sports,30.63,Wednesday,Morning,30.63,0.0,Neutral,,0,63.0
