id,Podcast_Name,Episode_Length_minutes,Genre,Host_Popularity_percentage,Publication_Day,Publication_Time,Guest_Popularity_percentage,Number_of_Ads,Episode_Sentiment,Listening_Time_minutes,is_train,Episode_Number
1258,Gadget Geek,118.53,Technology,89.75,Sunday,Night,0.0,0.0,Negative,112.24783,1,1.0
1617,Gadget Geek,85.54,Technology,51.66,Sunday,Night,46.13,2.0,Negative,45.57466,1,7.0
3817,Gadget Geek,29.63,Technology,57.22,Sunday,Night,0.0,1.0,Neutral,22.12871,1,8.0
4580,Gadget Geek,95.94,Technology,66.38,Sunday,Night,57.23,2.0,Positive,73.81113,1,11.0
4721,Gadget Geek,111.06,Technology,83.8,Sunday,Night,18.05,0.0,Positive,99.13,1,98.0
4762,Gadget Geek,71.67,Technology,40.26,Sunday,Night,0.0,3.0,Positive,52.86325,1,15.0
6099,Gadget Geek,48.78,Technology,94.48,Sunday,Night,42.75,0.0,Neutral,30.56721,1,70.0
9710,Gadget Geek,32.51,Technology,42.66,Sunday,Night,28.33,3.0,Positive,17.42,1,24.0
10244,Gadget Geek,114.13,Technology,36.01,Sunday,Night,59.92,2.0,Positive,79.21237,1,55.0
10917,Gadget Geek,37.28,Technology,96.69,Sunday,Night,78.86,1.0,Positive,35.75778,1,48.0
11774,Gadget Geek,118.41,Technology,38.35,Sunday,Night,31.92,0.0,Neutral,58.98744,1,23.0
14467,Gadget Geek,114.64,Technology,76.48,Sunday,Night,79.13,1.0,Positive,64.13128,1,15.0
15009,Gadget Geek,99.77,Technology,28.81,Sunday,Night,0.0,1.0,Positive,59.67079,1,80.0
18074,Gadget Geek,36.93,Technology,50.68,Sunday,Night,0.0,0.0,Positive,12.3,1,81.0
21239,Gadget Geek,62.14,Technology,59.66,Sunday,Night,73.21,2.0,Neutral,28.76115,1,82.0
21859,Gadget Geek,60.49,Technology,41.46,Sunday,Night,0.0,3.0,Positive,27.54185,1,53.0
22209,Gadget Geek,66.18995963845013,Technology,57.92,Sunday,Night,42.61,1.0,Positive,73.81113,1,58.0
28629,Gadget Geek,64.92,Technology,58.9,Sunday,Night,30.31,0.0,Negative,62.60365,1,63.0
30254,Gadget Geek,13.99,Technology,34.24,Sunday,Night,70.52,3.0,Positive,2.79431,1,43.0
30330,Gadget Geek,28.85,Technology,77.77,Sunday,Night,0.0,0.0,Positive,11.8,1,69.0
30743,Gadget Geek,66.18995963845013,Technology,23.09,Sunday,Night,0.0,2.0,Positive,68.28139,1,79.0
33283,Gadget Geek,102.76,Technology,79.82,Sunday,Night,69.19,0.0,Negative,84.08,1,67.0
33436,Gadget Geek,63.66,Technology,49.55,Sunday,Night,93.97,0.0,Negative,50.78,1,34.0
35030,Gadget Geek,98.74,Technology,58.86,Sunday,Night,19.45,2.0,Neutral,59.96692,1,30.0
35901,Gadget Geek,66.18995963845013,Technology,26.72,Sunday,Night,0.0,0.0,Positive,24.31,1,5.0
38726,Gadget Geek,88.68,Technology,48.12,Sunday,Night,30.0,2.0,Positive,67.65665,1,8.0
41098,Gadget Geek,56.22,Technology,88.87,Sunday,Night,26.69,2.0,Neutral,43.22862,1,82.0
41351,Gadget Geek,66.18995963845013,Technology,38.69,Sunday,Night,68.79,0.0,Negative,36.43,1,68.0
41688,Gadget Geek,66.18995963845013,Technology,42.67,Sunday,Night,4.98,2.0,Positive,25.82142,1,67.0
42639,Gadget Geek,108.71,Technology,79.66,Sunday,Night,75.02,0.0,Neutral,97.57358,1,19.0
42828,Gadget Geek,66.18995963845013,Technology,25.08,Sunday,Night,61.63,0.0,Neutral,92.9403,1,95.0
44153,Gadget Geek,18.24,Technology,97.23,Sunday,Night,97.53,3.0,Neutral,8.71882,1,92.0
44607,Gadget Geek,38.15,Technology,27.45,Sunday,Night,95.45,2.0,Neutral,32.22544,1,3.0
46561,Gadget Geek,66.52,Technology,76.57,Sunday,Night,68.88,0.0,Positive,31.63161,1,69.0
46821,Gadget Geek,42.47,Technology,96.95,Sunday,Night,33.42,0.0,Neutral,39.70896,1,42.0
47827,Gadget Geek,31.61,Technology,82.63,Sunday,Night,0.0,0.0,Positive,12.3,1,82.0
48656,Gadget Geek,86.18,Technology,73.98,Sunday,Night,47.19,1.0,Negative,51.16,1,68.0
48783,Gadget Geek,62.83,Technology,24.62,Sunday,Night,81.67,2.0,Negative,43.66673,1,10.0
51916,Gadget Geek,54.67,Technology,60.07,Sunday,Night,71.84,3.0,Negative,23.27123,1,8.0
52303,Gadget Geek,115.98,Technology,42.89,Sunday,Night,65.52,1.0,Negative,112.2,1,27.0
52647,Gadget Geek,34.72,Technology,37.52,Sunday,Night,77.77,1.0,Positive,18.91315,1,1.0
55680,Gadget Geek,62.65,Technology,54.62,Sunday,Night,9.3,0.0,Positive,49.65934,1,1.0
56245,Gadget Geek,17.26,Technology,70.61,Sunday,Night,0.0,1.0,Negative,14.86,1,27.0
58889,Gadget Geek,52.41,Technology,78.93,Sunday,Night,81.63,0.0,Neutral,26.98232,1,63.0
60437,Gadget Geek,68.6,Technology,95.12,Sunday,Night,95.45,3.0,Negative,67.76197,1,37.0
61602,Gadget Geek,102.36,Technology,90.78,Sunday,Night,22.25,0.0,Neutral,62.14355,1,38.0
62333,Gadget Geek,107.91,Technology,43.82,Sunday,Night,0.0,1.0,Neutral,93.46185,1,42.0
63754,Gadget Geek,21.85,Technology,97.98,Sunday,Night,91.42,2.0,Negative,15.48,1,31.0
63875,Gadget Geek,18.74,Technology,28.93,Sunday,Night,86.35,2.0,Positive,7.02,1,33.0
63884,Gadget Geek,92.06,Technology,40.14,Sunday,Night,48.07,3.0,Neutral,71.40728,1,56.0
65193,Gadget Geek,105.57,Technology,63.8,Sunday,Night,89.13,2.0,Positive,84.48716,1,59.0
65561,Gadget Geek,64.79,Technology,48.33,Sunday,Night,73.71,0.0,Neutral,61.24319,1,73.0
66741,Gadget Geek,57.36,Technology,86.93,Sunday,Night,85.33,2.0,Negative,50.20206,1,80.0
68325,Gadget Geek,72.6,Technology,55.25,Sunday,Night,4.2,3.0,Positive,35.10565,1,71.0
70801,Gadget Geek,33.23,Technology,30.63,Sunday,Night,11.73,0.0,Neutral,31.54,1,74.0
72724,Gadget Geek,46.84,Technology,67.22,Sunday,Night,37.53,2.0,Negative,32.54527,1,16.0
72955,Gadget Geek,39.81,Technology,71.43,Sunday,Night,75.23,3.0,Neutral,17.30211,1,11.0
73349,Gadget Geek,66.18995963845013,Technology,56.73,Sunday,Night,34.4,0.0,Positive,68.63883,1,32.0
75467,Gadget Geek,88.57,Technology,42.52,Sunday,Night,19.45,1.0,Positive,53.26373,1,61.0
75833,Gadget Geek,99.16,Technology,60.04,Sunday,Night,0.0,0.0,Neutral,72.62461,1,10.0
76064,Gadget Geek,17.04,Technology,27.6,Sunday,Night,38.63,1.0,Neutral,15.86645,1,65.0
76432,Gadget Geek,66.18995963845013,Technology,63.59,Sunday,Night,29.77,1.0,Neutral,54.69527,1,65.0
78783,Gadget Geek,79.42,Technology,41.59,Sunday,Night,0.0,3.0,Neutral,49.20504,1,34.0
79966,Gadget Geek,97.42,Technology,55.05,Sunday,Night,91.06,3.0,Neutral,88.72895,1,47.0
80819,Gadget Geek,44.76,Technology,35.72,Sunday,Night,0.0,3.0,Negative,20.7234,1,72.0
81699,Gadget Geek,107.79,Technology,83.39,Sunday,Night,95.8,2.0,Neutral,96.06,1,72.0
81840,Gadget Geek,58.35,Technology,54.84,Sunday,Night,65.53,0.0,Positive,34.23512,1,67.0
82525,Gadget Geek,49.6,Technology,66.89,Sunday,Night,41.14,2.0,Neutral,37.16233,1,19.0
83587,Gadget Geek,72.83,Technology,34.16,Sunday,Night,0.0,2.0,Negative,56.417,1,71.0
84555,Gadget Geek,96.11,Technology,92.5,Sunday,Night,0.0,0.0,Negative,79.9981,1,15.0
84879,Gadget Geek,105.44,Technology,86.27,Sunday,Night,50.66,2.0,Negative,76.39213,1,41.0
85820,Gadget Geek,48.78,Technology,94.72,Sunday,Night,34.29,0.0,Neutral,30.56721,1,70.0
86270,Gadget Geek,26.69,Technology,21.98,Sunday,Night,23.67,2.0,Negative,23.16954,1,64.0
86331,Gadget Geek,93.22,Technology,35.08,Sunday,Night,3.69,0.0,Negative,82.80811,1,53.0
87652,Gadget Geek,119.03,Technology,41.56,Sunday,Night,19.41,3.0,Negative,53.18075,1,79.0
87930,Gadget Geek,11.00005173,Technology,21.25,Sunday,Night,80.0,0.0,Positive,11.0,1,68.0
88249,Gadget Geek,59.44,Technology,41.82,Sunday,Night,92.79,1.0,Negative,26.639,1,45.0
88856,Gadget Geek,110.18,Technology,46.01,Sunday,Night,95.86,0.0,Neutral,79.19687,1,2.0
89532,Gadget Geek,39.87,Technology,82.53,Sunday,Night,40.32,0.0,Negative,27.95336,1,80.0
93813,Gadget Geek,88.37,Technology,39.83,Sunday,Night,18.61,1.0,Negative,77.36956,1,31.0
95517,Gadget Geek,66.18995963845013,Technology,92.68,Sunday,Night,0.0,3.0,Negative,28.731,1,75.0
97146,Gadget Geek,72.31,Technology,96.99,Sunday,Night,30.82,3.0,Negative,71.34,1,13.0
97270,Gadget Geek,105.01,Technology,90.91,Sunday,Night,0.0,2.0,Neutral,79.62117,1,44.0
100658,Gadget Geek,112.96,Technology,28.82,Sunday,Night,72.79,1.0,Negative,94.9162,1,74.0
100826,Gadget Geek,52.81,Technology,29.81,Sunday,Night,50.49,2.0,Positive,32.43508,1,59.0
103089,Gadget Geek,41.72,Technology,63.96,Sunday,Night,41.4,0.0,Negative,37.6293,1,63.0
107473,Gadget Geek,105.98,Technology,26.58,Sunday,Night,20.24,0.0,Neutral,94.40214,1,2.0
108203,Gadget Geek,35.28,Technology,82.52,Sunday,Night,80.26,0.0,Positive,27.95336,1,80.0
110481,Gadget Geek,60.99,Technology,67.21,Sunday,Night,81.79,1.0,Positive,37.34349,1,40.0
111663,Gadget Geek,18.28,Technology,60.47,Sunday,Night,0.0,3.0,Neutral,5.56,1,29.0
112075,Gadget Geek,39.12,Technology,62.91,Sunday,Night,0.0,0.0,Negative,20.24796,1,12.0
113436,Gadget Geek,21.23,Technology,70.33,Sunday,Night,48.84,2.0,Positive,5.82,1,79.0
116182,Gadget Geek,54.77,Technology,77.86,Sunday,Night,19.07,1.0,Positive,53.81414,1,63.0
117904,Gadget Geek,49.54,Technology,68.8,Sunday,Night,88.56,2.0,Positive,48.92985,1,78.0
122648,Gadget Geek,119.33,Technology,92.24,Sunday,Night,15.84,2.0,Positive,92.56063,1,46.0
123543,Gadget Geek,10.86,Technology,80.79,Sunday,Night,51.45,0.0,Negative,7.08,1,80.0
125220,Gadget Geek,62.14,Technology,59.66,Sunday,Night,9.77,1.0,Neutral,28.76115,1,82.0
125591,Gadget Geek,95.47,Technology,40.96,Sunday,Night,0.0,0.0,Negative,92.46508,1,34.0
126191,Gadget Geek,64.0,Technology,26.69,Sunday,Night,9.99,2.0,Positive,44.00111,1,96.0
126490,Gadget Geek,103.23,Technology,26.81,Sunday,Night,0.0,0.0,Positive,62.00886,1,67.0
127012,Gadget Geek,37.73,Technology,26.38,Sunday,Night,41.46,1.0,Neutral,15.77223,1,92.0
127188,Gadget Geek,43.42,Technology,37.02,Sunday,Night,11.37,3.0,Neutral,25.97044,1,20.0
129473,Gadget Geek,44.01,Technology,37.85,Sunday,Night,88.07,0.0,Neutral,41.71566,1,96.0
130158,Gadget Geek,66.18995963845013,Technology,93.54,Sunday,Night,54.79,0.0,Negative,95.03,1,83.0
133645,Gadget Geek,41.4,Technology,92.08,Sunday,Night,90.36,0.0,Negative,33.03,1,58.0
135536,Gadget Geek,80.99,Technology,64.51,Sunday,Night,86.22,0.0,Neutral,53.17284,1,43.0
136615,Gadget Geek,58.96,Technology,85.97,Sunday,Night,41.4,0.0,Negative,37.6293,1,63.0
138558,Gadget Geek,53.17,Technology,82.97,Sunday,Night,0.0,2.0,Positive,45.20655,1,99.0
141812,Gadget Geek,98.41,Technology,28.67,Sunday,Night,41.29,2.0,Negative,61.88373,1,32.0
142413,Gadget Geek,61.44,Technology,63.29,Sunday,Night,26.19,3.0,Negative,45.87104,1,87.0
143647,Gadget Geek,57.57,Technology,24.52,Sunday,Night,97.55,0.0,Neutral,47.92458,1,70.0
144428,Gadget Geek,112.15,Technology,65.97,Sunday,Night,43.2,2.0,Negative,73.38393,1,54.0
146261,Gadget Geek,112.41,Technology,64.32,Sunday,Night,1.48,1.0,Negative,58.70721,1,9.0
146833,Gadget Geek,108.06,Technology,74.03,Sunday,Night,30.39,1.0,Negative,67.75,1,81.0
149492,Gadget Geek,96.19,Technology,81.04,Sunday,Night,0.0,1.0,Positive,69.4,1,81.0
149535,Gadget Geek,47.33,Technology,99.34,Sunday,Night,97.65,0.0,Neutral,40.41189,1,1.0
150980,Gadget Geek,58.74,Technology,49.1,Sunday,Night,88.08,2.0,Positive,47.4009,1,87.0
153246,Gadget Geek,107.24,Technology,99.4,Sunday,Night,28.76,0.0,Negative,104.3,1,25.0
155129,Gadget Geek,80.41,Technology,86.16,Sunday,Night,43.03,2.0,Positive,45.74514,1,49.0
155767,Gadget Geek,59.54,Technology,28.1,Sunday,Night,78.39,1.0,Positive,38.54505,1,33.0
155902,Gadget Geek,92.96,Technology,38.8,Sunday,Night,13.96,0.0,Positive,80.12546,1,72.0
157039,Gadget Geek,14.51,Technology,27.51,Sunday,Night,32.74,2.0,Positive,11.42694,1,28.0
160806,Gadget Geek,62.13,Technology,59.66,Sunday,Night,85.2,1.0,Neutral,28.76115,1,82.0
161590,Gadget Geek,73.28,Technology,93.25,Sunday,Night,21.69,1.0,Neutral,61.01045,1,77.0
164250,Gadget Geek,66.17,Technology,73.34,Sunday,Night,27.23,1.0,Neutral,41.88866,1,75.0
165847,Gadget Geek,7.43,Technology,64.07,Sunday,Night,30.04,3.0,Neutral,0.0,1,73.0
165853,Gadget Geek,33.24,Technology,90.66,Sunday,Night,21.17,2.0,Positive,14.8,1,67.0
166689,Gadget Geek,39.67,Technology,80.32,Sunday,Night,82.24,3.0,Negative,30.66106,1,58.0
167447,Gadget Geek,87.87,Technology,26.32,Sunday,Night,32.76,1.0,Neutral,69.15174,1,14.0
169777,Gadget Geek,50.94,Technology,65.31,Sunday,Night,66.95,1.0,Negative,24.33375,1,71.0
170005,Gadget Geek,100.55,Technology,38.36,Sunday,Night,65.7,2.0,Negative,55.96399,1,53.0
170617,Gadget Geek,66.18995963845013,Technology,79.36,Sunday,Night,78.2,0.0,Neutral,41.5432,1,98.0
171596,Gadget Geek,57.19,Technology,67.14,Sunday,Night,25.39,1.0,Positive,45.8652,1,28.0
172002,Gadget Geek,66.18995963845013,Technology,79.14,Sunday,Night,95.59,2.0,Positive,20.4,1,53.0
172834,Gadget Geek,22.16,Technology,60.39,Sunday,Night,0.0,1.0,Negative,9.94,1,67.0
176575,Gadget Geek,54.88,Technology,71.81,Sunday,Night,64.81,2.0,Negative,20.96152,1,23.0
177999,Gadget Geek,117.37,Technology,97.35,Sunday,Night,47.03,3.0,Neutral,64.57729,1,19.0
180961,Gadget Geek,103.02,Technology,61.13,Sunday,Night,10.36,3.0,Neutral,53.81,1,63.0
181893,Gadget Geek,62.81,Technology,85.69,Sunday,Night,84.02,2.0,Neutral,53.17284,1,43.0
184605,Gadget Geek,67.46,Technology,23.29,Sunday,Night,46.27,1.0,Positive,62.06858,1,48.0
184971,Gadget Geek,66.18995963845013,Technology,60.86,Sunday,Night,22.72,2.0,Neutral,50.57131,1,67.0
185696,Gadget Geek,92.68,Technology,89.26,Sunday,Night,15.32,2.0,Neutral,81.60237,1,74.0
189469,Gadget Geek,106.66,Technology,34.85,Sunday,Night,19.26,0.0,Neutral,88.2682,1,73.0
189573,Gadget Geek,112.79,Technology,34.43,Sunday,Night,0.0,1.0,Positive,97.22587,1,9.0
191928,Gadget Geek,111.19,Technology,97.83,Sunday,Night,31.16,0.0,Positive,105.77918,1,54.0
193214,Gadget Geek,61.63,Technology,53.26,Sunday,Night,14.16,3.0,Negative,47.1136,1,78.0
195180,Gadget Geek,30.04,Technology,93.84,Sunday,Night,96.4,0.0,Negative,15.11,1,87.0
195620,Gadget Geek,66.18995963845013,Technology,86.2,Sunday,Night,96.02,3.0,Negative,55.9507,1,55.0
196007,Gadget Geek,92.25,Technology,42.56,Sunday,Night,0.0,0.0,Negative,61.05231,1,20.0
197686,Gadget Geek,80.29,Technology,68.43,Sunday,Night,42.38,2.0,Positive,54.35509,1,85.0
197991,Gadget Geek,56.82,Technology,71.07,Sunday,Night,0.0,0.0,Negative,45.4352,1,49.0
198220,Gadget Geek,76.22,Technology,32.66,Sunday,Night,94.14,2.0,Positive,57.89231,1,10.0
199624,Gadget Geek,80.96,Technology,48.07,Sunday,Night,96.68,0.0,Positive,71.86729,1,35.0
200802,Gadget Geek,95.22,Technology,91.18,Sunday,Night,0.0,1.0,Positive,74.28226,1,22.0
200803,Gadget Geek,92.0,Technology,48.51,Sunday,Night,24.47,1.0,Neutral,66.53254,1,24.0
201099,Gadget Geek,98.26,Technology,81.68,Sunday,Night,80.33,0.0,Positive,65.30498,1,3.0
201915,Gadget Geek,65.09,Technology,79.55,Sunday,Night,79.57,1.0,Positive,56.05702,1,86.0
202297,Gadget Geek,50.47,Technology,65.31,Sunday,Night,69.32,1.0,Positive,24.33375,1,71.0
202632,Gadget Geek,73.0,Technology,96.77,Sunday,Night,88.44,1.0,Neutral,57.45,1,22.0
204008,Gadget Geek,32.4,Technology,20.35,Sunday,Night,74.7,2.0,Positive,18.65837,1,96.0
206029,Gadget Geek,16.98,Technology,64.05,Sunday,Night,96.66,1.0,Positive,2.85719,1,21.0
207647,Gadget Geek,32.4,Technology,20.35,Sunday,Night,74.2,2.0,Positive,18.65837,1,74.0
210133,Gadget Geek,66.18995963845013,Technology,94.27,Sunday,Night,62.36,1.0,Neutral,54.76387,1,72.0
211863,Gadget Geek,24.67,Technology,91.07,Sunday,Night,0.0,2.0,Positive,23.27,1,98.0
213013,Gadget Geek,60.88,Technology,22.66,Sunday,Night,74.88,0.0,Neutral,55.26966,1,52.0
213949,Gadget Geek,109.25,Technology,30.25,Sunday,Night,0.0,0.0,Positive,93.4217,1,87.0
215242,Gadget Geek,81.01,Technology,86.01,Sunday,Night,0.0,1.0,Neutral,70.7485,1,98.0
218160,Gadget Geek,37.53,Technology,78.38,Sunday,Night,23.43,0.0,Positive,33.85916,1,13.0
219635,Gadget Geek,6.47,Technology,90.6,Sunday,Night,0.0,0.0,Neutral,1.39287,1,52.0
220110,Gadget Geek,101.43,Technology,99.12,Sunday,Night,33.48,1.0,Positive,85.81694,1,57.0
220481,Gadget Geek,66.18995963845013,Technology,59.11,Sunday,Night,9.14,0.0,Positive,47.16956,1,5.0
223571,Gadget Geek,66.18995963845013,Technology,26.12,Sunday,Night,65.22,0.0,Neutral,24.9,1,99.0
224431,Gadget Geek,75.22,Technology,43.26,Sunday,Night,0.0,2.0,Positive,53.4801,1,18.0
224863,Gadget Geek,91.47,Technology,80.11,Sunday,Night,11.38,1.0,Negative,57.07666,1,31.0
226875,Gadget Geek,35.63,Technology,68.9,Sunday,Night,23.33,0.0,Neutral,22.80666,1,8.0
226911,Gadget Geek,47.32,Technology,99.34,Sunday,Night,97.65,0.0,Neutral,40.41189,1,2.0
229058,Gadget Geek,26.43,Technology,33.04,Sunday,Night,9.95,2.0,Neutral,23.37885,1,1.0
231014,Gadget Geek,12.52,Technology,56.53,Sunday,Night,92.5,3.0,Neutral,0.64188,1,13.0
233415,Gadget Geek,66.18995963845013,Technology,29.31,Sunday,Night,13.03,1.0,Negative,105.06125,1,59.0
233702,Gadget Geek,90.62,Technology,70.2,Sunday,Night,8.7,2.0,Negative,73.51599,1,7.0
235980,Gadget Geek,64.85,Technology,30.54,Sunday,Night,22.65,1.0,Positive,46.6699,1,69.0
236219,Gadget Geek,89.42,Technology,98.22,Sunday,Night,32.35,2.0,Neutral,70.07352,1,96.0
236245,Gadget Geek,49.4,Technology,49.72,Sunday,Night,83.13,1.0,Negative,24.38732,1,82.0
239940,Gadget Geek,70.21,Technology,82.34,Sunday,Night,0.0,2.0,Neutral,52.80799,1,33.0
240692,Gadget Geek,63.67,Technology,86.16,Sunday,Night,90.68,0.0,Positive,43.45,1,82.0
241512,Gadget Geek,52.96,Technology,26.71,Sunday,Night,97.67,1.0,Negative,31.69236,1,90.0
242418,Gadget Geek,50.02,Technology,21.32,Sunday,Night,0.0,0.0,Negative,44.54965,1,94.0
242704,Gadget Geek,63.67,Technology,96.27,Sunday,Night,86.59,2.0,Negative,43.45,1,90.0
242886,Gadget Geek,66.18995963845013,Technology,93.06,Sunday,Night,71.69,3.0,Negative,27.31,1,49.0
243508,Gadget Geek,66.18995963845013,Technology,30.02,Sunday,Night,46.27,3.0,Neutral,102.22307,1,61.0
243509,Gadget Geek,49.82,Technology,27.02,Sunday,Night,23.08,2.0,Negative,39.47713,1,20.0
246124,Gadget Geek,74.82,Technology,90.87,Sunday,Night,7.68,3.0,Negative,28.82105,1,93.0
246332,Gadget Geek,66.18995963845013,Technology,42.9,Sunday,Night,39.25,0.0,Positive,88.56799,1,41.0
247021,Gadget Geek,36.75,Technology,53.72,Sunday,Night,8.95,2.0,Negative,31.074,1,68.0
247242,Gadget Geek,8.42,Technology,74.74,Sunday,Night,98.63,2.0,Negative,3.43518,1,22.0
248463,Gadget Geek,84.94,Technology,62.11,Sunday,Night,99.51,3.0,Negative,56.15,1,50.0
248713,Gadget Geek,24.02,Technology,36.01,Sunday,Night,1.2,1.0,Positive,8.98,1,31.0
248984,Gadget Geek,80.41,Technology,86.16,Sunday,Night,86.16,2.0,Positive,45.74514,1,49.0
253358,Gadget Geek,50.16,Technology,65.8,Sunday,Night,66.85,1.0,Neutral,24.33375,1,71.0
253479,Gadget Geek,102.18,Technology,88.63,Sunday,Night,17.74,2.0,Positive,101.64877,1,87.0
257804,Gadget Geek,104.71,Technology,55.96,Sunday,Night,16.38,0.0,Positive,94.51693,1,13.0
259653,Gadget Geek,108.93,Technology,28.63,Sunday,Night,14.62,1.0,Positive,100.97187,1,35.0
260423,Gadget Geek,66.18995963845013,Technology,51.95,Sunday,Night,51.58,1.0,Negative,31.31213,1,50.0
261931,Gadget Geek,40.08,Technology,42.09,Sunday,Night,10.85,1.0,Positive,27.23568,1,59.0
264224,Gadget Geek,30.14,Technology,64.02,Sunday,Night,80.47,1.0,Neutral,25.60238,1,49.0
266105,Gadget Geek,66.18995963845013,Technology,51.95,Sunday,Night,0.0,3.0,Positive,5.8821,1,45.0
269792,Gadget Geek,41.81,Technology,46.9,Sunday,Night,78.78,0.0,Positive,32.65169,1,34.0
272218,Gadget Geek,50.29,Technology,21.18,Sunday,Night,88.87,0.0,Negative,29.6,1,65.0
273479,Gadget Geek,66.18995963845013,Technology,28.09,Sunday,Night,0.0,1.0,Negative,5.5,1,52.0
274345,Gadget Geek,13.79,Technology,25.26,Sunday,Night,41.06,2.0,Neutral,10.2031,1,64.0
274649,Gadget Geek,39.19,Technology,29.19,Sunday,Night,27.4,3.0,Positive,29.4696,1,40.0
282254,Gadget Geek,47.26,Technology,26.72,Sunday,Night,35.79,3.0,Neutral,44.56,1,18.0
282715,Gadget Geek,111.24,Technology,22.02,Sunday,Night,13.67,2.0,Positive,93.44696,1,11.0
284527,Gadget Geek,83.13,Technology,69.41,Sunday,Night,82.48,0.0,Negative,57.2615,1,75.0
286630,Gadget Geek,62.43,Technology,74.99,Sunday,Night,81.62,0.0,Positive,34.36199,1,82.0
286741,Gadget Geek,30.69,Technology,98.11,Sunday,Night,10.77,0.0,Negative,22.85306,1,56.0
286873,Gadget Geek,66.18995963845013,Technology,72.72,Sunday,Night,12.34,1.0,Neutral,35.59956,1,58.0
287084,Gadget Geek,90.44,Technology,33.23,Sunday,Night,12.83,0.0,Neutral,83.0985,1,83.0
287139,Gadget Geek,87.79,Technology,64.23,Sunday,Night,26.79,1.0,Positive,65.07373,1,55.0
288613,Gadget Geek,71.63,Technology,36.41,Sunday,Night,42.58,3.0,Negative,43.46247,1,7.0
289174,Gadget Geek,66.18995963845013,Technology,75.48,Sunday,Night,88.04,3.0,Positive,42.54311,1,9.0
292568,Gadget Geek,7.78,Technology,34.47,Sunday,Night,71.24,1.0,Positive,2.57726,1,55.0
293532,Gadget Geek,82.86,Technology,73.92,Sunday,Night,66.8,0.0,Negative,49.39741,1,97.0
294801,Gadget Geek,71.29,Technology,72.87,Sunday,Night,23.49,0.0,Neutral,47.50707,1,90.0
296629,Gadget Geek,38.77,Technology,86.55,Sunday,Night,0.0,3.0,Positive,17.76,1,29.0
297515,Gadget Geek,119.88,Technology,85.56,Sunday,Night,27.6,1.0,Negative,94.16344,1,94.0
297874,Gadget Geek,15.66,Technology,80.48,Sunday,Night,4.2,0.0,Positive,13.43,1,38.0
298234,Gadget Geek,73.61,Technology,48.97,Sunday,Night,0.0,1.0,Positive,60.89597,1,85.0
299629,Gadget Geek,100.32,Technology,78.94,Sunday,Night,86.42,1.0,Neutral,67.88444,1,42.0
300295,Gadget Geek,27.83,Technology,34.17,Sunday,Night,32.06,3.0,Neutral,26.75164,1,69.0
300620,Gadget Geek,26.49,Technology,49.81,Sunday,Night,40.49,0.0,Negative,20.35233,1,47.0
300885,Gadget Geek,90.67,Technology,49.94,Sunday,Night,43.97,2.0,Positive,80.65309,1,99.0
301146,Gadget Geek,53.2,Technology,66.22,Sunday,Night,85.42,0.0,Positive,44.04233,1,83.0
302653,Gadget Geek,23.16,Technology,72.97,Sunday,Night,21.81,3.0,Negative,10.8,1,67.0
304220,Gadget Geek,65.55,Technology,78.39,Sunday,Night,55.12,1.0,Negative,46.35,1,59.0
305455,Gadget Geek,33.32,Technology,35.15,Sunday,Night,69.32,3.0,Neutral,13.8,1,89.0
305689,Gadget Geek,22.74,Technology,35.15,Sunday,Night,7.12,0.0,Positive,19.06484,1,62.0
306165,Gadget Geek,110.37,Technology,81.92,Sunday,Night,0.0,1.0,Negative,84.60907,1,89.0
306929,Gadget Geek,103.27,Technology,90.78,Sunday,Night,22.27,0.0,Neutral,62.14355,1,38.0
311443,Gadget Geek,90.93,Technology,50.73,Sunday,Night,3.59,3.0,Neutral,66.5375,1,5.0
311530,Gadget Geek,41.4,Technology,62.61,Sunday,Night,41.24,2.0,Negative,37.6293,1,63.0
311539,Gadget Geek,97.78,Technology,64.56,Sunday,Night,96.67,2.0,Negative,57.752,1,32.0
311611,Gadget Geek,115.41,Technology,29.31,Sunday,Night,82.3,1.0,Positive,67.43167,1,71.0
313663,Gadget Geek,114.33,Technology,83.9,Sunday,Night,0.0,3.0,Neutral,55.57104,1,96.0
314199,Gadget Geek,43.37,Technology,58.4,Sunday,Night,78.69,3.0,Positive,25.03805,1,93.0
315364,Gadget Geek,82.83,Technology,65.65,Sunday,Night,1.99,1.0,Neutral,54.65714,1,93.0
316893,Gadget Geek,95.61,Technology,86.43,Sunday,Night,0.0,1.0,Positive,63.50997,1,77.0
318732,Gadget Geek,16.83,Technology,28.57,Sunday,Night,0.0,0.0,Neutral,12.53051,1,75.0
319052,Gadget Geek,54.38,Technology,76.31,Sunday,Night,74.15,3.0,Neutral,39.71693,1,7.0
320108,Gadget Geek,116.71,Technology,40.46,Sunday,Night,0.0,0.0,Neutral,100.96806,1,36.0
321974,Gadget Geek,27.41,Technology,78.83,Sunday,Night,86.88,0.0,Neutral,24.80987,1,78.0
323132,Gadget Geek,66.18995963845013,Technology,48.78,Sunday,Night,88.83,1.0,Negative,50.8466,1,24.0
324239,Gadget Geek,56.2,Technology,29.7,Sunday,Night,44.31,3.0,Neutral,34.1507,1,29.0
324873,Gadget Geek,117.03,Technology,24.33,Sunday,Night,0.0,3.0,Positive,65.47608,1,30.0
324905,Gadget Geek,66.18995963845013,Technology,50.24,Sunday,Night,0.0,0.0,Neutral,34.02516,1,54.0
326351,Gadget Geek,119.37,Technology,32.07,Sunday,Night,63.0,0.0,Positive,89.32721,1,46.0
328353,Gadget Geek,37.28,Technology,31.78,Sunday,Night,78.86,1.0,Positive,35.75778,1,48.0
331592,Gadget Geek,98.96,Technology,73.39,Sunday,Night,0.0,3.0,Neutral,51.16,1,68.0
332119,Gadget Geek,36.1,Technology,71.54,Sunday,Night,78.96,2.0,Positive,32.75543,1,42.0
333766,Gadget Geek,41.87,Technology,92.12,Sunday,Night,71.32,2.0,Negative,29.05724,1,8.0
335237,Gadget Geek,31.4,Technology,51.63,Sunday,Night,66.27,0.0,Negative,21.25017,1,8.0
335503,Gadget Geek,47.85,Technology,51.5,Sunday,Night,95.34,3.0,Neutral,24.27063,1,77.0
337632,Gadget Geek,66.18995963845013,Technology,33.9,Sunday,Night,0.0,3.0,Neutral,55.7455,1,89.0
339449,Gadget Geek,28.63,Technology,28.23,Sunday,Night,0.0,2.0,Neutral,20.709,1,33.0
341624,Gadget Geek,98.0,Technology,62.4,Sunday,Night,0.0,1.0,Positive,92.46508,1,23.0
342473,Gadget Geek,19.71,Technology,46.38,Sunday,Night,92.02,1.0,Negative,12.09805,1,70.0
342908,Gadget Geek,66.15,Technology,74.7,Sunday,Night,10.88,0.0,Neutral,53.57881,1,88.0
343422,Gadget Geek,31.22,Technology,81.41,Sunday,Night,66.76,3.0,Negative,13.04804,1,78.0
345118,Gadget Geek,65.61,Technology,33.19,Sunday,Night,82.82,2.0,Negative,44.25204,1,70.0
346472,Gadget Geek,17.83,Technology,44.47,Sunday,Night,72.11,1.0,Neutral,14.68513,1,72.0
348890,Gadget Geek,91.16,Technology,31.91,Sunday,Night,58.94,2.0,Positive,64.59591,1,61.0
349185,Gadget Geek,39.92,Technology,38.6,Sunday,Night,43.99,1.0,Negative,26.45,1,7.0
351432,Gadget Geek,102.26,Technology,89.29,Sunday,Night,47.71,3.0,Neutral,80.66587,1,67.0
352274,Gadget Geek,32.1,Technology,93.0,Sunday,Night,26.19,1.0,Positive,17.68679,1,33.0
353475,Gadget Geek,102.6,Technology,84.11,Sunday,Night,83.31,0.0,Positive,93.56386,1,78.0
355045,Gadget Geek,47.33,Technology,97.34,Sunday,Night,97.65,0.0,Neutral,40.41189,1,2.0
355119,Gadget Geek,16.68,Technology,32.34,Sunday,Night,48.49,2.0,Positive,15.04965,1,54.0
355496,Gadget Geek,25.65,Technology,94.31,Sunday,Night,20.64,1.0,Positive,10.12,1,43.0
356012,Gadget Geek,96.4,Technology,85.6,Sunday,Night,0.0,2.0,Negative,95.80277,1,72.0
356199,Gadget Geek,26.97,Technology,82.63,Sunday,Night,0.0,0.0,Positive,12.3,1,82.0
356536,Gadget Geek,103.03,Technology,84.25,Sunday,Night,0.0,0.0,Positive,63.61276,1,45.0
358143,Gadget Geek,58.3,Technology,89.15,Sunday,Night,4.31,2.0,Neutral,14.6763,1,78.0
359058,Gadget Geek,66.18995963845013,Technology,42.58,Sunday,Night,67.53,3.0,Negative,42.73574,1,47.0
359887,Gadget Geek,62.83,Technology,75.87,Sunday,Night,25.94,2.0,Negative,47.4009,1,87.0
361252,Gadget Geek,16.29,Technology,33.54,Sunday,Night,2.81,0.0,Positive,8.98534,1,84.0
361299,Gadget Geek,75.3,Technology,69.27,Sunday,Night,58.75,0.0,Neutral,68.66088,1,2.0
361565,Gadget Geek,119.96,Technology,85.59,Sunday,Night,87.3,2.0,Negative,95.1041,1,3.0
361698,Gadget Geek,77.55,Technology,22.2,Sunday,Night,9.97,2.0,Neutral,61.7758,1,88.0
366380,Gadget Geek,57.57,Technology,24.29,Sunday,Night,97.55,0.0,Neutral,47.92458,1,70.0
366384,Gadget Geek,90.35,Technology,30.4,Sunday,Night,0.0,1.0,Negative,48.94127,1,88.0
369642,Gadget Geek,73.0,Technology,86.52,Sunday,Night,89.68,0.0,Negative,43.45,1,90.0
370992,Gadget Geek,27.31,Technology,97.93,Sunday,Night,0.0,2.0,Negative,23.16,1,96.0
371779,Gadget Geek,111.06,Technology,51.33,Sunday,Night,23.72,0.0,Negative,62.06858,1,58.0
372204,Gadget Geek,30.16,Technology,58.77,Sunday,Night,69.34,3.0,Negative,18.97373,1,75.0
372874,Gadget Geek,74.11,Technology,60.29,Sunday,Night,9.98,0.0,Negative,51.02007,1,46.0
373162,Gadget Geek,26.92,Technology,90.31,Sunday,Night,0.0,1.0,Negative,10.93,1,87.0
374653,Gadget Geek,66.18995963845013,Technology,59.56,Sunday,Night,35.24,1.0,Neutral,76.11915,1,25.0
374943,Gadget Geek,55.11,Technology,28.16,Sunday,Night,83.16,0.0,Positive,41.59738,1,57.0
376214,Gadget Geek,112.77,Technology,57.72,Sunday,Night,57.6,0.0,Positive,60.05743,1,62.0
376992,Gadget Geek,107.02,Technology,27.29,Sunday,Night,47.22,1.0,Neutral,91.6423,1,3.0
378492,Gadget Geek,63.67,Technology,86.68,Sunday,Night,94.52,0.0,Negative,43.45,1,80.0
379979,Gadget Geek,41.4,Technology,63.43,Sunday,Night,41.98,2.0,Negative,37.6293,1,63.0
383407,Gadget Geek,104.4,Technology,93.24,Sunday,Night,0.0,3.0,Neutral,83.60612,1,36.0
383895,Gadget Geek,94.15,Technology,23.58,Sunday,Night,60.64,3.0,Negative,82.83077,1,41.0
385160,Gadget Geek,14.38,Technology,40.26,Sunday,Night,93.31,1.0,Neutral,10.26137,1,77.0
389324,Gadget Geek,20.66,Technology,26.27,Sunday,Night,0.0,2.0,Negative,9.98,1,79.0
389384,Gadget Geek,47.33,Technology,99.95,Sunday,Night,97.65,0.0,Neutral,40.41189,1,2.0
390960,Gadget Geek,30.69,Technology,73.72,Sunday,Night,99.66,3.0,Positive,10.14,1,62.0
394551,Gadget Geek,87.71,Technology,66.57,Sunday,Night,58.94,3.0,Neutral,62.59667,1,68.0
394555,Gadget Geek,29.85,Technology,91.83,Sunday,Night,60.47,3.0,Positive,27.84212,1,51.0
396399,Gadget Geek,39.67,Technology,56.33,Sunday,Night,76.71,3.0,Negative,28.75,1,75.0
397224,Gadget Geek,28.36,Technology,71.91,Sunday,Night,43.44,3.0,Negative,7.47297,1,26.0
398326,Gadget Geek,52.64,Technology,39.95,Sunday,Night,3.84,3.0,Neutral,31.69236,1,11.0
399420,Gadget Geek,26.82,Technology,28.2,Sunday,Night,14.21,2.0,Neutral,23.00321,1,29.0
401670,Gadget Geek,101.52,Technology,79.09,Sunday,Night,70.95,1.0,Positive,72.88405,1,97.0
402878,Gadget Geek,66.18995963845013,Technology,21.99,Sunday,Night,21.11,1.0,Positive,15.8,1,3.0
403130,Gadget Geek,38.77,Technology,77.44,Sunday,Night,0.0,2.0,Neutral,31.72259,1,95.0
405443,Gadget Geek,87.24,Technology,27.61,Sunday,Night,87.62,1.0,Positive,43.24983,1,65.0
409619,Gadget Geek,47.46,Technology,99.34,Sunday,Night,97.65,0.0,Neutral,40.41189,1,2.0
411924,Gadget Geek,40.73,Technology,82.93,Sunday,Night,71.19,0.0,Neutral,30.16995,1,75.0
412275,Gadget Geek,112.56,Technology,23.52,Sunday,Night,60.71,2.0,Neutral,83.9245,1,78.0
413384,Gadget Geek,22.48,Technology,95.63,Sunday,Night,33.23,3.0,Neutral,19.22314,1,97.0
414623,Gadget Geek,66.18995963845013,Technology,54.02,Sunday,Night,0.0,1.0,Negative,46.91993,1,15.0
414694,Gadget Geek,68.04,Technology,65.61,Sunday,Night,0.0,3.0,Positive,59.34,1,65.0
418150,Gadget Geek,65.55,Technology,86.12,Sunday,Night,55.59,2.0,Positive,46.35,1,83.0
418355,Gadget Geek,82.41,Technology,84.83,Sunday,Night,0.0,2.0,Negative,57.7029,1,96.0
424350,Gadget Geek,78.83,Technology,58.68,Sunday,Night,0.0,1.0,Negative,63.96,1,46.0
424363,Gadget Geek,74.77,Technology,91.84,Sunday,Night,0.0,3.0,Positive,57.7029,1,24.0
425974,Gadget Geek,66.18995963845013,Technology,71.82,Sunday,Night,50.09,3.0,Positive,9.22998,1,65.0
427862,Gadget Geek,66.18995963845013,Technology,97.19,Sunday,Night,9.03,1.0,Negative,46.31545,1,53.0
427864,Gadget Geek,62.72,Technology,59.66,Sunday,Night,75.32,1.0,Neutral,28.76115,1,82.0
428675,Gadget Geek,88.55,Technology,20.31,Sunday,Night,0.0,0.0,Negative,80.44547,1,69.0
430257,Gadget Geek,95.83,Technology,61.13,Sunday,Night,41.58,0.0,Negative,51.77472,1,63.0
430783,Gadget Geek,46.49,Technology,37.39,Sunday,Night,53.95,2.0,Positive,45.58984,1,18.0
432944,Gadget Geek,17.42,Technology,67.53,Sunday,Night,36.81,2.0,Positive,8.05604,1,73.0
434052,Gadget Geek,66.18995963845013,Technology,55.25,Sunday,Night,90.72,2.0,Negative,15.27899,1,60.0
434065,Gadget Geek,66.18995963845013,Technology,80.61,Sunday,Night,70.13,2.0,Negative,42.56716,1,98.0
435584,Gadget Geek,62.81,Technology,65.99,Sunday,Night,84.0,0.0,Neutral,53.17284,1,43.0
435708,Gadget Geek,55.12,Technology,37.39,Sunday,Night,20.06,0.0,Neutral,47.12082,1,53.0
436568,Gadget Geek,77.55,Technology,22.17,Sunday,Night,93.62,3.0,Positive,56.97599,1,50.0
441688,Gadget Geek,84.6,Technology,37.85,Sunday,Night,3.11,0.0,Neutral,61.63166,1,83.0
442729,Gadget Geek,16.89,Technology,27.14,Sunday,Night,90.36,3.0,Neutral,5.95364,1,11.0
444709,Gadget Geek,11.35,Technology,26.37,Sunday,Night,51.26,2.0,Positive,10.2031,1,64.0
444957,Gadget Geek,18.91,Technology,61.44,Sunday,Night,44.88,3.0,Negative,18.66085,1,31.0
445367,Gadget Geek,97.7,Technology,33.29,Sunday,Night,97.7,0.0,Positive,51.58743,1,15.0
445759,Gadget Geek,16.35,Technology,94.82,Sunday,Night,63.05,2.0,Negative,11.91,1,58.0
445851,Gadget Geek,66.18995963845013,Technology,49.08,Sunday,Night,93.29,0.0,Negative,50.78,1,34.0
447084,Gadget Geek,34.35,Technology,89.44,Sunday,Night,75.31,1.0,Positive,33.04,1,96.0
447956,Gadget Geek,78.75,Technology,64.37,Sunday,Night,19.39,0.0,Negative,56.22688,1,32.0
451346,Gadget Geek,115.27,Technology,29.61,Sunday,Night,23.37,0.0,Neutral,80.59999,1,39.0
452669,Gadget Geek,19.6,Technology,86.26,Sunday,Night,95.23,2.0,Neutral,12.99235,1,6.0
453085,Gadget Geek,27.31,Technology,99.28,Sunday,Night,24.97,1.0,Negative,12.9,1,58.0
453337,Gadget Geek,72.83,Technology,34.16,Sunday,Night,0.0,2.0,Negative,56.417,1,70.0
455217,Gadget Geek,53.07,Technology,63.7,Sunday,Night,13.8,1.0,Negative,35.30512,1,1.0
455248,Gadget Geek,38.82,Technology,29.7,Sunday,Night,0.0,3.0,Neutral,19.78,1,81.0
456203,Gadget Geek,67.28,Technology,65.81,Sunday,Night,0.0,0.0,Positive,35.15528,1,64.0
457929,Gadget Geek,37.53,Technology,81.94,Sunday,Night,17.26,1.0,Negative,19.7308,1,83.0
458647,Gadget Geek,117.53,Technology,51.34,Sunday,Night,60.46,0.0,Neutral,98.06817,1,49.0
462696,Gadget Geek,114.03,Technology,77.08,Sunday,Night,0.0,2.0,Negative,52.70459,1,10.0
465284,Gadget Geek,63.52,Technology,71.98,Sunday,Night,71.94,0.0,Neutral,57.5738,1,85.0
465380,Gadget Geek,22.0,Technology,33.04,Sunday,Night,40.67,0.0,Negative,22.0,1,38.0
466611,Gadget Geek,84.69,Technology,78.72,Sunday,Night,14.53,0.0,Positive,55.43,1,32.0
472379,Gadget Geek,45.03,Technology,49.75,Sunday,Night,2.82,0.0,Positive,35.17604,1,91.0
473260,Gadget Geek,116.83,Technology,87.59,Sunday,Night,17.6,1.0,Negative,100.9,1,33.0
475816,Gadget Geek,8.84,Technology,47.64,Sunday,Night,0.0,0.0,Positive,2.42981,1,58.0
478403,Gadget Geek,37.73,Technology,60.44,Sunday,Night,41.91,1.0,Neutral,15.77223,1,92.0
479470,Gadget Geek,44.26,Technology,73.26,Sunday,Night,0.0,3.0,Positive,35.54243,1,53.0
480501,Gadget Geek,105.84,Technology,85.7,Sunday,Night,48.54,0.0,Positive,77.10927,1,37.0
482091,Gadget Geek,114.79,Technology,29.09,Sunday,Night,0.0,3.0,Negative,79.87909,1,26.0
482988,Gadget Geek,43.96,Technology,88.67,Sunday,Night,0.0,0.0,Negative,41.71922,1,13.0
484402,Gadget Geek,109.72,Technology,81.04,Sunday,Night,17.14,1.0,Negative,98.1883,1,18.0
484955,Gadget Geek,105.85,Technology,97.08,Sunday,Night,31.19,2.0,Positive,104.90999,1,74.0
485511,Gadget Geek,62.14,Technology,59.66,Sunday,Night,71.85,1.0,Neutral,28.76115,1,82.0
485967,Gadget Geek,100.63,Technology,92.27,Sunday,Night,22.26,3.0,Neutral,59.02625,1,71.0
486117,Gadget Geek,40.66,Technology,58.94,Sunday,Night,73.35,1.0,Negative,35.07,1,68.0
486174,Gadget Geek,97.81,Technology,39.78,Sunday,Night,8.3,3.0,Neutral,73.81018,1,99.0
487298,Gadget Geek,96.34,Technology,85.73,Sunday,Night,4.91,3.0,Negative,47.4009,1,99.0
487399,Gadget Geek,75.78,Technology,70.52,Sunday,Night,0.0,1.0,Positive,62.63996,1,47.0
487836,Gadget Geek,30.97,Technology,91.68,Sunday,Night,99.06,1.0,Positive,13.46,1,72.0
488292,Gadget Geek,26.65,Technology,34.62,Sunday,Night,94.19,2.0,Negative,15.81694,1,52.0
489922,Gadget Geek,63.01,Technology,88.31,Sunday,Night,31.31,2.0,Positive,34.06527,1,52.0
491588,Gadget Geek,37.65,Technology,82.63,Sunday,Night,0.0,1.0,Neutral,12.3,1,82.0
492410,Gadget Geek,66.18995963845013,Technology,78.43,Sunday,Night,88.64,1.0,Neutral,10.0,1,22.0
493090,Gadget Geek,102.5,Technology,59.27,Sunday,Night,40.44,0.0,Positive,94.33277,1,87.0
494486,Gadget Geek,44.61,Technology,78.2,Sunday,Night,41.29,0.0,Negative,37.96097,1,57.0
495970,Gadget Geek,102.88,Technology,74.79,Sunday,Night,99.77,3.0,Neutral,59.0756,1,17.0
496118,Gadget Geek,50.16,Technology,65.8,Sunday,Night,66.62,1.0,Neutral,24.33375,1,71.0
498205,Gadget Geek,111.12,Technology,61.58,Sunday,Night,70.75,2.0,Positive,66.52,1,86.0
498584,Gadget Geek,69.03,Technology,91.11,Sunday,Night,47.54,1.0,Negative,47.38987,1,40.0
499169,Gadget Geek,66.18995963845013,Technology,48.9,Sunday,Night,0.0,0.0,Positive,21.70958,1,59.0
499209,Gadget Geek,39.69,Technology,33.87,Sunday,Night,63.59,1.0,Positive,26.9,1,33.0
501192,Gadget Geek,46.85,Technology,67.22,Sunday,Night,37.53,0.0,Negative,32.54527,1,16.0
501195,Gadget Geek,66.18995963845013,Technology,39.83,Sunday,Night,86.09,3.0,Negative,50.8,1,20.0
502205,Gadget Geek,54.32,Technology,74.04,Sunday,Night,33.49,1.0,Neutral,18.1249,1,96.0
502706,Gadget Geek,103.8,Technology,93.8,Sunday,Night,42.87,0.0,Neutral,93.7514,1,18.0
503207,Gadget Geek,104.44,Technology,80.55,Sunday,Night,4.09,0.0,Negative,71.07711,1,79.0
503376,Gadget Geek,56.93,Technology,34.94,Sunday,Night,73.15,0.0,Neutral,42.14473,1,59.0
503470,Gadget Geek,115.67,Technology,26.68,Sunday,Night,60.05,3.0,Positive,71.67,1,31.0
503796,Gadget Geek,66.18995963845013,Technology,49.31,Sunday,Night,87.38,3.0,Positive,47.60015,1,87.0
506590,Gadget Geek,67.56,Technology,51.63,Sunday,Night,23.72,0.0,Positive,62.06858,1,58.0
506974,Gadget Geek,107.08,Technology,57.03,Sunday,Night,56.88,1.0,Negative,88.33537,1,6.0
507613,Gadget Geek,95.91,Technology,93.82,Sunday,Night,0.0,2.0,Negative,74.28734,1,18.0
507752,Gadget Geek,65.34,Technology,62.59,Sunday,Night,61.4,1.0,Neutral,39.31942,1,19.0
509529,Gadget Geek,82.32,Technology,43.05,Sunday,Night,45.08,0.0,Neutral,68.7431,1,8.0
510235,Gadget Geek,116.82,Technology,87.19,Sunday,Night,0.0,1.0,Positive,113.32,1,64.0
510597,Gadget Geek,60.71,Technology,31.41,Sunday,Night,67.03,2.0,Positive,45.44103,1,77.0
511199,Gadget Geek,90.54,Technology,27.72,Sunday,Night,24.39,1.0,Neutral,67.9677,1,72.0
512104,Gadget Geek,41.66,Technology,50.96,Sunday,Night,23.27,2.0,Negative,28.19488,1,64.0
512668,Gadget Geek,36.61,Technology,82.63,Sunday,Night,0.0,1.0,Positive,12.3,1,82.0
514378,Gadget Geek,66.18995963845013,Technology,86.62,Sunday,Night,44.99,0.0,Neutral,57.85684,1,66.0
515985,Gadget Geek,119.11,Technology,26.19,Sunday,Night,29.86,1.0,Negative,76.31453,1,35.0
519215,Gadget Geek,82.16,Technology,57.25,Sunday,Night,0.0,1.0,Negative,50.40928,1,45.0
520149,Gadget Geek,84.42,Technology,96.29,Sunday,Night,88.02,3.0,Negative,74.3,1,69.0
520599,Gadget Geek,67.17,Technology,52.39,Sunday,Night,41.25,1.0,Neutral,39.31942,1,36.0
521205,Gadget Geek,105.0,Technology,89.1,Sunday,Night,41.1,3.0,Neutral,65.7996,1,61.0
521651,Gadget Geek,91.84,Technology,46.85,Sunday,Night,71.06,1.0,Neutral,44.57472,1,8.0
522334,Gadget Geek,73.42,Technology,82.03,Sunday,Night,0.0,0.0,Positive,72.62902,1,67.0
523243,Gadget Geek,95.53,Technology,63.77,Sunday,Night,87.64,3.0,Positive,89.85494,1,49.0
524693,Gadget Geek,114.26,Technology,44.17,Sunday,Night,97.49,0.0,Neutral,84.61139,1,51.0
525066,Gadget Geek,66.18995963845013,Technology,38.45,Sunday,Night,70.51,1.0,Positive,30.91553,1,19.0
525234,Gadget Geek,66.18995963845013,Technology,93.89,Sunday,Night,0.0,0.0,Neutral,46.21757,1,75.0
526667,Gadget Geek,19.53,Technology,44.35,Sunday,Night,23.42,0.0,Positive,5.92876,1,20.0
529272,Gadget Geek,26.8,Technology,30.88,Sunday,Night,54.59,1.0,Positive,11.43,1,47.0
529521,Gadget Geek,85.58,Technology,89.45,Sunday,Night,17.86,2.0,Negative,50.12192,1,77.0
530426,Gadget Geek,97.96,Technology,56.79,Sunday,Night,54.15,1.0,Negative,49.16,1,68.0
530741,Gadget Geek,38.92,Technology,92.13,Sunday,Night,19.56,1.0,Positive,34.12998,1,36.0
531264,Gadget Geek,119.63,Technology,86.88,Sunday,Night,15.62,3.0,Neutral,57.90958,1,29.0
531531,Gadget Geek,30.25,Technology,69.36,Sunday,Night,86.88,3.0,Positive,25.59,1,7.0
531824,Gadget Geek,66.18995963845013,Technology,20.62,Sunday,Night,24.38,3.0,Negative,82.27707,1,77.0
531902,Gadget Geek,83.76,Technology,71.79,Sunday,Night,94.1,2.0,Neutral,64.627,1,32.0
531996,Gadget Geek,108.25,Technology,50.69,Sunday,Night,0.0,1.0,Positive,67.66813,1,15.0
532473,Gadget Geek,92.06,Technology,40.14,Sunday,Night,48.07,1.0,Neutral,71.40728,1,56.0
533785,Gadget Geek,115.37,Technology,40.96,Sunday,Night,0.0,0.0,Negative,92.46508,1,36.0
534690,Gadget Geek,9.51,Technology,82.49,Sunday,Night,0.0,3.0,Neutral,2.47654,1,40.0
535683,Gadget Geek,66.64,Technology,47.68,Sunday,Night,69.61,3.0,Neutral,54.96343,1,76.0
538033,Gadget Geek,112.58,Technology,47.29,Sunday,Night,54.16,1.0,Neutral,109.31,1,31.0
539557,Gadget Geek,64.39,Technology,36.66,Sunday,Night,95.38,1.0,Neutral,38.90906,1,23.0
541154,Gadget Geek,116.79,Technology,32.38,Sunday,Night,48.35,3.0,Neutral,113.16087,1,96.0
541205,Gadget Geek,66.18995963845013,Technology,48.3,Sunday,Night,0.0,0.0,Positive,21.70958,1,71.0
541694,Gadget Geek,66.18995963845013,Technology,67.67,Sunday,Night,21.47,2.0,Negative,45.10938,1,18.0
544027,Gadget Geek,103.84,Technology,93.94,Sunday,Night,34.05,2.0,Negative,63.21215,1,85.0
545166,Gadget Geek,66.18995963845013,Technology,58.67,Sunday,Night,0.0,3.0,Negative,51.61768,1,57.0
549835,Gadget Geek,94.07,Technology,77.54,Sunday,Night,0.0,3.0,Positive,48.19455,1,34.0
551842,Gadget Geek,85.77,Technology,57.06,Sunday,Night,97.79,0.0,Neutral,51.43397,1,88.0
552910,Gadget Geek,115.37,Technology,47.37,Sunday,Night,18.48,3.0,Neutral,68.96197,1,55.0
553150,Gadget Geek,30.87,Technology,70.73,Sunday,Night,1.08,0.0,Positive,10.66452,1,29.0
553764,Gadget Geek,86.42,Technology,86.21,Sunday,Night,33.69,0.0,Positive,62.68054,1,33.0
555576,Gadget Geek,112.07,Technology,50.4,Sunday,Night,95.74,1.0,Neutral,84.24898,1,45.0
556958,Gadget Geek,32.42,Technology,68.13,Sunday,Night,76.41,3.0,Positive,19.69489,1,82.0
557447,Gadget Geek,102.67,Technology,67.82,Sunday,Night,17.94,0.0,Positive,101.64877,1,87.0
557806,Gadget Geek,7.94,Technology,76.55,Sunday,Night,62.72,0.0,Negative,3.78933,1,67.0
559112,Gadget Geek,100.43,Technology,26.81,Sunday,Night,1.49,2.0,Positive,74.37227,1,22.0
560813,Gadget Geek,115.39,Technology,91.89,Sunday,Night,18.67,1.0,Positive,106.55759,1,12.0
561457,Gadget Geek,66.18995963845013,Technology,24.5,Sunday,Night,42.83,3.0,Negative,53.93277,1,73.0
561746,Gadget Geek,89.77,Technology,57.96,Sunday,Night,63.32,0.0,Negative,46.96052,1,7.0
562777,Gadget Geek,82.51,Technology,48.27,Sunday,Night,0.0,1.0,Positive,62.26187,1,34.0
562825,Gadget Geek,98.29,Technology,42.78,Sunday,Night,27.02,1.0,Positive,62.66383,1,42.0
563329,Gadget Geek,7.15,Technology,83.81,Sunday,Night,35.3,1.0,Negative,0.0,1,4.0
563455,Gadget Geek,86.59,Technology,25.88,Sunday,Night,69.15,1.0,Negative,54.76772,1,64.0
564272,Gadget Geek,89.04,Technology,67.73,Sunday,Night,89.97,1.0,Positive,64.81158,1,7.0
564795,Gadget Geek,47.08,Technology,56.43,Sunday,Night,71.08,0.0,Positive,41.73811,1,24.0
566958,Gadget Geek,113.04,Technology,56.29,Sunday,Night,91.71,3.0,Negative,92.2667,1,28.0
567215,Gadget Geek,66.18995963845013,Technology,68.09,Sunday,Night,0.0,2.0,Positive,33.16402,1,69.0
567218,Gadget Geek,62.14,Technology,48.09,Sunday,Night,54.52,3.0,Neutral,31.51783,1,35.0
570265,Gadget Geek,73.71,Technology,31.78,Sunday,Night,54.48,0.0,Positive,50.64085,1,64.0
571112,Gadget Geek,118.51,Technology,55.63,Sunday,Night,0.0,0.0,Negative,98.94236,1,11.0
571913,Gadget Geek,29.94,Technology,93.85,Sunday,Night,80.24,3.0,Positive,27.84212,1,51.0
571964,Gadget Geek,32.91,Technology,94.99,Sunday,Night,23.23,3.0,Neutral,14.67,1,100.0
574524,Gadget Geek,95.47,Technology,40.86,Sunday,Night,95.26,0.0,Negative,92.46508,1,90.0
574545,Gadget Geek,16.56,Technology,58.31,Sunday,Night,0.45,0.0,Negative,6.97082,1,53.0
575427,Gadget Geek,24.71,Technology,98.58,Sunday,Night,66.59,2.0,Neutral,16.14303,1,81.0
576591,Gadget Geek,55.84,Technology,97.31,Sunday,Night,97.34,1.0,Negative,40.55897,1,4.0
579092,Gadget Geek,29.26,Technology,71.26,Sunday,Night,82.35,0.0,Positive,18.658,1,96.0
581192,Gadget Geek,112.96,Technology,24.44,Sunday,Night,72.79,1.0,Negative,94.9162,1,74.0
586308,Gadget Geek,111.05,Technology,98.74,Sunday,Night,27.02,0.0,Positive,108.88772,1,21.0
587372,Gadget Geek,109.83,Technology,89.62,Sunday,Night,78.84,1.0,Positive,91.65537,1,54.0
589388,Gadget Geek,35.17,Technology,66.26,Sunday,Night,35.55,3.0,Neutral,17.36266,1,6.0
589801,Gadget Geek,100.43,Technology,41.05,Sunday,Night,57.7,0.0,Positive,67.506,1,76.0
589940,Gadget Geek,62.33,Technology,95.8,Sunday,Night,78.61,1.0,Neutral,40.68353,1,90.0
590085,Gadget Geek,112.55,Technology,26.08,Sunday,Night,75.54,1.0,Neutral,62.26263,1,72.0
591115,Gadget Geek,50.4,Technology,40.44,Sunday,Night,66.23,1.0,Negative,24.33375,1,74.0
592816,Gadget Geek,108.42,Technology,81.91,Sunday,Night,47.95,2.0,Positive,73.38691,1,32.0
594764,Gadget Geek,98.29,Technology,47.65,Sunday,Night,78.34,1.0,Neutral,76.68275,1,11.0
594986,Gadget Geek,76.82,Technology,97.0,Sunday,Night,0.0,3.0,Negative,52.92733,1,69.0
595090,Gadget Geek,61.44,Technology,93.59,Sunday,Night,86.68,2.0,Neutral,42.45,1,82.0
597333,Gadget Geek,110.04,Technology,66.04,Sunday,Night,4.03,0.0,Negative,63.79118,1,89.0
599172,Gadget Geek,37.12,Technology,56.95,Sunday,Night,15.41,1.0,Positive,36.31483,1,78.0
599700,Gadget Geek,96.99,Technology,29.25,Sunday,Night,32.86,0.0,Negative,85.59921,1,70.0
600782,Gadget Geek,98.43,Technology,95.32,Sunday,Night,0.0,0.0,Neutral,77.7745,1,36.0
600806,Gadget Geek,73.15,Technology,25.24,Sunday,Night,41.11,3.0,Positive,31.78227,1,72.0
601410,Gadget Geek,108.64,Technology,41.91,Sunday,Night,0.0,2.0,Neutral,101.17207,1,80.0
601560,Gadget Geek,79.5,Technology,36.33,Sunday,Night,59.72,3.0,Negative,63.55576,1,79.0
602485,Gadget Geek,66.18995963845013,Technology,28.2,Sunday,Night,76.05,1.0,Negative,64.02872,1,89.0
603357,Gadget Geek,104.33,Technology,94.99,Sunday,Night,22.11,0.0,Neutral,92.5456,1,1.0
604749,Gadget Geek,116.96,Technology,37.91,Sunday,Night,6.58,3.0,Neutral,85.7263,1,45.0
608106,Gadget Geek,66.18995963845013,Technology,27.51,Sunday,Night,68.53,1.0,Negative,43.55,1,7.0
610061,Gadget Geek,66.18995963845013,Technology,62.59,Sunday,Night,19.7,2.0,Positive,54.69527,1,67.0
610971,Gadget Geek,94.65,Technology,35.03,Sunday,Night,0.0,3.0,Negative,66.12565,1,46.0
613338,Gadget Geek,94.64,Technology,80.66,Sunday,Night,0.0,2.0,Neutral,55.52066,1,75.0
613847,Gadget Geek,14.9,Technology,71.9,Sunday,Night,32.04,1.0,Negative,10.57671,1,49.0
616326,Gadget Geek,112.15,Technology,69.03,Sunday,Night,27.77,3.0,Positive,103.84,1,59.0
618295,Gadget Geek,80.15,Technology,44.89,Sunday,Night,42.2,3.0,Negative,62.87423,1,60.0
619244,Gadget Geek,31.55,Technology,29.33,Sunday,Night,0.0,3.0,Negative,15.35489,1,43.0
619262,Gadget Geek,35.95,Technology,49.7,Sunday,Night,13.53,0.0,Positive,24.21082,1,80.0
620081,Gadget Geek,16.91,Technology,82.39,Sunday,Night,62.86,1.0,Negative,10.22,1,70.0
620528,Gadget Geek,65.72,Technology,77.41,Sunday,Night,44.27,0.0,Positive,61.33187,1,27.0
623299,Gadget Geek,65.78,Technology,27.3,Sunday,Night,54.25,2.0,Neutral,36.22734,1,43.0
625027,Gadget Geek,68.6,Technology,95.84,Sunday,Night,95.45,3.0,Negative,67.76197,1,37.0
625370,Gadget Geek,62.14,Technology,59.66,Sunday,Night,22.11,1.0,Neutral,28.76115,1,82.0
625499,Gadget Geek,103.27,Technology,90.78,Sunday,Night,22.94,0.0,Neutral,62.14355,1,38.0
625693,Gadget Geek,41.0,Technology,32.47,Sunday,Night,0.0,3.0,Negative,33.94489,1,68.0
625868,Gadget Geek,70.81,Technology,67.18,Sunday,Night,0.0,3.0,Positive,44.00754,1,29.0
626112,Gadget Geek,66.18995963845013,Technology,86.55,Sunday,Night,44.78,0.0,Neutral,57.85684,1,66.0
626594,Gadget Geek,64.34,Technology,65.16,Sunday,Night,22.99,2.0,Negative,39.48489,1,11.0
628260,Gadget Geek,66.18995963845013,Technology,39.26,Sunday,Night,62.49,0.0,Neutral,54.69527,1,83.0
628958,Gadget Geek,93.07,Technology,96.78,Sunday,Night,14.68,0.0,Neutral,51.45,1,90.0
629274,Gadget Geek,64.97,Technology,27.26,Sunday,Night,95.32,1.0,Positive,40.97,1,89.0
630054,Gadget Geek,66.18995963845013,Technology,78.97,Sunday,Night,59.66,2.0,Negative,44.07028,1,65.0
630390,Gadget Geek,73.26,Technology,86.41,Sunday,Night,0.0,1.0,Positive,67.745,1,7.0
631724,Gadget Geek,27.35,Technology,23.12,Sunday,Night,55.97,1.0,Neutral,17.97117,1,70.0
631922,Gadget Geek,102.04,Technology,29.23,Sunday,Night,51.43,1.0,Positive,78.30261,1,51.0
633335,Gadget Geek,80.29,Technology,65.93,Sunday,Night,67.94,1.0,Negative,48.57284,1,9.0
635079,Gadget Geek,61.75,Technology,99.39,Sunday,Night,0.0,0.0,Negative,36.93375,1,47.0
635578,Gadget Geek,107.03,Technology,80.44,Sunday,Night,54.27,0.0,Negative,97.70909,1,88.0
638457,Gadget Geek,80.99,Technology,42.7,Sunday,Night,84.8,0.0,Neutral,53.17284,1,43.0
639583,Gadget Geek,26.98,Technology,88.2,Sunday,Night,43.12,0.0,Negative,15.43,1,8.0
639942,Gadget Geek,73.03,Technology,21.75,Sunday,Night,66.0,2.0,Neutral,42.09232,1,49.0
641762,Gadget Geek,102.65,Technology,81.2,Sunday,Night,1.6,1.0,Neutral,93.4709,1,67.0
642598,Gadget Geek,66.18995963845013,Technology,33.6,Sunday,Night,47.3,0.0,Negative,79.04,1,81.0
643473,Gadget Geek,100.23,Technology,66.88,Sunday,Night,62.83,1.0,Positive,91.30405,1,91.0
644837,Gadget Geek,21.49,Technology,44.18,Sunday,Night,45.39,0.0,Negative,18.36206,1,92.0
646257,Gadget Geek,72.68,Technology,36.24,Sunday,Night,63.65,1.0,Neutral,55.8066,1,91.0
646274,Gadget Geek,14.3,Technology,70.43,Sunday,Night,83.88,3.0,Neutral,8.11646,1,78.0
646617,Gadget Geek,17.67,Technology,80.86,Sunday,Night,0.0,0.0,Neutral,6.75078,1,22.0
648541,Gadget Geek,111.2,Technology,66.04,Sunday,Night,46.82,0.0,Neutral,61.63166,1,83.0
650066,Gadget Geek,62.59,Technology,65.5,Sunday,Night,79.88,0.0,Neutral,53.17284,1,43.0
651807,Gadget Geek,62.43,Technology,74.99,Sunday,Night,81.62,1.0,Positive,34.36199,1,82.0
652049,Gadget Geek,73.21,Technology,66.37,Sunday,Night,0.0,0.0,Neutral,50.3896,1,97.0
653461,Gadget Geek,71.11,Technology,20.05,Sunday,Night,59.7,0.0,Negative,54.5476,1,33.0
653646,Gadget Geek,61.9,Technology,83.95,Sunday,Night,0.0,1.0,Negative,61.9,1,90.0
654156,Gadget Geek,41.4,Technology,85.92,Sunday,Night,41.2,2.0,Negative,37.6293,1,63.0
655850,Gadget Geek,90.89,Technology,81.98,Sunday,Night,98.47,1.0,Neutral,84.08765,1,47.0
660533,Gadget Geek,17.46,Technology,45.33,Sunday,Night,0.0,2.0,Positive,8.14364,1,73.0
660624,Gadget Geek,80.28,Technology,57.07,Sunday,Night,0.0,2.0,Neutral,52.56549,1,52.0
661106,Gadget Geek,66.18995963845013,Technology,46.22,Sunday,Night,86.82,1.0,Positive,59.0601,1,9.0
662652,Gadget Geek,29.34,Technology,44.34,Sunday,Night,0.0,1.0,Positive,22.82127,1,98.0
663727,Gadget Geek,62.56,Music,57.72,Sunday,Night,77.52,0.0,Positive,60.05743,1,62.0
665050,Gadget Geek,70.16,Technology,57.85,Sunday,Night,9.62,3.0,Neutral,44.2719,1,18.0
665283,Gadget Geek,56.5,Technology,74.67,Sunday,Night,67.78,0.0,Positive,42.67598,1,47.0
665584,Gadget Geek,8.42,Technology,71.86,Sunday,Night,84.06,2.0,Negative,3.43518,1,22.0
667259,Gadget Geek,114.97,Technology,24.58,Sunday,Night,84.76,3.0,Negative,84.17716,1,29.0
668165,Gadget Geek,13.68,Technology,28.97,Sunday,Night,28.97,2.0,Negative,3.99829,1,39.0
669180,Gadget Geek,41.72,Technology,63.88,Sunday,Night,41.76,3.0,Negative,37.6293,1,63.0
670034,Gadget Geek,117.21,Technology,70.43,Sunday,Night,0.0,1.0,Neutral,108.78695,1,9.0
670203,Gadget Geek,23.68,Technology,98.24,Sunday,Night,68.4,2.0,Neutral,16.14303,1,81.0
670753,Gadget Geek,68.6,Technology,94.12,Sunday,Night,96.12,1.0,Negative,67.76197,1,10.0
671934,Gadget Geek,66.18995963845013,Technology,72.87,Sunday,Night,29.11,3.0,Negative,43.05,1,39.0
672800,Gadget Geek,28.52,Technology,26.12,Sunday,Night,90.5,3.0,Negative,22.44,1,4.0
673870,Gadget Geek,59.04,Technology,29.81,Sunday,Night,86.39,2.0,Neutral,35.78811,1,89.0
673932,Gadget Geek,41.26,Technology,92.5,Sunday,Night,4.63,2.0,Negative,30.87362,1,94.0
674283,Gadget Geek,29.85,Technology,91.83,Sunday,Night,60.83,0.0,Positive,27.84212,1,51.0
676014,Gadget Geek,50.22,Technology,89.13,Sunday,Night,22.54,1.0,Positive,34.87287,1,37.0
678386,Gadget Geek,78.88,Technology,58.22,Sunday,Night,33.5,2.0,Negative,47.96508,1,74.0
679438,Gadget Geek,35.23,Technology,73.13,Sunday,Night,68.31,2.0,Neutral,16.51913,1,55.0
679706,Gadget Geek,20.62,Technology,78.52,Sunday,Night,2.5,0.0,Positive,11.47,1,19.0
682758,Gadget Geek,100.31,Technology,33.39,Sunday,Night,85.67,2.0,Positive,61.346,1,96.0
682791,Gadget Geek,107.66,Technology,33.67,Sunday,Night,32.78,2.0,Negative,69.07668,1,18.0
684420,Gadget Geek,57.44,Technology,86.1,Sunday,Night,0.0,1.0,Positive,48.72889,1,78.0
686188,Gadget Geek,116.19,Technology,27.19,Sunday,Night,6.89,1.0,Neutral,100.40072,1,22.0
687922,Gadget Geek,69.67,Technology,93.57,Sunday,Night,92.59,0.0,Neutral,65.93648,1,70.0
688820,Gadget Geek,95.04,Technology,93.59,Sunday,Night,0.0,0.0,Positive,80.53233,1,77.0
689630,Gadget Geek,85.37,Technology,51.25,Sunday,Night,90.93,2.0,Neutral,68.59899,1,99.0
689715,Gadget Geek,72.69,Technology,26.26,Sunday,Night,85.92,1.0,Positive,60.49,1,27.0
693426,Gadget Geek,105.33,Technology,58.98,Sunday,Night,17.62,0.0,Positive,101.64877,1,87.0
696795,Gadget Geek,38.06,Technology,60.06,Sunday,Night,84.46,3.0,Positive,29.87,1,32.0
696810,Gadget Geek,106.4,Technology,49.63,Sunday,Night,91.26,1.0,Negative,101.77,1,95.0
696979,Gadget Geek,70.12,Technology,86.29,Sunday,Night,28.83,3.0,Positive,40.55594,1,27.0
698559,Gadget Geek,94.88,Technology,28.11,Sunday,Night,28.98,1.0,Negative,89.14,1,98.0
698663,Gadget Geek,83.39,Technology,38.5,Sunday,Night,0.0,0.0,Neutral,57.34484,1,23.0
700845,Gadget Geek,66.18995963845013,Technology,81.62,Sunday,Night,0.0,2.0,Positive,47.13505,1,68.0
701046,Gadget Geek,83.06,Technology,92.06,Sunday,Night,96.39,0.0,Negative,67.75626,1,75.0
701550,Gadget Geek,84.53,Technology,80.88,Sunday,Night,37.53,2.0,Neutral,59.83622,1,86.0
701928,Gadget Geek,77.75,Technology,67.19,Sunday,Night,15.47,3.0,Negative,52.13413,1,75.0
705914,Gadget Geek,99.6,Technology,62.6,Sunday,Night,56.01,1.0,Positive,97.97,1,31.0
706468,Gadget Geek,66.18995963845013,Technology,69.06,Sunday,Night,58.69,3.0,Negative,13.31,1,49.0
706546,Gadget Geek,17.71,Technology,23.36,Sunday,Night,0.0,1.0,Neutral,6.5497,1,39.0
706960,Gadget Geek,42.79,Technology,26.67,Sunday,Night,2.47,2.0,Positive,38.74456,1,33.0
707426,Gadget Geek,115.77,Technology,67.34,Sunday,Night,19.11,2.0,Neutral,66.61456,1,56.0
707908,Gadget Geek,39.41,Technology,49.52,Sunday,Night,3.84,3.0,Neutral,31.69236,1,11.0
708068,Gadget Geek,26.59,Technology,82.63,Sunday,Night,0.0,0.0,Positive,12.3,1,82.0
708420,Gadget Geek,12.17,Technology,25.99,Sunday,Night,49.06,2.0,Positive,10.2031,1,64.0
708819,Gadget Geek,48.93,Technology,65.99,Sunday,Night,3.46,3.0,Positive,39.44174,1,18.0
710116,Gadget Geek,94.04,Technology,46.66,Sunday,Night,78.76,1.0,Negative,78.95878,1,17.0
710693,Gadget Geek,52.3,Technology,86.59,Sunday,Night,98.59,2.0,Positive,31.45,1,10.0
710962,Gadget Geek,14.71,Technology,51.57,Sunday,Night,28.2,2.0,Positive,10.48151,1,40.0
713622,Gadget Geek,76.87,Technology,80.43,Sunday,Night,32.42,2.0,Positive,58.75828,1,6.0
715610,Gadget Geek,58.2,Technology,42.97,Sunday,Night,0.0,1.0,Negative,30.48686,1,1.0
715910,Gadget Geek,56.62,Technology,24.52,Sunday,Night,97.55,0.0,Neutral,47.92458,1,70.0
718951,Gadget Geek,94.73,Technology,47.5,Sunday,Night,91.81,0.0,Positive,89.13696,1,93.0
719206,Gadget Geek,116.33,Technology,59.38,Sunday,Night,97.6,0.0,Positive,85.98248,1,38.0
719474,Gadget Geek,62.14,Technology,59.66,Sunday,Night,95.2,1.0,Neutral,28.76115,1,82.0
720363,Gadget Geek,29.51,Technology,84.75,Sunday,Night,84.58,2.0,Neutral,11.97029,1,4.0
723350,Gadget Geek,63.02,Technology,75.91,Sunday,Night,100.0,1.0,Positive,39.89589,1,59.0
725525,Gadget Geek,61.34,Technology,61.37,Sunday,Night,42.81,2.0,Positive,53.97591,1,57.0
727607,Gadget Geek,8.45,Technology,45.86,Sunday,Night,95.34,2.0,Positive,5.86343,1,83.0
728239,Gadget Geek,96.68,Technology,50.7,Sunday,Night,0.0,1.0,Positive,69.4,1,81.0
728770,Gadget Geek,96.83,Technology,50.7,Sunday,Night,0.0,1.0,Positive,69.4,1,81.0
729100,Gadget Geek,43.99,Technology,74.99,Sunday,Night,24.93,2.0,Positive,36.25,1,58.0
730837,Gadget Geek,30.01,Technology,23.45,Sunday,Night,55.9,3.0,Positive,14.15585,1,4.0
732435,Gadget Geek,114.03,Technology,94.67,Sunday,Night,0.0,0.0,Neutral,94.68,1,40.0
734174,Gadget Geek,66.18995963845013,Technology,70.51,Sunday,Night,0.0,3.0,Negative,31.10267,1,46.0
734842,Gadget Geek,58.66,Technology,94.75,Sunday,Night,0.0,3.0,Neutral,50.28752,1,9.0
737662,Gadget Geek,38.71,Technology,58.68,Sunday,Night,43.28,1.0,Neutral,24.50283,1,63.0
738507,Gadget Geek,43.97,Technology,25.72,Sunday,Night,28.69,3.0,Positive,29.2669,1,36.0
738806,Gadget Geek,81.77,Technology,64.5,Sunday,Night,1.97,0.0,Negative,66.17,1,7.0
740159,Gadget Geek,67.46,Technology,51.3,Sunday,Night,23.79,0.0,Positive,62.06858,1,48.0
740812,Gadget Geek,66.18995963845013,Technology,36.87,Sunday,Night,49.63,0.0,Positive,21.70958,1,71.0
742036,Gadget Geek,19.53,Technology,61.47,Sunday,Night,19.81,2.0,Negative,9.79912,1,57.0
744892,Gadget Geek,64.18,Technology,29.87,Sunday,Night,93.02,3.0,Neutral,48.33,1,97.0
744978,Gadget Geek,92.06,Technology,40.14,Sunday,Night,48.07,0.0,Neutral,71.40728,1,56.0
745605,Gadget Geek,92.06,Technology,40.14,Sunday,Night,56.07,0.0,Neutral,71.40728,1,56.0
745912,Gadget Geek,68.64,Technology,41.78,Sunday,Night,75.62,2.0,Positive,77.44214,1,21.0
745964,Gadget Geek,102.36,Technology,75.43,Sunday,Night,87.03,0.0,Neutral,93.41,1,14.0
746222,Gadget Geek,66.18995963845013,Technology,34.72,Sunday,Night,27.5,3.0,Positive,29.69291,1,38.0
747498,Gadget Geek,63.76,Technology,56.18,Sunday,Night,89.34,0.0,Negative,50.78,1,34.0
747848,Gadget Geek,114.03,Technology,42.65,Sunday,Night,13.04,0.0,Neutral,97.20858,1,24.0
748027,Gadget Geek,66.18995963845013,Technology,94.14,Sunday,Night,62.42,1.0,Neutral,54.76387,1,72.0
749707,Gadget Geek,116.59,Technology,74.22,Sunday,Night,21.29,0.0,Neutral,104.3,1,56.0
751901,Gadget Geek,67.87,Technology,76.33,Sunday,Night,28.81,3.0,Negative,,0,28.0
753532,Gadget Geek,107.04,Technology,20.18,Sunday,Night,91.16,3.0,Negative,,0,27.0
755212,Gadget Geek,24.94,Technology,73.44,Sunday,Night,74.14,0.0,Neutral,,0,92.0
755734,Gadget Geek,23.37,Technology,58.62,Sunday,Night,79.69,2.0,Negative,,0,70.0
755978,Gadget Geek,68.06,Technology,40.32,Sunday,Night,30.35,3.0,Negative,,0,26.0
759438,Gadget Geek,54.68,Technology,83.39,Sunday,Night,81.02,1.0,Positive,,0,87.0
761564,Gadget Geek,34.31,Technology,71.9,Sunday,Night,0.0,1.0,Positive,,0,73.0
762450,Gadget Geek,36.17,Technology,54.09,Sunday,Night,0.0,1.0,Neutral,,0,88.0
765052,Gadget Geek,60.84,Technology,70.84,Sunday,Night,51.35,1.0,Neutral,,0,97.0
766539,Gadget Geek,14.55,Technology,42.83,Sunday,Night,81.59,0.0,Negative,,0,38.0
766571,Gadget Geek,92.86,Technology,71.54,Sunday,Night,75.74,3.0,Negative,,0,41.0
768624,Gadget Geek,44.09,Technology,46.92,Sunday,Night,38.99,1.0,Negative,,0,71.0
769171,Gadget Geek,88.67,Technology,31.93,Sunday,Night,86.45,3.0,Negative,,0,54.0
769434,Gadget Geek,80.85,Technology,71.46,Sunday,Night,0.0,0.0,Positive,,0,98.0
769633,Gadget Geek,70.12,Technology,78.94,Sunday,Night,53.31,0.0,Neutral,,0,76.0
769944,Gadget Geek,33.81,Technology,45.67,Sunday,Night,25.03,2.0,Negative,,0,69.0
770604,Gadget Geek,66.18995963845013,Technology,37.13,Sunday,Night,0.0,1.0,Positive,,0,45.0
774182,Gadget Geek,44.42,Technology,35.39,Sunday,Night,50.16,1.0,Positive,,0,1.0
776166,Gadget Geek,89.98,Technology,71.22,Sunday,Night,0.0,3.0,Negative,,0,35.0
777158,Gadget Geek,48.88,Technology,81.99,Sunday,Night,36.38,0.0,Negative,,0,49.0
780637,Gadget Geek,115.06,Technology,99.8,Sunday,Night,47.07,2.0,Neutral,,0,76.0
781025,Gadget Geek,95.64,Technology,30.79,Sunday,Night,36.63,2.0,Positive,,0,55.0
781836,Gadget Geek,66.18995963845013,Technology,80.65,Sunday,Night,46.07,1.0,Positive,,0,80.0
781915,Gadget Geek,114.76,Technology,20.98,Sunday,Night,0.0,1.0,Negative,,0,65.0
782733,Gadget Geek,50.86,Technology,66.17,Sunday,Night,10.87,0.0,Negative,,0,89.0
782860,Gadget Geek,94.49,Technology,39.29,Sunday,Night,0.0,1.0,Neutral,,0,17.0
782932,Gadget Geek,19.82,Technology,70.87,Sunday,Night,0.0,2.0,Neutral,,0,43.0
784946,Gadget Geek,21.52,Technology,94.72,Sunday,Night,1.27,3.0,Negative,,0,82.0
787220,Gadget Geek,53.83,Technology,80.51,Sunday,Night,0.95,0.0,Negative,,0,2.0
787449,Gadget Geek,85.81,Technology,98.94,Sunday,Night,28.43,0.0,Positive,,0,78.0
790145,Gadget Geek,102.24,Technology,84.23,Sunday,Night,12.38,2.0,Positive,,0,53.0
790992,Gadget Geek,74.2,Technology,79.04,Sunday,Night,0.0,1.0,Positive,,0,7.0
797569,Gadget Geek,87.82,Technology,95.79,Sunday,Night,9.65,2.0,Positive,,0,32.0
798902,Gadget Geek,46.83,Technology,49.09,Sunday,Night,0.0,2.0,Positive,,0,38.0
799843,Gadget Geek,66.18995963845013,Technology,64.49,Sunday,Night,76.16,2.0,Positive,,0,16.0
800025,Gadget Geek,99.12,Technology,23.86,Sunday,Night,89.62,1.0,Negative,,0,28.0
801903,Gadget Geek,53.08,Technology,35.75,Sunday,Night,82.45,0.0,Neutral,,0,81.0
801919,Gadget Geek,95.25,Technology,82.75,Sunday,Night,78.76,1.0,Positive,,0,22.0
805119,Gadget Geek,46.32,Technology,37.34,Sunday,Night,46.08,1.0,Neutral,,0,78.0
805379,Gadget Geek,92.86,Technology,37.23,Sunday,Night,86.2,0.0,Positive,,0,26.0
805778,Gadget Geek,72.65,Technology,69.57,Sunday,Night,69.72,1.0,Positive,,0,90.0
807061,Gadget Geek,66.18995963845013,Technology,63.95,Sunday,Night,25.05,3.0,Negative,,0,70.0
807255,Gadget Geek,68.49,Technology,35.03,Sunday,Night,1.99,2.0,Negative,,0,73.0
807779,Gadget Geek,93.77,Technology,41.83,Sunday,Night,2.81,3.0,Neutral,,0,48.0
808989,Gadget Geek,46.36,Technology,75.71,Sunday,Night,56.08,3.0,Neutral,,0,25.0
810661,Gadget Geek,25.67,Technology,65.22,Sunday,Night,51.34,1.0,Neutral,,0,21.0
811532,Gadget Geek,74.83,Technology,78.83,Sunday,Night,93.31,1.0,Neutral,,0,51.0
814788,Gadget Geek,81.74,Technology,64.69,Sunday,Night,35.3,1.0,Positive,,0,85.0
816621,Gadget Geek,32.03,Technology,79.36,Sunday,Night,24.59,2.0,Negative,,0,18.0
816915,Gadget Geek,107.43,Technology,25.53,Sunday,Night,10.01,2.0,Negative,,0,85.0
818726,Gadget Geek,22.28,Technology,63.69,Sunday,Night,68.54,2.0,Neutral,,0,14.0
824731,Gadget Geek,66.18995963845013,Technology,69.05,Sunday,Night,35.08,3.0,Neutral,,0,5.0
825623,Gadget Geek,41.98,Technology,89.24,Sunday,Night,89.06,1.0,Positive,,0,99.0
827261,Gadget Geek,40.3,Technology,48.29,Sunday,Night,0.0,0.0,Positive,,0,71.0
827404,Gadget Geek,66.18995963845013,Technology,23.07,Sunday,Night,75.04,1.0,Positive,,0,17.0
832664,Gadget Geek,117.18,Technology,87.77,Sunday,Night,17.96,1.0,Negative,,0,18.0
833315,Gadget Geek,50.04,Technology,30.58,Sunday,Night,66.64,1.0,Positive,,0,74.0
834375,Gadget Geek,66.18995963845013,Technology,87.1,Sunday,Night,0.0,3.0,Neutral,,0,50.0
835173,Gadget Geek,66.18995963845013,Technology,38.94,Sunday,Night,92.27,1.0,Neutral,,0,72.0
835752,Gadget Geek,66.18995963845013,Technology,49.45,Sunday,Night,0.0,2.0,Negative,,0,66.0
837630,Gadget Geek,94.2,Technology,54.98,Sunday,Night,27.0,0.0,Positive,,0,76.0
837871,Gadget Geek,69.38,Technology,57.3,Sunday,Night,0.0,3.0,Positive,,0,83.0
838945,Gadget Geek,47.46,Technology,97.29,Sunday,Night,97.38,0.0,Neutral,,0,2.0
840679,Gadget Geek,90.63,Technology,51.98,Sunday,Night,39.23,1.0,Neutral,,0,43.0
841135,Gadget Geek,66.18995963845013,Technology,26.79,Sunday,Night,0.0,3.0,Neutral,,0,75.0
845495,Gadget Geek,97.11,Technology,52.22,Sunday,Night,22.9,2.0,Neutral,,0,69.0
851096,Gadget Geek,30.26,Technology,96.29,Sunday,Night,86.04,3.0,Negative,,0,75.0
851578,Gadget Geek,62.65,Technology,43.59,Sunday,Night,0.0,2.0,Neutral,,0,63.0
856278,Gadget Geek,115.31,Technology,85.5,Sunday,Night,0.0,2.0,Positive,,0,84.0
859683,Gadget Geek,13.79,Technology,26.37,Sunday,Night,41.26,2.0,Negative,,0,87.0
860152,Gadget Geek,43.94,Technology,77.4,Sunday,Night,42.52,0.0,Neutral,,0,43.0
861420,Gadget Geek,38.74,Technology,79.68,Sunday,Night,60.29,2.0,Positive,,0,87.0
862458,Gadget Geek,9.56,Technology,37.6,Sunday,Night,66.47,0.0,Positive,,0,95.0
864040,Gadget Geek,31.45,Technology,58.64,Sunday,Night,83.57,1.0,Negative,,0,97.0
864244,Gadget Geek,111.0,Technology,56.55,Sunday,Night,0.0,0.0,Positive,,0,49.0
865636,Gadget Geek,36.93,Technology,60.64,Sunday,Night,50.88,1.0,Positive,,0,32.0
866226,Gadget Geek,24.88,Technology,94.44,Sunday,Night,12.53,1.0,Negative,,0,6.0
866711,Gadget Geek,38.24,Technology,95.55,Sunday,Night,32.47,0.0,Negative,,0,14.0
868543,Gadget Geek,94.07,Technology,72.52,Sunday,Night,73.99,0.0,Neutral,,0,10.0
868911,Gadget Geek,51.96,Technology,77.78,Sunday,Night,68.02,1.0,Neutral,,0,29.0
869086,Gadget Geek,103.69,Technology,96.36,Sunday,Night,67.14,0.0,Neutral,,0,30.0
870629,Gadget Geek,50.94,Technology,65.4,Sunday,Night,66.85,1.0,Neutral,,0,71.0
871645,Gadget Geek,44.3,Technology,26.22,Sunday,Night,75.22,3.0,Positive,,0,97.0
874227,Gadget Geek,35.94,Technology,90.48,Sunday,Night,0.0,3.0,Negative,,0,96.0
875069,Gadget Geek,15.48,Technology,90.53,Sunday,Night,88.33,3.0,Neutral,,0,38.0
877066,Gadget Geek,76.22,Technology,88.02,Sunday,Night,19.36,1.0,Neutral,,0,55.0
877873,Gadget Geek,66.18995963845013,Technology,84.65,Sunday,Night,10.55,0.0,Negative,,0,62.0
879619,Gadget Geek,84.27,Technology,66.04,Sunday,Night,83.67,0.0,Neutral,,0,83.0
880269,Gadget Geek,100.42,Technology,84.85,Sunday,Night,70.99,1.0,Negative,,0,74.0
881660,Gadget Geek,41.24,Technology,36.87,Sunday,Night,67.02,1.0,Negative,,0,85.0
881961,Gadget Geek,94.62,Technology,52.62,Sunday,Night,84.01,1.0,Negative,,0,19.0
883813,Gadget Geek,98.4,Technology,26.84,Sunday,Night,85.27,0.0,Positive,,0,88.0
885118,Gadget Geek,16.85,Technology,28.72,Sunday,Night,51.39,0.0,Positive,,0,44.0
885591,Gadget Geek,66.18995963845013,Technology,66.42,Sunday,Night,86.5,3.0,Negative,,0,72.0
887554,Gadget Geek,86.59,Technology,80.4,Sunday,Night,8.91,0.0,Positive,,0,89.0
888915,Gadget Geek,83.94,Technology,23.58,Sunday,Night,41.51,0.0,Negative,,0,5.0
889241,Gadget Geek,33.62,Technology,96.05,Sunday,Night,82.45,0.0,Negative,,0,87.0
889370,Gadget Geek,117.28,Technology,77.96,Sunday,Night,57.01,2.0,Negative,,0,44.0
889587,Gadget Geek,15.2,Technology,53.2,Sunday,Night,90.11,2.0,Neutral,,0,25.0
892574,Gadget Geek,62.14,Technology,59.66,Sunday,Night,99.68,3.0,Neutral,,0,82.0
893262,Gadget Geek,6.36,Technology,70.31,Sunday,Night,0.0,0.0,Negative,,0,34.0
893746,Gadget Geek,96.55,Technology,68.76,Sunday,Night,33.59,0.0,Positive,,0,78.0
894413,Gadget Geek,44.31,Technology,35.73,Sunday,Night,0.0,2.0,Negative,,0,65.0
895177,Gadget Geek,35.2,Technology,53.39,Sunday,Night,0.0,0.0,Negative,,0,72.0
896029,Gadget Geek,98.05,Technology,84.57,Sunday,Night,46.95,2.0,Neutral,,0,49.0
896296,Gadget Geek,35.76,Technology,30.43,Sunday,Night,90.83,2.0,Negative,,0,3.0
896329,Gadget Geek,67.94,Technology,75.94,Sunday,Night,56.8,3.0,Neutral,,0,12.0
896652,Gadget Geek,50.94,True Crime,65.75,Sunday,Night,99.55,1.0,Positive,,0,71.0
898255,Gadget Geek,105.9,Technology,20.4,Sunday,Night,0.0,2.0,Neutral,,0,19.0
898546,Gadget Geek,66.18995963845013,Technology,78.98,Sunday,Night,30.18,2.0,Negative,,0,56.0
899611,Gadget Geek,119.11,Technology,36.87,Sunday,Night,82.98,1.0,Negative,,0,35.0
900922,Gadget Geek,88.87,Technology,75.54,Sunday,Night,55.16,2.0,Negative,,0,41.0
900978,Gadget Geek,24.49,Technology,27.26,Sunday,Night,0.0,2.0,Negative,,0,65.0
904401,Gadget Geek,66.49,Technology,30.39,Sunday,Night,0.0,1.0,Neutral,,0,30.0
905446,Gadget Geek,27.41,Technology,89.01,Sunday,Night,33.57,2.0,Neutral,,0,25.0
908041,Gadget Geek,36.63,Technology,29.24,Sunday,Night,7.64,3.0,Negative,,0,77.0
908221,Gadget Geek,41.4,Technology,86.62,Sunday,Night,41.4,2.0,Negative,,0,63.0
909364,Gadget Geek,66.18995963845013,Technology,50.68,Sunday,Night,0.0,0.0,Positive,,0,82.0
911949,Gadget Geek,84.69,Technology,78.66,Sunday,Night,94.54,0.0,Positive,,0,34.0
912118,Gadget Geek,38.08,Technology,53.72,Sunday,Night,19.8,3.0,Neutral,,0,78.0
914943,Gadget Geek,50.74,Technology,48.38,Sunday,Night,27.32,0.0,Positive,,0,63.0
915307,Gadget Geek,32.61,Technology,20.42,Sunday,Night,74.29,2.0,Neutral,,0,78.0
918093,Gadget Geek,52.6,Technology,68.99,Sunday,Night,0.0,1.0,Positive,,0,50.0
918387,Gadget Geek,23.08,Technology,32.66,Sunday,Night,0.0,0.0,Neutral,,0,97.0
920913,Gadget Geek,73.99,Technology,85.64,Sunday,Night,0.0,2.0,Positive,,0,53.0
921160,Gadget Geek,69.53,Technology,91.11,Sunday,Night,29.12,1.0,Positive,,0,8.0
922170,Gadget Geek,73.0,Technology,96.77,Sunday,Night,94.54,1.0,Neutral,,0,90.0
922395,Gadget Geek,63.06,Technology,86.51,Sunday,Night,0.0,1.0,Neutral,,0,16.0
922994,Gadget Geek,30.61,Technology,21.22,Sunday,Night,69.27,3.0,Negative,,0,49.0
924296,Gadget Geek,42.99,Technology,29.31,Sunday,Night,88.08,1.0,Positive,,0,89.0
924459,Gadget Geek,47.02,Technology,34.23,Sunday,Night,93.51,1.0,Neutral,,0,87.0
926284,Gadget Geek,5.06,Technology,90.72,Sunday,Night,46.61,1.0,Positive,,0,38.0
927524,Gadget Geek,62.51,Technology,74.03,Sunday,Night,22.73,1.0,Neutral,,0,64.0
927778,Gadget Geek,24.88,Technology,60.53,Sunday,Night,0.0,3.0,Neutral,,0,35.0
928733,Gadget Geek,32.79,Technology,71.94,Sunday,Night,0.0,2.0,Negative,,0,69.0
930586,Gadget Geek,49.26,Technology,83.11,Sunday,Night,0.0,1.0,Negative,,0,92.0
932049,Gadget Geek,114.34,Technology,90.65,Sunday,Night,0.0,1.0,Positive,,0,13.0
932583,Gadget Geek,116.98,Technology,29.92,Sunday,Night,89.43,0.0,Positive,,0,84.0
932805,Gadget Geek,41.72,Technology,89.24,Sunday,Night,93.08,1.0,Positive,,0,24.0
933691,Gadget Geek,62.43,Technology,74.99,Sunday,Night,76.8,0.0,Positive,,0,82.0
935121,Gadget Geek,102.85,Technology,96.04,Sunday,Night,75.15,1.0,Negative,,0,41.0
936034,Gadget Geek,62.14,Technology,59.66,Sunday,Night,22.9,1.0,Neutral,,0,82.0
936292,Gadget Geek,20.83,Technology,87.83,Sunday,Night,74.77,1.0,Positive,,0,34.0
938044,Gadget Geek,60.94,Technology,64.71,Sunday,Night,80.68,1.0,Neutral,,0,49.0
938794,Gadget Geek,44.0,Technology,65.5,Sunday,Night,19.39,3.0,Neutral,,0,91.0
943511,Gadget Geek,59.6,Technology,56.82,Sunday,Night,0.0,0.0,Neutral,,0,99.0
945081,Gadget Geek,66.18995963845013,Technology,29.24,Sunday,Night,31.76,0.0,Positive,,0,72.0
946483,Gadget Geek,74.26,Technology,55.08,Sunday,Night,91.76,1.0,Positive,,0,7.0
946601,Gadget Geek,33.2,Technology,41.6,Sunday,Night,77.43,0.0,Positive,,0,83.0
947710,Gadget Geek,103.55,Technology,95.74,Sunday,Night,85.8,0.0,Negative,,0,52.0
948324,Gadget Geek,88.29,Technology,60.86,Sunday,Night,72.96,3.0,Neutral,,0,23.0
948938,Gadget Geek,42.77,Technology,81.3,Sunday,Night,86.29,0.0,Positive,,0,70.0
949460,Gadget Geek,39.36,Technology,94.64,Sunday,Night,74.77,0.0,Negative,,0,18.0
950272,Gadget Geek,70.09,Technology,48.61,Sunday,Night,0.0,1.0,Neutral,,0,85.0
951479,Gadget Geek,88.2,Technology,72.17,Sunday,Night,42.87,1.0,Negative,,0,51.0
952076,Gadget Geek,66.18995963845013,Technology,61.91,Sunday,Night,41.25,1.0,Negative,,0,16.0
952410,Gadget Geek,66.18995963845013,Technology,33.85,Sunday,Night,94.58,1.0,Neutral,,0,43.0
952438,Gadget Geek,91.95,Technology,50.42,Sunday,Night,44.32,3.0,Neutral,,0,78.0
955310,Gadget Geek,63.06,Technology,20.2,Sunday,Night,0.0,1.0,Positive,,0,16.0
956823,Gadget Geek,106.06,Technology,65.39,Sunday,Night,99.96,2.0,Negative,,0,41.0
957586,Gadget Geek,113.16,Technology,97.16,Sunday,Night,8.16,1.0,Negative,,0,8.0
958442,Gadget Geek,95.74,Technology,73.39,Sunday,Night,0.0,3.0,Positive,,0,73.0
958509,Gadget Geek,36.93,Technology,74.59,Sunday,Night,0.0,0.0,Neutral,,0,82.0
959253,Gadget Geek,116.79,Technology,31.12,Sunday,Night,91.41,3.0,Neutral,,0,84.0
959684,Gadget Geek,64.66,Technology,61.16,Sunday,Night,0.0,0.0,Negative,,0,13.0
960514,Gadget Geek,27.87,Technology,61.58,Sunday,Night,41.25,1.0,Negative,,0,16.0
961146,Gadget Geek,67.08,Technology,71.13,Sunday,Night,0.0,2.0,Positive,,0,70.0
961459,Gadget Geek,68.92,Technology,41.88,Sunday,Night,88.21,2.0,Negative,,0,23.0
963941,Gadget Geek,13.85,Technology,61.72,Sunday,Night,41.25,1.0,Negative,,0,16.0
964251,Gadget Geek,83.99,Technology,75.76,Sunday,Night,62.14,2.0,Neutral,,0,15.0
966869,Gadget Geek,61.25,Technology,37.77,Sunday,Night,0.0,2.0,Neutral,,0,20.0
968133,Gadget Geek,85.13,Technology,73.17,Sunday,Night,10.13,3.0,Neutral,,0,59.0
968742,Gadget Geek,80.41,Technology,75.41,Sunday,Night,82.03,1.0,Neutral,,0,49.0
969488,Gadget Geek,61.99,Technology,80.28,Sunday,Night,81.21,2.0,Positive,,0,80.0
970049,Gadget Geek,66.18995963845013,Technology,60.21,Sunday,Night,30.86,1.0,Positive,,0,81.0
970416,Gadget Geek,36.31,Technology,96.94,Sunday,Night,94.95,3.0,Neutral,,0,27.0
971798,Gadget Geek,30.06,Technology,37.06,Sunday,Night,0.0,0.0,Neutral,,0,2.0
972681,Gadget Geek,32.02,Technology,81.76,Sunday,Night,1.11,2.0,Positive,,0,55.0
973421,Gadget Geek,26.33,Technology,35.33,Sunday,Night,0.0,1.0,Neutral,,0,61.0
975945,Gadget Geek,68.6,Technology,94.12,Sunday,Night,95.45,0.0,Negative,,0,36.0
976760,Gadget Geek,26.75,Technology,43.07,Sunday,Night,46.15,0.0,Negative,,0,81.0
977706,Gadget Geek,66.18995963845013,Technology,94.98,Sunday,Night,62.85,1.0,Neutral,,0,72.0
979120,Gadget Geek,99.0,Technology,54.85,Sunday,Night,4.63,3.0,Positive,,0,77.0
979631,Gadget Geek,39.04,Technology,91.16,Sunday,Night,1.68,3.0,Neutral,,0,68.0
981835,Gadget Geek,37.5,Technology,53.2,Sunday,Night,0.0,3.0,Positive,,0,54.0
981854,Gadget Geek,40.52,Technology,32.37,Sunday,Night,8.77,1.0,Neutral,,0,95.0
982015,Gadget Geek,66.18995963845013,Technology,65.67,Sunday,Night,27.23,1.0,Neutral,,0,90.0
983456,Gadget Geek,60.13,Technology,41.2,Sunday,Night,52.2,1.0,Neutral,,0,49.0
984554,Gadget Geek,112.77,Technology,58.72,Sunday,Night,57.6,0.0,Positive,,0,62.0
984564,Gadget Geek,105.34,Technology,28.04,Sunday,Night,20.84,2.0,Negative,,0,29.0
985081,Gadget Geek,66.18995963845013,Technology,62.89,Sunday,Night,0.0,0.0,Neutral,,0,95.0
986353,Gadget Geek,116.78,Technology,53.95,Sunday,Night,0.0,2.0,Positive,,0,92.0
987307,Gadget Geek,29.3,Technology,53.1,Sunday,Night,53.49,3.0,Positive,,0,83.0
988687,Gadget Geek,99.94,Technology,96.34,Sunday,Night,91.25,2.0,Positive,,0,90.0
988905,Gadget Geek,66.18995963845013,Technology,47.45,Sunday,Night,42.05,2.0,Neutral,,0,62.0
989559,Gadget Geek,22.57,Technology,71.7,Sunday,Night,0.0,1.0,Negative,,0,89.0
990420,Gadget Geek,107.98,Technology,89.62,Sunday,Night,44.64,2.0,Neutral,,0,29.0
990568,Gadget Geek,103.42,Technology,73.24,Sunday,Night,0.0,2.0,Positive,,0,16.0
990688,Gadget Geek,66.18995963845013,Technology,39.37,Sunday,Night,62.49,0.0,Neutral,,0,63.0
990852,Gadget Geek,94.18,Technology,34.84,Sunday,Night,47.28,3.0,Neutral,,0,34.0
993198,Gadget Geek,86.22,Technology,68.51,Sunday,Night,23.25,0.0,Negative,,0,85.0
993363,Gadget Geek,5.3,Technology,31.13,Sunday,Night,30.02,2.0,Positive,,0,74.0
996922,Gadget Geek,112.8,Technology,23.41,Sunday,Night,88.59,1.0,Positive,,0,83.0
