id,Podcast_Name,Episode_Length_minutes,Genre,Host_Popularity_percentage,Publication_Day,Publication_Time,Guest_Popularity_percentage,Number_of_Ads,Episode_Sentiment,Listening_Time_minutes,is_train,Episode_Number
1745,Gadget Geek,54.4680016,Technology,34.57,Sunday,Morning,92.15,3.0,Neutral,54.468,1,21.0
2456,Gadget Geek,66.47631443992164,Technology,96.33,Sunday,Morning,62.73,1.0,Negative,98.55486,1,71.0
4686,Gadget Geek,86.74,Technology,95.43,Sunday,Morning,28.61,1.0,Negative,64.7159,1,81.0
6701,Gadget Geek,42.36,Technology,82.7,Sunday,Morning,7.7,1.0,Positive,36.14727,1,34.0
6732,Gadget Geek,92.08,Technology,37.44,Sunday,Morning,83.21,1.0,Neutral,49.204,1,38.0
9073,Gadget Geek,112.66,Technology,71.07,Sunday,Morning,10.25,3.0,Neutral,66.57609,1,95.0
9371,Gadget Geek,88.62,Technology,77.35,Sunday,Morning,83.84,1.0,Negative,67.56067,1,91.0
9430,Gadget Geek,48.05,Technology,96.56,Sunday,Morning,51.88,0.0,Positive,47.92458,1,70.0
9657,Gadget Geek,25.05,Technology,60.37,Sunday,Morning,43.05,2.0,Negative,15.06575,1,56.0
10134,Gadget Geek,114.33,Technology,24.7,Sunday,Morning,0.0,3.0,Positive,107.65,1,97.0
10673,Gadget Geek,66.47631443992164,Technology,22.46,Sunday,Morning,86.25,0.0,Negative,94.40579,1,23.0
13136,Gadget Geek,88.27,Technology,30.61,Sunday,Morning,86.55,2.0,Positive,49.65743,1,92.0
13508,Gadget Geek,30.23,Technology,67.67,Sunday,Morning,0.0,3.0,Neutral,23.9992,1,86.0
15786,Gadget Geek,49.67,Technology,21.51,Sunday,Morning,23.14,2.0,Positive,26.5,1,20.0
16760,Gadget Geek,13.21,Technology,75.15,Sunday,Morning,86.15,3.0,Positive,8.4467,1,100.0
18545,Gadget Geek,84.56,Technology,68.43,Sunday,Morning,0.0,1.0,Positive,56.87226,1,99.0
18587,Gadget Geek,96.33,Technology,39.3,Sunday,Morning,88.12,1.0,Neutral,85.60356,1,94.0
18826,Gadget Geek,11.14,Technology,75.58,Sunday,Morning,0.0,1.0,Neutral,6.90364,1,54.0
19748,Gadget Geek,63.31,Technology,23.31,Sunday,Morning,18.46,3.0,Positive,29.34,1,78.0
19789,Gadget Geek,24.66,Technology,94.54,Sunday,Morning,13.7,1.0,Positive,15.25153,1,81.0
20789,Gadget Geek,38.64,Technology,79.34,Sunday,Morning,0.0,3.0,Negative,13.5,1,85.0
21930,Gadget Geek,110.97,Technology,53.1,Sunday,Morning,78.12,0.0,Positive,71.58356,1,10.0
23158,Gadget Geek,14.55,Technology,82.61,Sunday,Morning,92.43,1.0,Negative,10.0,1,48.0
23470,Gadget Geek,47.26,Technology,92.79,Sunday,Morning,17.26,2.0,Neutral,32.39618,1,70.0
24212,Gadget Geek,105.52,Technology,86.0,Sunday,Morning,52.59,0.0,Negative,93.62966,1,87.0
27161,Gadget Geek,28.16,Technology,59.67,Sunday,Morning,66.59,3.0,Negative,24.1042,1,32.0
27379,Gadget Geek,15.46,Technology,97.02,Sunday,Morning,84.21,1.0,Neutral,14.51827,1,35.0
27453,Gadget Geek,53.38,Technology,50.73,Sunday,Morning,54.69,3.0,Positive,32.21512,1,3.0
27550,Gadget Geek,119.89,Technology,64.96,Sunday,Morning,0.0,1.0,Positive,76.10469,1,17.0
28093,Gadget Geek,31.46,Technology,25.71,Sunday,Morning,39.53,1.0,Neutral,29.4696,1,20.0
28191,Gadget Geek,116.77,Technology,91.79,Sunday,Morning,76.16,2.0,Positive,93.04898,1,58.0
29336,Gadget Geek,90.58,Technology,63.59,Sunday,Morning,0.0,0.0,Neutral,81.29007,1,50.0
29483,Gadget Geek,16.99,Technology,45.63,Sunday,Morning,0.0,1.0,Negative,8.5221,1,54.0
30788,Gadget Geek,75.7,Technology,70.72,Sunday,Morning,42.38,0.0,Negative,63.33609,1,48.0
30989,Gadget Geek,95.26,Technology,70.29,Sunday,Morning,97.76,0.0,Neutral,78.086,1,27.0
31508,Gadget Geek,75.66,Technology,67.7,Sunday,Morning,88.67,3.0,Negative,62.47911,1,61.0
33761,Gadget Geek,52.88,Technology,59.04,Sunday,Morning,0.0,3.0,Neutral,32.39185,1,38.0
34931,Gadget Geek,89.29,Technology,87.61,Sunday,Morning,0.0,0.0,Positive,79.50578,1,11.0
35263,Gadget Geek,99.23,Technology,61.63,Sunday,Morning,78.05,3.0,Negative,87.65566,1,64.0
36173,Gadget Geek,86.74,Technology,63.47,Sunday,Morning,28.19,1.0,Negative,64.7159,1,17.0
36334,Gadget Geek,55.19,Technology,90.2,Sunday,Morning,83.9,0.0,Neutral,37.57436,1,1.0
36461,Gadget Geek,66.47631443992164,Technology,36.19,Sunday,Morning,42.57,3.0,Negative,70.08078,1,59.0
37748,Gadget Geek,9.26,Technology,27.28,Sunday,Morning,27.46,1.0,Neutral,0.19587,1,72.0
39282,Gadget Geek,84.36,Technology,99.99,Sunday,Morning,0.0,1.0,Positive,84.1,1,28.0
40089,Gadget Geek,10.35,Technology,80.24,Sunday,Morning,28.06,0.0,Positive,0.0,1,21.0
41077,Gadget Geek,56.78,Technology,42.21,Sunday,Morning,0.0,0.0,Negative,42.96027,1,16.0
42214,Gadget Geek,25.69,Technology,27.27,Sunday,Morning,48.71,1.0,Negative,11.02,1,58.0
44938,Gadget Geek,73.91,Technology,38.38,Sunday,Morning,0.0,2.0,Neutral,53.07207,1,24.0
45819,Gadget Geek,67.11,Technology,69.3,Sunday,Morning,0.0,0.0,Neutral,55.87456,1,50.0
46224,Gadget Geek,90.41,Technology,35.74,Sunday,Morning,0.0,0.0,Positive,80.73088,1,43.0
47376,Gadget Geek,112.77,Technology,23.41,Sunday,Morning,98.68,1.0,Positive,67.35,1,83.0
48663,Gadget Geek,91.53,Technology,34.36,Sunday,Morning,0.0,0.0,Neutral,88.98755,1,92.0
50116,Gadget Geek,66.47631443992164,Technology,82.53,Sunday,Morning,91.43,2.0,Negative,10.0,1,28.0
51108,Gadget Geek,49.31,Technology,70.92,Sunday,Morning,65.9,3.0,Positive,20.19015,1,33.0
51318,Gadget Geek,8.3,Technology,28.64,Sunday,Morning,0.0,2.0,Negative,5.08,1,78.0
52800,Gadget Geek,115.37,Technology,24.0,Sunday,Morning,0.0,0.0,Neutral,88.98915,1,10.0
52857,Gadget Geek,98.81,Technology,54.81,Sunday,Morning,23.78,3.0,Positive,68.5248,1,64.0
54592,Gadget Geek,6.35,Technology,58.94,Sunday,Morning,91.65,0.0,Neutral,0.36011,1,54.0
55697,Gadget Geek,90.7,Technology,90.71,Sunday,Morning,13.23,0.0,Neutral,83.53808,1,59.0
58366,Gadget Geek,119.93,Technology,31.03,Sunday,Morning,5.31,1.0,Negative,115.83,1,4.0
60264,Gadget Geek,29.61,Technology,71.3,Sunday,Morning,4.7,1.0,Positive,15.79,1,88.0
60544,Gadget Geek,97.73,Technology,65.36,Sunday,Morning,32.0,2.0,Negative,77.71268,1,29.0
61594,Gadget Geek,66.47631443992164,Technology,98.63,Sunday,Morning,0.0,3.0,Negative,76.97524,1,11.0
62285,Gadget Geek,72.05,Technology,35.27,Sunday,Morning,24.42,0.0,Neutral,59.0756,1,5.0
65628,Gadget Geek,116.64,Technology,88.12,Sunday,Morning,60.12,3.0,Neutral,103.31,1,78.0
66033,Gadget Geek,64.66,Technology,71.73,Sunday,Morning,44.18,1.0,Positive,55.57,1,69.0
69554,Gadget Geek,30.69,Technology,98.59,Sunday,Morning,86.0,0.0,Negative,13.16,1,71.0
70515,Gadget Geek,56.42,Technology,68.24,Sunday,Morning,18.27,1.0,Negative,30.99261,1,98.0
72483,Gadget Geek,21.93,Technology,86.52,Sunday,Morning,97.73,2.0,Negative,10.63,1,75.0
72751,Gadget Geek,96.08,Technology,49.51,Sunday,Morning,84.8,1.0,Negative,67.18612,1,48.0
73123,Gadget Geek,66.47631443992164,Technology,55.8,Sunday,Morning,92.29,2.0,Neutral,32.88846,1,69.0
74864,Gadget Geek,79.78,Technology,71.13,Sunday,Morning,10.66,0.0,Positive,30.10123,1,85.0
75039,Gadget Geek,32.45,Technology,50.05,Sunday,Morning,10.18,2.0,Positive,25.10185,1,51.0
75842,Gadget Geek,119.17,Technology,56.53,Sunday,Morning,19.08,2.0,Negative,64.94595,1,4.0
76580,Gadget Geek,85.48,Technology,34.26,Sunday,Morning,13.08,1.0,Neutral,74.3986,1,91.0
78390,Gadget Geek,56.24,Technology,80.05,Sunday,Morning,49.04,2.0,Neutral,46.36019,1,46.0
78961,Gadget Geek,66.47631443992164,Technology,81.6,Sunday,Morning,0.0,2.0,Negative,12.93119,1,74.0
79037,Gadget Geek,54.67,Technology,78.22,Sunday,Morning,2.55,2.0,Neutral,43.39171,1,96.0
82574,Gadget Geek,66.47631443992164,Technology,50.96,Sunday,Morning,22.87,0.0,Positive,39.79899,1,98.0
85573,Gadget Geek,64.23,Technology,22.57,Sunday,Morning,0.0,0.0,Positive,60.55335,1,47.0
86533,Gadget Geek,65.05,Technology,49.98,Sunday,Morning,23.25,0.0,Neutral,52.71355,1,22.0
87838,Gadget Geek,107.25,Technology,33.92,Sunday,Morning,66.57,0.0,Negative,81.17303,1,90.0
88838,Gadget Geek,116.44,Technology,69.97,Sunday,Morning,89.14,0.0,Neutral,106.58973,1,4.0
90112,Gadget Geek,118.92,Technology,99.0,Sunday,Morning,75.79,0.0,Negative,98.90456,1,60.0
92449,Gadget Geek,49.63,Technology,49.52,Sunday,Morning,47.92,1.0,Negative,39.45158,1,7.0
94327,Gadget Geek,74.04,Technology,93.24,Sunday,Morning,12.81,0.0,Neutral,60.63165,1,21.0
94635,Gadget Geek,23.89,Technology,86.79,Sunday,Morning,0.0,1.0,Positive,10.65617,1,78.0
99088,Gadget Geek,101.27,Technology,49.6,Sunday,Morning,56.28,0.0,Neutral,85.05768,1,52.0
99936,Gadget Geek,66.47631443992164,Technology,66.75,Sunday,Morning,0.0,3.0,Neutral,72.15108,1,53.0
100093,Gadget Geek,42.55,Technology,96.52,Sunday,Morning,49.78,0.0,Negative,28.2007,1,28.0
100311,Gadget Geek,33.65,Technology,39.45,Sunday,Morning,98.11,2.0,Positive,16.85,1,47.0
100940,Gadget Geek,9.29,Technology,39.37,Sunday,Morning,36.58,1.0,Positive,6.44991,1,36.0
102987,Gadget Geek,66.17,Technology,31.02,Sunday,Morning,0.0,3.0,Negative,62.93392,1,1.0
106996,Gadget Geek,92.56,Technology,61.62,Sunday,Morning,54.66,1.0,Positive,62.15975,1,76.0
107471,Gadget Geek,72.78,Technology,82.55,Sunday,Morning,97.3,2.0,Neutral,63.63298,1,68.0
108692,Gadget Geek,66.47631443992164,Technology,62.66,Sunday,Morning,89.56,1.0,Negative,27.5257,1,17.0
109340,Gadget Geek,119.97,Technology,73.87,Sunday,Morning,75.3,1.0,Positive,112.60318,1,18.0
109787,Gadget Geek,119.59,Technology,24.27,Sunday,Morning,56.15,0.0,Neutral,119.33305,1,75.0
110460,Gadget Geek,103.98,Technology,65.12,Sunday,Morning,69.73,3.0,Positive,55.36787,1,64.0
110464,Gadget Geek,18.74,Technology,82.04,Sunday,Morning,88.09,1.0,Negative,10.0,1,28.0
111312,Gadget Geek,66.19,Technology,72.43,Sunday,Morning,88.39,3.0,Positive,31.84097,1,72.0
111327,Gadget Geek,66.47631443992164,Technology,65.46,Sunday,Morning,0.0,3.0,Positive,60.47049,1,8.0
111443,Gadget Geek,70.46,Technology,48.19,Sunday,Morning,7.0,0.0,Neutral,41.98553,1,1.0
111676,Gadget Geek,21.48,Technology,60.47,Sunday,Morning,39.15,2.0,Positive,17.15,1,58.0
113468,Gadget Geek,63.6,Technology,95.38,Sunday,Morning,52.78,2.0,Positive,47.56397,1,38.0
119814,Gadget Geek,114.66,Technology,50.84,Sunday,Morning,52.16,1.0,Neutral,85.17513,1,36.0
119887,Gadget Geek,31.29,Technology,66.75,Sunday,Morning,78.28,3.0,Positive,18.81,1,79.0
120147,Gadget Geek,44.51,Technology,63.08,Sunday,Morning,0.0,0.0,Neutral,31.41362,1,44.0
121207,Gadget Geek,14.55,Technology,27.11,Sunday,Morning,92.65,2.0,Negative,10.0,1,28.0
123995,Gadget Geek,119.62,Technology,94.79,Sunday,Morning,0.0,3.0,Positive,115.61113,1,96.0
128801,Gadget Geek,118.67,Technology,94.88,Sunday,Morning,0.0,0.0,Positive,116.07,1,20.0
131450,Gadget Geek,66.47631443992164,Technology,81.28,Sunday,Morning,23.51,1.0,Negative,61.8395,1,29.0
131468,Gadget Geek,104.89,Technology,30.53,Sunday,Morning,61.3,1.0,Negative,79.49581,1,2.0
136972,Gadget Geek,90.21,Technology,69.49,Sunday,Morning,87.26,1.0,Negative,57.2615,1,72.0
138139,Gadget Geek,63.59,Technology,60.99,Sunday,Morning,0.0,1.0,Neutral,29.23,1,36.0
138330,Gadget Geek,66.47631443992164,Technology,35.11,Sunday,Morning,60.17,1.0,Positive,5.58042,1,91.0
140742,Gadget Geek,90.19,Technology,99.8,Sunday,Morning,37.27,0.0,Positive,83.53808,1,85.0
141740,Gadget Geek,118.77,Technology,34.53,Sunday,Morning,31.22,1.0,Neutral,112.8,1,58.0
141840,Gadget Geek,7.77,Technology,73.56,Sunday,Morning,11.66,1.0,Positive,3.29829,1,71.0
143640,Gadget Geek,9.08,Technology,97.21,Sunday,Morning,40.29,1.0,Neutral,4.30548,1,15.0
144612,Gadget Geek,34.4,Technology,86.94,Sunday,Morning,76.33,3.0,Negative,18.57,1,69.0
145004,Gadget Geek,43.02,Technology,42.1,Sunday,Morning,3.83,0.0,Neutral,25.97044,1,96.0
145768,Gadget Geek,96.33,Technology,26.28,Sunday,Morning,28.12,1.0,Positive,65.28301,1,54.0
148971,Gadget Geek,86.33,Technology,42.3,Sunday,Morning,23.27,0.0,Negative,64.61624,1,1.0
149007,Gadget Geek,112.97,Technology,66.39,Sunday,Morning,62.93,1.0,Positive,96.97281,1,96.0
149254,Gadget Geek,66.47631443992164,Technology,81.28,Sunday,Morning,0.0,0.0,Neutral,79.64093,1,30.0
152435,Gadget Geek,66.47631443992164,Technology,49.13,Sunday,Morning,30.41,2.0,Positive,37.40677,1,69.0
152608,Gadget Geek,66.47631443992164,Technology,91.84,Sunday,Morning,75.6,3.0,Neutral,119.51,1,44.0
157118,Gadget Geek,66.47631443992164,Technology,67.19,Sunday,Morning,41.73,3.0,Negative,46.61,1,33.0
159153,Gadget Geek,47.89,Technology,55.8,Sunday,Morning,48.36,0.0,Neutral,28.39743,1,12.0
159445,Gadget Geek,23.14,Technology,23.69,Sunday,Morning,0.0,0.0,Neutral,8.05935,1,87.0
161251,Gadget Geek,106.82,Technology,75.22,Sunday,Morning,0.0,2.0,Neutral,79.13487,1,29.0
162790,Gadget Geek,57.93,Technology,95.88,Sunday,Morning,9.28,1.0,Positive,54.55284,1,13.0
163848,Gadget Geek,49.63,Technology,94.68,Sunday,Morning,98.47,1.0,Positive,33.83,1,80.0
165372,Gadget Geek,79.41,Technology,69.41,Sunday,Morning,82.41,3.0,Negative,57.2615,1,8.0
165971,Gadget Geek,64.98,Technology,98.11,Sunday,Morning,44.94,2.0,Positive,48.52,1,10.0
170024,Gadget Geek,119.67,Technology,32.84,Sunday,Morning,0.0,3.0,Negative,119.66,1,7.0
172850,Gadget Geek,85.9,Technology,33.57,Sunday,Morning,61.34,2.0,Positive,56.38367,1,47.0
180576,Gadget Geek,53.0,Technology,74.13,Sunday,Morning,47.22,0.0,Neutral,43.47487,1,2.0
182120,Gadget Geek,102.2,Technology,33.36,Sunday,Morning,28.38,0.0,Neutral,74.99515,1,60.0
182292,Gadget Geek,66.47631443992164,Technology,64.67,Sunday,Morning,60.81,3.0,Neutral,34.1507,1,67.0
185408,Gadget Geek,61.66,Technology,32.39,Sunday,Morning,96.81,0.0,Negative,25.98656,1,80.0
185642,Gadget Geek,101.75,Technology,27.97,Sunday,Morning,75.89,1.0,Positive,100.8604,1,54.0
186484,Gadget Geek,85.52,Technology,83.41,Sunday,Morning,29.12,1.0,Neutral,74.3986,1,89.0
186674,Gadget Geek,46.32,Technology,83.29,Sunday,Morning,32.57,0.0,Positive,40.16992,1,70.0
189437,Gadget Geek,62.38,Technology,36.72,Sunday,Morning,74.87,1.0,Neutral,55.45408,1,1.0
189998,Gadget Geek,95.19,Technology,32.45,Sunday,Morning,23.4,0.0,Neutral,71.47888,1,80.0
190156,Gadget Geek,76.12,Technology,45.82,Sunday,Morning,76.8,2.0,Positive,53.99378,1,86.0
191789,Gadget Geek,49.78,Technology,48.13,Sunday,Morning,0.0,1.0,Positive,18.41415,1,89.0
193076,Gadget Geek,66.47631443992164,Technology,28.11,Sunday,Morning,0.0,3.0,Positive,98.04618,1,70.0
193810,Gadget Geek,44.23,Technology,37.0,Sunday,Morning,49.23,3.0,Positive,40.34237,1,52.0
194793,Gadget Geek,30.18,Technology,70.13,Sunday,Morning,4.4,0.0,Negative,18.78,1,3.0
195132,Gadget Geek,28.38,Technology,96.71,Sunday,Morning,92.84,2.0,Positive,28.2,1,4.0
195192,Gadget Geek,95.86,Technology,56.18,Sunday,Morning,8.28,2.0,Positive,74.62637,1,56.0
197928,Gadget Geek,96.65,Technology,79.27,Sunday,Morning,70.67,3.0,Negative,39.02,1,29.0
200510,Gadget Geek,66.47631443992164,Technology,88.4,Sunday,Morning,5.05,3.0,Negative,7.26631,1,12.0
202931,Gadget Geek,100.72,Technology,75.85,Sunday,Morning,84.26,0.0,Positive,84.27617,1,34.0
203107,Gadget Geek,118.68,Technology,43.05,Sunday,Morning,0.0,0.0,Negative,94.99482,1,10.0
207627,Gadget Geek,12.44,Technology,96.68,Sunday,Morning,8.9,3.0,Negative,12.37414,1,86.0
207829,Gadget Geek,5.41,Technology,84.94,Sunday,Morning,0.69,3.0,Negative,0.0,1,42.0
208593,Gadget Geek,71.2,Technology,44.87,Sunday,Morning,28.45,3.0,Negative,44.31,1,42.0
209533,Gadget Geek,41.99,Technology,75.79,Sunday,Morning,15.85,3.0,Neutral,30.98155,1,36.0
212292,Gadget Geek,116.43,Technology,59.95,Sunday,Morning,89.14,0.0,Neutral,106.58973,1,62.0
212762,Gadget Geek,117.59,Technology,31.89,Sunday,Morning,0.0,3.0,Positive,85.8141,1,73.0
213658,Gadget Geek,54.32,Technology,46.38,Sunday,Morning,52.81,2.0,Positive,36.19912,1,20.0
219109,Gadget Geek,41.49,Technology,95.92,Sunday,Morning,74.48,0.0,Negative,37.55609,1,4.0
222889,Gadget Geek,109.78,Technology,58.53,Sunday,Morning,73.33,3.0,Positive,81.24422,1,70.0
223339,Gadget Geek,61.09,Technology,42.41,Sunday,Morning,44.03,1.0,Negative,51.4551,1,50.0
223564,Gadget Geek,39.38,Technology,33.66,Sunday,Morning,34.41,2.0,Positive,27.2864,1,75.0
224760,Gadget Geek,43.19,Technology,86.2,Sunday,Morning,27.68,1.0,Positive,38.05102,1,70.0
225384,Gadget Geek,117.58,True Crime,83.7,Sunday,Morning,30.51,0.0,Neutral,86.16103,1,94.0
227984,Gadget Geek,40.6,Technology,62.52,Sunday,Morning,44.66,1.0,Positive,27.74666,1,78.0
228979,Gadget Geek,40.33,Technology,85.86,Sunday,Morning,72.92,0.0,Neutral,25.69223,1,26.0
229839,Gadget Geek,113.71,Technology,30.48,Sunday,Morning,68.84,2.0,Negative,86.84875,1,8.0
233059,Gadget Geek,93.61,Technology,42.01,Sunday,Morning,49.03,0.0,Positive,86.87671,1,76.0
234543,Gadget Geek,92.2,Technology,91.77,Sunday,Morning,93.4,0.0,Negative,56.37411,1,79.0
235415,Gadget Geek,29.43,Technology,55.1,Sunday,Morning,66.96,3.0,Positive,20.35425,1,53.0
235699,Gadget Geek,5.51,Technology,67.19,Sunday,Morning,95.53,0.0,Neutral,0.35609,1,22.0
235743,Gadget Geek,66.47631443992164,Technology,40.74,Sunday,Morning,15.4,0.0,Neutral,57.00344,1,96.0
236308,Gadget Geek,66.47631443992164,Technology,88.49,Sunday,Morning,94.25,3.0,Neutral,5.16283,1,87.0
236998,Gadget Geek,84.93,Technology,80.07,Sunday,Morning,84.93,3.0,Positive,59.62512,1,75.0
237693,Gadget Geek,32.42,Technology,96.05,Sunday,Morning,44.47,1.0,Neutral,15.82524,1,73.0
237930,Gadget Geek,57.03,Technology,24.81,Sunday,Morning,1.83,0.0,Negative,54.55284,1,67.0
239640,Gadget Geek,16.51,Technology,46.48,Sunday,Morning,11.38,0.0,Positive,6.59567,1,92.0
240444,Gadget Geek,30.58,Technology,49.54,Sunday,Morning,10.77,3.0,Negative,11.01711,1,22.0
241042,Gadget Geek,98.56,Technology,32.89,Sunday,Morning,0.0,3.0,Negative,79.12503,1,49.0
241586,Gadget Geek,24.65,Technology,31.84,Sunday,Morning,28.82,0.0,Neutral,15.4,1,67.0
244203,Gadget Geek,48.65,Technology,35.65,Sunday,Morning,0.0,2.0,Positive,38.79465,1,33.0
245232,Gadget Geek,40.14,Technology,70.86,Sunday,Morning,72.33,0.0,Neutral,25.69223,1,26.0
247420,Gadget Geek,108.34,Technology,57.05,Sunday,Morning,71.32,0.0,Positive,68.81088,1,29.0
249147,Gadget Geek,39.61,Technology,30.39,Sunday,Morning,0.0,0.0,Neutral,40.76094,1,74.0
251835,Gadget Geek,64.25,Technology,59.65,Sunday,Morning,51.47,0.0,Negative,49.59116,1,80.0
256075,Gadget Geek,65.98,Technology,90.31,Sunday,Morning,90.67,1.0,Neutral,40.97,1,88.0
257112,Gadget Geek,78.99,Technology,23.15,Sunday,Morning,0.0,3.0,Positive,54.15607,1,14.0
259649,Gadget Geek,106.39,Technology,82.37,Sunday,Morning,0.0,2.0,Negative,82.90886,1,32.0
260042,Gadget Geek,78.92,Technology,44.71,Sunday,Morning,28.62,3.0,Positive,44.57,1,38.0
260464,Gadget Geek,40.85,Technology,27.31,Sunday,Morning,99.16,2.0,Neutral,20.16,1,96.0
264524,Gadget Geek,66.47631443992164,Technology,25.84,Sunday,Morning,0.0,1.0,Positive,73.34242,1,5.0
265193,Gadget Geek,56.99,Technology,59.65,Sunday,Morning,51.03,1.0,Negative,49.59116,1,54.0
267883,Gadget Geek,95.19,Technology,32.45,Sunday,Morning,23.44,0.0,Neutral,71.47888,1,80.0
268453,Gadget Geek,59.73,Technology,41.25,Sunday,Morning,93.67,3.0,Negative,39.60425,1,1.0
268649,Gadget Geek,26.52,Technology,30.22,Sunday,Morning,53.76,0.0,Positive,13.94103,1,86.0
270580,Gadget Geek,59.34,Technology,32.98,Sunday,Morning,43.43,2.0,Neutral,33.93048,1,31.0
271218,Gadget Geek,110.83,Technology,97.64,Sunday,Morning,0.0,2.0,Negative,63.16,1,79.0
276392,Gadget Geek,87.72,Technology,70.71,Sunday,Morning,2.7,0.0,Negative,43.47102,1,63.0
277353,Gadget Geek,66.47631443992164,Technology,94.68,Sunday,Morning,80.14,1.0,Positive,46.31976,1,86.0
277714,Gadget Geek,39.32,Technology,32.04,Sunday,Morning,92.65,1.0,Neutral,26.67147,1,22.0
278728,Gadget Geek,66.47631443992164,Technology,26.7,Sunday,Morning,32.21,0.0,Negative,11.0,1,66.0
280153,Gadget Geek,82.9,Technology,30.97,Sunday,Morning,17.97,2.0,Negative,62.46509,1,49.0
280266,Gadget Geek,98.6,Technology,24.74,Sunday,Morning,0.0,3.0,Neutral,72.79713,1,45.0
282679,Gadget Geek,116.03,Technology,46.66,Sunday,Morning,5.17,2.0,Positive,76.52,1,86.0
282778,Gadget Geek,93.06,Technology,28.49,Sunday,Morning,0.0,0.0,Neutral,71.47,1,80.0
283389,Gadget Geek,66.47631443992164,Technology,29.38,Sunday,Morning,9.14,2.0,Positive,50.10852,1,9.0
284484,Gadget Geek,66.47631443992164,Technology,56.29,Sunday,Morning,70.17,1.0,Negative,31.12,1,65.0
286054,Gadget Geek,41.72,Technology,89.45,Sunday,Morning,38.26,0.0,Positive,34.25555,1,95.0
286544,Gadget Geek,118.59,Technology,99.98,Sunday,Morning,4.04,0.0,Neutral,107.6911,1,7.0
287694,Gadget Geek,56.76,Technology,25.34,Sunday,Morning,70.99,2.0,Negative,31.4,1,13.0
288642,Gadget Geek,84.93,Technology,86.9,Sunday,Morning,13.41,3.0,Negative,51.3554,1,79.0
289703,Gadget Geek,119.51,Technology,87.27,Sunday,Morning,45.91,0.0,Neutral,87.26697,1,55.0
289895,Gadget Geek,28.38,Technology,92.1,Sunday,Morning,95.58,2.0,Positive,28.2,1,49.0
290296,Gadget Geek,55.1,Technology,82.43,Sunday,Morning,7.22,3.0,Neutral,40.48795,1,88.0
290586,Gadget Geek,62.45,Technology,23.84,Sunday,Morning,90.28,0.0,Positive,46.58,1,23.0
292300,Gadget Geek,45.22,Technology,34.87,Sunday,Morning,68.79,3.0,Neutral,41.22742,1,89.0
298836,Gadget Geek,66.47631443992164,Technology,33.09,Sunday,Morning,93.63,1.0,Positive,29.72,1,91.0
300695,Gadget Geek,115.03,Technology,43.88,Sunday,Morning,65.2,1.0,Negative,112.2,1,27.0
303371,Gadget Geek,71.33,Technology,61.01,Sunday,Morning,90.75,1.0,Neutral,34.5646,1,77.0
303384,Gadget Geek,26.84,Technology,93.9,Sunday,Morning,48.25,1.0,Negative,13.33,1,29.0
303574,Gadget Geek,89.04,Technology,33.4,Sunday,Morning,89.9,0.0,Positive,63.516,1,8.0
306302,Gadget Geek,98.76,Technology,71.7,Sunday,Morning,93.57,0.0,Negative,49.09,1,74.0
313750,Gadget Geek,79.4,Technology,51.81,Sunday,Morning,0.0,2.0,Negative,50.70659,1,1.0
315264,Gadget Geek,82.91,Technology,42.17,Sunday,Morning,74.04,1.0,Neutral,61.93174,1,70.0
320178,Gadget Geek,36.79,Technology,45.92,Sunday,Morning,95.19,3.0,Positive,25.2934,1,9.0
320771,Gadget Geek,48.15,Technology,25.74,Sunday,Morning,23.9,0.0,Neutral,38.28528,1,83.0
321902,Gadget Geek,68.34,Technology,77.31,Sunday,Morning,47.63,1.0,Positive,57.89108,1,80.0
322394,Gadget Geek,67.58,Technology,45.5,Sunday,Morning,0.0,1.0,Negative,45.22169,1,23.0
322559,Gadget Geek,39.39,Technology,52.73,Sunday,Morning,48.46,3.0,Positive,32.21512,1,2.0
325558,Gadget Geek,69.92,Technology,92.15,Sunday,Morning,95.83,2.0,Neutral,41.40827,1,81.0
327384,Gadget Geek,71.88,Technology,85.93,Sunday,Morning,74.9,0.0,Neutral,47.1136,1,96.0
328558,Gadget Geek,66.47631443992164,Technology,36.79,Sunday,Morning,39.06,1.0,Neutral,55.45408,1,95.0
329308,Gadget Geek,12.12,Technology,63.49,Sunday,Morning,4.12,1.0,Neutral,7.08989,1,50.0
330809,Gadget Geek,95.91,Technology,77.04,Sunday,Morning,0.0,1.0,Positive,72.29144,1,88.0
334648,Gadget Geek,8.98,Technology,58.98,Sunday,Morning,88.0,1.0,Neutral,1.87262,1,95.0
335666,Gadget Geek,53.22,Technology,57.39,Sunday,Morning,49.29,3.0,Positive,32.21512,1,18.0
337591,Gadget Geek,110.37,Technology,66.23,Sunday,Morning,63.12,1.0,Positive,96.97281,1,96.0
337965,Gadget Geek,42.6,Technology,50.23,Sunday,Morning,30.64,1.0,Positive,41.32526,1,49.0
338717,Gadget Geek,112.06,Technology,26.85,Sunday,Morning,0.0,0.0,Neutral,73.59791,1,67.0
341360,Gadget Geek,104.92,Technology,43.91,Sunday,Morning,17.31,3.0,Negative,55.52634,1,16.0
341531,Gadget Geek,82.43,Technology,29.24,Sunday,Morning,90.71,3.0,Negative,76.41696,1,100.0
341904,Gadget Geek,44.73,Technology,97.53,Sunday,Morning,22.61,3.0,Positive,38.078,1,38.0
343606,Gadget Geek,66.47631443992164,Technology,24.74,Sunday,Morning,81.03,2.0,Positive,82.75493,1,89.0
344240,Gadget Geek,92.79,Technology,81.16,Sunday,Morning,82.24,3.0,Negative,65.41,1,65.0
345239,Gadget Geek,23.14,Technology,79.85,Sunday,Morning,12.5,3.0,Positive,12.35834,1,22.0
345960,Gadget Geek,66.47631443992164,Technology,69.19,Sunday,Morning,81.97,1.0,Negative,68.93,1,35.0
348085,Gadget Geek,104.6,Technology,94.86,Sunday,Morning,62.95,2.0,Positive,95.7731,1,52.0
358353,Gadget Geek,88.37,Technology,56.15,Sunday,Morning,10.91,1.0,Negative,87.63639,1,52.0
360632,Gadget Geek,43.01,Technology,44.63,Sunday,Morning,43.91,1.0,Positive,29.58,1,82.0
360750,Gadget Geek,66.47631443992164,Technology,94.54,Sunday,Morning,98.68,1.0,Positive,67.35,1,83.0
364079,Gadget Geek,53.778,Technology,81.01,Sunday,Morning,0.0,2.0,Positive,53.77856,1,82.0
364464,Gadget Geek,66.47631443992164,Technology,49.66,Sunday,Morning,24.29,2.0,Neutral,67.00946,1,72.0
365272,Gadget Geek,66.47631443992164,Technology,70.43,Sunday,Morning,88.36,0.0,Positive,89.95408,1,70.0
366236,Gadget Geek,66.47631443992164,Technology,31.69,Sunday,Morning,73.26,0.0,Neutral,41.5432,1,98.0
366337,Gadget Geek,119.58,Technology,94.04,Sunday,Morning,0.0,2.0,Negative,88.70984,1,46.0
366359,Gadget Geek,52.03,Technology,58.41,Sunday,Morning,86.09,0.0,Positive,41.58563,1,4.0
367013,Gadget Geek,119.27,Technology,59.56,Sunday,Morning,58.68,3.0,Negative,92.46313,1,30.0
368699,Gadget Geek,25.05,Technology,60.37,Sunday,Morning,43.04,2.0,Negative,15.06521,1,62.0
369905,Gadget Geek,11.93,Technology,44.35,Sunday,Morning,37.51,2.0,Neutral,10.20416,1,58.0
374632,Gadget Geek,100.37,Technology,40.86,Sunday,Morning,0.0,1.0,Positive,92.46508,1,44.0
375408,Gadget Geek,28.47,Technology,58.14,Sunday,Morning,49.99,2.0,Positive,20.54992,1,28.0
376839,Gadget Geek,112.23,Technology,21.55,Sunday,Morning,6.45,0.0,Neutral,78.29212,1,8.0
383441,Gadget Geek,45.47,Technology,98.89,Sunday,Morning,0.0,0.0,Positive,40.87866,1,89.0
383603,Gadget Geek,111.73,Technology,66.89,Sunday,Morning,63.12,1.0,Positive,96.97281,1,96.0
384339,Gadget Geek,54.5,Technology,47.88,Sunday,Morning,32.61,2.0,Positive,36.19912,1,20.0
388516,Gadget Geek,102.52,Technology,51.6,Sunday,Morning,1.23,0.0,Positive,94.73157,1,18.0
389225,Gadget Geek,66.47631443992164,Technology,36.72,Sunday,Morning,0.0,0.0,Positive,41.27008,1,31.0
390239,Gadget Geek,65.73,Technology,86.02,Sunday,Morning,0.0,1.0,Positive,55.9507,1,55.0
390887,Gadget Geek,78.06,Technology,44.85,Sunday,Morning,42.95,0.0,Positive,59.33331,1,57.0
392267,Gadget Geek,119.53,Technology,35.83,Sunday,Morning,40.71,1.0,Neutral,100.8938,1,20.0
392721,Gadget Geek,48.85,Technology,92.25,Sunday,Morning,0.0,0.0,Positive,40.87866,1,89.0
393222,Gadget Geek,8.76,Technology,35.51,Sunday,Morning,0.0,3.0,Negative,1.2457,1,43.0
396045,Gadget Geek,73.78,Technology,56.29,Sunday,Morning,90.8,2.0,Negative,49.93,1,88.0
396210,Gadget Geek,51.09,Technology,64.13,Sunday,Morning,94.12,3.0,Positive,41.97,1,97.0
396829,Gadget Geek,36.23,Technology,35.82,Sunday,Morning,71.53,0.0,Negative,28.59436,1,62.0
398620,Gadget Geek,34.97,Technology,50.81,Sunday,Morning,41.38,0.0,Neutral,21.87103,1,75.0
398903,Gadget Geek,29.54,Technology,48.29,Sunday,Morning,41.29,3.0,Neutral,20.68507,1,50.0
399424,Gadget Geek,109.99,Technology,71.4,Sunday,Morning,98.54,1.0,Neutral,103.77,1,36.0
403454,Gadget Geek,34.0,Technology,20.72,Sunday,Morning,14.38,0.0,Negative,33.51514,1,31.0
409867,Gadget Geek,56.05,Technology,59.65,Sunday,Morning,43.83,0.0,Negative,49.59116,1,49.0
412536,Gadget Geek,34.94,Technology,73.17,Sunday,Morning,0.0,3.0,Negative,25.13,1,36.0
412739,Gadget Geek,66.47631443992164,Technology,66.15,Sunday,Morning,93.12,3.0,Negative,7.09324,1,7.0
413059,Gadget Geek,24.26,Technology,58.84,Sunday,Morning,51.43,0.0,Neutral,16.5,1,65.0
413236,Gadget Geek,44.7,Technology,47.79,Sunday,Morning,21.29,1.0,Positive,34.60924,1,100.0
413465,Gadget Geek,5.71,Technology,46.11,Sunday,Morning,48.8,1.0,Positive,2.94003,1,34.0
413747,Gadget Geek,104.52,Technology,31.35,Sunday,Morning,89.74,1.0,Positive,65.93,1,72.0
414035,Gadget Geek,17.63,Technology,36.52,Sunday,Morning,95.22,2.0,Positive,15.36841,1,54.0
414160,Gadget Geek,41.22,Technology,41.22,Sunday,Morning,88.33,0.0,Positive,25.13808,1,33.0
415168,Gadget Geek,96.33,Technology,69.29,Sunday,Morning,21.5,0.0,Neutral,58.588,1,23.0
415293,Gadget Geek,12.71,Technology,82.18,Sunday,Morning,71.14,2.0,Neutral,6.1,1,32.0
418668,Gadget Geek,45.24,Technology,40.76,Sunday,Morning,27.53,0.0,Neutral,28.59436,1,62.0
419689,Gadget Geek,7.31,Technology,29.03,Sunday,Morning,0.0,2.0,Positive,6.52,1,64.0
420840,Gadget Geek,6.87,Technology,60.47,Sunday,Morning,0.0,1.0,Neutral,6.7005,1,56.0
421434,Gadget Geek,112.7,Technology,47.26,Sunday,Morning,34.21,2.0,Negative,62.04266,1,63.0
424776,Gadget Geek,66.47631443992164,Technology,79.89,Sunday,Morning,0.0,2.0,Negative,37.48793,1,81.0
425022,Gadget Geek,37.65,Technology,82.89,Sunday,Morning,0.0,2.0,Negative,15.26986,1,64.0
427144,Gadget Geek,73.02,Technology,23.84,Sunday,Morning,90.28,0.0,Positive,46.58,1,3.0
428546,Gadget Geek,35.94,Technology,78.58,Sunday,Morning,4.39,1.0,Positive,12.79,1,67.0
431391,Gadget Geek,29.81,Technology,72.83,Sunday,Morning,90.89,3.0,Neutral,20.05409,1,95.0
434183,Gadget Geek,119.54,Technology,28.87,Sunday,Morning,0.0,1.0,Neutral,92.33507,1,50.0
435824,Gadget Geek,59.38,Technology,31.38,Sunday,Morning,13.11,2.0,Neutral,49.32985,1,10.0
436633,Gadget Geek,27.64,Technology,29.33,Sunday,Morning,28.06,1.0,Positive,11.33319,1,78.0
439534,Gadget Geek,34.44,Technology,28.84,Sunday,Morning,0.0,2.0,Neutral,12.7,1,39.0
439672,Gadget Geek,39.61,Technology,42.07,Sunday,Morning,46.84,2.0,Positive,34.79575,1,1.0
441425,Gadget Geek,66.47631443992164,Technology,51.34,Sunday,Morning,69.8,1.0,Neutral,35.06387,1,78.0
442144,Gadget Geek,7.76,Technology,97.79,Sunday,Morning,31.41,1.0,Negative,0.0,1,2.0
443599,Gadget Geek,33.65,Technology,38.68,Sunday,Morning,9.52,2.0,Positive,16.85,1,47.0
443827,Gadget Geek,88.11,Technology,51.95,Sunday,Morning,1.48,1.0,Positive,46.84748,1,41.0
445183,Gadget Geek,118.58,Technology,63.87,Sunday,Morning,52.76,2.0,Negative,75.28933,1,36.0
447582,Gadget Geek,66.47631443992164,Technology,63.4,Sunday,Morning,69.06,1.0,Positive,13.31,1,79.0
449350,Gadget Geek,21.43,Technology,68.7,Sunday,Morning,0.0,2.0,Negative,8.6,1,83.0
449408,Gadget Geek,28.87,Technology,96.72,Sunday,Morning,0.0,1.0,Neutral,16.87646,1,20.0
449575,Gadget Geek,106.64,Technology,82.5,Sunday,Morning,1.32,1.0,Neutral,105.50337,1,69.0
449770,Gadget Geek,66.47631443992164,Technology,49.82,Sunday,Morning,40.23,0.0,Negative,26.2701,1,18.0
449980,Gadget Geek,53.74,Technology,64.33,Sunday,Morning,90.52,3.0,Negative,21.74,1,4.0
450059,Gadget Geek,56.99,Technology,59.65,Sunday,Morning,61.68,0.0,Negative,49.59116,1,49.0
450845,Gadget Geek,101.36,Technology,64.7,Sunday,Morning,0.0,1.0,Neutral,75.94804,1,69.0
451685,Gadget Geek,53.0,Technology,74.13,Sunday,Morning,47.22,0.0,Neutral,43.47487,1,1.0
455461,Gadget Geek,85.12,Technology,34.36,Sunday,Morning,13.04,1.0,Neutral,74.3986,1,91.0
455702,Gadget Geek,40.14,Technology,70.86,Sunday,Morning,72.82,0.0,Neutral,25.69223,1,26.0
456993,Gadget Geek,66.47631443992164,Technology,33.41,Sunday,Morning,0.0,2.0,Negative,10.28997,1,92.0
461477,Gadget Geek,48.85,Technology,92.25,Sunday,Morning,39.69,0.0,Positive,40.87866,1,89.0
462109,Gadget Geek,42.81,Technology,27.57,Sunday,Morning,90.77,3.0,Neutral,30.35,1,93.0
462548,Gadget Geek,54.5,Technology,96.15,Sunday,Morning,32.41,1.0,Positive,36.19912,1,20.0
463743,Gadget Geek,95.17,Technology,33.92,Sunday,Morning,3.13,2.0,Positive,77.98013,1,97.0
464859,Gadget Geek,41.28,Technology,39.08,Sunday,Morning,41.44,0.0,Neutral,25.13808,1,33.0
468215,Gadget Geek,84.08,Technology,44.88,Sunday,Morning,31.41,2.0,Negative,37.30346,1,6.0
468979,Gadget Geek,38.9,Technology,40.35,Sunday,Morning,19.78,2.0,Negative,33.70541,1,51.0
469134,Gadget Geek,27.08,Technology,63.31,Sunday,Morning,0.0,3.0,Positive,18.728,1,91.0
469304,Gadget Geek,66.47631443992164,Technology,65.22,Sunday,Morning,0.0,3.0,Negative,14.5,1,67.0
470327,Gadget Geek,90.63,Technology,34.98,Sunday,Morning,66.97,3.0,Positive,45.283,1,38.0
472357,Gadget Geek,118.43,Technology,94.96,Sunday,Morning,0.0,1.0,Positive,112.43,1,26.0
473671,Gadget Geek,8.31,Technology,30.94,Sunday,Morning,20.21,3.0,Positive,0.0,1,38.0
473991,Gadget Geek,118.46,Technology,72.33,Sunday,Morning,11.08,2.0,Negative,56.72,1,26.0
473994,Gadget Geek,84.51,Technology,80.75,Sunday,Morning,10.25,1.0,Neutral,40.02399,1,85.0
474496,Gadget Geek,62.69,Technology,55.75,Sunday,Morning,32.76,1.0,Positive,35.31074,1,59.0
475510,Gadget Geek,71.4,Technology,36.5,Sunday,Morning,28.23,2.0,Neutral,44.14777,1,97.0
482489,Gadget Geek,101.92,Technology,21.41,Sunday,Morning,63.76,1.0,Positive,75.89517,1,71.0
485556,Gadget Geek,77.88,Technology,87.69,Sunday,Morning,15.01,0.0,Neutral,52.47766,1,58.0
485705,Gadget Geek,89.45,Technology,44.6,Sunday,Morning,29.45,3.0,Positive,62.2958,1,29.0
486490,Gadget Geek,56.53,Technology,31.28,Sunday,Morning,0.0,0.0,Neutral,53.645,1,73.0
487550,Gadget Geek,55.44,Technology,48.24,Sunday,Morning,0.0,3.0,Neutral,41.93243,1,8.0
487691,Gadget Geek,77.21,Technology,83.03,Sunday,Morning,47.98,0.0,Neutral,72.22596,1,87.0
487736,Gadget Geek,65.73,Technology,86.2,Sunday,Morning,97.1,3.0,Positive,55.9507,1,55.0
490611,Gadget Geek,46.96,Technology,61.08,Sunday,Morning,0.0,3.0,Neutral,42.10888,1,90.0
491476,Gadget Geek,24.99,Technology,22.77,Sunday,Morning,17.69,2.0,Neutral,16.01774,1,78.0
492646,Gadget Geek,99.02,Technology,37.36,Sunday,Morning,9.9,3.0,Positive,61.54805,1,20.0
493569,Gadget Geek,8.8,Technology,91.92,Sunday,Morning,69.76,0.0,Negative,7.46,1,48.0
493805,Gadget Geek,21.51,Technology,95.84,Sunday,Morning,95.29,0.0,Neutral,0.35609,1,42.0
494647,Gadget Geek,87.6,Technology,97.53,Sunday,Morning,0.0,3.0,Neutral,45.82712,1,51.0
496908,Gadget Geek,36.12,Technology,45.25,Sunday,Morning,77.24,3.0,Neutral,24.38177,1,93.0
497020,Gadget Geek,81.52,Technology,44.89,Sunday,Morning,81.02,2.0,Positive,79.99642,1,54.0
497071,Gadget Geek,117.45,Technology,36.12,Sunday,Morning,0.0,2.0,Negative,95.47297,1,6.0
497902,Gadget Geek,66.47631443992164,Technology,33.18,Sunday,Morning,0.0,1.0,Neutral,56.59541,1,40.0
500446,Gadget Geek,93.91,Technology,78.6,Sunday,Morning,0.0,0.0,Positive,76.15661,1,51.0
500587,Gadget Geek,96.53,Technology,84.94,Sunday,Morning,88.82,0.0,Neutral,66.63711,1,54.0
500871,Gadget Geek,60.09,Technology,40.04,Sunday,Morning,42.4,2.0,Negative,29.59939,1,24.0
501356,Gadget Geek,42.74,Technology,42.2,Sunday,Morning,88.88,3.0,Positive,16.4058,1,93.0
501479,Gadget Geek,54.52,Technology,31.88,Sunday,Morning,90.23,1.0,Positive,36.19912,1,20.0
501764,Gadget Geek,23.71,Technology,42.28,Sunday,Morning,23.35,3.0,Neutral,21.45912,1,52.0
503188,Gadget Geek,51.79,Technology,60.86,Sunday,Morning,78.27,1.0,Negative,27.36863,1,89.0
506707,Gadget Geek,82.82,Technology,29.25,Sunday,Morning,95.99,0.0,Negative,67.49326,1,70.0
507183,Gadget Geek,92.26,Technology,60.87,Sunday,Morning,89.66,3.0,Negative,67.89222,1,88.0
507287,Gadget Geek,13.08,Technology,43.2,Sunday,Morning,0.0,0.0,Neutral,8.98534,1,46.0
509345,Gadget Geek,66.47631443992164,Technology,31.69,Sunday,Morning,78.31,0.0,Negative,41.5432,1,98.0
512508,Gadget Geek,116.44,Technology,49.96,Sunday,Morning,89.14,0.0,Neutral,106.58973,1,62.0
513194,Gadget Geek,41.49,Technology,95.92,Sunday,Morning,73.32,0.0,Negative,37.55609,1,4.0
513383,Gadget Geek,54.66,Technology,42.01,Sunday,Morning,73.98,1.0,Negative,18.11599,1,67.0
513720,Gadget Geek,38.81,Technology,51.33,Sunday,Morning,0.0,2.0,Positive,27.50665,1,51.0
514290,Gadget Geek,36.93,Technology,54.6,Sunday,Morning,69.18,1.0,Neutral,34.79575,1,22.0
514789,Gadget Geek,46.42,Technology,33.78,Sunday,Morning,4.15,2.0,Positive,32.39618,1,94.0
515935,Gadget Geek,66.47631443992164,Technology,60.4,Sunday,Morning,13.42,3.0,Negative,41.27,1,70.0
517918,Gadget Geek,29.88,Technology,64.72,Sunday,Morning,9.08,1.0,Negative,13.43,1,8.0
518145,Gadget Geek,66.47631443992164,Technology,32.59,Sunday,Morning,20.09,0.0,Positive,27.85804,1,18.0
520090,Gadget Geek,66.92,Technology,33.35,Sunday,Morning,0.0,3.0,Neutral,54.4997,1,27.0
523590,Gadget Geek,24.71261107,Technology,78.58,Sunday,Morning,0.0,2.0,Neutral,24.71261,1,42.0
523853,Gadget Geek,76.04,Technology,63.11,Sunday,Morning,28.61,2.0,Negative,64.7159,1,57.0
524271,Gadget Geek,8.58,Technology,91.86,Sunday,Morning,14.08,0.0,Neutral,5.84763,1,63.0
526282,Gadget Geek,95.77,Technology,29.2,Sunday,Morning,59.42,1.0,Negative,72.29144,1,59.0
526772,Gadget Geek,66.47631443992164,Technology,89.99,Sunday,Morning,73.0,2.0,Negative,47.02,1,4.0
526997,Gadget Geek,84.56,Technology,21.42,Sunday,Morning,42.05,0.0,Neutral,57.50864,1,1.0
529832,Gadget Geek,111.27,Technology,53.24,Sunday,Morning,28.42,2.0,Negative,87.24389,1,38.0
530557,Gadget Geek,106.8,Technology,67.67,Sunday,Morning,11.42,3.0,Negative,91.0501,1,8.0
533549,Gadget Geek,28.38,Technology,92.13,Sunday,Morning,95.54,2.0,Negative,28.2,1,27.0
533759,Gadget Geek,66.47631443992164,Technology,82.75,Sunday,Morning,91.71,2.0,Negative,10.0,1,38.0
534487,Gadget Geek,109.28,Technology,34.37,Sunday,Morning,97.37,3.0,Neutral,53.52033,1,31.0
535301,Gadget Geek,108.43,Technology,89.38,Sunday,Morning,69.31,2.0,Negative,95.89012,1,79.0
536916,Gadget Geek,86.26,Technology,91.28,Sunday,Morning,73.59,1.0,Positive,63.11,1,65.0
538147,Gadget Geek,95.85,Technology,27.03,Sunday,Morning,0.0,1.0,Negative,62.43,1,23.0
542043,Gadget Geek,113.24,Technology,53.56,Sunday,Morning,38.8,1.0,Neutral,49.204,1,43.0
543027,Gadget Geek,85.12,Technology,34.26,Sunday,Morning,13.08,1.0,Neutral,74.3986,1,86.0
544095,Gadget Geek,34.15,Technology,74.29,Sunday,Morning,6.99,2.0,Positive,26.40235,1,27.0
544188,Gadget Geek,66.47631443992164,Technology,92.71,Sunday,Morning,37.34,2.0,Positive,38.65092,1,80.0
546082,Gadget Geek,33.81,Technology,45.51,Sunday,Morning,0.0,3.0,Negative,21.22866,1,96.0
546721,Gadget Geek,66.47631443992164,Technology,81.13,Sunday,Morning,36.79,1.0,Positive,38.04089,1,64.0
547176,Gadget Geek,105.74,Technology,74.47,Sunday,Morning,23.9,2.0,Negative,52.94734,1,58.0
549086,Gadget Geek,30.95,Technology,44.18,Sunday,Morning,23.36,2.0,Negative,17.4,1,31.0
550487,Gadget Geek,64.53,Technology,64.65,Sunday,Morning,82.32,3.0,Negative,54.35158,1,73.0
553703,Gadget Geek,66.47631443992164,Technology,89.36,Sunday,Morning,93.21,1.0,Positive,1.99891,1,82.0
553769,Gadget Geek,118.92,Technology,58.64,Sunday,Morning,58.69,1.0,Positive,117.87,1,69.0
553909,Gadget Geek,66.47631443992164,Technology,97.84,Sunday,Morning,0.0,3.0,Negative,30.69381,1,53.0
555156,Gadget Geek,102.77,Technology,98.44,Sunday,Morning,0.0,2.0,Negative,52.79662,1,47.0
559305,Gadget Geek,32.83,Technology,26.52,Sunday,Morning,89.78,2.0,Positive,22.5521,1,5.0
561713,Gadget Geek,25.31,Technology,50.03,Sunday,Morning,4.24,1.0,Neutral,20.50233,1,91.0
561866,Gadget Geek,47.02,Technology,35.17,Sunday,Morning,21.71,0.0,Positive,28.59436,1,67.0
561894,Gadget Geek,12.43,Technology,82.18,Sunday,Morning,71.14,2.0,Neutral,6.1,1,32.0
562346,Gadget Geek,83.95,Technology,21.05,Sunday,Morning,30.85,1.0,Negative,76.8186,1,47.0
562772,Gadget Geek,14.09,Technology,23.82,Sunday,Morning,0.0,2.0,Negative,1.72151,1,100.0
565980,Gadget Geek,71.94,Technology,51.85,Sunday,Morning,13.85,1.0,Negative,59.25381,1,35.0
567415,Gadget Geek,91.53,Technology,34.45,Sunday,Morning,0.0,0.0,Neutral,88.98755,1,28.0
568196,Gadget Geek,5.09,Technology,64.35,Sunday,Morning,6.78,1.0,Positive,1.8269,1,72.0
570726,Gadget Geek,108.0,Technology,57.98,Sunday,Morning,0.0,0.0,Negative,76.31018,1,69.0
571574,Gadget Geek,59.07,Technology,39.86,Sunday,Morning,5.64,1.0,Negative,51.43485,1,72.0
578418,Gadget Geek,66.47631443992164,Technology,39.23,Sunday,Morning,58.44,0.0,Positive,62.58,1,23.0
580879,Gadget Geek,57.13,Technology,48.23,Sunday,Morning,1.11,0.0,Negative,54.55284,1,63.0
581008,Gadget Geek,105.47,Technology,41.65,Sunday,Morning,73.7,0.0,Negative,60.67281,1,93.0
581928,Gadget Geek,23.67,Technology,29.03,Sunday,Morning,91.81,0.0,Neutral,13.15223,1,92.0
582836,Gadget Geek,43.86,Technology,50.24,Sunday,Morning,54.88,0.0,Positive,39.48103,1,79.0
583284,Gadget Geek,66.47631443992164,Technology,51.93,Sunday,Morning,0.0,2.0,Positive,35.03093,1,92.0
584415,Gadget Geek,16.13,Technology,51.7,Sunday,Morning,0.0,2.0,Positive,5.34256,1,46.0
586552,Gadget Geek,26.71,Technology,64.87,Sunday,Morning,0.0,3.0,Positive,15.79,1,83.0
588813,Gadget Geek,15.0,Technology,44.25,Sunday,Morning,62.47,1.0,Neutral,12.52697,1,11.0
591047,Gadget Geek,113.11,Technology,80.28,Sunday,Morning,0.0,1.0,Neutral,109.46,1,43.0
591580,Gadget Geek,66.47631443992164,Technology,39.37,Sunday,Morning,0.0,2.0,Positive,32.02187,1,12.0
591686,Gadget Geek,93.57,Technology,82.4,Sunday,Morning,0.0,0.0,Positive,93.57,1,24.0
592294,Gadget Geek,28.38,Technology,52.08,Sunday,Morning,90.2,2.0,Positive,28.2,1,27.0
594971,Gadget Geek,93.09,Technology,84.85,Sunday,Morning,41.9,0.0,Neutral,89.48458,1,84.0
596176,Gadget Geek,98.66,Technology,72.28,Sunday,Morning,54.09,3.0,Negative,92.46508,1,7.0
597736,Gadget Geek,74.75,Technology,56.29,Sunday,Morning,18.51,3.0,Positive,53.62047,1,15.0
599102,Gadget Geek,99.44,Technology,26.13,Sunday,Morning,37.63,3.0,Negative,59.5371,1,36.0
601028,Gadget Geek,112.68,Technology,86.82,Sunday,Morning,18.39,1.0,Positive,103.76832,1,47.0
601970,Gadget Geek,66.47631443992164,Technology,96.74,Sunday,Morning,2.11,2.0,Positive,6.98991,1,27.0
603756,Gadget Geek,63.6,Technology,97.86,Sunday,Morning,58.65,2.0,Positive,47.56397,1,38.0
603857,Gadget Geek,38.74,Technology,69.27,Sunday,Morning,61.67,3.0,Neutral,32.74,1,48.0
610629,Gadget Geek,112.66,Technology,71.07,Sunday,Morning,10.25,0.0,Neutral,66.57609,1,94.0
612230,Gadget Geek,106.98,Technology,79.73,Sunday,Morning,58.18,1.0,Neutral,95.47,1,15.0
612292,Gadget Geek,113.76,Technology,78.76,Sunday,Morning,0.0,3.0,Negative,89.95636,1,98.0
612513,Gadget Geek,25.81,Technology,35.39,Sunday,Morning,59.92,0.0,Positive,23.33105,1,89.0
612849,Gadget Geek,31.47,Technology,38.68,Sunday,Morning,58.3,2.0,Positive,16.85,1,47.0
614714,Gadget Geek,92.47,Technology,52.23,Sunday,Morning,20.76,0.0,Neutral,84.19717,1,59.0
614772,Gadget Geek,56.95,Technology,49.25,Sunday,Morning,93.44,1.0,Neutral,50.4483,1,22.0
614976,Gadget Geek,34.51,Technology,84.12,Sunday,Morning,95.45,3.0,Negative,24.2751,1,15.0
615857,Gadget Geek,25.31,Technology,59.17,Sunday,Morning,0.0,0.0,Positive,16.21178,1,43.0
624120,Gadget Geek,45.1,Technology,26.31,Sunday,Morning,0.0,1.0,Neutral,38.72107,1,13.0
624198,Gadget Geek,66.47631443992164,Technology,53.54,Sunday,Morning,43.35,0.0,Positive,27.97152,1,34.0
624872,Gadget Geek,13.09,Technology,91.56,Sunday,Morning,86.99,1.0,Negative,12.37414,1,86.0
626286,Gadget Geek,82.39,Technology,88.14,Sunday,Morning,93.18,2.0,Neutral,67.1,1,3.0
627434,Gadget Geek,50.13,Technology,65.23,Sunday,Morning,85.27,1.0,Positive,36.2,1,34.0
627950,Gadget Geek,71.97,Technology,66.86,Sunday,Morning,1.99,2.0,Negative,33.16,1,95.0
630136,Gadget Geek,45.25,Technology,48.21,Sunday,Morning,13.64,2.0,Neutral,39.92906,1,39.0
632746,Gadget Geek,45.24,Technology,35.27,Sunday,Morning,71.53,0.0,Positive,28.59436,1,42.0
633015,Gadget Geek,78.76,Technology,45.04,Sunday,Morning,51.44,1.0,Negative,56.58256,1,88.0
633467,Gadget Geek,36.39,Technology,82.33,Sunday,Morning,34.28,0.0,Negative,32.54527,1,13.0
633788,Gadget Geek,36.68,Technology,94.98,Sunday,Morning,78.06,2.0,Positive,32.82043,1,29.0
635520,Gadget Geek,46.54,Technology,86.37,Sunday,Morning,51.58,0.0,Positive,16.56983,1,98.0
637311,Gadget Geek,66.47631443992164,Technology,67.29,Sunday,Morning,23.27,3.0,Positive,34.7683,1,15.0
639024,Gadget Geek,117.51,Technology,83.7,Sunday,Morning,30.51,0.0,Neutral,86.16103,1,94.0
640537,Gadget Geek,54.51,Technology,47.88,Sunday,Morning,34.51,2.0,Positive,36.19912,1,20.0
642058,Gadget Geek,76.82,Technology,26.59,Sunday,Morning,0.0,2.0,Neutral,59.82,1,8.0
643087,Gadget Geek,18.5,Technology,41.17,Sunday,Morning,85.11,2.0,Neutral,11.84983,1,11.0
643896,Gadget Geek,53.17,Technology,49.52,Sunday,Morning,0.0,1.0,Negative,39.45158,1,7.0
645451,Gadget Geek,116.16,Technology,93.12,Sunday,Morning,85.9,1.0,Positive,111.56176,1,78.0
645533,Gadget Geek,35.42,Technology,38.01,Sunday,Morning,0.0,0.0,Negative,28.3094,1,40.0
645794,Gadget Geek,47.66,Technology,43.04,Sunday,Morning,11.41,3.0,Negative,23.54321,1,85.0
647885,Gadget Geek,90.93,Technology,66.89,Sunday,Morning,5.62,0.0,Negative,63.79118,1,89.0
649517,Gadget Geek,56.55,Technology,59.35,Sunday,Morning,51.03,3.0,Negative,49.59116,1,49.0
649792,Gadget Geek,34.73,Technology,94.77,Sunday,Morning,0.0,2.0,Positive,18.18,1,31.0
649964,Gadget Geek,95.42,Technology,30.14,Sunday,Morning,7.89,1.0,Negative,54.9735,1,21.0
651710,Gadget Geek,63.6,Technology,97.86,Sunday,Morning,52.12,2.0,Positive,47.56397,1,38.0
652753,Gadget Geek,17.46,Technology,73.66,Sunday,Morning,28.99,3.0,Negative,9.06711,1,59.0
654641,Gadget Geek,70.41,Technology,70.95,Sunday,Morning,19.56,0.0,Positive,67.63062,1,84.0
655471,Gadget Geek,54.77,Technology,98.43,Sunday,Morning,64.02,3.0,Negative,53.2814,1,64.0
655784,Gadget Geek,8.76,Technology,83.84,Sunday,Morning,63.78,3.0,Negative,7.54,1,4.0
656879,Gadget Geek,75.69,Technology,21.52,Sunday,Morning,78.89,1.0,Negative,66.0195,1,14.0
657142,Gadget Geek,13.97,Technology,81.18,Sunday,Morning,48.69,1.0,Neutral,12.75,1,50.0
657194,Gadget Geek,53.7,Technology,49.0,Sunday,Morning,41.58,0.0,Positive,41.55606,1,98.0
658920,Gadget Geek,79.78,Technology,32.7,Sunday,Morning,68.62,2.0,Positive,49.09414,1,79.0
659522,Gadget Geek,66.47631443992164,Technology,69.77,Sunday,Morning,81.49,1.0,Negative,68.93,1,79.0
659790,Gadget Geek,112.77,Technology,23.41,Sunday,Morning,99.56,1.0,Positive,67.35,1,83.0
660198,Gadget Geek,89.92,Technology,36.66,Sunday,Morning,0.0,0.0,Neutral,50.25269,1,84.0
660507,Gadget Geek,113.78,Technology,75.73,Sunday,Morning,0.0,1.0,Positive,111.20885,1,61.0
661165,Gadget Geek,41.64,Technology,73.68,Sunday,Morning,88.89,0.0,Positive,26.08202,1,9.0
661313,Gadget Geek,116.62,Technology,84.47,Sunday,Morning,12.87,3.0,Positive,66.28288,1,53.0
662626,Gadget Geek,97.02,Technology,32.09,Sunday,Morning,70.95,3.0,Neutral,54.78006,1,19.0
663126,Gadget Geek,30.34,Technology,27.27,Sunday,Morning,26.81,0.0,Positive,23.64,1,89.0
663639,Gadget Geek,56.69,Technology,44.66,Sunday,Morning,37.65,2.0,Positive,56.69859,1,61.0
664857,Gadget Geek,57.6,Technology,48.24,Sunday,Morning,9.07,1.0,Negative,54.55284,1,7.0
665149,Gadget Geek,67.57,Technology,91.44,Sunday,Morning,6.4,0.0,Neutral,57.86456,1,37.0
666607,Gadget Geek,67.73,Technology,59.79,Sunday,Morning,31.11,3.0,Neutral,58.0401,1,70.0
666645,Gadget Geek,39.48,Technology,63.99,Sunday,Morning,0.0,3.0,Negative,26.21,1,73.0
667181,Gadget Geek,111.77,Technology,31.67,Sunday,Morning,0.0,1.0,Negative,81.53127,1,15.0
667573,Gadget Geek,73.7,Technology,92.28,Sunday,Morning,13.5,2.0,Positive,57.09946,1,96.0
670455,Gadget Geek,88.18,Technology,44.78,Sunday,Morning,0.0,3.0,Negative,60.56,1,45.0
671090,Gadget Geek,53.41,Technology,83.13,Sunday,Morning,0.0,1.0,Neutral,48.26043,1,38.0
673149,Gadget Geek,117.58,True Crime,83.7,Sunday,Morning,30.51,1.0,Neutral,86.16103,1,94.0
674000,Gadget Geek,94.43,Technology,93.97,Sunday,Morning,97.31,0.0,Positive,80.93564,1,85.0
679566,Gadget Geek,41.49,Technology,95.92,Sunday,Morning,95.75,0.0,Negative,37.55609,1,4.0
680746,Gadget Geek,9.6,Technology,87.84,Sunday,Morning,30.94,3.0,Negative,9.59036,1,5.0
681422,Gadget Geek,119.56,Technology,31.26,Sunday,Morning,1.26,0.0,Positive,86.16589,1,11.0
689133,Gadget Geek,80.71,Technology,32.73,Sunday,Morning,0.0,2.0,Positive,45.4352,1,20.0
689612,Gadget Geek,32.11,Technology,95.71,Sunday,Morning,32.73,0.0,Positive,14.47809,1,96.0
689625,Gadget Geek,66.47631443992164,Technology,88.12,Sunday,Morning,0.0,3.0,Negative,32.03283,1,92.0
690151,Gadget Geek,68.49,Technology,71.04,Sunday,Morning,92.09,3.0,Positive,30.10123,1,8.0
699749,Gadget Geek,50.28,Technology,84.09,Sunday,Morning,0.0,0.0,Positive,44.51731,1,38.0
701522,Gadget Geek,23.71,Technology,81.68,Sunday,Morning,68.6,2.0,Negative,16.14303,1,78.0
707331,Gadget Geek,100.99,Technology,86.47,Sunday,Morning,68.02,3.0,Negative,66.06941,1,98.0
710474,Gadget Geek,10.63,Technology,54.03,Sunday,Morning,54.98,3.0,Negative,1.65724,1,33.0
711416,Gadget Geek,53.17,Technology,50.07,Sunday,Morning,47.92,0.0,Negative,39.45158,1,7.0
711792,Gadget Geek,30.0,Technology,64.47,Sunday,Morning,0.0,1.0,Neutral,20.90605,1,6.0
712423,Gadget Geek,90.27,Technology,43.76,Sunday,Morning,0.0,3.0,Neutral,65.0246,1,60.0
712431,Gadget Geek,116.88,Technology,95.18,Sunday,Morning,0.0,2.0,Positive,100.81426,1,91.0
713151,Gadget Geek,54.52,Technology,97.34,Sunday,Morning,32.41,1.0,Positive,36.19912,1,20.0
713788,Gadget Geek,93.97,Technology,86.07,Sunday,Morning,82.45,0.0,Negative,65.65261,1,52.0
715483,Gadget Geek,21.43,Technology,21.44,Sunday,Morning,0.0,0.0,Neutral,16.1,1,99.0
715846,Gadget Geek,79.29,Technology,92.97,Sunday,Morning,0.0,0.0,Negative,66.02899,1,14.0
716907,Gadget Geek,66.47631443992164,Technology,68.66,Sunday,Morning,0.0,3.0,Positive,29.57905,1,73.0
725765,Gadget Geek,17.73,Technology,49.08,Sunday,Morning,98.27,0.0,Positive,7.48197,1,16.0
726449,Gadget Geek,91.96,Technology,48.66,Sunday,Morning,73.06,0.0,Negative,61.58,1,23.0
727070,Gadget Geek,60.07,Technology,48.13,Sunday,Morning,7.0,0.0,Neutral,41.98553,1,81.0
727713,Gadget Geek,40.72,Technology,34.11,Sunday,Morning,0.0,2.0,Positive,14.5,1,80.0
729185,Gadget Geek,44.78,Technology,44.25,Sunday,Morning,62.96,3.0,Negative,15.70229,1,93.0
731475,Gadget Geek,66.47631443992164,Technology,70.22,Sunday,Morning,65.83,3.0,Neutral,5.89,1,70.0
732615,Gadget Geek,103.98,Technology,92.86,Sunday,Morning,0.0,1.0,Positive,81.49627,1,1.0
735725,Gadget Geek,86.18,Technology,97.16,Sunday,Morning,98.02,2.0,Neutral,38.14122,1,33.0
736390,Gadget Geek,45.24,Technology,40.76,Sunday,Morning,71.53,0.0,Positive,28.59436,1,20.0
738954,Gadget Geek,24.84,Technology,88.44,Sunday,Morning,66.83,3.0,Positive,15.9803,1,80.0
739056,Gadget Geek,66.47631443992164,Technology,26.97,Sunday,Morning,11.37,2.0,Neutral,9.01729,1,87.0
740779,Gadget Geek,110.26,Technology,83.7,Sunday,Morning,30.51,0.0,Neutral,86.16103,1,94.0
741593,Gadget Geek,56.71,Technology,96.74,Sunday,Morning,46.41,3.0,Neutral,55.9701,1,70.0
742081,Gadget Geek,111.73,Technology,66.23,Sunday,Morning,63.32,1.0,Positive,96.97281,1,96.0
742538,Gadget Geek,50.49,Technology,23.06,Sunday,Morning,3.69,3.0,Positive,24.77796,1,35.0
743126,Gadget Geek,44.33,Technology,69.25,Sunday,Morning,0.0,3.0,Negative,21.4021,1,90.0
746241,Gadget Geek,101.28,Technology,50.32,Sunday,Morning,9.7,0.0,Negative,67.56653,1,23.0
747455,Gadget Geek,45.41,Technology,87.19,Sunday,Morning,0.0,2.0,Positive,27.5,1,64.0
747916,Gadget Geek,33.84,Technology,74.73,Sunday,Morning,16.11,0.0,Neutral,21.97018,1,98.0
751400,Gadget Geek,53.0,Technology,71.13,Sunday,Morning,47.1,0.0,Neutral,,0,1.0
752160,Gadget Geek,81.39,Technology,29.2,Sunday,Morning,9.32,0.0,Negative,,0,10.0
752178,Gadget Geek,39.47,Technology,26.11,Sunday,Morning,71.0,1.0,Positive,,0,68.0
752432,Gadget Geek,24.07,Technology,94.94,Sunday,Morning,12.36,1.0,Negative,,0,6.0
753283,Gadget Geek,114.37,Technology,60.06,Sunday,Morning,32.31,0.0,Positive,,0,17.0
756100,Gadget Geek,38.47,Technology,72.12,Sunday,Morning,0.0,3.0,Positive,,0,64.0
762164,Gadget Geek,66.47631443992164,Technology,69.19,Sunday,Morning,81.82,1.0,Negative,,0,35.0
762336,Gadget Geek,93.55,Technology,45.25,Sunday,Morning,0.0,1.0,Positive,,0,11.0
764050,Gadget Geek,116.67,Technology,95.86,Sunday,Morning,95.13,3.0,Negative,,0,24.0
765565,Gadget Geek,85.12,Technology,34.36,Sunday,Morning,27.37,1.0,Neutral,,0,91.0
765594,Gadget Geek,66.47631443992164,Technology,96.04,Sunday,Morning,0.0,0.0,Negative,,0,98.0
765792,Gadget Geek,39.99,Technology,34.79,Sunday,Morning,23.35,3.0,Negative,,0,79.0
765877,Gadget Geek,36.23,Technology,40.59,Sunday,Morning,37.76,0.0,Neutral,,0,62.0
766818,Gadget Geek,66.47631443992164,Technology,55.13,Sunday,Morning,53.25,2.0,Negative,,0,44.0
767513,Gadget Geek,7.76,Technology,39.76,Sunday,Morning,0.0,1.0,Negative,,0,85.0
768126,Gadget Geek,75.38,Technology,25.82,Sunday,Morning,68.66,2.0,Positive,,0,81.0
770501,Gadget Geek,25.43,Technology,24.45,Sunday,Morning,51.19,0.0,Positive,,0,87.0
770694,Gadget Geek,85.12,Technology,83.19,Sunday,Morning,47.3,1.0,Neutral,,0,51.0
771063,Gadget Geek,111.22,Technology,94.4,Sunday,Morning,26.5,3.0,Negative,,0,59.0
775098,Gadget Geek,102.77,Technology,60.04,Sunday,Morning,60.68,3.0,Positive,,0,76.0
776505,Gadget Geek,35.35,Technology,76.35,Sunday,Morning,1.63,0.0,Negative,,0,67.0
776724,Gadget Geek,33.24,Technology,94.72,Sunday,Morning,0.0,1.0,Negative,,0,97.0
776884,Gadget Geek,21.77,Technology,88.75,Sunday,Morning,35.83,3.0,Neutral,,0,73.0
780133,Gadget Geek,76.09,Technology,92.79,Sunday,Morning,28.61,1.0,Negative,,0,81.0
780376,Gadget Geek,96.65,Technology,26.72,Sunday,Morning,0.0,3.0,Negative,,0,79.0
781730,Gadget Geek,53.37,Technology,30.89,Sunday,Morning,38.7,0.0,Negative,,0,93.0
782709,Gadget Geek,112.77,Technology,27.02,Sunday,Morning,88.59,1.0,Negative,,0,83.0
787253,Gadget Geek,110.37,Technology,66.23,Sunday,Morning,62.93,1.0,Positive,,0,96.0
788182,Gadget Geek,47.53,Technology,35.17,Sunday,Morning,71.52,0.0,Positive,,0,20.0
788284,Gadget Geek,45.24,Technology,35.72,Sunday,Morning,39.53,0.0,Negative,,0,82.0
788442,Gadget Geek,57.93,Technology,88.85,Sunday,Morning,9.07,0.0,Negative,,0,7.0
792225,Gadget Geek,70.07,Technology,27.02,Sunday,Morning,0.0,0.0,Negative,,0,7.0
793109,Gadget Geek,87.72,Technology,50.76,Sunday,Morning,97.17,2.0,Positive,,0,96.0
793482,Gadget Geek,47.85,Technology,28.73,Sunday,Morning,93.95,0.0,Neutral,,0,52.0
793593,Gadget Geek,96.14,Technology,51.5,Sunday,Morning,79.27,2.0,Neutral,,0,97.0
794064,Gadget Geek,110.11,Technology,77.11,Sunday,Morning,16.94,3.0,Negative,,0,81.0
795045,Gadget Geek,111.44,Technology,47.45,Sunday,Morning,56.06,3.0,Positive,,0,54.0
795305,Gadget Geek,95.23,Technology,82.58,Sunday,Morning,93.21,0.0,Positive,,0,27.0
795571,Gadget Geek,66.47631443992164,Technology,59.81,Sunday,Morning,0.0,0.0,Positive,,0,22.0
795598,Gadget Geek,85.12,Technology,83.41,Sunday,Morning,29.12,1.0,Neutral,,0,51.0
796432,Gadget Geek,65.98,Technology,82.47,Sunday,Morning,72.62,0.0,Neutral,,0,58.0
796576,Gadget Geek,34.06,Technology,40.92,Sunday,Morning,0.0,0.0,Negative,,0,14.0
797039,Gadget Geek,96.79,Technology,27.26,Sunday,Morning,66.39,2.0,Neutral,,0,89.0
797105,Gadget Geek,107.05,Technology,22.32,Sunday,Morning,84.78,1.0,Neutral,,0,13.0
797880,Gadget Geek,27.8,Technology,29.81,Sunday,Morning,0.0,2.0,Negative,,0,78.0
798220,Gadget Geek,96.33,Technology,39.47,Sunday,Morning,88.3,1.0,Neutral,,0,78.0
800745,Gadget Geek,56.07,Technology,84.37,Sunday,Morning,84.96,3.0,Positive,,0,84.0
802040,Gadget Geek,72.43,Technology,35.06,Sunday,Morning,24.87,1.0,Neutral,,0,48.0
805045,Gadget Geek,66.47631443992164,Technology,92.13,Sunday,Morning,0.0,2.0,Neutral,,0,13.0
805194,Gadget Geek,78.83,Technology,58.01,Sunday,Morning,73.65,0.0,Positive,,0,59.0
805631,Gadget Geek,32.87,Technology,90.33,Sunday,Morning,84.23,3.0,Neutral,,0,64.0
805801,Gadget Geek,45.3,Technology,35.2,Sunday,Morning,39.49,0.0,Positive,,0,10.0
806149,Gadget Geek,54.85,Technology,27.56,Sunday,Morning,0.0,3.0,Positive,,0,7.0
806362,Gadget Geek,53.0,Technology,71.93,Sunday,Morning,44.13,0.0,Neutral,,0,2.0
807598,Gadget Geek,36.23,Technology,35.65,Sunday,Morning,71.53,0.0,Positive,,0,62.0
812824,Gadget Geek,19.41,Technology,68.31,Sunday,Morning,22.82,3.0,Negative,,0,45.0
817111,Gadget Geek,105.14,Technology,45.75,Sunday,Morning,4.93,0.0,Negative,,0,68.0
818825,Gadget Geek,103.02,Technology,34.03,Sunday,Morning,88.28,3.0,Neutral,,0,37.0
820246,Gadget Geek,70.83,Technology,24.75,Sunday,Morning,0.0,0.0,Negative,,0,38.0
820438,Gadget Geek,66.47631443992164,Technology,79.39,Sunday,Morning,99.39,1.0,Positive,,0,87.0
823187,Gadget Geek,20.76,Technology,30.24,Sunday,Morning,44.4,0.0,Neutral,,0,58.0
823360,Gadget Geek,66.47631443992164,Technology,37.59,Sunday,Morning,63.45,2.0,Negative,,0,77.0
823562,Gadget Geek,6.26,Technology,55.07,Sunday,Morning,48.18,1.0,Neutral,,0,87.0
826910,Gadget Geek,75.25,Technology,49.99,Sunday,Morning,9.98,0.0,Negative,,0,48.0
829215,Gadget Geek,23.43,Technology,50.51,Sunday,Morning,24.35,3.0,Positive,,0,71.0
829524,Gadget Geek,45.65,Technology,99.71,Sunday,Morning,0.0,3.0,Negative,,0,61.0
831770,Gadget Geek,108.52,Technology,82.42,Sunday,Morning,73.52,0.0,Positive,,0,50.0
831868,Gadget Geek,66.47631443992164,Technology,27.84,Sunday,Morning,94.14,0.0,Neutral,,0,48.0
836277,Gadget Geek,64.79,Technology,29.81,Sunday,Morning,0.0,3.0,Neutral,,0,29.0
837393,Gadget Geek,96.68,Technology,87.84,Sunday,Morning,96.81,2.0,Neutral,,0,78.0
839494,Gadget Geek,66.47631443992164,Technology,38.17,Sunday,Morning,93.89,1.0,Positive,,0,28.0
841867,Gadget Geek,60.95,Technology,77.27,Sunday,Morning,38.72,3.0,Negative,,0,72.0
845665,Gadget Geek,116.16,Technology,90.6,Sunday,Morning,85.1,1.0,Positive,,0,78.0
846082,Gadget Geek,73.97,Technology,70.13,Sunday,Morning,17.72,3.0,Negative,,0,32.0
846150,Gadget Geek,97.93,Technology,48.62,Sunday,Morning,9.69,0.0,Negative,,0,7.0
846159,Gadget Geek,12.59,Technology,79.66,Sunday,Morning,0.0,3.0,Neutral,,0,68.0
847163,Gadget Geek,16.54,Technology,60.19,Sunday,Morning,56.27,2.0,Negative,,0,91.0
848406,Gadget Geek,101.97,Technology,37.1,Sunday,Morning,38.85,1.0,Neutral,,0,31.0
848741,Gadget Geek,109.28,Technology,36.59,Sunday,Morning,83.82,3.0,Positive,,0,70.0
849108,Gadget Geek,85.11,Technology,78.71,Sunday,Morning,0.0,3.0,Neutral,,0,26.0
850223,Gadget Geek,110.68,Technology,62.9,Sunday,Morning,50.55,3.0,Positive,,0,27.0
850341,Gadget Geek,66.47631443992164,Technology,27.36,Sunday,Morning,65.26,3.0,Negative,,0,23.0
852047,Gadget Geek,7.71,Technology,31.52,Sunday,Morning,0.0,2.0,Negative,,0,78.0
852149,Gadget Geek,75.93,Technology,90.63,Sunday,Morning,66.43,3.0,Neutral,,0,56.0
852920,Gadget Geek,66.47631443992164,Technology,52.42,Sunday,Morning,52.98,3.0,Positive,,0,22.0
857663,Gadget Geek,41.32,Technology,86.74,Sunday,Morning,53.86,3.0,Negative,,0,4.0
859646,Gadget Geek,85.13,Technology,83.41,Sunday,Morning,13.15,1.0,Neutral,,0,91.0
860090,Gadget Geek,103.92,Technology,71.91,Sunday,Morning,20.92,0.0,Negative,,0,35.0
862817,Gadget Geek,28.38,Technology,51.08,Sunday,Morning,92.08,2.0,Positive,,0,12.0
863076,Gadget Geek,118.87,Technology,93.48,Sunday,Morning,9.95,2.0,Negative,,0,78.0
864107,Gadget Geek,94.04,Technology,68.93,Sunday,Morning,31.71,3.0,Positive,,0,23.0
864410,Gadget Geek,45.81,Technology,92.25,Sunday,Morning,39.69,0.0,Positive,,0,68.0
866156,Gadget Geek,65.98,Technology,80.43,Sunday,Morning,0.58,1.0,Neutral,,0,19.0
866500,Gadget Geek,117.47,Technology,89.42,Sunday,Morning,16.38,0.0,Positive,,0,67.0
866984,Gadget Geek,31.13,Technology,70.92,Sunday,Morning,28.92,0.0,Positive,,0,67.0
871937,Gadget Geek,40.68,Technology,27.97,Sunday,Morning,36.79,3.0,Negative,,0,65.0
872156,Gadget Geek,111.06,Technology,34.76,Sunday,Morning,49.23,0.0,Positive,,0,22.0
872206,Gadget Geek,39.96,Technology,41.77,Sunday,Morning,23.11,1.0,Positive,,0,80.0
873732,Gadget Geek,9.29,Technology,45.11,Sunday,Morning,58.17,1.0,Neutral,,0,36.0
875081,Gadget Geek,66.47631443992164,Technology,95.28,Sunday,Morning,39.72,3.0,Negative,,0,58.0
875545,Gadget Geek,54.65,Technology,50.34,Sunday,Morning,96.6,1.0,Negative,,0,49.0
876153,Gadget Geek,76.09,Technology,63.11,Sunday,Morning,28.61,1.0,Negative,,0,34.0
878422,Gadget Geek,113.3,Technology,94.99,Sunday,Morning,81.38,0.0,Positive,,0,86.0
880104,Gadget Geek,93.22,Technology,61.95,Sunday,Morning,24.07,0.0,Positive,,0,78.0
881457,Gadget Geek,90.27,Technology,95.05,Sunday,Morning,48.4,3.0,Positive,,0,13.0
884442,Gadget Geek,45.47,Technology,92.25,Sunday,Morning,39.69,0.0,Positive,,0,89.0
885541,Gadget Geek,45.24,Technology,35.26,Sunday,Morning,71.52,0.0,Positive,,0,20.0
886132,Gadget Geek,95.77,Technology,29.61,Sunday,Morning,18.68,2.0,Positive,,0,27.0
888363,Gadget Geek,49.96,Technology,90.68,Sunday,Morning,24.86,1.0,Negative,,0,8.0
888644,Gadget Geek,114.44,Technology,60.53,Sunday,Morning,81.1,2.0,Positive,,0,4.0
888963,Gadget Geek,99.61,Technology,82.49,Sunday,Morning,0.0,0.0,Neutral,,0,43.0
889619,Gadget Geek,36.51,Technology,58.57,Sunday,Morning,54.71,3.0,Negative,,0,13.0
895133,Gadget Geek,32.8,Technology,63.11,Sunday,Morning,30.76,1.0,Positive,,0,75.0
895894,Gadget Geek,112.41,Technology,56.15,Sunday,Morning,93.31,1.0,Positive,,0,94.0
896259,Gadget Geek,113.33,Technology,64.71,Sunday,Morning,65.77,3.0,Negative,,0,68.0
896655,Gadget Geek,66.47631443992164,Technology,35.13,Sunday,Morning,59.5,1.0,Positive,,0,34.0
902838,Gadget Geek,66.47631443992164,Technology,21.57,Sunday,Morning,9.87,0.0,Negative,,0,97.0
903385,Gadget Geek,118.89,Technology,97.71,Sunday,Morning,62.84,1.0,Positive,,0,61.0
906208,Gadget Geek,41.8,Technology,99.3,Sunday,Morning,67.49,1.0,Negative,,0,26.0
906465,Gadget Geek,110.02,Technology,66.04,Sunday,Morning,4.03,0.0,Negative,,0,89.0
906502,Gadget Geek,33.99,Technology,39.06,Sunday,Morning,44.33,2.0,Negative,,0,88.0
906900,Gadget Geek,15.92,Technology,55.02,Sunday,Morning,26.12,3.0,Positive,,0,65.0
907092,Gadget Geek,99.96,Technology,94.96,Sunday,Morning,58.88,3.0,Positive,,0,13.0
908907,Gadget Geek,81.57,Technology,91.52,Sunday,Morning,16.56,3.0,Neutral,,0,18.0
909606,Gadget Geek,36.32,Technology,40.9,Sunday,Morning,47.43,0.0,Negative,,0,4.0
909656,Gadget Geek,106.8,Technology,29.68,Sunday,Morning,71.0,2.0,Neutral,,0,45.0
910727,Gadget Geek,77.06,Technology,74.81,Sunday,Morning,90.8,1.0,Positive,,0,81.0
911992,Gadget Geek,13.12,Technology,46.11,Sunday,Morning,65.28,2.0,Neutral,,0,43.0
912264,Gadget Geek,64.73,Technology,94.84,Sunday,Morning,51.48,3.0,Positive,,0,8.0
915140,Gadget Geek,85.12,Technology,83.41,Sunday,Morning,13.71,1.0,Neutral,,0,86.0
917416,Gadget Geek,99.2,Technology,39.06,Sunday,Morning,0.0,3.0,Positive,,0,33.0
917831,Gadget Geek,115.23,Technology,69.87,Sunday,Morning,81.34,1.0,Neutral,,0,47.0
922413,Gadget Geek,33.19,Technology,35.07,Sunday,Morning,43.44,0.0,Positive,,0,47.0
923464,Gadget Geek,99.32,Technology,38.37,Sunday,Morning,42.05,3.0,Positive,,0,52.0
923869,Gadget Geek,88.87,Technology,86.22,Sunday,Morning,58.68,1.0,Negative,,0,59.0
924107,Gadget Geek,110.97,Technology,78.2,Sunday,Morning,74.79,0.0,Negative,,0,11.0
928926,Gadget Geek,112.55,Technology,27.02,Sunday,Morning,88.59,1.0,Positive,,0,83.0
929157,Gadget Geek,82.86,Technology,88.02,Sunday,Morning,15.64,1.0,Positive,,0,88.0
929161,Gadget Geek,39.4,Technology,79.89,Sunday,Morning,2.35,3.0,Positive,,0,69.0
932787,Gadget Geek,57.16,Technology,98.6,Sunday,Morning,53.97,0.0,Neutral,,0,6.0
934283,Gadget Geek,89.46,Technology,79.65,Sunday,Morning,0.0,2.0,Negative,,0,46.0
934478,Gadget Geek,77.27,Technology,88.23,Sunday,Morning,0.0,1.0,Neutral,,0,91.0
939289,Gadget Geek,79.03,Technology,31.44,Sunday,Morning,53.41,3.0,Negative,,0,67.0
941567,Gadget Geek,24.0,Technology,70.65,Sunday,Morning,13.41,2.0,Neutral,,0,76.0
942829,Gadget Geek,103.04,Technology,37.27,Sunday,Morning,90.9,3.0,Positive,,0,59.0
942843,Gadget Geek,34.87,Technology,92.67,Sunday,Morning,12.32,3.0,Positive,,0,97.0
944625,Gadget Geek,85.57,Technology,63.7,Sunday,Morning,0.0,0.0,Positive,,0,92.0
945747,Gadget Geek,115.51,Technology,20.18,Sunday,Morning,0.0,0.0,Positive,,0,20.0
950500,Gadget Geek,34.43,Technology,56.43,Sunday,Morning,56.47,2.0,Negative,,0,52.0
951536,Gadget Geek,86.27,Technology,27.86,Sunday,Morning,25.79,1.0,Neutral,,0,57.0
952212,Gadget Geek,44.5,Technology,82.89,Sunday,Morning,55.92,2.0,Neutral,,0,2.0
953966,Gadget Geek,111.73,Technology,64.63,Sunday,Morning,63.93,1.0,Positive,,0,96.0
954346,Gadget Geek,54.52,Technology,97.34,Sunday,Morning,32.61,2.0,Positive,,0,20.0
955680,Gadget Geek,63.52,Technology,66.54,Sunday,Morning,0.0,1.0,Positive,,0,51.0
956058,Gadget Geek,86.42,Technology,21.36,Sunday,Morning,73.96,1.0,Neutral,,0,15.0
957502,Gadget Geek,116.66,Technology,47.15,Sunday,Morning,0.0,1.0,Negative,,0,68.0
957788,Gadget Geek,81.68,Technology,69.2,Sunday,Morning,60.69,0.0,Neutral,,0,28.0
961870,Gadget Geek,45.24,Technology,35.17,Sunday,Morning,39.52,0.0,Negative,,0,20.0
965198,Gadget Geek,118.46,Technology,27.26,Sunday,Morning,0.0,3.0,Neutral,,0,78.0
967344,Gadget Geek,117.4,Technology,63.0,Sunday,Morning,0.0,3.0,Positive,,0,54.0
968089,Gadget Geek,56.2,Technology,94.78,Sunday,Morning,51.21,3.0,Positive,,0,70.0
968334,Gadget Geek,83.65,Technology,95.15,Sunday,Morning,23.9,1.0,Negative,,0,46.0
969549,Gadget Geek,66.47631443992164,Technology,59.25,Sunday,Morning,95.81,3.0,Negative,,0,30.0
971073,Gadget Geek,11.43,Technology,29.94,Sunday,Morning,0.0,1.0,Neutral,,0,49.0
976977,Gadget Geek,66.47631443992164,Technology,85.77,Sunday,Morning,88.49,2.0,Positive,,0,61.0
978531,Gadget Geek,18.4,Technology,69.1,Sunday,Morning,38.34,1.0,Positive,,0,66.0
978927,Gadget Geek,66.47631443992164,Technology,61.61,Sunday,Morning,61.79,2.0,Positive,,0,12.0
979124,Gadget Geek,119.27,Technology,58.21,Sunday,Morning,51.64,0.0,Negative,,0,98.0
979718,Gadget Geek,13.8,Technology,97.96,Sunday,Morning,93.06,3.0,Neutral,,0,4.0
980145,Gadget Geek,83.03,Technology,29.65,Sunday,Morning,31.44,1.0,Neutral,,0,50.0
985515,Gadget Geek,66.47631443992164,Technology,76.39,Sunday,Morning,0.0,2.0,Neutral,,0,73.0
990751,Gadget Geek,66.47631443992164,Technology,93.1,Sunday,Morning,16.32,1.0,Negative,,0,14.0
991266,Gadget Geek,97.76,Technology,74.28,Sunday,Morning,73.12,0.0,Positive,,0,48.0
991881,Gadget Geek,115.59,Technology,78.53,Sunday,Morning,24.59,2.0,Positive,,0,83.0
992610,Gadget Geek,6.79,Technology,89.25,Sunday,Morning,0.0,1.0,Positive,,0,36.0
992855,Gadget Geek,62.38,Technology,36.06,Sunday,Morning,29.29,1.0,Neutral,,0,94.0
994560,Gadget Geek,113.24,Technology,52.44,Sunday,Morning,38.44,1.0,Neutral,,0,43.0
996676,Gadget Geek,83.99,Technology,23.76,Sunday,Morning,31.67,1.0,Negative,,0,47.0
997436,Gadget Geek,79.89,Technology,50.09,Sunday,Morning,59.08,0.0,Positive,,0,25.0
999097,Gadget Geek,66.47631443992164,Technology,35.62,Sunday,Morning,51.64,2.0,Negative,,0,69.0
