id,Podcast_Name,Episode_Length_minutes,Genre,Host_Popularity_percentage,Publication_Day,Publication_Time,Guest_Popularity_percentage,Number_of_Ads,Episode_Sentiment,Listening_Time_minutes,is_train,Episode_Number
2313,Gadget Geek,14.47,Technology,28.79,Tuesday,Afternoon,82.29,1.0,Neutral,8.90176,1,40.0
4420,Gadget Geek,103.55,Technology,35.99,Tuesday,Afternoon,0.0,0.0,Neutral,103.55785,1,72.0
7274,Gadget Geek,67.4,Technology,91.83,Tuesday,Afternoon,31.33,0.0,Negative,67.34801,1,70.0
11196,Gadget Geek,112.35,Technology,46.43,Tuesday,Afternoon,58.67,1.0,Negative,76.48825,1,13.0
13186,Gadget Geek,97.99,Technology,71.07,Tuesday,Afternoon,68.86,1.0,Negative,83.9165,1,1.0
13797,Gadget Geek,115.67,Technology,57.19,Tuesday,Afternoon,0.0,0.0,Negative,65.90304,1,55.0
14765,Gadget Geek,114.74,Technology,28.29,Tuesday,Afternoon,36.52,1.0,Positive,82.75493,1,75.0
14775,Gadget Geek,105.32,Technology,26.48,Tuesday,Afternoon,34.29,2.0,Negative,64.74103,1,54.0
21647,Gadget Geek,80.39,Technology,83.14,Tuesday,Afternoon,13.46,1.0,Neutral,52.20391,1,75.0
23991,Gadget Geek,66.88493211778656,Technology,21.89,Tuesday,Afternoon,0.0,1.0,Neutral,30.49101,1,18.0
24194,Gadget Geek,96.15,Technology,45.97,Tuesday,Afternoon,94.69,1.0,Positive,89.19915,1,37.0
24564,Gadget Geek,99.84,Technology,99.02,Tuesday,Afternoon,33.13,1.0,Positive,90.46441,1,46.0
25359,Gadget Geek,48.44,Technology,36.51,Tuesday,Afternoon,42.51,1.0,Negative,39.0803,1,90.0
25778,Gadget Geek,67.69,Technology,82.08,Tuesday,Afternoon,72.87,2.0,Positive,52.08282,1,78.0
31242,Gadget Geek,66.88493211778656,Technology,47.93,Tuesday,Afternoon,0.0,0.0,Positive,14.93,1,21.0
34091,Gadget Geek,71.74,Technology,28.88,Tuesday,Afternoon,18.92,0.0,Positive,61.05521,1,26.0
35741,Gadget Geek,74.3905,Technology,59.36,Tuesday,Afternoon,95.74,0.0,Positive,42.56533,1,27.0
35962,Gadget Geek,66.88493211778656,Technology,22.5,Tuesday,Afternoon,75.7,0.0,Neutral,45.74514,1,27.0
37967,Gadget Geek,92.09,Technology,97.73,Tuesday,Afternoon,44.88,2.0,Negative,57.2807,1,87.0
37983,Gadget Geek,6.76,Technology,80.13,Tuesday,Afternoon,85.08,0.0,Positive,2.82804,1,64.0
39980,Gadget Geek,66.88493211778656,Technology,35.44,Tuesday,Afternoon,36.12,2.0,Neutral,42.08955,1,87.0
40218,Gadget Geek,32.61,Technology,38.21,Tuesday,Afternoon,0.0,3.0,Positive,23.5563,1,18.0
40596,Gadget Geek,108.78,Technology,27.11,Tuesday,Afternoon,85.28,2.0,Neutral,87.51182,1,37.0
40816,Gadget Geek,27.27,Technology,47.55,Tuesday,Afternoon,0.0,2.0,Negative,12.82082,1,92.0
42872,Gadget Geek,26.39,Technology,35.28,Tuesday,Afternoon,50.57,1.0,Negative,13.73,1,40.0
43079,Gadget Geek,66.88493211778656,Technology,92.88,Tuesday,Afternoon,0.0,3.0,Positive,39.00798,1,88.0
43340,Gadget Geek,66.88493211778656,Technology,48.95,Tuesday,Afternoon,94.21,1.0,Neutral,25.6903,1,78.0
43565,Gadget Geek,114.62,Technology,78.23,Tuesday,Afternoon,34.39,0.0,Positive,113.14,1,8.0
46090,Gadget Geek,18.9,Technology,29.99,Tuesday,Afternoon,83.7,0.0,Neutral,11.07066,1,24.0
46474,Gadget Geek,66.88493211778656,Technology,82.35,Tuesday,Afternoon,0.0,3.0,Positive,21.58475,1,72.0
49386,Gadget Geek,93.21,Technology,26.71,Tuesday,Afternoon,0.0,2.0,Negative,66.61434,1,67.0
50101,Gadget Geek,86.63,Technology,53.8,Tuesday,Afternoon,0.81,0.0,Positive,71.32873,1,5.0
50423,Gadget Geek,56.74,Technology,88.21,Tuesday,Afternoon,0.0,1.0,Positive,42.99076,1,85.0
56147,Gadget Geek,114.7,Technology,78.58,Tuesday,Afternoon,34.61,0.0,Positive,113.14,1,64.0
57024,Gadget Geek,40.93,Technology,30.01,Tuesday,Afternoon,61.92,0.0,Positive,29.25286,1,2.0
57317,Gadget Geek,82.81,Technology,83.39,Tuesday,Afternoon,61.73,1.0,Neutral,66.29387,1,46.0
57610,Gadget Geek,21.44,Technology,75.93,Tuesday,Afternoon,28.7,2.0,Positive,10.84624,1,43.0
57981,Gadget Geek,17.31,Technology,79.86,Tuesday,Afternoon,42.81,1.0,Negative,5.39958,1,71.0
58633,Gadget Geek,20.58,Technology,76.44,Tuesday,Afternoon,9.7,3.0,Negative,19.29488,1,73.0
59156,Gadget Geek,91.08,Technology,22.31,Tuesday,Afternoon,94.61,3.0,Positive,67.89222,1,88.0
62234,Gadget Geek,14.84,Technology,93.95,Tuesday,Afternoon,0.0,3.0,Neutral,13.31192,1,94.0
68085,Gadget Geek,64.2,Technology,31.55,Tuesday,Afternoon,1.82,0.0,Neutral,54.50521,1,91.0
79722,Gadget Geek,61.93,Technology,95.19,Tuesday,Afternoon,13.81,0.0,Neutral,52.64808,1,33.0
83257,Gadget Geek,15.72,Technology,79.81,Tuesday,Afternoon,45.29,2.0,Positive,15.34105,1,83.0
84615,Gadget Geek,69.49,Technology,29.51,Tuesday,Afternoon,0.0,0.0,Positive,28.52729,1,55.0
85620,Gadget Geek,82.17,Technology,74.99,Tuesday,Afternoon,76.31,1.0,Negative,66.61456,1,76.0
86039,Gadget Geek,50.94,Technology,40.15,Tuesday,Afternoon,0.0,0.0,Negative,32.64488,1,46.0
90305,Gadget Geek,39.77,Technology,81.11,Tuesday,Afternoon,65.23,1.0,Negative,26.03636,1,62.0
93614,Gadget Geek,59.91,Technology,31.43,Tuesday,Afternoon,1.75,1.0,Neutral,54.50521,1,91.0
95915,Gadget Geek,54.62,Technology,21.16,Tuesday,Afternoon,73.71,0.0,Neutral,45.82444,1,28.0
96449,Gadget Geek,90.24,Technology,27.16,Tuesday,Afternoon,46.05,1.0,Positive,54.87048,1,48.0
97689,Gadget Geek,21.2,Technology,97.7,Tuesday,Afternoon,99.68,0.0,Negative,9.75251,1,30.0
98337,Gadget Geek,58.64,Music,58.18,Tuesday,Afternoon,85.55,0.0,Neutral,52.50521,1,12.0
102045,Gadget Geek,66.88493211778656,Technology,78.24,Tuesday,Afternoon,78.41,1.0,Positive,8.17059,1,24.0
106359,Gadget Geek,66.88493211778656,Technology,59.53,Tuesday,Afternoon,64.05,2.0,Negative,73.41725,1,68.0
109357,Gadget Geek,15.38,Technology,92.66,Tuesday,Afternoon,8.41,2.0,Neutral,8.09,1,77.0
109483,Gadget Geek,33.55,Technology,86.93,Tuesday,Afternoon,50.72,0.0,Negative,14.94,1,52.0
110046,Gadget Geek,117.07,Technology,84.84,Tuesday,Afternoon,81.84,0.0,Positive,92.71046,1,73.0
111266,Gadget Geek,51.13,Technology,29.85,Tuesday,Afternoon,0.0,0.0,Neutral,23.20899,1,76.0
112674,Gadget Geek,86.59,Technology,49.27,Tuesday,Afternoon,59.61,2.0,Neutral,60.21669,1,96.0
118726,Gadget Geek,66.88493211778656,Technology,40.13,Tuesday,Afternoon,57.41,0.0,Negative,25.1147,1,32.0
119223,Gadget Geek,66.88493211778656,Technology,36.83,Tuesday,Afternoon,48.99,1.0,Positive,19.93,1,63.0
119728,Gadget Geek,77.98,Technology,76.81,Tuesday,Afternoon,77.34,3.0,Negative,44.18803,1,28.0
120940,Gadget Geek,10.33,Technology,70.66,Tuesday,Afternoon,0.0,0.0,Positive,6.66187,1,12.0
121957,Gadget Geek,102.04,Technology,52.37,Tuesday,Afternoon,9.09,2.0,Positive,58.91031,1,8.0
123323,Gadget Geek,92.72,Technology,49.88,Tuesday,Afternoon,45.13,0.0,Neutral,87.27618,1,79.0
123811,Gadget Geek,65.52,Technology,25.92,Tuesday,Afternoon,75.47,0.0,Positive,61.59314,1,31.0
128703,Gadget Geek,66.88493211778656,Technology,44.18,Tuesday,Afternoon,11.26,0.0,Positive,13.43,1,78.0
129440,Gadget Geek,66.88493211778656,Technology,96.1,Tuesday,Afternoon,14.17,3.0,Neutral,42.13514,1,99.0
130975,Gadget Geek,42.88,Technology,58.17,Tuesday,Afternoon,33.05,2.0,Neutral,31.25361,1,67.0
131897,Gadget Geek,27.15,Technology,52.14,Tuesday,Afternoon,0.0,0.0,Neutral,19.59317,1,75.0
134496,Gadget Geek,66.88493211778656,Technology,58.06,Tuesday,Afternoon,71.39,1.0,Positive,49.67,1,69.0
136015,Gadget Geek,13.51,Technology,76.83,Tuesday,Afternoon,8.51,2.0,Positive,7.64226,1,3.0
136219,Gadget Geek,115.07,Technology,52.12,Tuesday,Afternoon,68.49,2.0,Neutral,91.55708,1,61.0
136383,Gadget Geek,57.44,Technology,91.08,Tuesday,Afternoon,37.09,0.0,Positive,30.9707,1,16.0
141246,Gadget Geek,97.99,Technology,53.42,Tuesday,Afternoon,0.0,1.0,Positive,87.00166,1,49.0
141613,Gadget Geek,101.15,Technology,92.11,Tuesday,Afternoon,29.7,2.0,Neutral,97.47198,1,62.0
142255,Gadget Geek,116.06,Technology,39.92,Tuesday,Afternoon,0.0,1.0,Positive,84.50254,1,22.0
142563,Gadget Geek,66.88493211778656,Technology,82.53,Tuesday,Afternoon,47.66,0.0,Neutral,29.63904,1,1.0
143599,Gadget Geek,21.01,Technology,90.14,Tuesday,Afternoon,99.13,2.0,Positive,15.56915,1,17.0
144844,Gadget Geek,118.1,Technology,33.95,Tuesday,Afternoon,28.64,0.0,Neutral,95.26024,1,46.0
145617,Gadget Geek,50.98,Technology,41.93,Tuesday,Afternoon,57.92,1.0,Positive,47.48804,1,59.0
148120,Gadget Geek,99.24,Technology,62.99,Tuesday,Afternoon,96.19,1.0,Positive,68.79253,1,39.0
150976,Gadget Geek,97.16,Technology,49.72,Tuesday,Afternoon,18.68,1.0,Positive,64.20396,1,5.0
154512,Gadget Geek,66.65,Technology,25.72,Tuesday,Afternoon,0.0,0.0,Neutral,37.42451,1,15.0
154774,Gadget Geek,12.7,Technology,20.01,Tuesday,Afternoon,36.14,0.0,Neutral,4.97973,1,20.0
155696,Gadget Geek,66.88493211778656,Technology,38.02,Tuesday,Afternoon,0.0,1.0,Positive,73.04077,1,48.0
156766,Gadget Geek,14.12,Technology,66.73,Tuesday,Afternoon,74.76,0.0,Negative,1.95213,1,55.0
157355,Gadget Geek,106.09,Technology,95.92,Tuesday,Afternoon,0.0,2.0,Negative,70.87914,1,1.0
158235,Gadget Geek,101.28,Technology,54.52,Tuesday,Afternoon,72.27,1.0,Negative,76.39213,1,5.0
160056,Gadget Geek,5.3,Technology,94.48,Tuesday,Afternoon,34.55,0.0,Neutral,1.37338,1,80.0
161399,Gadget Geek,101.77,Technology,55.82,Tuesday,Afternoon,27.48,3.0,Positive,66.23875,1,82.0
163819,Gadget Geek,103.97,Technology,44.85,Tuesday,Afternoon,49.88,1.0,Positive,75.63302,1,13.0
167587,Gadget Geek,66.88493211778656,Technology,85.81,Tuesday,Afternoon,0.0,1.0,Negative,34.31001,1,87.0
168019,Gadget Geek,114.7,Technology,38.49,Tuesday,Afternoon,84.8,0.0,Positive,113.14,1,31.0
168777,Gadget Geek,36.88,Technology,24.32,Tuesday,Afternoon,21.55,3.0,Positive,24.13899,1,28.0
170340,Gadget Geek,85.21,Technology,49.74,Tuesday,Afternoon,0.0,2.0,Neutral,53.54888,1,45.0
170956,Gadget Geek,98.63,Technology,96.42,Tuesday,Afternoon,0.0,1.0,Negative,71.9193,1,88.0
175555,Gadget Geek,74.21,Technology,58.79,Tuesday,Afternoon,23.79,3.0,Positive,54.85418,1,78.0
176360,Gadget Geek,70.52,Technology,91.28,Tuesday,Afternoon,65.81,2.0,Negative,53.61422,1,75.0
177699,Gadget Geek,32.32,Technology,98.31,Tuesday,Afternoon,69.56,1.0,Positive,24.16435,1,7.0
179993,Gadget Geek,113.23,Technology,29.71,Tuesday,Afternoon,0.0,3.0,Neutral,65.9865,1,77.0
180973,Gadget Geek,56.87,Technology,40.34,Tuesday,Afternoon,93.86,0.0,Positive,56.49723,1,17.0
181032,Gadget Geek,53.19,Technology,63.81,Tuesday,Afternoon,49.74,2.0,Positive,39.38406,1,49.0
181524,Gadget Geek,26.42,Technology,39.86,Tuesday,Afternoon,9.12,2.0,Negative,10.47651,1,69.0
183097,Gadget Geek,117.61,Technology,20.48,Tuesday,Afternoon,82.14,3.0,Negative,57.309,1,42.0
183770,Gadget Geek,21.75,Technology,48.65,Tuesday,Afternoon,58.69,1.0,Negative,10.35,1,82.0
186525,Gadget Geek,48.5,Technology,27.22,Tuesday,Afternoon,63.55,1.0,Negative,37.05171,1,62.0
187065,Gadget Geek,76.63,Technology,94.97,Tuesday,Afternoon,9.97,2.0,Positive,53.17831,1,93.0
188527,Gadget Geek,115.07,Technology,87.1,Tuesday,Afternoon,48.99,0.0,Neutral,106.12024,1,38.0
192990,Gadget Geek,93.87,Technology,79.34,Tuesday,Afternoon,0.0,0.0,Neutral,78.8399,1,42.0
196934,Gadget Geek,85.27,Technology,44.28,Tuesday,Afternoon,64.92,0.0,Negative,78.83054,1,59.0
198909,Gadget Geek,91.54,Technology,38.2,Tuesday,Afternoon,8.18,2.0,Negative,63.26937,1,98.0
202447,Gadget Geek,42.35,Technology,35.77,Tuesday,Afternoon,0.0,1.0,Positive,28.79761,1,98.0
202673,Gadget Geek,61.33,Technology,94.5,Tuesday,Afternoon,10.23,2.0,Negative,58.80203,1,60.0
202797,Gadget Geek,34.36,Technology,75.61,Tuesday,Afternoon,0.0,0.0,Negative,28.18088,1,24.0
205198,Gadget Geek,66.88493211778656,Technology,70.93,Tuesday,Afternoon,28.43,1.0,Neutral,21.50298,1,40.0
206949,Gadget Geek,66.88493211778656,Technology,36.99,Tuesday,Afternoon,64.8,2.0,Neutral,64.43273,1,55.0
208406,Gadget Geek,112.41,Technology,68.67,Tuesday,Afternoon,58.67,1.0,Negative,76.48825,1,12.0
210955,Gadget Geek,53.71,Technology,63.39,Tuesday,Afternoon,49.85,1.0,Positive,39.38406,1,98.0
216107,Gadget Geek,85.38,Technology,69.91,Tuesday,Afternoon,99.11,1.0,Neutral,42.80444,1,47.0
217174,Gadget Geek,66.88493211778656,Technology,34.8,Tuesday,Afternoon,8.48,0.0,Negative,72.36239,1,41.0
217795,Gadget Geek,9.72,Technology,48.44,Tuesday,Afternoon,40.56,3.0,Negative,5.38,1,89.0
217965,Gadget Geek,97.91,Technology,39.15,Tuesday,Afternoon,0.0,0.0,Neutral,91.17945,1,54.0
218113,Gadget Geek,91.33,Technology,40.79,Tuesday,Afternoon,81.02,1.0,Positive,61.74191,1,13.0
219716,Gadget Geek,87.3,Technology,32.23,Tuesday,Afternoon,11.87,3.0,Neutral,74.17734,1,34.0
219886,Gadget Geek,13.91,Technology,41.88,Tuesday,Afternoon,99.73,3.0,Positive,3.72446,1,100.0
220499,Gadget Geek,106.09,Technology,38.22,Tuesday,Afternoon,69.74,0.0,Neutral,102.69171,1,26.0
223952,Gadget Geek,24.07,Technology,56.59,Tuesday,Afternoon,89.39,3.0,Negative,21.00305,1,72.0
225925,Gadget Geek,64.24,Technology,46.47,Tuesday,Afternoon,0.0,1.0,Neutral,41.8793,1,32.0
227895,Gadget Geek,66.88493211778656,Technology,73.57,Tuesday,Afternoon,18.03,2.0,Negative,30.18,1,98.0
229446,Gadget Geek,119.03,Technology,59.39,Tuesday,Afternoon,50.16,0.0,Neutral,116.6,1,23.0
230094,Gadget Geek,98.34,Technology,77.29,Tuesday,Afternoon,29.11,0.0,Positive,61.00102,1,89.0
230463,Gadget Geek,86.08,Technology,29.94,Tuesday,Afternoon,0.0,2.0,Negative,67.00361,1,81.0
230672,Gadget Geek,18.4,Technology,56.53,Tuesday,Afternoon,5.36,0.0,Negative,14.03,1,82.0
235900,Gadget Geek,92.72,Technology,34.53,Tuesday,Afternoon,5.65,1.0,Neutral,87.51182,1,34.0
244013,Gadget Geek,66.88493211778656,Technology,43.29,Tuesday,Afternoon,0.0,1.0,Positive,94.485,1,24.0
244303,Gadget Geek,64.75,Technology,80.86,Tuesday,Afternoon,85.71,1.0,Neutral,56.8925,1,100.0
245454,Gadget Geek,31.59,Technology,21.23,Tuesday,Afternoon,94.53,1.0,Negative,19.661,1,20.0
246179,Gadget Geek,116.19,Technology,20.2,Tuesday,Afternoon,57.51,3.0,Negative,59.56929,1,34.0
248847,Gadget Geek,64.2,Technology,31.69,Tuesday,Afternoon,1.66,0.0,Neutral,54.50521,1,91.0
250242,Gadget Geek,11.77,Technology,29.99,Tuesday,Afternoon,83.9,0.0,Neutral,11.07066,1,88.0
250306,Gadget Geek,87.96,Technology,76.81,Tuesday,Afternoon,72.41,0.0,Negative,66.58612,1,76.0
251780,Gadget Geek,97.87,Technology,26.72,Tuesday,Afternoon,0.0,1.0,Positive,83.22101,1,67.0
255581,Gadget Geek,94.65,Technology,53.55,Tuesday,Afternoon,68.17,1.0,Positive,48.97571,1,22.0
257682,Gadget Geek,92.15,Technology,36.95,Tuesday,Afternoon,87.82,1.0,Positive,62.97701,1,82.0
260200,Gadget Geek,28.98,Technology,22.63,Tuesday,Afternoon,98.14,0.0,Negative,14.0,1,78.0
260754,Gadget Geek,77.66,Technology,33.47,Tuesday,Afternoon,36.24,3.0,Positive,61.47903,1,72.0
266859,Gadget Geek,32.02,Technology,77.39,Tuesday,Afternoon,0.0,3.0,Neutral,21.76728,1,83.0
270880,Gadget Geek,103.01,Technology,50.96,Tuesday,Afternoon,53.62,2.0,Positive,62.87982,1,78.0
274579,Gadget Geek,92.2,Technology,62.7,Tuesday,Afternoon,64.19,1.0,Negative,81.40691,1,35.0
275468,Gadget Geek,66.88493211778656,Technology,35.84,Tuesday,Afternoon,48.81,2.0,Positive,19.93,1,69.0
275622,Gadget Geek,5.69,Technology,81.53,Tuesday,Afternoon,0.0,1.0,Neutral,0.0,1,83.0
278256,Gadget Geek,108.52,Technology,91.95,Tuesday,Afternoon,48.39,1.0,Positive,86.22043,1,61.0
278844,Gadget Geek,91.94,Technology,44.03,Tuesday,Afternoon,0.0,2.0,Positive,56.80911,1,95.0
279160,Gadget Geek,76.73,Technology,39.15,Tuesday,Afternoon,0.0,3.0,Neutral,61.52242,1,8.0
281581,Gadget Geek,66.88493211778656,Technology,90.63,Tuesday,Afternoon,56.33,2.0,Negative,18.04511,1,44.0
283187,Gadget Geek,40.48,Technology,25.25,Tuesday,Afternoon,0.0,1.0,Positive,30.5334,1,19.0
283671,Gadget Geek,67.18,Technology,56.88,Tuesday,Afternoon,76.64,3.0,Negative,31.10267,1,66.0
286494,Gadget Geek,115.38,Technology,23.61,Tuesday,Afternoon,7.22,1.0,Positive,79.5963,1,30.0
287555,Gadget Geek,19.48,Technology,21.18,Tuesday,Afternoon,81.59,1.0,Neutral,11.54,1,75.0
287632,Gadget Geek,55.66,Lifestyle,35.65,Tuesday,Afternoon,95.23,3.0,Positive,34.32448,1,52.0
289927,Gadget Geek,118.41,Technology,81.42,Tuesday,Afternoon,87.12,1.0,Negative,90.8,1,63.0
290748,Gadget Geek,106.67,Technology,79.68,Tuesday,Afternoon,73.34,3.0,Neutral,85.29293,1,78.0
293085,Gadget Geek,9.87,Technology,29.5,Tuesday,Afternoon,14.54,0.0,Positive,9.87,1,7.0
294335,Gadget Geek,66.88493211778656,Technology,95.89,Tuesday,Afternoon,0.0,1.0,Positive,74.74899,1,6.0
295083,Gadget Geek,115.58,Technology,81.96,Tuesday,Afternoon,87.73,0.0,Neutral,103.11,1,65.0
297974,Gadget Geek,36.82,Technology,59.34,Tuesday,Afternoon,59.69,0.0,Negative,23.72403,1,69.0
300378,Gadget Geek,71.13,Technology,79.57,Tuesday,Afternoon,0.0,0.0,Negative,47.45892,1,34.0
300676,Gadget Geek,35.88,Technology,94.11,Tuesday,Afternoon,59.25,3.0,Negative,35.80452,1,19.0
301851,Gadget Geek,66.88493211778656,Technology,92.2,Tuesday,Afternoon,51.56,0.0,Neutral,40.0805,1,80.0
305574,Gadget Geek,5.84,Technology,74.48,Tuesday,Afternoon,34.55,0.0,Neutral,1.37338,1,80.0
308282,Gadget Geek,15.71,Technology,43.24,Tuesday,Afternoon,11.68,3.0,Negative,9.27444,1,75.0
311722,Gadget Geek,26.51,Technology,76.39,Tuesday,Afternoon,17.45,2.0,Neutral,13.62274,1,86.0
311894,Gadget Geek,32.09,Technology,38.49,Tuesday,Afternoon,0.0,2.0,Positive,8.14595,1,63.0
315572,Gadget Geek,44.06,Technology,64.76,Tuesday,Afternoon,21.32,2.0,Negative,27.97547,1,31.0
316388,Gadget Geek,95.63,Technology,83.47,Tuesday,Afternoon,0.0,1.0,Negative,73.44,1,28.0
318274,Gadget Geek,27.64,Technology,47.76,Tuesday,Afternoon,0.0,0.0,Positive,12.82082,1,47.0
319502,Gadget Geek,117.71,Technology,68.62,Tuesday,Afternoon,52.36,1.0,Positive,81.6231,1,54.0
320603,Gadget Geek,72.33,Technology,26.61,Tuesday,Afternoon,34.96,3.0,Positive,51.81749,1,53.0
320870,Gadget Geek,42.73,Technology,63.18,Tuesday,Afternoon,11.71,2.0,Neutral,27.8568,1,13.0
321496,Gadget Geek,23.8,Technology,82.53,Tuesday,Afternoon,1.68,1.0,Negative,11.95,1,33.0
324409,Gadget Geek,64.89,Technology,68.87,Tuesday,Afternoon,0.0,2.0,Negative,55.21208,1,34.0
328334,Gadget Geek,40.24,Technology,89.9,Tuesday,Afternoon,90.51,0.0,Positive,33.46879,1,52.0
329105,Gadget Geek,119.01,Technology,30.85,Tuesday,Afternoon,48.35,0.0,Positive,106.84857,1,4.0
330478,Gadget Geek,66.88493211778656,Technology,80.81,Tuesday,Afternoon,0.0,2.0,Positive,72.00781,1,72.0
330989,Gadget Geek,66.88493211778656,Technology,97.23,Tuesday,Afternoon,0.0,2.0,Negative,44.98276,1,98.0
331369,Gadget Geek,66.88493211778656,Technology,80.48,Tuesday,Afternoon,90.1,0.0,Neutral,47.77881,1,67.0
331670,Gadget Geek,35.69,Technology,86.68,Tuesday,Afternoon,0.0,3.0,Positive,22.28402,1,9.0
333603,Gadget Geek,47.54,Technology,92.2,Tuesday,Afternoon,51.56,0.0,Neutral,40.0805,1,68.0
334572,Gadget Geek,90.02,Technology,29.09,Tuesday,Afternoon,0.81,2.0,Negative,63.4277,1,26.0
337209,Gadget Geek,80.42,Technology,51.41,Tuesday,Afternoon,27.71,2.0,Negative,44.99548,1,40.0
337562,Gadget Geek,64.57,Technology,30.34,Tuesday,Afternoon,0.0,2.0,Neutral,41.18349,1,6.0
338019,Gadget Geek,64.45,Technology,29.7,Tuesday,Afternoon,65.0,0.0,Neutral,48.46353,1,5.0
338582,Gadget Geek,111.51,Technology,82.5,Tuesday,Afternoon,36.73,0.0,Neutral,95.84297,1,36.0
340209,Gadget Geek,92.19,Technology,29.69,Tuesday,Afternoon,33.43,2.0,Positive,47.50581,1,88.0
341410,Gadget Geek,103.35,Technology,88.6,Tuesday,Afternoon,0.0,0.0,Neutral,103.35476,1,87.0
343216,Gadget Geek,109.17,Technology,73.31,Tuesday,Afternoon,86.92,2.0,Negative,66.40213,1,91.0
343474,Gadget Geek,112.96,Technology,32.22,Tuesday,Afternoon,65.53,0.0,Positive,81.71854,1,25.0
343978,Gadget Geek,66.88493211778656,Technology,54.19,Tuesday,Afternoon,73.13,1.0,Positive,37.31944,1,31.0
346916,Gadget Geek,61.68,Technology,56.02,Tuesday,Afternoon,0.0,2.0,Negative,34.54746,1,85.0
348302,Gadget Geek,13.48,Technology,86.79,Tuesday,Afternoon,31.42,1.0,Positive,0.0,1,44.0
350107,Gadget Geek,114.44,Technology,72.4,Tuesday,Afternoon,29.06,0.0,Positive,75.48899,1,23.0
351520,Gadget Geek,95.1,Technology,47.77,Tuesday,Afternoon,0.0,0.0,Positive,74.99407,1,48.0
354935,Gadget Geek,42.97,Technology,48.68,Tuesday,Afternoon,0.0,2.0,Positive,28.40624,1,11.0
358513,Gadget Geek,99.34,Technology,41.18,Tuesday,Afternoon,4.69,2.0,Neutral,82.67607,1,64.0
364233,Gadget Geek,52.58,Technology,67.94,Tuesday,Afternoon,0.0,3.0,Negative,40.91,1,35.0
367846,Gadget Geek,111.91,Technology,88.07,Tuesday,Afternoon,66.25,0.0,Positive,111.05,1,58.0
368311,Gadget Geek,47.38,Technology,92.2,Tuesday,Afternoon,51.56,0.0,Neutral,40.0805,1,80.0
369499,Gadget Geek,66.88493211778656,Technology,59.57,Tuesday,Afternoon,15.99,3.0,Negative,73.42198,1,3.0
370488,Gadget Geek,31.59,Technology,21.23,Tuesday,Afternoon,86.68,1.0,Negative,19.661,1,20.0
371766,Gadget Geek,58.76,Technology,95.18,Tuesday,Afternoon,78.56,0.0,Neutral,52.50521,1,91.0
371936,Gadget Geek,78.05,Technology,29.63,Tuesday,Afternoon,0.0,3.0,Positive,66.28,1,32.0
373741,Gadget Geek,102.85,Technology,33.36,Tuesday,Afternoon,3.74,2.0,Positive,95.56189,1,36.0
377151,Gadget Geek,50.75,Technology,48.29,Tuesday,Afternoon,88.28,0.0,Positive,22.81755,1,84.0
381051,Gadget Geek,78.42,Technology,33.24,Tuesday,Afternoon,18.21,2.0,Neutral,56.00085,1,22.0
384630,Gadget Geek,97.78,Technology,36.79,Tuesday,Afternoon,2.24,0.0,Negative,53.50411,1,22.0
389113,Gadget Geek,53.79,Technology,46.7,Tuesday,Afternoon,49.14,1.0,Positive,39.38406,1,98.0
389598,Gadget Geek,35.7,Technology,68.7,Tuesday,Afternoon,65.32,3.0,Negative,33.74205,1,93.0
390821,Gadget Geek,98.05,Technology,23.75,Tuesday,Afternoon,80.0,1.0,Neutral,75.58203,1,87.0
390940,Gadget Geek,28.01,Technology,59.57,Tuesday,Afternoon,97.84,3.0,Neutral,24.67527,1,38.0
391652,Gadget Geek,82.51,Technology,72.25,Tuesday,Afternoon,77.94,2.0,Negative,66.42685,1,42.0
393751,Gadget Geek,116.66,Technology,76.43,Tuesday,Afternoon,82.42,2.0,Positive,90.19137,1,95.0
397384,Gadget Geek,73.1,Technology,49.06,Tuesday,Afternoon,39.39,2.0,Positive,67.06733,1,83.0
406702,Gadget Geek,36.61,Technology,56.29,Tuesday,Afternoon,89.24,3.0,Negative,21.00305,1,74.0
406959,Gadget Geek,14.09,Technology,46.45,Tuesday,Afternoon,97.84,1.0,Positive,4.96769,1,20.0
408026,Gadget Geek,73.2,Technology,80.6,Tuesday,Afternoon,0.0,0.0,Negative,32.92071,1,58.0
408779,Gadget Geek,18.59,Technology,29.99,Tuesday,Afternoon,86.59,0.0,Neutral,11.07066,1,64.0
412708,Gadget Geek,66.88493211778656,Technology,74.23,Tuesday,Afternoon,66.71,0.0,Negative,61.98,1,75.0
414371,Gadget Geek,57.36,Technology,72.11,Tuesday,Afternoon,64.0,0.0,Neutral,30.99168,1,49.0
418658,Gadget Geek,68.85,Technology,78.97,Tuesday,Afternoon,21.36,2.0,Positive,43.36348,1,92.0
418950,Gadget Geek,118.98,Technology,31.5,Tuesday,Afternoon,24.45,1.0,Neutral,90.25295,1,71.0
419394,Gadget Geek,64.2,Technology,31.55,Tuesday,Afternoon,1.82,1.0,Neutral,54.50521,1,91.0
419920,Gadget Geek,54.62,Technology,21.16,Tuesday,Afternoon,73.71,0.0,Neutral,45.82444,1,30.0
421241,Gadget Geek,12.3,Technology,86.06,Tuesday,Afternoon,72.34,2.0,Neutral,9.20883,1,4.0
422172,Gadget Geek,79.62,Technology,93.68,Tuesday,Afternoon,77.31,0.0,Neutral,75.18643,1,48.0
425805,Gadget Geek,35.58,Technology,38.71,Tuesday,Afternoon,29.12,2.0,Negative,31.31665,1,11.0
425937,Gadget Geek,107.91,Technology,71.38,Tuesday,Afternoon,94.82,3.0,Positive,42.80287,1,36.0
425986,Gadget Geek,66.88493211778656,Technology,42.35,Tuesday,Afternoon,71.27,0.0,Negative,96.74812,1,43.0
427397,Gadget Geek,96.42,Technology,49.02,Tuesday,Afternoon,66.64,2.0,Neutral,88.18031,1,31.0
428482,Gadget Geek,92.5,Technology,63.65,Tuesday,Afternoon,25.88,1.0,Positive,84.79501,1,71.0
434067,Gadget Geek,119.44,Technology,38.97,Tuesday,Afternoon,0.0,1.0,Negative,88.81068,1,11.0
434132,Gadget Geek,66.88493211778656,Technology,31.02,Tuesday,Afternoon,0.0,0.0,Positive,64.26809,1,18.0
434768,Gadget Geek,58.95,Technology,86.78,Tuesday,Afternoon,27.76,3.0,Negative,41.75662,1,96.0
437625,Gadget Geek,34.32,Technology,48.29,Tuesday,Afternoon,88.28,0.0,Positive,22.81755,1,84.0
440795,Gadget Geek,101.35,Technology,57.54,Tuesday,Afternoon,94.8,1.0,Positive,57.93399,1,52.0
442665,Gadget Geek,117.9,Technology,54.98,Tuesday,Afternoon,27.88,0.0,Neutral,84.32179,1,25.0
443587,Gadget Geek,99.29,Technology,95.25,Tuesday,Afternoon,72.69,0.0,Neutral,61.9153,1,82.0
443795,Gadget Geek,70.69,Technology,84.37,Tuesday,Afternoon,0.0,3.0,Neutral,55.01314,1,87.0
446089,Gadget Geek,79.71,Technology,41.06,Tuesday,Afternoon,57.7,2.0,Negative,57.07666,1,100.0
446095,Gadget Geek,119.59,Technology,37.28,Tuesday,Afternoon,99.8,0.0,Neutral,105.4464,1,94.0
448649,Gadget Geek,119.3,Technology,32.92,Tuesday,Afternoon,0.0,1.0,Neutral,95.49947,1,27.0
451440,Gadget Geek,69.58,Technology,43.87,Tuesday,Afternoon,52.32,3.0,Neutral,41.65942,1,49.0
452218,Gadget Geek,116.85,Technology,78.41,Tuesday,Afternoon,47.78,0.0,Negative,115.24,1,31.0
453031,Gadget Geek,16.53,Technology,78.12,Tuesday,Afternoon,30.12,0.0,Negative,5.27,1,29.0
455823,Gadget Geek,73.08,Technology,77.08,Tuesday,Afternoon,78.19,0.0,Positive,54.36555,1,45.0
458311,Gadget Geek,68.14,Technology,46.05,Tuesday,Afternoon,47.79,0.0,Positive,46.09455,1,55.0
460070,Gadget Geek,42.08,Technology,56.26,Tuesday,Afternoon,83.19,1.0,Negative,29.23,1,72.0
460526,Gadget Geek,86.2,Technology,80.81,Tuesday,Afternoon,49.52,2.0,Negative,79.13487,1,31.0
462602,Gadget Geek,66.88493211778656,Technology,44.33,Tuesday,Afternoon,32.67,3.0,Negative,78.86,1,53.0
464294,Gadget Geek,52.85,Technology,49.54,Tuesday,Afternoon,25.46,3.0,Positive,31.77,1,28.0
468994,Gadget Geek,64.57,Technology,98.0,Tuesday,Afternoon,73.49,3.0,Neutral,40.001,1,89.0
470795,Gadget Geek,5.4,Technology,82.39,Tuesday,Afternoon,64.23,1.0,Positive,1.34166,1,15.0
472786,Gadget Geek,38.73,Technology,39.6,Tuesday,Afternoon,49.84,0.0,Positive,25.34326,1,77.0
474003,Gadget Geek,90.57,Technology,23.58,Tuesday,Afternoon,0.0,2.0,Positive,63.73992,1,44.0
474314,Gadget Geek,87.61,Technology,76.68,Tuesday,Afternoon,13.9,2.0,Positive,76.32187,1,29.0
475103,Gadget Geek,36.11,Technology,30.82,Tuesday,Afternoon,27.25,2.0,Positive,23.57727,1,67.0
479137,Gadget Geek,46.06,Technology,68.74,Tuesday,Afternoon,0.0,3.0,Negative,20.65366,1,23.0
479843,Gadget Geek,71.71,Technology,22.07,Tuesday,Afternoon,82.71,1.0,Positive,44.3471,1,76.0
480038,Gadget Geek,71.3,Technology,81.2,Tuesday,Afternoon,5.71,1.0,Neutral,49.37889,1,3.0
481019,Gadget Geek,94.62,Technology,22.9,Tuesday,Afternoon,0.0,1.0,Negative,75.04583,1,86.0
481195,Gadget Geek,58.96,Technology,70.29,Tuesday,Afternoon,14.85,0.0,Positive,58.15747,1,9.0
481267,Gadget Geek,34.17,Technology,60.61,Tuesday,Afternoon,6.52,0.0,Neutral,28.29655,1,55.0
481389,Gadget Geek,46.8,Technology,84.11,Tuesday,Afternoon,0.0,3.0,Neutral,45.75739,1,12.0
481443,Gadget Geek,10.39,Technology,70.66,Tuesday,Afternoon,0.0,2.0,Positive,6.66187,1,12.0
481452,Gadget Geek,50.55,Technology,47.29,Tuesday,Afternoon,86.18,3.0,Negative,27.88212,1,88.0
482087,Gadget Geek,43.19,Technology,59.87,Tuesday,Afternoon,92.73,3.0,Positive,39.06311,1,70.0
484756,Gadget Geek,62.18,Technology,54.93,Tuesday,Afternoon,47.95,1.0,Positive,54.9587,1,22.0
493776,Gadget Geek,47.02,Technology,29.52,Tuesday,Afternoon,0.0,0.0,Negative,28.79857,1,86.0
493981,Gadget Geek,58.76,Technology,62.87,Tuesday,Afternoon,78.56,2.0,Neutral,52.50521,1,91.0
497055,Gadget Geek,34.81,Technology,65.06,Tuesday,Afternoon,17.66,2.0,Negative,20.58245,1,52.0
499428,Gadget Geek,62.72,Technology,88.94,Tuesday,Afternoon,96.88,3.0,Positive,41.9604,1,67.0
500239,Gadget Geek,85.64,Technology,93.14,Tuesday,Afternoon,0.0,2.0,Neutral,40.38676,1,52.0
501686,Gadget Geek,43.77,Technology,87.04,Tuesday,Afternoon,22.72,3.0,Positive,37.89911,1,89.0
502036,Gadget Geek,62.38,Technology,94.48,Tuesday,Afternoon,63.82,0.0,Negative,50.86343,1,99.0
502992,Gadget Geek,106.15,Technology,63.78,Tuesday,Afternoon,43.27,2.0,Neutral,56.21028,1,20.0
505585,Gadget Geek,114.46,Technology,52.99,Tuesday,Afternoon,14.35,2.0,Negative,90.53662,1,15.0
506797,Gadget Geek,42.84,Technology,30.9,Tuesday,Afternoon,63.84,1.0,Negative,30.8,1,33.0
506854,Gadget Geek,7.96,Technology,34.23,Tuesday,Afternoon,42.39,1.0,Positive,7.11568,1,46.0
507460,Gadget Geek,13.69,Technology,41.77,Tuesday,Afternoon,91.6,3.0,Positive,3.72446,1,100.0
508342,Gadget Geek,92.82,Technology,86.23,Tuesday,Afternoon,0.0,2.0,Neutral,41.50889,1,79.0
508693,Gadget Geek,14.74,Technology,30.32,Tuesday,Afternoon,66.85,2.0,Negative,8.5421,1,67.0
508823,Gadget Geek,48.06,Technology,61.79,Tuesday,Afternoon,29.29,0.0,Neutral,25.80393,1,88.0
509030,Gadget Geek,66.88493211778656,Technology,27.42,Tuesday,Afternoon,51.23,0.0,Neutral,23.02582,1,21.0
514461,Gadget Geek,116.85,Technology,78.52,Tuesday,Afternoon,49.78,0.0,Negative,115.24,1,31.0
514806,Gadget Geek,62.65,Technology,37.3,Tuesday,Afternoon,2.46,3.0,Negative,50.55007,1,49.0
518858,Gadget Geek,117.9,Technology,56.79,Tuesday,Afternoon,52.79,0.0,Neutral,84.32179,1,75.0
522701,Gadget Geek,32.01,Technology,38.49,Tuesday,Afternoon,50.12,2.0,Positive,8.14595,1,63.0
522823,Gadget Geek,18.29,Technology,30.43,Tuesday,Afternoon,36.59,3.0,Negative,5.48147,1,28.0
522854,Gadget Geek,87.34,Technology,62.89,Tuesday,Afternoon,0.0,2.0,Positive,51.85972,1,93.0
523774,Gadget Geek,96.55,Technology,31.52,Tuesday,Afternoon,35.87,0.0,Neutral,64.23295,1,74.0
524045,Gadget Geek,68.14,Technology,26.79,Tuesday,Afternoon,47.79,0.0,Positive,46.09455,1,57.0
524160,Gadget Geek,56.5,Technology,34.65,Tuesday,Afternoon,30.13,0.0,Positive,45.78535,1,30.0
524436,Gadget Geek,26.81,Technology,84.35,Tuesday,Afternoon,58.94,1.0,Negative,15.98252,1,96.0
525283,Gadget Geek,64.57,Technology,98.0,Tuesday,Afternoon,73.49,3.0,Neutral,40.001,1,4.0
527908,Gadget Geek,97.91,Technology,71.07,Tuesday,Afternoon,68.07,2.0,Negative,83.9165,1,1.0
531189,Gadget Geek,105.03,Technology,42.66,Tuesday,Afternoon,0.0,0.0,Neutral,71.64809,1,10.0
532510,Gadget Geek,114.7,Technology,78.27,Tuesday,Afternoon,42.58,0.0,Positive,113.14,1,81.0
532767,Gadget Geek,61.79,Technology,30.46,Tuesday,Afternoon,88.36,0.0,Neutral,53.56401,1,37.0
533719,Gadget Geek,96.82,Technology,21.44,Tuesday,Afternoon,0.0,1.0,Neutral,80.97,1,69.0
534663,Gadget Geek,35.93,Technology,65.82,Tuesday,Afternoon,21.79,1.0,Neutral,15.5,1,67.0
534904,Gadget Geek,66.88493211778656,Technology,63.54,Tuesday,Afternoon,55.1,1.0,Negative,108.26107,1,13.0
539126,Gadget Geek,66.88493211778656,Technology,21.79,Tuesday,Afternoon,50.96,1.0,Negative,23.97263,1,1.0
543416,Gadget Geek,79.96,Technology,73.26,Tuesday,Afternoon,98.54,0.0,Neutral,35.56483,1,95.0
543558,Gadget Geek,23.04,Technology,71.54,Tuesday,Afternoon,14.24,0.0,Neutral,14.2514,1,61.0
546097,Gadget Geek,27.16,Technology,26.29,Tuesday,Afternoon,91.37,1.0,Neutral,17.54,1,35.0
546515,Gadget Geek,106.41,Technology,28.26,Tuesday,Afternoon,36.16,0.0,Negative,87.74041,1,67.0
547047,Gadget Geek,5.77,Technology,36.51,Tuesday,Afternoon,0.0,1.0,Positive,0.0,1,92.0
552612,Gadget Geek,85.69,Technology,86.79,Tuesday,Afternoon,86.06,1.0,Positive,38.4888,1,13.0
552720,Gadget Geek,12.7,Technology,37.25,Tuesday,Afternoon,73.33,2.0,Negative,0.0,1,11.0
553898,Gadget Geek,100.3,Technology,54.25,Tuesday,Afternoon,42.62,0.0,Negative,91.41044,1,73.0
558155,Gadget Geek,34.09,Technology,78.36,Tuesday,Afternoon,0.0,2.0,Neutral,28.06041,1,63.0
558815,Gadget Geek,70.95,Technology,55.6,Tuesday,Afternoon,5.93,3.0,Neutral,44.57068,1,65.0
559480,Gadget Geek,48.93,Technology,61.56,Tuesday,Afternoon,12.32,0.0,Neutral,38.79078,1,69.0
562128,Gadget Geek,67.99,Technology,29.94,Tuesday,Afternoon,12.64,1.0,Neutral,40.94107,1,88.0
566354,Gadget Geek,72.86,Technology,51.91,Tuesday,Afternoon,0.0,2.0,Negative,53.00988,1,4.0
566533,Gadget Geek,116.66,Technology,85.59,Tuesday,Afternoon,26.7,2.0,Positive,62.68038,1,49.0
568488,Gadget Geek,28.51,Technology,86.81,Tuesday,Afternoon,12.77,1.0,Negative,17.78814,1,16.0
569310,Gadget Geek,105.76,Technology,33.24,Tuesday,Afternoon,95.31,3.0,Neutral,80.99325,1,17.0
569366,Gadget Geek,87.55,Technology,68.79,Tuesday,Afternoon,92.25,0.0,Negative,50.52433,1,66.0
570546,Gadget Geek,100.82,Technology,87.02,Tuesday,Afternoon,79.2,2.0,Neutral,79.29309,1,90.0
573013,Gadget Geek,21.06,Technology,57.83,Tuesday,Afternoon,28.92,3.0,Positive,9.50358,1,5.0
575449,Gadget Geek,81.58,Technology,98.61,Tuesday,Afternoon,0.0,0.0,Negative,77.29447,1,91.0
577136,Gadget Geek,66.88493211778656,Technology,63.26,Tuesday,Afternoon,0.0,3.0,Positive,26.46,1,100.0
578331,Gadget Geek,23.8,Technology,60.79,Tuesday,Afternoon,97.66,3.0,Neutral,8.32224,1,58.0
581947,Gadget Geek,12.0,Technology,55.13,Tuesday,Afternoon,0.0,1.0,Neutral,8.31,1,68.0
584906,Gadget Geek,60.76,Technology,24.0,Tuesday,Afternoon,0.0,0.0,Negative,48.75776,1,57.0
585309,Gadget Geek,57.87,Technology,91.38,Tuesday,Afternoon,62.15,1.0,Negative,50.52433,1,46.0
586280,Gadget Geek,31.7,Technology,44.23,Tuesday,Afternoon,4.91,1.0,Negative,10.35,1,16.0
588703,Gadget Geek,75.44,Technology,26.45,Tuesday,Afternoon,17.32,2.0,Positive,54.95969,1,33.0
589072,Gadget Geek,71.18,Technology,36.19,Tuesday,Afternoon,0.0,3.0,Negative,51.16932,1,53.0
592796,Gadget Geek,88.22,Technology,84.62,Tuesday,Afternoon,0.0,0.0,Negative,60.93667,1,78.0
596292,Gadget Geek,52.56,Technology,21.97,Tuesday,Afternoon,55.13,2.0,Positive,43.68512,1,92.0
597203,Gadget Geek,36.75,Technology,26.45,Tuesday,Afternoon,20.56,3.0,Neutral,21.85,1,24.0
598080,Gadget Geek,47.3,Technology,65.18,Tuesday,Afternoon,41.78,0.0,Positive,38.00984,1,32.0
599488,Gadget Geek,96.1142755,Technology,76.47,Tuesday,Afternoon,83.67,0.0,Neutral,96.1,1,98.0
601681,Gadget Geek,108.8,Technology,90.33,Tuesday,Afternoon,27.13,3.0,Positive,62.27164,1,97.0
603240,Gadget Geek,65.52,Technology,38.92,Tuesday,Afternoon,75.47,0.0,Positive,61.59314,1,31.0
604608,Gadget Geek,38.24,Technology,82.47,Tuesday,Afternoon,0.0,2.0,Neutral,30.68377,1,6.0
605161,Gadget Geek,38.04,Technology,32.08,Tuesday,Afternoon,72.37,1.0,Negative,26.38281,1,15.0
606822,Gadget Geek,26.67,Technology,30.67,Tuesday,Afternoon,20.66,1.0,Negative,26.66,1,98.0
608504,Gadget Geek,97.91,Technology,60.44,Tuesday,Afternoon,68.86,2.0,Negative,83.9165,1,1.0
611268,Gadget Geek,114.93,Technology,79.59,Tuesday,Afternoon,0.0,2.0,Neutral,73.2117,1,45.0
613933,Gadget Geek,66.88493211778656,Technology,93.81,Tuesday,Afternoon,0.0,2.0,Neutral,21.32123,1,46.0
615749,Gadget Geek,64.0,Technology,35.16,Tuesday,Afternoon,0.0,1.0,Negative,42.40841,1,56.0
623913,Gadget Geek,66.88493211778656,Technology,88.12,Tuesday,Afternoon,92.74,2.0,Positive,38.77878,1,58.0
624042,Gadget Geek,66.88493211778656,Technology,81.58,Tuesday,Afternoon,10.67,1.0,Negative,39.87835,1,9.0
624292,Gadget Geek,66.88493211778656,Technology,64.97,Tuesday,Afternoon,0.0,0.0,Positive,39.00798,1,28.0
625038,Gadget Geek,84.26,Technology,99.27,Tuesday,Afternoon,52.89,0.0,Positive,80.50515,1,72.0
625164,Gadget Geek,59.23,Technology,59.87,Tuesday,Afternoon,69.56,3.0,Neutral,31.59115,1,66.0
626665,Gadget Geek,50.39,Technology,75.99,Tuesday,Afternoon,0.0,2.0,Positive,35.30662,1,1.0
627118,Gadget Geek,16.59,Technology,79.83,Tuesday,Afternoon,98.75,0.0,Positive,9.66091,1,46.0
627757,Gadget Geek,85.65,Technology,40.85,Tuesday,Afternoon,0.0,0.0,Negative,80.02107,1,48.0
630011,Gadget Geek,104.87,Technology,45.29,Tuesday,Afternoon,0.0,2.0,Neutral,68.59899,1,36.0
632476,Gadget Geek,113.06,Technology,38.94,Tuesday,Afternoon,59.75,3.0,Neutral,100.11778,1,20.0
634950,Gadget Geek,66.88493211778656,Technology,23.49,Tuesday,Afternoon,0.0,1.0,Positive,92.9813,1,53.0
635892,Gadget Geek,66.88493211778656,Technology,39.17,Tuesday,Afternoon,18.39,1.0,Positive,37.06227,1,5.0
638815,Gadget Geek,115.56,Technology,68.67,Tuesday,Afternoon,78.08,1.0,Negative,76.48825,1,15.0
640164,Gadget Geek,42.88,Technology,60.52,Tuesday,Afternoon,99.72,2.0,Negative,26.60521,1,77.0
640365,Gadget Geek,42.04,Technology,78.2,Tuesday,Afternoon,86.2,3.0,Negative,29.47,1,31.0
644862,Gadget Geek,29.56,Technology,46.97,Tuesday,Afternoon,6.17,3.0,Neutral,28.29393,1,54.0
645387,Gadget Geek,29.77,Technology,86.36,Tuesday,Afternoon,56.94,0.0,Negative,21.94,1,79.0
646106,Gadget Geek,66.88493211778656,Technology,52.84,Tuesday,Afternoon,48.84,0.0,Positive,14.93,1,89.0
648306,Gadget Geek,56.24,Technology,91.52,Tuesday,Afternoon,51.15,1.0,Neutral,33.79598,1,49.0
650986,Gadget Geek,112.09,Technology,44.63,Tuesday,Afternoon,39.11,3.0,Negative,69.42998,1,85.0
651533,Gadget Geek,66.88493211778656,Technology,92.52,Tuesday,Afternoon,64.12,1.0,Positive,6.93,1,47.0
651852,Gadget Geek,70.99,Technology,82.08,Tuesday,Afternoon,70.66,2.0,Neutral,59.15808,1,66.0
653506,Gadget Geek,66.88493211778656,Technology,81.08,Tuesday,Afternoon,13.4,1.0,Negative,50.09363,1,94.0
654527,Gadget Geek,66.88493211778656,Technology,93.97,Tuesday,Afternoon,88.64,2.0,Neutral,51.23706,1,31.0
654853,Gadget Geek,66.88493211778656,Technology,89.11,Tuesday,Afternoon,87.26,0.0,Neutral,73.09792,1,42.0
655306,Gadget Geek,66.88493211778656,Technology,45.47,Tuesday,Afternoon,94.05,1.0,Neutral,25.6903,1,78.0
656759,Gadget Geek,66.88493211778656,Technology,21.43,Tuesday,Afternoon,31.43,2.0,Positive,42.22033,1,31.0
656867,Gadget Geek,94.26,Technology,62.57,Tuesday,Afternoon,35.38,2.0,Neutral,66.20889,1,98.0
658021,Gadget Geek,54.03,Technology,86.52,Tuesday,Afternoon,81.03,0.0,Positive,35.2651,1,5.0
658647,Gadget Geek,64.05,Technology,95.05,Tuesday,Afternoon,0.0,0.0,Positive,58.90915,1,46.0
659941,Gadget Geek,112.21,Technology,68.67,Tuesday,Afternoon,58.08,1.0,Negative,76.48825,1,12.0
662607,Gadget Geek,96.78,Technology,94.31,Tuesday,Afternoon,88.82,2.0,Neutral,45.37051,1,72.0
663608,Gadget Geek,30.04,Technology,97.93,Tuesday,Afternoon,6.25,0.0,Negative,17.38,1,65.0
664564,Gadget Geek,49.25,Technology,70.83,Tuesday,Afternoon,65.86,1.0,Positive,46.13984,1,7.0
664899,Gadget Geek,109.77,Technology,36.61,Tuesday,Afternoon,0.0,2.0,Negative,59.22406,1,86.0
665785,Gadget Geek,30.4,Technology,79.28,Tuesday,Afternoon,5.52,1.0,Neutral,25.3836,1,43.0
665957,Gadget Geek,78.99,Technology,96.53,Tuesday,Afternoon,5.64,3.0,Neutral,44.57068,1,60.0
666717,Gadget Geek,77.5,Technology,55.72,Tuesday,Afternoon,35.8,2.0,Positive,44.34781,1,61.0
668557,Gadget Geek,9.4,Technology,57.69,Tuesday,Afternoon,0.0,2.0,Neutral,0.0,1,29.0
670594,Gadget Geek,81.53,Technology,33.0,Tuesday,Afternoon,30.89,0.0,Positive,79.13487,1,14.0
672324,Gadget Geek,97.95,Technology,68.9,Tuesday,Afternoon,0.0,2.0,Negative,82.06954,1,49.0
674274,Gadget Geek,88.73,Technology,94.64,Tuesday,Afternoon,86.49,0.0,Neutral,68.08159,1,79.0
675765,Gadget Geek,66.88493211778656,Technology,61.4,Tuesday,Afternoon,93.39,2.0,Negative,25.83,1,60.0
678306,Gadget Geek,66.88493211778656,Technology,84.66,Tuesday,Afternoon,88.49,1.0,Positive,76.29879,1,50.0
679033,Gadget Geek,57.57,Technology,92.2,Tuesday,Afternoon,51.56,0.0,Neutral,40.0805,1,22.0
679831,Gadget Geek,99.29,Technology,65.57,Tuesday,Afternoon,72.69,0.0,Neutral,61.9153,1,82.0
680955,Gadget Geek,18.4708761,Technology,29.99,Tuesday,Afternoon,81.59,0.0,Neutral,11.07066,1,93.0
681451,Gadget Geek,81.44,Technology,42.31,Tuesday,Afternoon,99.95,3.0,Neutral,65.0041,1,29.0
681481,Gadget Geek,9.21,Technology,99.1,Tuesday,Afternoon,23.19,1.0,Negative,7.88738,1,24.0
683225,Gadget Geek,66.88493211778656,Technology,94.01,Tuesday,Afternoon,0.0,0.0,Negative,70.83931,1,51.0
688290,Gadget Geek,81.95,Technology,47.45,Tuesday,Afternoon,61.95,0.0,Negative,68.9196,1,36.0
691920,Gadget Geek,13.91,Technology,41.77,Tuesday,Afternoon,91.6,3.0,Positive,3.72446,1,100.0
693945,Gadget Geek,71.93,Technology,71.7,Tuesday,Afternoon,0.0,3.0,Neutral,43.17,1,26.0
694926,Gadget Geek,66.88493211778656,Technology,48.25,Tuesday,Afternoon,1.05,1.0,Neutral,25.6903,1,78.0
695908,Gadget Geek,81.62,Technology,87.15,Tuesday,Afternoon,72.52,0.0,Negative,56.88513,1,61.0
697902,Gadget Geek,66.88493211778656,Technology,49.67,Tuesday,Afternoon,27.07,0.0,Negative,21.49898,1,97.0
698469,Gadget Geek,110.39,Technology,85.04,Tuesday,Afternoon,52.41,1.0,Positive,96.6137,1,43.0
699697,Gadget Geek,82.17,Technology,68.8,Tuesday,Afternoon,76.19,0.0,Positive,56.53757,1,30.0
701214,Gadget Geek,64.57,Technology,30.14,Tuesday,Afternoon,72.08,0.0,Negative,55.17513,1,60.0
701236,Gadget Geek,16.89,Technology,66.86,Tuesday,Afternoon,57.1,2.0,Negative,14.14063,1,80.0
701783,Gadget Geek,28.54,Technology,64.25,Tuesday,Afternoon,97.09,0.0,Positive,20.18348,1,81.0
701810,Gadget Geek,47.33,Technology,92.2,Tuesday,Afternoon,51.56,0.0,Neutral,40.0805,1,40.0
701946,Gadget Geek,52.28,Technology,27.38,Tuesday,Afternoon,0.0,0.0,Negative,28.19488,1,84.0
702498,Gadget Geek,31.95,Technology,68.73,Tuesday,Afternoon,42.73,1.0,Neutral,26.6052,1,97.0
706383,Gadget Geek,17.67,Technology,99.8,Tuesday,Afternoon,37.23,3.0,Negative,10.1618,1,21.0
706484,Gadget Geek,66.88493211778656,Technology,64.92,Tuesday,Afternoon,0.0,2.0,Neutral,6.16431,1,76.0
707770,Gadget Geek,66.88493211778656,Technology,90.84,Tuesday,Afternoon,0.0,0.0,Neutral,71.97907,1,4.0
713837,Gadget Geek,21.74,Technology,27.08,Tuesday,Afternoon,0.0,1.0,Negative,7.96712,1,61.0
715296,Gadget Geek,39.72,Technology,89.45,Tuesday,Afternoon,88.72,3.0,Neutral,29.22,1,7.0
717963,Gadget Geek,66.88493211778656,Technology,60.81,Tuesday,Afternoon,72.23,1.0,Negative,47.00538,1,99.0
723448,Gadget Geek,46.57,Technology,94.84,Tuesday,Afternoon,0.0,3.0,Positive,45.57466,1,90.0
724089,Gadget Geek,105.62,Technology,46.4,Tuesday,Afternoon,65.62,2.0,Positive,55.49799,1,60.0
724313,Gadget Geek,86.39,Technology,93.24,Tuesday,Afternoon,34.03,2.0,Positive,68.88168,1,81.0
724514,Gadget Geek,115.44,Technology,23.54,Tuesday,Afternoon,54.26,1.0,Neutral,67.38233,1,7.0
724706,Gadget Geek,75.67,Technology,74.81,Tuesday,Afternoon,0.0,0.0,Positive,44.42999,1,93.0
726732,Gadget Geek,112.41,Technology,40.74,Tuesday,Afternoon,66.37,0.0,Negative,104.26216,1,62.0
727075,Gadget Geek,115.92,Technology,51.97,Tuesday,Afternoon,58.66,2.0,Positive,67.52087,1,69.0
729810,Gadget Geek,66.88493211778656,Technology,29.23,Tuesday,Afternoon,43.66,0.0,Positive,31.00711,1,92.0
730933,Gadget Geek,55.25,Technology,98.59,Tuesday,Afternoon,53.68,1.0,Negative,26.92637,1,77.0
732545,Gadget Geek,13.94,Technology,41.77,Tuesday,Afternoon,90.47,3.0,Positive,3.72446,1,100.0
733818,Gadget Geek,71.04,Technology,82.32,Tuesday,Afternoon,70.66,2.0,Neutral,59.15808,1,33.0
734005,Gadget Geek,11.66,Technology,78.59,Tuesday,Afternoon,64.29,0.0,Negative,10.35,1,47.0
738045,Gadget Geek,79.07,Technology,84.35,Tuesday,Afternoon,0.0,2.0,Positive,70.46695,1,60.0
740783,Gadget Geek,118.5,Technology,83.14,Tuesday,Afternoon,81.35,1.0,Neutral,88.05082,1,13.0
743245,Gadget Geek,43.97,Technology,24.3,Tuesday,Afternoon,0.27,3.0,Neutral,40.001,1,46.0
743858,Gadget Geek,44.09,Technology,58.69,Tuesday,Afternoon,2.83,1.0,Neutral,30.22232,1,43.0
745168,Gadget Geek,7.89,Technology,22.58,Tuesday,Afternoon,51.4,3.0,Negative,1.8269,1,29.0
746771,Gadget Geek,114.44,Technology,70.13,Tuesday,Afternoon,48.39,3.0,Neutral,90.13882,1,61.0
748380,Gadget Geek,28.9,Technology,65.27,Tuesday,Afternoon,0.0,3.0,Negative,22.24,1,34.0
748510,Gadget Geek,31.7,Technology,59.01,Tuesday,Afternoon,59.01,1.0,Positive,23.45248,1,23.0
748726,Gadget Geek,80.68,Technology,66.24,Tuesday,Afternoon,98.28,3.0,Positive,42.84282,1,8.0
751682,Gadget Geek,86.36,Technology,79.42,Tuesday,Afternoon,83.13,0.0,Positive,,0,19.0
756067,Gadget Geek,12.93,Technology,56.72,Tuesday,Afternoon,16.15,3.0,Positive,,0,26.0
756399,Gadget Geek,112.11,Technology,65.66,Tuesday,Afternoon,52.13,2.0,Positive,,0,42.0
756471,Gadget Geek,66.88493211778656,Technology,60.84,Tuesday,Afternoon,0.0,3.0,Negative,,0,48.0
760104,Gadget Geek,66.88493211778656,Technology,88.74,Tuesday,Afternoon,44.63,2.0,Positive,,0,58.0
760894,Gadget Geek,37.42,Technology,37.59,Tuesday,Afternoon,85.23,2.0,Positive,,0,31.0
761152,Gadget Geek,81.91,Technology,26.64,Tuesday,Afternoon,79.69,3.0,Neutral,,0,49.0
762794,Gadget Geek,75.81,Technology,20.4,Tuesday,Afternoon,73.87,2.0,Neutral,,0,8.0
763238,Gadget Geek,54.62,Technology,22.66,Tuesday,Afternoon,73.71,0.0,Neutral,,0,39.0
769790,Gadget Geek,24.22,Technology,67.35,Tuesday,Afternoon,61.86,2.0,Negative,,0,93.0
770905,Gadget Geek,52.0,Technology,64.76,Tuesday,Afternoon,47.72,3.0,Negative,,0,51.0
771453,Gadget Geek,66.88493211778656,Technology,26.69,Tuesday,Afternoon,71.87,0.0,Positive,,0,37.0
772836,Gadget Geek,34.35,Technology,25.55,Tuesday,Afternoon,11.97,1.0,Negative,,0,9.0
782267,Gadget Geek,44.53,Technology,47.33,Tuesday,Afternoon,78.26,0.0,Neutral,,0,8.0
784847,Gadget Geek,66.88493211778656,Technology,48.42,Tuesday,Afternoon,1.05,1.0,Neutral,,0,78.0
785148,Gadget Geek,96.59,Technology,30.94,Tuesday,Afternoon,39.05,0.0,Neutral,,0,92.0
785523,Gadget Geek,66.41,Technology,27.92,Tuesday,Afternoon,50.28,0.0,Positive,,0,78.0
786932,Gadget Geek,66.88493211778656,Technology,53.75,Tuesday,Afternoon,28.43,1.0,Neutral,,0,40.0
787085,Gadget Geek,111.39,Technology,37.44,Tuesday,Afternoon,64.29,2.0,Neutral,,0,24.0
787279,Gadget Geek,100.82,Technology,58.58,Tuesday,Afternoon,6.68,2.0,Negative,,0,18.0
789306,Gadget Geek,82.8,Technology,28.12,Tuesday,Afternoon,87.2,1.0,Neutral,,0,66.0
790943,Gadget Geek,47.15,Technology,99.43,Tuesday,Afternoon,0.0,3.0,Positive,,0,94.0
792083,Gadget Geek,117.96,Technology,96.78,Tuesday,Afternoon,92.79,0.0,Neutral,,0,92.0
793026,Gadget Geek,31.59,Technology,21.2,Tuesday,Afternoon,94.53,1.0,Negative,,0,20.0
793959,Gadget Geek,35.73,Technology,54.64,Tuesday,Afternoon,80.34,0.0,Neutral,,0,6.0
794299,Gadget Geek,47.87,Technology,78.25,Tuesday,Afternoon,0.0,0.0,Negative,,0,87.0
799888,Gadget Geek,53.67,Technology,63.59,Tuesday,Afternoon,0.0,2.0,Positive,,0,59.0
800250,Gadget Geek,116.19,Technology,64.01,Tuesday,Afternoon,7.09,2.0,Positive,,0,40.0
801652,Gadget Geek,12.47,Technology,74.41,Tuesday,Afternoon,2.77,0.0,Positive,,0,46.0
802048,Gadget Geek,12.48,Technology,79.58,Tuesday,Afternoon,98.27,0.0,Positive,,0,46.0
805261,Gadget Geek,112.55,Technology,86.59,Tuesday,Afternoon,0.0,3.0,Neutral,,0,1.0
806580,Gadget Geek,33.29,Technology,66.49,Tuesday,Afternoon,33.27,0.0,Neutral,,0,54.0
807637,Gadget Geek,114.97,Technology,93.37,Tuesday,Afternoon,7.94,2.0,Negative,,0,49.0
808228,Gadget Geek,119.17,Technology,79.8,Tuesday,Afternoon,95.37,2.0,Positive,,0,72.0
809984,Gadget Geek,29.97,Technology,98.61,Tuesday,Afternoon,36.24,2.0,Negative,,0,43.0
812764,Gadget Geek,66.88493211778656,Technology,43.59,Tuesday,Afternoon,0.0,0.0,Neutral,,0,84.0
813165,Gadget Geek,66.88493211778656,Technology,27.02,Tuesday,Afternoon,22.63,2.0,Positive,,0,53.0
815705,Gadget Geek,66.88493211778656,Technology,46.06,Tuesday,Afternoon,0.0,3.0,Positive,,0,50.0
820982,Gadget Geek,37.33,Technology,59.1,Tuesday,Afternoon,64.94,3.0,Negative,,0,25.0
821214,Gadget Geek,20.18,Technology,86.04,Tuesday,Afternoon,77.64,0.0,Positive,,0,89.0
823626,Gadget Geek,66.88493211778656,Technology,46.66,Tuesday,Afternoon,0.0,0.0,Neutral,,0,99.0
827176,Gadget Geek,70.36,Technology,67.75,Tuesday,Afternoon,0.0,2.0,Negative,,0,51.0
828097,Gadget Geek,6.69,Technology,86.96,Tuesday,Afternoon,34.21,1.0,Negative,,0,82.0
831158,Gadget Geek,110.99,Technology,97.84,Tuesday,Afternoon,0.0,1.0,Positive,,0,37.0
834401,Gadget Geek,78.96,Technology,42.26,Tuesday,Afternoon,0.0,0.0,Positive,,0,20.0
835855,Gadget Geek,104.1,Technology,49.67,Tuesday,Afternoon,28.58,2.0,Neutral,,0,41.0
837749,Gadget Geek,88.89,Technology,45.75,Tuesday,Afternoon,7.62,2.0,Neutral,,0,60.0
839513,Gadget Geek,95.63,Technology,73.47,Tuesday,Afternoon,0.0,2.0,Neutral,,0,85.0
841581,Gadget Geek,59.97,Technology,86.73,Tuesday,Afternoon,47.17,0.0,Positive,,0,9.0
842754,Gadget Geek,66.88493211778656,Technology,82.3,Tuesday,Afternoon,0.0,3.0,Negative,,0,4.0
843157,Gadget Geek,71.69,Technology,20.17,Tuesday,Afternoon,73.19,3.0,Negative,,0,81.0
843167,Gadget Geek,70.63,Technology,68.45,Tuesday,Afternoon,14.59,3.0,Positive,,0,37.0
845914,Gadget Geek,112.59,Technology,67.32,Tuesday,Afternoon,81.66,1.0,Neutral,,0,45.0
847828,Gadget Geek,46.84,Technology,21.94,Tuesday,Afternoon,8.77,3.0,Negative,,0,35.0
847943,Gadget Geek,71.33,Technology,29.7,Tuesday,Afternoon,10.78,1.0,Positive,,0,67.0
854154,Gadget Geek,92.69,Technology,82.16,Tuesday,Afternoon,0.0,0.0,Positive,,0,32.0
854396,Gadget Geek,39.53,Technology,71.76,Tuesday,Afternoon,84.24,3.0,Negative,,0,97.0
862352,Gadget Geek,116.85,Technology,78.43,Tuesday,Afternoon,49.8,2.0,Negative,,0,31.0
864835,Gadget Geek,66.88493211778656,Technology,20.19,Tuesday,Afternoon,78.37,0.0,Positive,,0,96.0
867860,Gadget Geek,81.71,Technology,52.01,Tuesday,Afternoon,29.7,1.0,Positive,,0,24.0
868351,Gadget Geek,108.26,Technology,71.18,Tuesday,Afternoon,22.97,3.0,Positive,,0,71.0
868398,Gadget Geek,113.3,Technology,64.14,Tuesday,Afternoon,77.22,0.0,Positive,,0,50.0
869464,Gadget Geek,103.74,Technology,62.25,Tuesday,Afternoon,0.0,2.0,Negative,,0,44.0
871532,Gadget Geek,107.11,Technology,62.76,Tuesday,Afternoon,39.29,2.0,Positive,,0,92.0
871689,Gadget Geek,66.88493211778656,Technology,94.88,Tuesday,Afternoon,67.59,2.0,Negative,,0,42.0
874325,Gadget Geek,64.72,Technology,95.57,Tuesday,Afternoon,72.67,0.0,Neutral,,0,99.0
874416,Gadget Geek,29.52,Technology,97.74,Tuesday,Afternoon,0.0,2.0,Negative,,0,85.0
879726,Gadget Geek,112.43,Technology,68.67,Tuesday,Afternoon,58.2,1.0,Negative,,0,13.0
880270,Gadget Geek,66.88493211778656,Technology,77.82,Tuesday,Afternoon,0.0,2.0,Neutral,,0,69.0
881626,Gadget Geek,42.6,Technology,49.96,Tuesday,Afternoon,86.59,2.0,Positive,,0,7.0
882322,Gadget Geek,117.03,Technology,46.38,Tuesday,Afternoon,0.35,0.0,Neutral,,0,98.0
883248,Gadget Geek,24.07,Technology,67.41,Tuesday,Afternoon,27.76,0.0,Positive,,0,36.0
889041,Gadget Geek,103.97,Technology,49.59,Tuesday,Afternoon,33.95,2.0,Positive,,0,85.0
889545,Gadget Geek,44.78,Technology,45.77,Tuesday,Afternoon,16.77,2.0,Positive,,0,4.0
891249,Gadget Geek,65.79,Technology,74.8,Tuesday,Afternoon,0.0,0.0,Negative,,0,84.0
892173,Gadget Geek,57.94,Technology,36.12,Tuesday,Afternoon,8.82,0.0,Neutral,,0,43.0
894520,Gadget Geek,110.44,Technology,37.22,Tuesday,Afternoon,96.92,1.0,Positive,,0,5.0
895771,Gadget Geek,39.67,Technology,27.68,Tuesday,Afternoon,39.49,1.0,Positive,,0,82.0
899220,Gadget Geek,38.66,Technology,62.47,Tuesday,Afternoon,6.64,2.0,Neutral,,0,89.0
901330,Gadget Geek,68.44,Technology,55.22,Tuesday,Afternoon,78.05,3.0,Neutral,,0,90.0
904041,Gadget Geek,91.08,Technology,86.93,Tuesday,Afternoon,16.94,3.0,Positive,,0,22.0
904323,Gadget Geek,113.58,Technology,34.81,Tuesday,Afternoon,64.93,2.0,Negative,,0,28.0
906934,Gadget Geek,94.05,Technology,24.19,Tuesday,Afternoon,35.76,0.0,Negative,,0,91.0
907365,Gadget Geek,71.07,Technology,80.55,Tuesday,Afternoon,0.0,0.0,Negative,,0,31.0
908580,Gadget Geek,78.27,Technology,23.15,Tuesday,Afternoon,27.24,3.0,Neutral,,0,88.0
909192,Gadget Geek,90.28,Technology,53.24,Tuesday,Afternoon,42.82,3.0,Positive,,0,81.0
910239,Gadget Geek,31.67,Technology,69.89,Tuesday,Afternoon,16.34,1.0,Positive,,0,31.0
913673,Gadget Geek,80.88,Technology,78.28,Tuesday,Afternoon,79.77,3.0,Neutral,,0,72.0
914858,Gadget Geek,13.46,Technology,41.88,Tuesday,Afternoon,62.42,3.0,Positive,,0,100.0
916345,Gadget Geek,88.15,Technology,61.74,Tuesday,Afternoon,37.61,3.0,Positive,,0,51.0
916541,Gadget Geek,24.01,Technology,80.85,Tuesday,Afternoon,0.0,1.0,Neutral,,0,87.0
921164,Gadget Geek,87.11,Technology,97.55,Tuesday,Afternoon,6.63,1.0,Positive,,0,77.0
921225,Gadget Geek,81.22,Technology,29.11,Tuesday,Afternoon,46.13,1.0,Negative,,0,8.0
922196,Gadget Geek,67.05,Technology,99.75,Tuesday,Afternoon,95.18,2.0,Positive,,0,35.0
922722,Gadget Geek,5.3,Technology,74.48,Tuesday,Afternoon,98.19,0.0,Neutral,,0,80.0
923605,Gadget Geek,107.91,Technology,28.68,Tuesday,Afternoon,68.12,3.0,Neutral,,0,70.0
923951,Gadget Geek,91.16,Technology,76.33,Tuesday,Afternoon,0.0,3.0,Positive,,0,19.0
927439,Gadget Geek,66.88493211778656,Technology,94.12,Tuesday,Afternoon,60.02,0.0,Positive,,0,68.0
927890,Gadget Geek,39.1,Technology,24.9,Tuesday,Afternoon,23.57,0.0,Neutral,,0,92.0
930405,Gadget Geek,31.31,Technology,28.77,Tuesday,Afternoon,20.51,2.0,Positive,,0,43.0
931003,Gadget Geek,67.58,Technology,40.87,Tuesday,Afternoon,86.09,1.0,Negative,,0,70.0
931423,Gadget Geek,112.07,Technology,46.43,Tuesday,Afternoon,62.67,1.0,Negative,,0,16.0
931530,Gadget Geek,67.56,Technology,55.51,Tuesday,Afternoon,71.6,1.0,Positive,,0,72.0
935559,Gadget Geek,38.44,Technology,23.37,Tuesday,Afternoon,18.25,1.0,Negative,,0,52.0
937598,Gadget Geek,119.05,Technology,76.1,Tuesday,Afternoon,0.0,0.0,Neutral,,0,47.0
937685,Gadget Geek,78.02,Technology,36.73,Tuesday,Afternoon,59.08,0.0,Negative,,0,71.0
939330,Gadget Geek,117.06,Technology,24.6,Tuesday,Afternoon,71.39,3.0,Neutral,,0,48.0
941577,Gadget Geek,85.04,Technology,77.45,Tuesday,Afternoon,37.51,1.0,Negative,,0,31.0
942627,Gadget Geek,43.89,Technology,43.95,Tuesday,Afternoon,31.84,0.0,Neutral,,0,64.0
948416,Gadget Geek,13.19,Technology,41.77,Tuesday,Afternoon,91.6,3.0,Positive,,0,100.0
950889,Gadget Geek,66.88493211778656,Technology,37.63,Tuesday,Afternoon,50.49,1.0,Neutral,,0,9.0
952587,Gadget Geek,68.83,Technology,50.69,Tuesday,Afternoon,2.79,0.0,Negative,,0,6.0
952893,Gadget Geek,73.63,Technology,28.29,Tuesday,Afternoon,43.02,2.0,Neutral,,0,59.0
955657,Gadget Geek,76.69,Technology,53.34,Tuesday,Afternoon,91.43,1.0,Negative,,0,42.0
956923,Gadget Geek,86.39,Technology,39.41,Tuesday,Afternoon,81.05,2.0,Positive,,0,81.0
959659,Gadget Geek,98.1,Technology,78.37,Tuesday,Afternoon,8.17,1.0,Negative,,0,53.0
960924,Gadget Geek,87.24,Technology,88.6,Tuesday,Afternoon,9.58,3.0,Neutral,,0,40.0
962714,Gadget Geek,78.46,Technology,49.76,Tuesday,Afternoon,16.17,0.0,Neutral,,0,49.0
965411,Gadget Geek,41.14,Technology,72.16,Tuesday,Afternoon,0.0,3.0,Negative,,0,78.0
965569,Gadget Geek,111.62,Technology,68.41,Tuesday,Afternoon,22.84,2.0,Neutral,,0,13.0
965708,Gadget Geek,66.88493211778656,Technology,84.2,Tuesday,Afternoon,0.0,1.0,Negative,,0,9.0
967417,Gadget Geek,60.82,Technology,39.69,Tuesday,Afternoon,0.0,3.0,Negative,,0,18.0
969735,Gadget Geek,93.43,Technology,69.94,Tuesday,Afternoon,0.02,0.0,Neutral,,0,46.0
971067,Gadget Geek,66.88493211778656,Technology,65.78,Tuesday,Afternoon,74.79,2.0,Neutral,,0,66.0
971561,Gadget Geek,54.89,Technology,27.94,Tuesday,Afternoon,0.0,2.0,Neutral,,0,26.0
971889,Gadget Geek,24.29,Technology,48.29,Tuesday,Afternoon,88.28,0.0,Positive,,0,84.0
972262,Gadget Geek,50.24,Technology,71.98,Tuesday,Afternoon,0.0,2.0,Negative,,0,48.0
973214,Gadget Geek,45.17,Technology,69.9,Tuesday,Afternoon,89.98,3.0,Positive,,0,46.0
975043,Gadget Geek,13.94,Technology,41.77,Tuesday,Afternoon,30.88,3.0,Positive,,0,100.0
975337,Gadget Geek,84.41,Technology,82.41,Tuesday,Afternoon,34.41,1.0,Neutral,,0,82.0
977530,Gadget Geek,58.35,Technology,55.06,Tuesday,Afternoon,78.1,0.0,Neutral,,0,91.0
977689,Gadget Geek,7.96,Technology,90.78,Tuesday,Afternoon,71.78,0.0,Positive,,0,4.0
981037,Gadget Geek,6.33,Technology,25.5,Tuesday,Afternoon,0.0,1.0,Neutral,,0,99.0
982828,Gadget Geek,66.33,Technology,51.32,Tuesday,Afternoon,9.95,2.0,Negative,,0,72.0
982875,Gadget Geek,66.88493211778656,Technology,80.76,Tuesday,Afternoon,0.0,0.0,Negative,,0,58.0
984591,Gadget Geek,106.66,Technology,69.79,Tuesday,Afternoon,0.0,0.0,Negative,,0,74.0
986313,Gadget Geek,66.88493211778656,Technology,63.01,Tuesday,Afternoon,44.97,1.0,Neutral,,0,63.0
989546,Gadget Geek,30.02,Technology,49.53,Tuesday,Afternoon,98.04,3.0,Negative,,0,71.0
990585,Gadget Geek,112.74,Technology,28.75,Tuesday,Afternoon,91.72,1.0,Positive,,0,5.0
994334,Gadget Geek,66.88493211778656,Technology,72.02,Tuesday,Afternoon,96.59,0.0,Neutral,,0,70.0
995981,Gadget Geek,67.05,Technology,52.62,Tuesday,Afternoon,95.18,2.0,Positive,,0,95.0
997099,Gadget Geek,66.88493211778656,Technology,49.65,Tuesday,Afternoon,16.2,3.0,Neutral,,0,53.0
999648,Gadget Geek,66.88493211778656,Technology,97.86,Tuesday,Afternoon,74.32,0.0,Neutral,,0,9.0
