id,Podcast_Name,Episode_Length_minutes,Genre,Host_Popularity_percentage,Publication_Day,Publication_Time,Guest_Popularity_percentage,Number_of_Ads,Episode_Sentiment,Listening_Time_minutes,is_train,Episode_Number
2847,Gadget Geek,53.59,Technology,79.44,Thursday,Evening,2.62,0.0,Negative,24.24258,1,78.0
5018,Gadget Geek,39.08,Technology,29.29,Thursday,Evening,75.24,1.0,Neutral,26.77,1,87.0
5111,Gadget Geek,118.82,Technology,80.33,Thursday,Evening,0.0,2.0,Positive,118.28,1,61.0
8044,Gadget Geek,100.97,Technology,62.33,Thursday,Evening,0.0,3.0,Neutral,79.59733,1,47.0
9423,Gadget Geek,16.85,Technology,66.47,Thursday,Evening,0.0,3.0,Neutral,8.75,1,13.0
10231,Gadget Geek,54.62,Technology,26.71,Thursday,Evening,58.99,2.0,Positive,37.16233,1,88.0
11045,Gadget Geek,49.46,Technology,48.26,Thursday,Evening,0.0,1.0,Negative,41.81107,1,95.0
15884,Gadget Geek,71.62,Technology,45.05,Thursday,Evening,27.87,0.0,Positive,61.7557,1,7.0
16243,Gadget Geek,33.47,Technology,65.62,Thursday,Evening,74.34,1.0,Neutral,17.87909,1,96.0
19830,Gadget Geek,65.02,Technology,35.44,Thursday,Evening,57.44,0.0,Neutral,40.97805,1,89.0
20050,Gadget Geek,36.66,Technology,85.27,Thursday,Evening,65.95,1.0,Positive,25.2,1,27.0
20245,Gadget Geek,87.15,Technology,45.58,Thursday,Evening,3.83,1.0,Positive,65.65912,1,49.0
20260,Gadget Geek,7.99,Technology,33.59,Thursday,Evening,0.0,1.0,Neutral,0.0,1,53.0
20798,Gadget Geek,80.3,Technology,91.62,Thursday,Evening,0.0,3.0,Neutral,47.78563,1,50.0
21178,Gadget Geek,80.79,Technology,27.34,Thursday,Evening,81.4,2.0,Positive,67.50006,1,80.0
23026,Gadget Geek,116.79,Technology,56.45,Thursday,Evening,12.72,0.0,Neutral,73.60544,1,9.0
25375,Gadget Geek,108.85,Technology,30.56,Thursday,Evening,0.0,1.0,Neutral,62.9162,1,58.0
27027,Gadget Geek,97.35,Technology,52.19,Thursday,Evening,8.72,0.0,Positive,77.41338,1,34.0
30309,Gadget Geek,58.63,Technology,77.34,Thursday,Evening,0.0,3.0,Negative,43.97,1,73.0
30674,Gadget Geek,49.66,Technology,35.1,Thursday,Evening,15.79,3.0,Negative,23.27772,1,85.0
31114,Gadget Geek,62.007506872671755,Technology,82.55,Thursday,Evening,55.08,1.0,Negative,53.02638,1,93.0
33848,Gadget Geek,6.62,Technology,74.48,Thursday,Evening,3.69,1.0,Positive,6.62131,1,51.0
34119,Gadget Geek,113.85,Technology,65.12,Thursday,Evening,25.08,0.0,Neutral,110.24692,1,59.0
34139,Gadget Geek,89.34,Technology,96.5,Thursday,Evening,38.53,2.0,Positive,52.90776,1,20.0
34381,Gadget Geek,42.35,Technology,51.5,Thursday,Evening,0.0,0.0,Positive,30.2,1,45.0
38764,Gadget Geek,27.39,Technology,34.52,Thursday,Evening,47.09,2.0,Positive,11.00456,1,37.0
40682,Gadget Geek,36.69,Technology,59.67,Thursday,Evening,95.67,0.0,Negative,24.11748,1,38.0
41701,Gadget Geek,89.97,Technology,80.61,Thursday,Evening,37.36,3.0,Negative,75.17527,1,52.0
42012,Gadget Geek,62.007506872671755,Technology,39.76,Thursday,Evening,0.0,3.0,Positive,36.34362,1,18.0
48944,Gadget Geek,113.79,Technology,28.87,Thursday,Evening,0.0,3.0,Positive,98.45,1,28.0
49312,Gadget Geek,113.94,Technology,67.97,Thursday,Evening,0.0,1.0,Negative,63.78,1,78.0
51925,Gadget Geek,90.11,Technology,53.14,Thursday,Evening,92.63,2.0,Negative,53.10985,1,49.0
52582,Gadget Geek,116.22,Technology,91.44,Thursday,Evening,0.0,1.0,Positive,94.22668,1,5.0
53009,Gadget Geek,51.94,Technology,38.68,Thursday,Evening,88.83,2.0,Positive,33.91996,1,43.0
54816,Gadget Geek,74.51,Technology,76.5,Thursday,Evening,0.0,0.0,Positive,62.5215,1,81.0
58262,Gadget Geek,21.53,Technology,27.51,Thursday,Evening,81.73,1.0,Negative,10.89,1,66.0
58319,Gadget Geek,62.007506872671755,Technology,73.82,Thursday,Evening,73.34,2.0,Neutral,35.24804,1,69.0
59945,Gadget Geek,101.92,Technology,98.44,Thursday,Evening,0.0,0.0,Negative,84.1,1,15.0
65509,Gadget Geek,55.46,Technology,51.49,Thursday,Evening,91.2,0.0,Neutral,42.80992,1,63.0
66325,Gadget Geek,103.56,Technology,21.52,Thursday,Evening,73.42,1.0,Positive,69.8382,1,5.0
68597,Gadget Geek,107.76,Technology,95.18,Thursday,Evening,8.15,1.0,Positive,52.12412,1,1.0
68753,Gadget Geek,50.52,Technology,48.65,Thursday,Evening,0.0,1.0,Positive,31.26333,1,38.0
68963,Gadget Geek,31.61,Technology,51.6,Thursday,Evening,79.61,1.0,Positive,19.661,1,82.0
69486,Gadget Geek,94.94,Technology,81.49,Thursday,Evening,74.23,3.0,Negative,69.56809,1,37.0
70387,Gadget Geek,50.55,Technology,90.83,Thursday,Evening,10.48,2.0,Positive,35.61658,1,63.0
70454,Gadget Geek,54.25,Technology,45.56,Thursday,Evening,28.64,0.0,Neutral,33.61827,1,38.0
71207,Gadget Geek,68.26,Technology,63.32,Thursday,Evening,99.31,2.0,Positive,56.31,1,86.0
74001,Gadget Geek,59.2,Technology,98.25,Thursday,Evening,0.0,2.0,Negative,28.21171,1,92.0
75281,Gadget Geek,59.99,Technology,24.72,Thursday,Evening,54.69,3.0,Neutral,36.16046,1,85.0
78745,Gadget Geek,6.62,Technology,74.48,Thursday,Evening,3.69,0.0,Positive,6.62131,1,48.0
79198,Gadget Geek,92.68,Technology,27.32,Thursday,Evening,24.18,1.0,Positive,72.74852,1,12.0
82484,Gadget Geek,62.007506872671755,Technology,43.23,Thursday,Evening,24.39,3.0,Negative,6.6502,1,26.0
82633,Gadget Geek,54.67,Technology,76.27,Thursday,Evening,42.69,0.0,Negative,37.10455,1,22.0
83429,Gadget Geek,39.27,Technology,28.03,Thursday,Evening,65.54,3.0,Negative,37.64873,1,59.0
83430,Gadget Geek,84.39,Technology,24.28,Thursday,Evening,10.33,0.0,Negative,54.44706,1,49.0
85719,Gadget Geek,44.1,Technology,59.23,Thursday,Evening,34.08,0.0,Positive,36.2,1,34.0
87327,Gadget Geek,62.007506872671755,Technology,52.77,Thursday,Evening,0.0,2.0,Negative,77.53249,1,82.0
90197,Gadget Geek,40.74,Technology,44.03,Thursday,Evening,93.82,3.0,Positive,30.45,1,1.0
95817,Gadget Geek,119.57,Technology,86.59,Thursday,Evening,90.2,1.0,Negative,89.45848,1,71.0
96099,Gadget Geek,100.63,Technology,78.98,Thursday,Evening,1.95,1.0,Positive,85.1271,1,75.0
96974,Gadget Geek,61.97,Technology,69.68,Thursday,Evening,43.26,1.0,Negative,61.97,1,61.0
100043,Gadget Geek,62.007506872671755,Technology,90.32,Thursday,Evening,0.0,0.0,Neutral,81.0901,1,100.0
101610,Gadget Geek,109.38,Technology,37.88,Thursday,Evening,82.98,0.0,Neutral,87.20658,1,85.0
102532,Gadget Geek,114.76,Technology,66.03,Thursday,Evening,0.0,2.0,Positive,99.77,1,71.0
104708,Gadget Geek,89.34,Technology,67.9,Thursday,Evening,59.54,0.0,Positive,72.20911,1,25.0
106332,Gadget Geek,88.45,Technology,65.43,Thursday,Evening,0.0,2.0,Negative,60.3,1,4.0
106371,Gadget Geek,76.27,Technology,36.57,Thursday,Evening,41.34,1.0,Negative,53.12103,1,38.0
106445,Gadget Geek,10.39,Technology,74.47,Thursday,Evening,3.14,0.0,Positive,6.62131,1,51.0
107982,Gadget Geek,11.36,Technology,68.68,Thursday,Evening,31.39,3.0,Positive,5.1188,1,2.0
110178,Gadget Geek,100.07,Technology,41.65,Thursday,Evening,70.82,3.0,Positive,49.2358,1,75.0
113367,Gadget Geek,33.86,Technology,62.36,Thursday,Evening,4.89,2.0,Negative,14.12,1,70.0
115299,Gadget Geek,31.49,Technology,96.63,Thursday,Evening,87.92,2.0,Negative,21.95908,1,59.0
116602,Gadget Geek,81.09,Technology,45.33,Thursday,Evening,27.96,0.0,Positive,61.7557,1,7.0
118609,Gadget Geek,25.16,Technology,26.96,Thursday,Evening,0.0,2.0,Positive,13.26,1,98.0
119385,Gadget Geek,16.53,Technology,92.09,Thursday,Evening,36.41,3.0,Neutral,5.4548,1,43.0
122502,Gadget Geek,96.08,Technology,28.0,Thursday,Evening,78.42,2.0,Neutral,38.35516,1,42.0
124472,Gadget Geek,36.26,Technology,58.7,Thursday,Evening,0.0,3.0,Positive,33.45,1,27.0
126008,Gadget Geek,62.007506872671755,Technology,25.05,Thursday,Evening,0.0,3.0,Positive,31.95728,1,1.0
126368,Gadget Geek,49.28,Technology,77.29,Thursday,Evening,29.31,3.0,Negative,27.05432,1,23.0
128362,Gadget Geek,71.71,Technology,81.49,Thursday,Evening,30.99,1.0,Neutral,35.73612,1,41.0
131159,Gadget Geek,32.56,Technology,56.71,Thursday,Evening,68.91,0.0,Negative,8.26,1,63.0
137268,Gadget Geek,31.56,Technology,61.56,Thursday,Evening,7.59,3.0,Positive,24.49143,1,93.0
137647,Gadget Geek,22.54,Technology,66.03,Thursday,Evening,0.0,2.0,Negative,19.70049,1,9.0
137649,Gadget Geek,80.8,Technology,64.72,Thursday,Evening,44.63,3.0,Negative,52.30097,1,91.0
138265,Gadget Geek,42.67,Technology,46.07,Thursday,Evening,54.04,1.0,Negative,37.22531,1,43.0
138609,Gadget Geek,112.61,Technology,24.94,Thursday,Evening,23.26,3.0,Positive,84.8361,1,76.0
139104,Gadget Geek,27.87,Technology,54.56,Thursday,Evening,0.0,1.0,Positive,24.1042,1,69.0
139258,Gadget Geek,117.81,Technology,95.07,Thursday,Evening,0.0,0.0,Neutral,75.8544,1,58.0
139771,Gadget Geek,9.03,Technology,70.37,Thursday,Evening,83.9,1.0,Neutral,4.47199,1,60.0
141520,Gadget Geek,81.52,Technology,27.71,Thursday,Evening,4.88,3.0,Positive,63.29647,1,84.0
141778,Gadget Geek,89.54,Technology,82.59,Thursday,Evening,27.61,0.0,Neutral,67.0717,1,12.0
145902,Gadget Geek,12.29,Technology,79.65,Thursday,Evening,86.09,1.0,Positive,5.66731,1,15.0
147733,Gadget Geek,53.95,Technology,83.25,Thursday,Evening,19.72,1.0,Negative,41.27008,1,18.0
148470,Gadget Geek,29.61,Technology,96.63,Thursday,Evening,87.92,2.0,Negative,21.95908,1,29.0
148822,Gadget Geek,13.08,Technology,77.92,Thursday,Evening,26.82,2.0,Neutral,7.55729,1,96.0
153411,Gadget Geek,64.66,Technology,84.31,Thursday,Evening,99.45,2.0,Neutral,49.77535,1,76.0
154195,Gadget Geek,115.26,Technology,96.12,Thursday,Evening,0.0,1.0,Positive,70.52094,1,87.0
154820,Gadget Geek,41.81,Technology,77.89,Thursday,Evening,0.0,2.0,Negative,34.6039,1,69.0
155227,Gadget Geek,62.53,Technology,23.22,Thursday,Evening,94.23,0.0,Positive,56.38,1,79.0
156916,Gadget Geek,61.21,Technology,21.26,Thursday,Evening,0.0,3.0,Negative,40.09641,1,95.0
157002,Gadget Geek,92.69,Technology,78.61,Thursday,Evening,49.2,1.0,Negative,55.46381,1,35.0
159921,Gadget Geek,62.007506872671755,Technology,65.8,Thursday,Evening,73.0,0.0,Neutral,12.32122,1,55.0
160668,Gadget Geek,97.76,Technology,55.86,Thursday,Evening,0.0,0.0,Neutral,65.01518,1,92.0
160853,Gadget Geek,95.83,Technology,65.86,Thursday,Evening,39.56,0.0,Positive,76.10484,1,12.0
161858,Gadget Geek,60.72,Technology,30.15,Thursday,Evening,8.52,2.0,Positive,42.38598,1,29.0
162193,Gadget Geek,62.007506872671755,Technology,53.96,Thursday,Evening,35.87,1.0,Neutral,31.7957,1,80.0
162270,Gadget Geek,112.23,Technology,88.67,Thursday,Evening,58.47,0.0,Positive,110.07689,1,56.0
165115,Gadget Geek,114.57,Technology,28.9,Thursday,Evening,54.45,3.0,Positive,110.4857,1,70.0
166120,Gadget Geek,83.93,Technology,56.26,Thursday,Evening,26.41,3.0,Negative,65.95252,1,58.0
168439,Gadget Geek,62.85,Technology,54.71,Thursday,Evening,45.36,0.0,Negative,49.09145,1,40.0
174042,Gadget Geek,100.58,Technology,28.44,Thursday,Evening,0.0,3.0,Positive,87.00166,1,49.0
175970,Gadget Geek,62.007506872671755,Technology,95.32,Thursday,Evening,34.08,3.0,Negative,59.7364,1,9.0
177767,Gadget Geek,93.42,Technology,28.29,Thursday,Evening,0.0,2.0,Neutral,57.80011,1,71.0
178013,Gadget Geek,39.83,Technology,64.51,Thursday,Evening,90.34,3.0,Positive,32.72,1,17.0
178860,Gadget Geek,62.007506872671755,Technology,46.48,Thursday,Evening,66.88,1.0,Neutral,37.79709,1,60.0
179041,Gadget Geek,52.81,Technology,35.41,Thursday,Evening,88.88,0.0,Neutral,49.47404,1,32.0
180073,Gadget Geek,39.71,Technology,51.63,Thursday,Evening,58.79,3.0,Neutral,18.77,1,30.0
182340,Gadget Geek,54.67,Technology,27.74,Thursday,Evening,29.88,2.0,Positive,20.27,1,3.0
183417,Gadget Geek,9.6,Technology,63.56,Thursday,Evening,0.0,2.0,Positive,9.59028,1,14.0
184272,Gadget Geek,27.43,Technology,56.29,Thursday,Evening,0.0,2.0,Positive,9.80909,1,64.0
184639,Gadget Geek,51.18,Technology,96.07,Thursday,Evening,0.0,2.0,Positive,46.7064,1,46.0
185068,Gadget Geek,18.84,Technology,73.68,Thursday,Evening,82.6,0.0,Positive,11.43,1,9.0
186888,Gadget Geek,62.007506872671755,Technology,40.12,Thursday,Evening,0.0,2.0,Neutral,81.63996,1,72.0
187333,Gadget Geek,119.59,Technology,24.7,Thursday,Evening,24.3,1.0,Negative,111.4367,1,24.0
188097,Gadget Geek,21.18,Technology,48.18,Thursday,Evening,64.18,2.0,Positive,17.20958,1,77.0
190456,Gadget Geek,93.77,Technology,99.85,Thursday,Evening,42.25,2.0,Negative,65.96781,1,42.0
193366,Gadget Geek,59.66,Technology,89.3,Thursday,Evening,13.84,1.0,Neutral,47.92098,1,47.0
196115,Gadget Geek,31.45,Technology,84.3,Thursday,Evening,0.0,2.0,Neutral,23.2002,1,19.0
196121,Gadget Geek,52.21,Technology,96.07,Thursday,Evening,0.0,2.0,Positive,46.7064,1,46.0
199523,Gadget Geek,58.9,Technology,59.38,Thursday,Evening,92.42,1.0,Neutral,23.22168,1,62.0
201236,Gadget Geek,5.56,Technology,27.14,Thursday,Evening,83.13,1.0,Negative,0.0,1,1.0
201388,Gadget Geek,110.99,Technology,47.28,Thursday,Evening,50.76,1.0,Negative,107.94,1,42.0
201446,Gadget Geek,76.83,Technology,46.32,Thursday,Evening,12.3,0.0,Positive,64.08614,1,45.0
204751,Gadget Geek,105.75,Technology,20.92,Thursday,Evening,23.96,3.0,Negative,62.12325,1,71.0
207107,Gadget Geek,56.45,Technology,30.11,Thursday,Evening,36.84,0.0,Neutral,38.4,1,83.0
208638,Gadget Geek,81.77,Technology,95.82,Thursday,Evening,73.22,0.0,Negative,43.53309,1,84.0
209455,Gadget Geek,62.007506872671755,Technology,93.17,Thursday,Evening,37.17,2.0,Positive,44.68693,1,20.0
210572,Gadget Geek,39.14,Technology,99.58,Thursday,Evening,99.08,2.0,Positive,20.23415,1,44.0
210760,Gadget Geek,36.82,Technology,89.87,Thursday,Evening,0.0,0.0,Positive,33.43809,1,80.0
213962,Gadget Geek,100.87,Technology,58.77,Thursday,Evening,82.98,1.0,Neutral,79.85393,1,60.0
216674,Gadget Geek,81.09,Technology,45.13,Thursday,Evening,28.98,0.0,Positive,61.7557,1,7.0
219937,Gadget Geek,22.42,Technology,50.72,Thursday,Evening,78.03,3.0,Positive,10.89923,1,5.0
220288,Gadget Geek,78.36,Technology,22.82,Thursday,Evening,11.2,3.0,Positive,60.94412,1,40.0
221703,Gadget Geek,40.06,Technology,88.01,Thursday,Evening,22.03,0.0,Neutral,33.86844,1,89.0
221913,Gadget Geek,71.02,Technology,29.99,Thursday,Evening,91.0,1.0,Positive,58.80203,1,21.0
222159,Gadget Geek,8.12,Technology,66.27,Thursday,Evening,18.2,1.0,Negative,0.0,1,8.0
222333,Gadget Geek,67.53,Technology,65.99,Thursday,Evening,82.79,0.0,Neutral,42.45306,1,70.0
224871,Gadget Geek,110.99,Technology,47.32,Thursday,Evening,50.35,1.0,Negative,107.94,1,42.0
225267,Gadget Geek,59.44,Technology,48.56,Thursday,Evening,27.26,2.0,Negative,41.46807,1,93.0
227044,Gadget Geek,58.96,Technology,83.02,Thursday,Evening,43.68,0.0,Neutral,47.40698,1,87.0
232389,Gadget Geek,54.54,Technology,76.72,Thursday,Evening,42.69,0.0,Negative,37.10455,1,92.0
232662,Gadget Geek,87.81,Technology,81.05,Thursday,Evening,1.49,0.0,Neutral,76.09712,1,3.0
236417,Gadget Geek,89.93,Technology,65.87,Thursday,Evening,97.15,0.0,Neutral,48.43879,1,23.0
236939,Gadget Geek,23.55,Technology,49.5,Thursday,Evening,69.49,3.0,Positive,18.09052,1,19.0
237135,Gadget Geek,12.59,Technology,65.84,Thursday,Evening,0.0,0.0,Positive,9.7,1,50.0
237139,Gadget Geek,24.61,Technology,27.78,Thursday,Evening,62.58,2.0,Positive,12.66618,1,52.0
237588,Gadget Geek,28.23,Technology,70.86,Thursday,Evening,0.0,1.0,Positive,8.58941,1,8.0
238431,Gadget Geek,54.67,Technology,76.11,Thursday,Evening,42.69,0.0,Negative,37.10455,1,22.0
239365,Gadget Geek,90.37,Technology,53.82,Thursday,Evening,90.05,2.0,Neutral,53.88137,1,11.0
240289,Gadget Geek,6.24,Technology,86.79,Thursday,Evening,42.44,1.0,Negative,0.0,1,70.0
242927,Gadget Geek,30.02,Technology,27.68,Thursday,Evening,18.5,0.0,Neutral,21.99,1,71.0
243320,Gadget Geek,70.92,Technology,80.72,Thursday,Evening,19.02,3.0,Neutral,64.98,1,88.0
244923,Gadget Geek,42.03,Technology,60.4,Thursday,Evening,64.79,3.0,Neutral,24.28289,1,16.0
247500,Gadget Geek,9.4,Technology,79.4,Thursday,Evening,29.25,0.0,Neutral,4.71867,1,99.0
247915,Gadget Geek,39.11,Technology,88.04,Thursday,Evening,36.8,0.0,Negative,32.80823,1,24.0
253179,Gadget Geek,112.54,Technology,69.04,Thursday,Evening,2.1,0.0,Negative,73.79151,1,31.0
255760,Gadget Geek,116.21,Technology,33.14,Thursday,Evening,0.0,1.0,Positive,109.42188,1,19.0
256376,Gadget Geek,84.05,Technology,47.82,Thursday,Evening,39.93,1.0,Positive,64.59742,1,10.0
256671,Gadget Geek,40.96,Technology,97.17,Thursday,Evening,22.38,0.0,Negative,33.12729,1,34.0
257652,Gadget Geek,39.14,Technology,99.78,Thursday,Evening,99.42,2.0,Positive,20.23415,1,44.0
257845,Gadget Geek,93.75,Technology,34.09,Thursday,Evening,3.73,3.0,Negative,57.8051,1,61.0
260884,Gadget Geek,93.42,Technology,29.49,Thursday,Evening,0.0,2.0,Positive,57.80011,1,43.0
261183,Gadget Geek,6.62,Technology,74.28,Thursday,Evening,3.14,0.0,Positive,6.62131,1,51.0
263581,Gadget Geek,32.87,Technology,27.86,Thursday,Evening,5.49,1.0,Negative,20.1518,1,81.0
264257,Gadget Geek,107.4,Technology,70.99,Thursday,Evening,90.77,1.0,Neutral,73.05739,1,80.0
266850,Gadget Geek,57.73,Technology,87.76,Thursday,Evening,31.62,2.0,Positive,30.01056,1,71.0
268063,Gadget Geek,93.68,Technology,96.15,Thursday,Evening,0.0,3.0,Neutral,56.1622,1,3.0
268508,Gadget Geek,89.41,Technology,82.99,Thursday,Evening,0.0,0.0,Neutral,72.82006,1,88.0
271976,Gadget Geek,54.75,Technology,76.27,Thursday,Evening,42.93,0.0,Negative,37.10455,1,22.0
273540,Gadget Geek,60.83,Technology,44.53,Thursday,Evening,0.0,2.0,Negative,44.95149,1,41.0
273955,Gadget Geek,77.11,Technology,48.89,Thursday,Evening,71.77,1.0,Positive,65.59712,1,83.0
278069,Gadget Geek,40.3,Technology,58.13,Thursday,Evening,89.39,1.0,Negative,37.05,1,8.0
278789,Gadget Geek,57.63,Technology,22.63,Thursday,Evening,0.0,3.0,Neutral,42.63082,1,16.0
281351,Gadget Geek,47.06,Technology,48.14,Thursday,Evening,0.0,0.0,Positive,40.02641,1,86.0
281593,Gadget Geek,62.007506872671755,Technology,57.15,Thursday,Evening,0.0,2.0,Negative,3.72913,1,67.0
286933,Gadget Geek,12.14,Technology,95.54,Thursday,Evening,74.77,2.0,Positive,4.1152,1,62.0
287080,Gadget Geek,93.42,Technology,29.49,Thursday,Evening,0.0,2.0,Negative,57.80011,1,71.0
293788,Gadget Geek,29.81,Technology,51.46,Thursday,Evening,0.0,3.0,Positive,27.28,1,23.0
296731,Gadget Geek,79.03,Technology,65.89,Thursday,Evening,32.89,3.0,Negative,75.08526,1,72.0
300142,Gadget Geek,76.84,Technology,46.79,Thursday,Evening,82.48,0.0,Negative,68.77742,1,52.0
300572,Gadget Geek,116.11,Technology,61.07,Thursday,Evening,13.54,0.0,Negative,76.10469,1,66.0
310447,Gadget Geek,30.61,Technology,44.69,Thursday,Evening,4.6,2.0,Positive,13.2,1,54.0
310879,Gadget Geek,17.73,Technology,54.45,Thursday,Evening,52.72,1.0,Positive,16.10057,1,4.0
311112,Gadget Geek,60.36,Technology,78.21,Thursday,Evening,97.54,3.0,Positive,38.25,1,63.0
311761,Gadget Geek,7.41,Technology,46.47,Thursday,Evening,42.69,1.0,Neutral,0.0,1,89.0
311997,Gadget Geek,115.89,Technology,78.32,Thursday,Evening,48.3,3.0,Neutral,56.44609,1,66.0
314047,Gadget Geek,109.94,Technology,45.17,Thursday,Evening,0.0,2.0,Positive,91.62127,1,95.0
315250,Gadget Geek,104.84,Technology,40.12,Thursday,Evening,82.79,0.0,Neutral,42.45306,1,70.0
316001,Gadget Geek,79.57,Technology,45.41,Thursday,Evening,0.0,1.0,Neutral,57.74764,1,61.0
318401,Gadget Geek,31.45,Technology,94.72,Thursday,Evening,87.19,3.0,Negative,24.03402,1,5.0
320233,Gadget Geek,119.9,Technology,81.31,Thursday,Evening,82.08,0.0,Negative,115.18,1,63.0
320470,Gadget Geek,33.24,Technology,96.68,Thursday,Evening,0.0,2.0,Positive,19.9,1,99.0
323587,Gadget Geek,11.04,Technology,63.59,Thursday,Evening,45.06,2.0,Positive,0.0,1,39.0
323757,Gadget Geek,35.94,Technology,53.96,Thursday,Evening,35.9,1.0,Neutral,31.7957,1,80.0
323868,Gadget Geek,111.22,Technology,61.1,Thursday,Evening,14.04,1.0,Neutral,90.399,1,23.0
324533,Gadget Geek,62.007506872671755,Technology,92.73,Thursday,Evening,37.47,0.0,Neutral,70.83695,1,19.0
335339,Gadget Geek,62.007506872671755,Technology,30.64,Thursday,Evening,28.42,0.0,Neutral,40.04588,1,39.0
335864,Gadget Geek,48.53,Technology,65.06,Thursday,Evening,0.0,0.0,Positive,30.2,1,45.0
336541,Gadget Geek,84.05,Technology,68.0,Thursday,Evening,0.0,3.0,Positive,76.00637,1,62.0
338515,Gadget Geek,82.44,Technology,75.68,Thursday,Evening,14.74,3.0,Positive,64.2451,1,43.0
342897,Gadget Geek,71.62,Technology,65.52,Thursday,Evening,97.95,0.0,Neutral,48.43879,1,23.0
343335,Gadget Geek,79.35,Technology,55.55,Thursday,Evening,57.71,3.0,Negative,46.92621,1,57.0
343826,Gadget Geek,6.33,Technology,33.53,Thursday,Evening,7.22,2.0,Negative,0.25874,1,83.0
348665,Gadget Geek,84.38,Technology,83.95,Thursday,Evening,0.0,0.0,Negative,74.3414,1,98.0
349402,Gadget Geek,62.007506872671755,Technology,69.1,Thursday,Evening,66.56,3.0,Negative,17.28454,1,35.0
349427,Gadget Geek,115.12,Technology,34.04,Thursday,Evening,90.18,1.0,Neutral,89.55038,1,14.0
349702,Gadget Geek,76.88,Technology,66.29,Thursday,Evening,38.87,0.0,Negative,64.00212,1,38.0
350377,Gadget Geek,107.4,Technology,56.06,Thursday,Evening,94.52,0.0,Neutral,74.911,1,36.0
351955,Gadget Geek,108.33,Technology,71.43,Thursday,Evening,96.73,2.0,Negative,66.99679,1,83.0
354883,Gadget Geek,52.44,Technology,70.44,Thursday,Evening,2.86,0.0,Positive,49.82955,1,76.0
357572,Gadget Geek,62.007506872671755,Technology,69.94,Thursday,Evening,0.0,3.0,Neutral,16.78098,1,43.0
358495,Gadget Geek,76.62,Technology,55.96,Thursday,Evening,0.0,1.0,Negative,68.22282,1,7.0
358771,Gadget Geek,53.43,Technology,58.53,Thursday,Evening,27.98,3.0,Neutral,37.40677,1,89.0
360586,Gadget Geek,10.51,Technology,51.6,Thursday,Evening,79.68,3.0,Positive,8.43376,1,46.0
362121,Gadget Geek,40.88,Technology,72.99,Thursday,Evening,48.47,1.0,Neutral,18.61305,1,44.0
366457,Gadget Geek,66.65,Technology,35.31,Thursday,Evening,60.03,0.0,Negative,45.85158,1,70.0
368621,Gadget Geek,113.14,Technology,68.9,Thursday,Evening,2.59,0.0,Negative,73.79151,1,54.0
369658,Gadget Geek,81.69,Technology,97.21,Thursday,Evening,28.3,0.0,Positive,61.7557,1,7.0
369758,Gadget Geek,62.007506872671755,Technology,30.9,Thursday,Evening,47.77,2.0,Positive,34.45941,1,97.0
370752,Gadget Geek,60.85,Technology,92.22,Thursday,Evening,91.18,1.0,Neutral,40.95,1,23.0
373404,Gadget Geek,90.59,Technology,92.84,Thursday,Evening,0.0,1.0,Neutral,89.22,1,80.0
374261,Gadget Geek,62.007506872671755,Technology,82.14,Thursday,Evening,0.0,0.0,Positive,69.78153,1,42.0
374898,Gadget Geek,24.03,Technology,47.17,Thursday,Evening,33.83,3.0,Neutral,16.4058,1,8.0
375615,Gadget Geek,100.65,Technology,28.58,Thursday,Evening,85.18,1.0,Positive,82.93,1,82.0
375687,Gadget Geek,91.21,Technology,36.02,Thursday,Evening,0.0,3.0,Negative,60.49719,1,45.0
377598,Gadget Geek,81.0,Technology,57.69,Thursday,Evening,77.52,0.0,Positive,60.05743,1,62.0
378543,Gadget Geek,37.05,Technology,86.35,Thursday,Evening,0.0,0.0,Negative,33.43809,1,40.0
379721,Gadget Geek,116.87,Technology,78.24,Thursday,Evening,24.69,1.0,Neutral,67.7957,1,92.0
384511,Gadget Geek,90.84,Technology,90.18,Thursday,Evening,64.72,3.0,Negative,63.73,1,88.0
384824,Gadget Geek,49.81,Technology,30.07,Thursday,Evening,20.83,3.0,Neutral,39.49477,1,19.0
386888,Gadget Geek,17.82,Technology,23.15,Thursday,Evening,58.18,2.0,Negative,5.9567,1,34.0
387811,Gadget Geek,82.68,Technology,92.62,Thursday,Evening,43.04,1.0,Positive,51.43466,1,4.0
390157,Gadget Geek,13.67,Technology,64.36,Thursday,Evening,0.0,2.0,Negative,11.75,1,6.0
390486,Gadget Geek,48.41,Technology,59.5,Thursday,Evening,0.0,1.0,Positive,34.40447,1,76.0
391242,Gadget Geek,62.007506872671755,Technology,53.17,Thursday,Evening,35.33,1.0,Neutral,31.7957,1,52.0
392722,Gadget Geek,37.07,Technology,74.79,Thursday,Evening,0.0,0.0,Negative,33.43809,1,40.0
393134,Gadget Geek,28.45,Technology,82.81,Thursday,Evening,84.51,2.0,Negative,10.23465,1,87.0
399202,Gadget Geek,62.007506872671755,Technology,75.17,Thursday,Evening,75.85,2.0,Neutral,36.27646,1,65.0
400002,Gadget Geek,42.8,Technology,75.52,Thursday,Evening,22.59,1.0,Positive,39.1041,1,5.0
400501,Gadget Geek,30.76,Technology,63.23,Thursday,Evening,47.66,3.0,Neutral,14.59945,1,66.0
402182,Gadget Geek,116.22,Technology,66.22,Thursday,Evening,0.0,2.0,Positive,80.73088,1,43.0
402810,Gadget Geek,23.52,Technology,59.22,Thursday,Evening,46.35,1.0,Neutral,20.66724,1,2.0
403861,Gadget Geek,35.95,Technology,39.06,Thursday,Evening,0.0,2.0,Negative,20.8,1,9.0
404141,Gadget Geek,71.62,Technology,25.25,Thursday,Evening,96.67,0.0,Neutral,48.43879,1,23.0
406063,Gadget Geek,103.98,Technology,34.19,Thursday,Evening,22.11,0.0,Neutral,62.14355,1,38.0
407208,Gadget Geek,43.1,Technology,47.12,Thursday,Evening,30.92,2.0,Positive,27.36407,1,88.0
407463,Gadget Geek,97.39,Technology,52.16,Thursday,Evening,8.32,0.0,Positive,77.41338,1,31.0
408719,Gadget Geek,113.28,Technology,35.05,Thursday,Evening,0.0,3.0,Positive,67.69658,1,60.0
409034,Gadget Geek,75.98,Technology,25.98,Thursday,Evening,37.98,0.0,Neutral,44.34098,1,21.0
411998,Gadget Geek,106.91,Technology,24.0,Thursday,Evening,0.0,0.0,Positive,80.22013,1,68.0
412375,Gadget Geek,64.53,Technology,77.52,Thursday,Evening,96.52,1.0,Positive,48.88333,1,33.0
413391,Gadget Geek,103.23,Technology,35.09,Thursday,Evening,0.0,1.0,Negative,88.00439,1,33.0
414149,Gadget Geek,62.007506872671755,Technology,97.09,Thursday,Evening,0.0,3.0,Neutral,17.00713,1,96.0
416543,Gadget Geek,114.12,Technology,74.95,Thursday,Evening,86.2,3.0,Neutral,110.06464,1,54.0
417430,Gadget Geek,40.66,Technology,60.37,Thursday,Evening,39.11,0.0,Positive,23.26025,1,40.0
418235,Gadget Geek,64.7,Technology,55.96,Thursday,Evening,15.15,3.0,Positive,49.6835,1,88.0
419728,Gadget Geek,84.08,Technology,63.26,Thursday,Evening,32.02,3.0,Positive,47.98911,1,36.0
422419,Gadget Geek,9.41,Technology,74.97,Thursday,Evening,3.14,0.0,Positive,6.62131,1,34.0
423527,Gadget Geek,68.75,Technology,54.25,Thursday,Evening,34.05,1.0,Neutral,64.2,1,33.0
423630,Gadget Geek,59.24,Technology,43.04,Thursday,Evening,0.0,3.0,Negative,45.01178,1,97.0
424244,Gadget Geek,43.84,Technology,50.69,Thursday,Evening,44.51,1.0,Positive,38.5,1,11.0
425227,Gadget Geek,112.8,Technology,69.13,Thursday,Evening,2.59,0.0,Negative,73.79151,1,55.0
425656,Gadget Geek,23.43,Technology,97.01,Thursday,Evening,88.94,0.0,Negative,23.43,1,26.0
425732,Gadget Geek,88.87,Technology,37.16,Thursday,Evening,89.96,2.0,Negative,52.88902,1,98.0
429478,Gadget Geek,26.82,Technology,91.6,Thursday,Evening,69.41,1.0,Negative,13.89,1,64.0
429543,Gadget Geek,40.26,Technology,60.4,Thursday,Evening,98.84,1.0,Negative,34.58,1,79.0
431777,Gadget Geek,94.92,Technology,81.49,Thursday,Evening,72.7,3.0,Negative,69.56809,1,14.0
432096,Gadget Geek,42.33,Technology,60.33,Thursday,Evening,51.79,3.0,Negative,41.83385,1,20.0
432861,Gadget Geek,62.007506872671755,Technology,67.35,Thursday,Evening,0.0,0.0,Neutral,51.05746,1,99.0
435090,Gadget Geek,109.06,Technology,94.99,Thursday,Evening,1.9,0.0,Negative,98.08643,1,70.0
438211,Gadget Geek,108.26,Technology,97.56,Thursday,Evening,43.06,0.0,Positive,83.06885,1,75.0
438696,Gadget Geek,15.99,Technology,21.72,Thursday,Evening,53.72,2.0,Positive,7.77621,1,46.0
440785,Gadget Geek,81.63,Technology,95.7,Thursday,Evening,47.49,0.0,Positive,61.7557,1,6.0
444191,Gadget Geek,80.86,Technology,54.67,Thursday,Evening,0.0,1.0,Positive,57.91669,1,50.0
447182,Gadget Geek,96.07,Technology,28.18,Thursday,Evening,0.0,2.0,Positive,60.60842,1,61.0
452884,Gadget Geek,6.27,Technology,58.89,Thursday,Evening,58.0,0.0,Neutral,5.3033,1,60.0
452926,Gadget Geek,62.007506872671755,Technology,97.12,Thursday,Evening,0.0,3.0,Negative,76.49306,1,32.0
457944,Gadget Geek,27.69,Technology,48.76,Thursday,Evening,0.0,2.0,Positive,14.12,1,64.0
458844,Gadget Geek,16.89,Technology,85.72,Thursday,Evening,44.33,3.0,Positive,4.77459,1,27.0
459892,Gadget Geek,97.52,Technology,38.85,Thursday,Evening,0.0,0.0,Positive,96.66918,1,83.0
460274,Gadget Geek,85.73,Technology,72.51,Thursday,Evening,9.56,2.0,Negative,71.37992,1,43.0
460872,Gadget Geek,6.63,Technology,78.47,Thursday,Evening,0.0,2.0,Positive,0.0,1,56.0
461167,Gadget Geek,102.68,Technology,60.3,Thursday,Evening,0.0,3.0,Neutral,94.65464,1,78.0
469024,Gadget Geek,95.55,Technology,27.78,Thursday,Evening,34.78,3.0,Neutral,75.02578,1,79.0
470624,Gadget Geek,62.007506872671755,Technology,80.93,Thursday,Evening,4.81,2.0,Positive,34.5542,1,82.0
470634,Gadget Geek,72.31,Technology,31.97,Thursday,Evening,27.52,0.0,Neutral,62.62213,1,55.0
472833,Gadget Geek,29.77,Technology,72.65,Thursday,Evening,0.0,3.0,Negative,18.59,1,4.0
473223,Gadget Geek,93.88,Technology,42.2,Thursday,Evening,82.9,0.0,Neutral,59.81979,1,63.0
473624,Gadget Geek,98.04,Technology,30.14,Thursday,Evening,0.0,2.0,Positive,51.94391,1,73.0
475480,Gadget Geek,64.66,Technology,20.94,Thursday,Evening,24.05,2.0,Neutral,43.41509,1,90.0
476512,Gadget Geek,66.76,Technology,45.96,Thursday,Evening,0.0,0.0,Negative,43.73,1,29.0
476881,Gadget Geek,91.7,Technology,68.26,Thursday,Evening,0.0,2.0,Positive,56.14809,1,72.0
477201,Gadget Geek,114.85,Technology,53.94,Thursday,Evening,33.87,0.0,Positive,102.35061,1,62.0
479486,Gadget Geek,48.53,Technology,72.13,Thursday,Evening,0.0,0.0,Negative,30.2,1,45.0
481483,Gadget Geek,96.83,Technology,65.39,Thursday,Evening,63.8,0.0,Negative,84.39644,1,72.0
482064,Gadget Geek,34.6,Technology,49.5,Thursday,Evening,0.0,3.0,Negative,16.02,1,38.0
482245,Gadget Geek,35.81,Technology,80.28,Thursday,Evening,0.0,0.0,Positive,31.5046,1,4.0
485964,Gadget Geek,62.007506872671755,Technology,97.63,Thursday,Evening,81.98,0.0,Negative,97.24,1,16.0
487760,Gadget Geek,5.83,Technology,76.53,Thursday,Evening,31.2,2.0,Positive,0.0,1,33.0
488245,Gadget Geek,100.87,Technology,58.77,Thursday,Evening,82.98,1.0,Neutral,79.85393,1,20.0
490939,Gadget Geek,62.007506872671755,Technology,33.23,Thursday,Evening,82.72,3.0,Positive,79.65411,1,72.0
491455,Gadget Geek,62.007506872671755,Technology,48.28,Thursday,Evening,71.52,3.0,Neutral,47.63772,1,84.0
491500,Gadget Geek,53.07,Technology,56.59,Thursday,Evening,78.27,0.0,Positive,35.94877,1,78.0
492621,Gadget Geek,112.56,Technology,37.81,Thursday,Evening,80.08,3.0,Neutral,76.80523,1,50.0
493579,Gadget Geek,59.52,Technology,89.3,Thursday,Evening,13.77,2.0,Neutral,47.92098,1,47.0
494310,Gadget Geek,71.3,Technology,28.42,Thursday,Evening,92.17,0.0,Negative,60.85338,1,47.0
494712,Gadget Geek,113.72,Technology,89.67,Thursday,Evening,0.0,2.0,Neutral,77.62,1,98.0
495112,Gadget Geek,24.0,Technology,55.46,Thursday,Evening,55.15,2.0,Neutral,20.04859,1,56.0
495369,Gadget Geek,82.79,Technology,93.57,Thursday,Evening,59.01,1.0,Negative,54.70417,1,64.0
495500,Gadget Geek,30.69,Technology,60.22,Thursday,Evening,81.81,3.0,Negative,14.02,1,83.0
498237,Gadget Geek,37.65,Technology,58.22,Thursday,Evening,24.15,2.0,Positive,36.52,1,98.0
499930,Gadget Geek,29.33,Technology,51.93,Thursday,Evening,27.77,0.0,Neutral,18.09052,1,68.0
500193,Gadget Geek,63.47,Technology,74.42,Thursday,Evening,70.97,1.0,Neutral,37.73288,1,7.0
500330,Gadget Geek,115.11,Technology,82.98,Thursday,Evening,67.96,2.0,Negative,97.42158,1,19.0
500391,Gadget Geek,92.94,Technology,44.99,Thursday,Evening,12.89,3.0,Positive,74.35909,1,14.0
500868,Gadget Geek,25.69,Technology,94.83,Thursday,Evening,59.01,1.0,Positive,18.97,1,36.0
501242,Gadget Geek,29.09,Technology,74.42,Thursday,Evening,0.0,1.0,Positive,24.96416,1,41.0
504827,Gadget Geek,93.42,Technology,28.29,Thursday,Evening,0.0,2.0,Positive,57.80011,1,28.0
507645,Gadget Geek,62.007506872671755,Technology,29.22,Thursday,Evening,0.0,0.0,Neutral,35.0012,1,51.0
508159,Gadget Geek,29.77,Technology,33.12,Thursday,Evening,0.15,2.0,Negative,27.91285,1,27.0
509123,Gadget Geek,111.22,Technology,39.43,Thursday,Evening,0.0,1.0,Negative,90.399,1,1.0
509361,Gadget Geek,113.98,Technology,81.59,Thursday,Evening,81.39,1.0,Negative,101.18,1,62.0
510935,Gadget Geek,96.62,Technology,37.61,Thursday,Evening,46.83,1.0,Neutral,78.82218,1,84.0
512377,Gadget Geek,21.18,Technology,48.07,Thursday,Evening,4.17,2.0,Neutral,17.20958,1,77.0
512429,Gadget Geek,96.81,Technology,89.44,Thursday,Evening,99.12,2.0,Neutral,80.82865,1,79.0
512604,Gadget Geek,106.09,Technology,54.71,Thursday,Evening,77.34,3.0,Positive,51.8028,1,18.0
514089,Gadget Geek,104.75,Technology,66.75,Thursday,Evening,11.84,0.0,Neutral,100.70866,1,7.0
514979,Gadget Geek,62.007506872671755,Technology,44.01,Thursday,Evening,74.12,0.0,Positive,20.02204,1,82.0
515900,Gadget Geek,72.3,Technology,34.78,Thursday,Evening,75.0,2.0,Neutral,48.39268,1,55.0
516284,Gadget Geek,78.88,Technology,29.7,Thursday,Evening,0.0,3.0,Negative,58.66628,1,26.0
516420,Gadget Geek,52.48,Technology,81.76,Thursday,Evening,16.64,1.0,Positive,34.30755,1,48.0
517873,Gadget Geek,73.97,Technology,89.73,Thursday,Evening,87.81,1.0,Negative,69.62467,1,47.0
519397,Gadget Geek,38.1,Technology,36.79,Thursday,Evening,0.0,0.0,Negative,34.35507,1,69.0
522172,Gadget Geek,32.06,Technology,64.19,Thursday,Evening,0.0,3.0,Negative,10.2,1,3.0
522721,Gadget Geek,117.35,Technology,81.95,Thursday,Evening,10.12,1.0,Positive,106.32977,1,11.0
523155,Gadget Geek,33.69,Technology,69.53,Thursday,Evening,6.03,3.0,Negative,11.61,1,34.0
524704,Gadget Geek,62.007506872671755,Technology,57.68,Thursday,Evening,81.97,0.0,Negative,22.18706,1,35.0
525678,Gadget Geek,62.007506872671755,Technology,29.21,Thursday,Evening,81.53,0.0,Negative,81.5,1,31.0
529818,Gadget Geek,47.02,Technology,29.2,Thursday,Evening,0.0,2.0,Negative,29.88109,1,8.0
531780,Gadget Geek,7.59,Technology,41.75,Thursday,Evening,37.67,0.0,Positive,0.0,1,65.0
533435,Gadget Geek,8.69,Technology,63.11,Thursday,Evening,62.77,3.0,Neutral,0.0,1,10.0
534034,Gadget Geek,17.1,Technology,29.99,Thursday,Evening,0.0,2.0,Positive,17.1,1,57.0
534140,Gadget Geek,27.41,Technology,30.63,Thursday,Evening,95.86,2.0,Neutral,18.31603,1,2.0
534674,Gadget Geek,8.27,Technology,66.07,Thursday,Evening,0.0,0.0,Neutral,2.43809,1,80.0
541137,Gadget Geek,103.57,Technology,85.03,Thursday,Evening,42.27,1.0,Neutral,74.03757,1,64.0
541160,Gadget Geek,12.57,Technology,80.43,Thursday,Evening,80.57,1.0,Positive,9.314,1,70.0
541466,Gadget Geek,10.43,Technology,57.15,Thursday,Evening,20.48,2.0,Positive,2.74607,1,35.0
541565,Gadget Geek,104.08,Technology,72.68,Thursday,Evening,50.54,0.0,Positive,86.12543,1,58.0
543981,Gadget Geek,114.99,Technology,97.59,Thursday,Evening,82.17,0.0,Neutral,107.5,1,56.0
546520,Gadget Geek,52.45,Technology,76.7,Thursday,Evening,67.27,0.0,Positive,48.2166,1,97.0
547000,Gadget Geek,44.93,Technology,47.97,Thursday,Evening,5.73,2.0,Positive,37.31059,1,83.0
548492,Gadget Geek,62.007506872671755,Technology,59.26,Thursday,Evening,0.0,3.0,Negative,73.79779,1,69.0
548764,Gadget Geek,85.69,Technology,97.74,Thursday,Evening,34.51,1.0,Positive,72.5472,1,34.0
550923,Gadget Geek,108.45,Technology,41.13,Thursday,Evening,0.0,2.0,Positive,103.93098,1,80.0
553305,Gadget Geek,44.28,Technology,55.3,Thursday,Evening,20.14,1.0,Neutral,34.60893,1,37.0
554970,Gadget Geek,48.69,Technology,63.59,Thursday,Evening,34.06,3.0,Neutral,20.05343,1,33.0
555199,Gadget Geek,97.63,Technology,63.31,Thursday,Evening,24.07,0.0,Positive,74.57875,1,86.0
557017,Gadget Geek,28.03,Technology,95.42,Thursday,Evening,95.6,1.0,Neutral,24.43293,1,7.0
557275,Gadget Geek,106.8,Technology,71.33,Thursday,Evening,0.0,0.0,Negative,98.51,1,73.0
558274,Gadget Geek,27.85,Technology,91.07,Thursday,Evening,93.43,1.0,Negative,24.25588,1,60.0
561832,Gadget Geek,44.28,Technology,55.3,Thursday,Evening,22.15,1.0,Neutral,34.60893,1,43.0
562016,Gadget Geek,23.13,Technology,31.93,Thursday,Evening,57.58,3.0,Negative,8.99338,1,85.0
563335,Gadget Geek,26.3,Technology,97.5,Thursday,Evening,53.4,3.0,Positive,14.37839,1,44.0
563859,Gadget Geek,46.11,Technology,39.81,Thursday,Evening,49.82,1.0,Negative,43.53206,1,12.0
568106,Gadget Geek,97.16,Technology,28.92,Thursday,Evening,66.96,0.0,Positive,76.10503,1,62.0
571479,Gadget Geek,74.54,Technology,93.93,Thursday,Evening,89.09,1.0,Positive,73.907,1,44.0
572650,Gadget Geek,71.62,Technology,65.71,Thursday,Evening,97.16,0.0,Neutral,48.43879,1,9.0
572818,Gadget Geek,114.47,Technology,47.32,Thursday,Evening,42.84,1.0,Positive,108.93,1,84.0
573545,Gadget Geek,71.57,Technology,35.32,Thursday,Evening,57.7,3.0,Negative,41.04678,1,6.0
575289,Gadget Geek,36.99,Technology,33.27,Thursday,Evening,0.0,2.0,Neutral,25.41136,1,63.0
575702,Gadget Geek,37.67,Technology,78.8,Thursday,Evening,94.45,0.0,Negative,20.61714,1,73.0
576282,Gadget Geek,62.007506872671755,Technology,80.56,Thursday,Evening,47.68,2.0,Neutral,55.80335,1,39.0
578551,Gadget Geek,21.47,Technology,55.81,Thursday,Evening,55.51,2.0,Neutral,20.04859,1,56.0
579824,Gadget Geek,101.36,Technology,69.83,Thursday,Evening,73.47,1.0,Neutral,79.7857,1,49.0
580331,Gadget Geek,62.007506872671755,Technology,44.51,Thursday,Evening,74.83,0.0,Positive,20.02204,1,82.0
581760,Gadget Geek,48.11,Technology,77.53,Thursday,Evening,84.5,2.0,Neutral,34.20094,1,29.0
582563,Gadget Geek,62.007506872671755,Technology,60.28,Thursday,Evening,0.0,2.0,Neutral,55.67476,1,39.0
582695,Gadget Geek,27.9,Technology,23.59,Thursday,Evening,0.0,2.0,Negative,19.59042,1,66.0
583238,Gadget Geek,77.62,Technology,29.94,Thursday,Evening,0.0,3.0,Negative,52.22969,1,58.0
584371,Gadget Geek,7.76,Technology,75.06,Thursday,Evening,69.93,0.0,Neutral,6.18649,1,99.0
585029,Gadget Geek,71.64,Technology,41.41,Thursday,Evening,55.51,1.0,Positive,54.95163,1,85.0
586427,Gadget Geek,109.56,Technology,55.71,Thursday,Evening,37.4,2.0,Neutral,59.07089,1,38.0
586898,Gadget Geek,5.71,Technology,86.1,Thursday,Evening,78.48,2.0,Negative,5.64,1,34.0
587726,Gadget Geek,62.007506872671755,Technology,63.26,Thursday,Evening,38.31,1.0,Neutral,25.40327,1,31.0
588155,Gadget Geek,35.36,Technology,62.37,Thursday,Evening,36.75,2.0,Positive,26.96885,1,25.0
589409,Gadget Geek,31.4,Technology,73.19,Thursday,Evening,3.11,0.0,Neutral,19.8,1,4.0
590607,Gadget Geek,62.007506872671755,Technology,98.78,Thursday,Evening,90.87,0.0,Negative,4.7964,1,12.0
591759,Gadget Geek,85.84,Technology,37.88,Thursday,Evening,5.75,2.0,Positive,43.50858,1,16.0
591937,Gadget Geek,113.98,Technology,78.39,Thursday,Evening,30.76,1.0,Neutral,108.74,1,25.0
592784,Gadget Geek,30.83,Technology,70.12,Thursday,Evening,11.47,1.0,Neutral,15.9,1,49.0
593016,Gadget Geek,6.14,Technology,67.24,Thursday,Evening,36.01,2.0,Negative,0.54066,1,37.0
594641,Gadget Geek,53.08,Technology,95.33,Thursday,Evening,82.45,0.0,Neutral,48.20235,1,53.0
594855,Gadget Geek,48.84,Technology,25.72,Thursday,Evening,0.0,3.0,Neutral,40.28202,1,29.0
595438,Gadget Geek,40.52,Technology,74.23,Thursday,Evening,31.55,2.0,Positive,17.00484,1,53.0
596676,Gadget Geek,31.97,Technology,68.98,Thursday,Evening,0.0,3.0,Negative,19.65938,1,65.0
599701,Gadget Geek,6.62,Technology,74.48,Thursday,Evening,3.69,0.0,Positive,6.62131,1,51.0
599756,Gadget Geek,34.8,Technology,82.89,Thursday,Evening,0.0,0.0,Negative,33.43809,1,40.0
602274,Gadget Geek,8.3,Technology,44.59,Thursday,Evening,0.0,2.0,Negative,6.52,1,33.0
602907,Gadget Geek,82.33,Technology,41.13,Thursday,Evening,46.39,1.0,Neutral,53.7156,1,99.0
606096,Gadget Geek,30.91,Technology,88.01,Thursday,Evening,35.91,3.0,Negative,18.26267,1,48.0
609114,Gadget Geek,36.26,Technology,53.82,Thursday,Evening,45.38,2.0,Positive,17.66574,1,59.0
609269,Gadget Geek,64.93,Technology,85.58,Thursday,Evening,58.71,1.0,Positive,47.48804,1,8.0
609823,Gadget Geek,18.73,Technology,92.22,Thursday,Evening,50.56,3.0,Positive,7.83148,1,63.0
610337,Gadget Geek,62.007506872671755,Technology,43.53,Thursday,Evening,46.39,2.0,Positive,9.60217,1,1.0
610453,Gadget Geek,43.31,Technology,24.19,Thursday,Evening,52.22,3.0,Neutral,29.15167,1,52.0
611717,Gadget Geek,70.84,Technology,65.82,Thursday,Evening,68.58,1.0,Neutral,61.14804,1,65.0
612470,Gadget Geek,115.51,Technology,62.39,Thursday,Evening,37.52,3.0,Negative,85.74455,1,66.0
613584,Gadget Geek,77.84,Technology,29.66,Thursday,Evening,0.0,3.0,Negative,54.1746,1,51.0
613615,Gadget Geek,62.007506872671755,Technology,73.29,Thursday,Evening,16.3,0.0,Positive,33.15636,1,74.0
613682,Gadget Geek,60.11,Technology,78.72,Thursday,Evening,4.95,0.0,Negative,42.46165,1,7.0
614501,Gadget Geek,115.83,Technology,94.68,Thursday,Evening,12.85,3.0,Negative,55.77659,1,48.0
614676,Gadget Geek,56.99,Technology,63.1,Thursday,Evening,75.12,3.0,Neutral,39.545,1,28.0
615142,Gadget Geek,50.07,Technology,80.55,Thursday,Evening,0.0,1.0,Positive,31.15,1,85.0
615343,Gadget Geek,42.03,Technology,80.31,Thursday,Evening,83.4,1.0,Positive,31.20037,1,35.0
616647,Gadget Geek,41.83,Technology,65.33,Thursday,Evening,29.33,0.0,Positive,39.30849,1,44.0
616734,Gadget Geek,9.02,Technology,22.97,Thursday,Evening,8.47,0.0,Neutral,7.01036,1,34.0
616991,Gadget Geek,97.04,Technology,25.16,Thursday,Evening,0.0,1.0,Neutral,89.92807,1,12.0
620041,Gadget Geek,23.13,Technology,85.17,Thursday,Evening,17.06,3.0,Positive,11.522,1,68.0
620293,Gadget Geek,8.27,Technology,82.37,Thursday,Evening,62.35,0.0,Negative,2.43809,1,60.0
620541,Gadget Geek,31.94,Technology,85.47,Thursday,Evening,59.94,0.0,Neutral,22.57,1,41.0
622671,Gadget Geek,112.84,Technology,38.68,Thursday,Evening,94.13,1.0,Neutral,74.911,1,36.0
624523,Gadget Geek,39.74,Technology,61.16,Thursday,Evening,88.63,2.0,Negative,33.48,1,11.0
627244,Gadget Geek,96.94,Technology,62.11,Thursday,Evening,58.57,2.0,Neutral,61.54708,1,58.0
627827,Gadget Geek,7.31,Technology,83.29,Thursday,Evening,41.21,1.0,Negative,0.0,1,100.0
627976,Gadget Geek,62.007506872671755,Technology,32.46,Thursday,Evening,36.84,1.0,Neutral,60.79229,1,75.0
630084,Gadget Geek,104.71,Technology,93.81,Thursday,Evening,54.29,0.0,Negative,84.10818,1,79.0
635029,Gadget Geek,99.66,Technology,98.62,Thursday,Evening,92.56,0.0,Neutral,62.0704,1,53.0
636791,Gadget Geek,25.67,Technology,71.26,Thursday,Evening,0.0,3.0,Negative,11.43,1,69.0
637767,Gadget Geek,27.18,Technology,40.0,Thursday,Evening,42.2,0.0,Negative,25.1,1,11.0
637926,Gadget Geek,112.23,Technology,91.08,Thursday,Evening,65.2,1.0,Negative,110.2,1,25.0
640574,Gadget Geek,49.29,Technology,48.56,Thursday,Evening,93.27,0.0,Negative,41.46807,1,93.0
641709,Gadget Geek,62.007506872671755,Technology,45.28,Thursday,Evening,42.55,3.0,Positive,2.94499,1,98.0
641870,Gadget Geek,62.007506872671755,Technology,89.08,Thursday,Evening,0.0,1.0,Positive,38.54058,1,19.0
642651,Gadget Geek,44.28,Technology,55.3,Thursday,Evening,0.0,1.0,Neutral,34.60893,1,80.0
642694,Gadget Geek,109.08,Technology,77.98,Thursday,Evening,34.35,0.0,Neutral,97.58608,1,78.0
644147,Gadget Geek,40.72,Technology,31.11,Thursday,Evening,58.8,1.0,Negative,30.95,1,31.0
645132,Gadget Geek,107.93,Technology,38.66,Thursday,Evening,94.82,1.0,Neutral,74.911,1,36.0
645755,Gadget Geek,62.007506872671755,Technology,52.07,Thursday,Evening,86.82,0.0,Neutral,18.37791,1,10.0
646182,Gadget Geek,89.13,Technology,98.44,Thursday,Evening,38.23,3.0,Positive,67.39444,1,2.0
647056,Gadget Geek,26.84,Technology,42.12,Thursday,Evening,85.86,1.0,Positive,15.38298,1,4.0
649889,Gadget Geek,115.12,Technology,56.09,Thursday,Evening,20.31,0.0,Positive,68.43104,1,14.0
649894,Gadget Geek,76.71,Technology,38.26,Thursday,Evening,2.5,1.0,Neutral,54.68236,1,21.0
652471,Gadget Geek,44.92,Technology,56.72,Thursday,Evening,0.0,1.0,Negative,28.92,1,9.0
655015,Gadget Geek,65.57,Technology,83.49,Thursday,Evening,43.49,1.0,Positive,53.91418,1,92.0
656243,Gadget Geek,60.82,Technology,80.84,Thursday,Evening,65.91,1.0,Negative,57.7849,1,38.0
657813,Gadget Geek,62.007506872671755,Technology,68.09,Thursday,Evening,10.5,1.0,Positive,7.51377,1,93.0
659558,Gadget Geek,39.14,News,99.42,Thursday,Evening,99.58,2.0,Positive,20.23415,1,44.0
661499,Gadget Geek,55.53,Technology,86.62,Thursday,Evening,15.77,1.0,Positive,38.3735,1,59.0
661740,Gadget Geek,21.73,Technology,77.67,Thursday,Evening,0.0,1.0,Negative,15.18676,1,63.0
665026,Gadget Geek,44.03,Technology,34.25,Thursday,Evening,43.11,3.0,Positive,20.2,1,79.0
665247,Gadget Geek,88.39,Technology,32.4,Thursday,Evening,46.96,2.0,Positive,55.97873,1,97.0
666145,Gadget Geek,112.65,Technology,44.04,Thursday,Evening,0.0,0.0,Negative,58.61828,1,34.0
666323,Gadget Geek,71.27,Technology,30.81,Thursday,Evening,44.39,1.0,Negative,45.7525,1,8.0
667256,Gadget Geek,112.9,Technology,63.45,Thursday,Evening,0.0,3.0,Negative,98.0679,1,74.0
667331,Gadget Geek,18.29,Technology,54.81,Thursday,Evening,82.08,2.0,Positive,17.25939,1,96.0
667570,Gadget Geek,99.13,Technology,29.13,Thursday,Evening,35.57,1.0,Negative,87.25511,1,11.0
667619,Gadget Geek,62.007506872671755,Technology,33.78,Thursday,Evening,0.0,0.0,Neutral,30.26986,1,45.0
669652,Gadget Geek,112.25,Technology,69.04,Thursday,Evening,2.58,0.0,Negative,73.79151,1,54.0
669917,Gadget Geek,36.42,Technology,86.35,Thursday,Evening,66.63,3.0,Neutral,23.87515,1,79.0
669948,Gadget Geek,62.007506872671755,Technology,35.12,Thursday,Evening,0.0,1.0,Neutral,48.46135,1,69.0
670002,Gadget Geek,45.77,Technology,80.03,Thursday,Evening,80.84,2.0,Positive,30.95,1,38.0
674768,Gadget Geek,111.94,Technology,93.86,Thursday,Evening,0.0,2.0,Positive,95.82193,1,85.0
675058,Gadget Geek,35.35,Technology,71.67,Thursday,Evening,8.49,2.0,Negative,14.72,1,26.0
676383,Gadget Geek,41.15,Technology,72.94,Thursday,Evening,0.0,0.0,Neutral,22.54514,1,99.0
676430,Gadget Geek,18.2,Technology,23.46,Thursday,Evening,0.0,0.0,Positive,16.63054,1,15.0
677101,Gadget Geek,103.75,Technology,97.48,Thursday,Evening,0.0,2.0,Neutral,54.01234,1,88.0
679594,Gadget Geek,110.99,Technology,28.58,Thursday,Evening,50.55,1.0,Negative,107.94,1,46.0
679857,Gadget Geek,39.14,Technology,99.26,Thursday,Evening,99.08,2.0,Positive,20.23415,1,44.0
680862,Gadget Geek,16.27,Technology,78.53,Thursday,Evening,6.51,3.0,Negative,6.78,1,52.0
683157,Gadget Geek,111.22,Technology,79.04,Thursday,Evening,88.04,1.0,Negative,90.399,1,73.0
685729,Gadget Geek,5.83,Technology,33.7,Thursday,Evening,13.38,2.0,Negative,0.0,1,2.0
686525,Gadget Geek,74.01,Technology,55.65,Thursday,Evening,55.51,1.0,Positive,54.95163,1,1.0
686552,Gadget Geek,13.19,Technology,67.17,Thursday,Evening,0.0,0.0,Positive,5.76797,1,70.0
689488,Gadget Geek,10.29,Technology,29.62,Thursday,Evening,96.68,1.0,Positive,5.66731,1,58.0
690132,Gadget Geek,51.98,Technology,55.71,Thursday,Evening,56.89,1.0,Neutral,27.60267,1,74.0
691912,Gadget Geek,78.08,Technology,70.7,Thursday,Evening,39.82,2.0,Neutral,54.36496,1,87.0
692125,Gadget Geek,9.62,Technology,74.28,Thursday,Evening,3.14,0.0,Positive,6.62131,1,51.0
692259,Gadget Geek,75.53,Technology,33.73,Thursday,Evening,0.0,3.0,Negative,63.93965,1,49.0
692527,Gadget Geek,81.63,Technology,97.13,Thursday,Evening,27.47,0.0,Positive,61.7557,1,6.0
693597,Gadget Geek,62.007506872671755,Technology,38.48,Thursday,Evening,15.34,1.0,Negative,38.14012,1,17.0
695603,Gadget Geek,47.81,Technology,24.04,Thursday,Evening,23.03,1.0,Positive,42.81507,1,48.0
695906,Gadget Geek,54.57,Technology,57.03,Thursday,Evening,72.32,2.0,Positive,41.99993,1,81.0
697827,Gadget Geek,31.4,Technology,58.19,Thursday,Evening,83.71,3.0,Negative,11.26,1,99.0
698220,Gadget Geek,39.53,Technology,62.26,Thursday,Evening,38.66,0.0,Negative,26.02,1,69.0
698298,Gadget Geek,39.1,Technology,82.36,Thursday,Evening,0.0,3.0,Negative,29.46,1,38.0
698420,Gadget Geek,62.007506872671755,Technology,26.45,Thursday,Evening,0.0,0.0,Positive,34.1947,1,18.0
698539,Gadget Geek,51.5,Technology,44.66,Thursday,Evening,12.77,1.0,Neutral,43.30297,1,96.0
699165,Gadget Geek,73.02,Technology,78.47,Thursday,Evening,96.18,1.0,Neutral,39.5,1,51.0
699776,Gadget Geek,104.98,Technology,58.56,Thursday,Evening,44.74,1.0,Positive,53.11,1,56.0
702467,Gadget Geek,62.007506872671755,Technology,96.07,Thursday,Evening,0.0,2.0,Positive,46.7064,1,46.0
702661,Gadget Geek,66.39,Technology,51.63,Thursday,Evening,9.82,2.0,Neutral,54.76105,1,36.0
703611,Gadget Geek,116.18,Technology,47.37,Thursday,Evening,49.38,1.0,Negative,106.94,1,34.0
704120,Gadget Geek,62.007506872671755,Technology,99.83,Thursday,Evening,33.37,1.0,Neutral,96.98736,1,27.0
709312,Gadget Geek,76.36,Technology,95.12,Thursday,Evening,0.0,2.0,Neutral,40.17007,1,49.0
711146,Gadget Geek,64.25,Technology,65.89,Thursday,Evening,84.11,2.0,Negative,35.39081,1,32.0
711892,Gadget Geek,69.58,Technology,64.78,Thursday,Evening,88.84,1.0,Positive,62.33501,1,83.0
712277,Gadget Geek,119.8,Technology,61.15,Thursday,Evening,0.0,0.0,Positive,83.81347,1,46.0
712960,Gadget Geek,12.43,Technology,64.93,Thursday,Evening,64.4,0.0,Positive,1.12376,1,70.0
713798,Gadget Geek,62.007506872671755,Technology,74.35,Thursday,Evening,24.24,1.0,Negative,59.41867,1,58.0
715426,Gadget Geek,62.007506872671755,Technology,64.71,Thursday,Evening,0.0,0.0,Positive,70.40698,1,43.0
715897,Gadget Geek,39.72,Technology,56.15,Thursday,Evening,1.49,1.0,Positive,23.43,1,89.0
716184,Gadget Geek,39.11,Technology,88.68,Thursday,Evening,39.11,0.0,Negative,32.80823,1,24.0
716458,Gadget Geek,60.71,Technology,34.73,Thursday,Evening,8.07,1.0,Neutral,55.59918,1,29.0
719074,Gadget Geek,81.49,Technology,29.12,Thursday,Evening,44.19,1.0,Negative,73.85,1,59.0
720504,Gadget Geek,25.49,Technology,33.08,Thursday,Evening,82.0,1.0,Positive,21.35853,1,92.0
720930,Gadget Geek,68.2,Technology,85.81,Thursday,Evening,0.0,2.0,Negative,47.6054,1,85.0
721963,Gadget Geek,58.12,Technology,85.0,Thursday,Evening,21.29,0.0,Negative,36.63554,1,62.0
724654,Gadget Geek,82.97,Technology,49.7,Thursday,Evening,9.75,1.0,Neutral,59.66182,1,12.0
724854,Gadget Geek,46.38,Technology,67.38,Thursday,Evening,63.57,0.0,Positive,29.59911,1,68.0
727788,Gadget Geek,105.0,Technology,78.87,Thursday,Evening,0.0,1.0,Negative,100.90838,1,72.0
730327,Gadget Geek,103.37,Technology,40.26,Thursday,Evening,22.54,1.0,Neutral,73.73914,1,75.0
730807,Gadget Geek,6.29,Technology,70.15,Thursday,Evening,51.11,2.0,Positive,4.14236,1,92.0
737009,Gadget Geek,5.3,Technology,98.29,Thursday,Evening,31.21,1.0,Positive,0.0,1,3.0
737051,Gadget Geek,30.02,Technology,81.16,Thursday,Evening,23.08,0.0,Positive,28.06041,1,43.0
739210,Gadget Geek,67.52,Technology,40.12,Thursday,Evening,82.79,0.0,Neutral,42.45306,1,70.0
739768,Gadget Geek,51.05,Technology,24.29,Thursday,Evening,0.0,0.0,Positive,30.2,1,45.0
740075,Gadget Geek,112.41,Technology,47.58,Thursday,Evening,8.07,0.0,Neutral,84.96815,1,54.0
742979,Gadget Geek,80.44,Technology,89.74,Thursday,Evening,0.0,2.0,Negative,55.00006,1,83.0
742998,Gadget Geek,102.76,Technology,34.83,Thursday,Evening,53.84,0.0,Negative,53.08589,1,59.0
745001,Gadget Geek,26.94,Technology,28.82,Thursday,Evening,44.5,1.0,Negative,18.11757,1,76.0
746292,Gadget Geek,10.65,Technology,60.37,Thursday,Evening,90.92,2.0,Negative,5.03,1,98.0
748051,Gadget Geek,118.76,Technology,94.59,Thursday,Evening,9.2,1.0,Positive,115.69,1,29.0
748529,Gadget Geek,11.3,Technology,43.48,Thursday,Evening,16.53,2.0,Negative,0.53007,1,77.0
750814,Gadget Geek,35.78,Technology,72.99,Thursday,Evening,46.38,1.0,Neutral,,0,41.0
753486,Gadget Geek,10.71,Technology,49.05,Thursday,Evening,0.0,2.0,Positive,,0,68.0
754006,Gadget Geek,16.43,Technology,25.2,Thursday,Evening,68.64,0.0,Negative,,0,37.0
755097,Gadget Geek,46.83,Technology,28.94,Thursday,Evening,71.36,0.0,Positive,,0,6.0
756789,Gadget Geek,15.0,Technology,32.84,Thursday,Evening,91.49,2.0,Positive,,0,27.0
759031,Gadget Geek,64.21,Technology,73.7,Thursday,Evening,57.32,2.0,Neutral,,0,42.0
760127,Gadget Geek,91.8,Technology,29.17,Thursday,Evening,0.0,2.0,Neutral,,0,8.0
760137,Gadget Geek,83.99,Technology,79.9,Thursday,Evening,71.78,0.0,Negative,,0,97.0
760720,Gadget Geek,47.88,Technology,85.79,Thursday,Evening,28.53,1.0,Negative,,0,61.0
763391,Gadget Geek,115.19,Technology,47.89,Thursday,Evening,52.57,1.0,Positive,,0,84.0
764441,Gadget Geek,86.07,Technology,67.83,Thursday,Evening,13.54,1.0,Negative,,0,61.0
765891,Gadget Geek,10.79,Technology,58.69,Thursday,Evening,94.34,3.0,Positive,,0,67.0
767236,Gadget Geek,12.72,Technology,84.66,Thursday,Evening,0.0,1.0,Positive,,0,32.0
767942,Gadget Geek,88.56,Technology,42.8,Thursday,Evening,0.0,1.0,Negative,,0,21.0
768453,Gadget Geek,33.57,Technology,87.3,Thursday,Evening,0.0,3.0,Negative,,0,100.0
768913,Gadget Geek,118.63,Technology,28.43,Thursday,Evening,97.28,3.0,Neutral,,0,10.0
770112,Gadget Geek,93.97,Technology,80.69,Thursday,Evening,85.22,3.0,Negative,,0,7.0
771548,Gadget Geek,45.52,Technology,45.56,Thursday,Evening,22.04,0.0,Negative,,0,87.0
772526,Gadget Geek,67.78,Technology,66.88,Thursday,Evening,47.78,0.0,Neutral,,0,48.0
772772,Gadget Geek,57.61,Technology,39.0,Thursday,Evening,7.78,0.0,Positive,,0,35.0
773381,Gadget Geek,8.27,Technology,82.51,Thursday,Evening,0.0,0.0,Neutral,,0,36.0
774629,Gadget Geek,106.93,Technology,34.06,Thursday,Evening,0.0,1.0,Positive,,0,50.0
774728,Gadget Geek,95.32,Technology,28.65,Thursday,Evening,0.0,0.0,Negative,,0,3.0
776996,Gadget Geek,31.96,Technology,50.15,Thursday,Evening,30.96,1.0,Negative,,0,35.0
777602,Gadget Geek,88.03,Technology,50.08,Thursday,Evening,56.29,1.0,Negative,,0,77.0
782901,Gadget Geek,29.63,Technology,55.43,Thursday,Evening,0.78,1.0,Negative,,0,88.0
785410,Gadget Geek,21.43,Technology,92.21,Thursday,Evening,50.56,3.0,Neutral,,0,65.0
788009,Gadget Geek,18.74,Technology,48.7,Thursday,Evening,63.3,3.0,Neutral,,0,52.0
791578,Gadget Geek,24.99,Technology,53.11,Thursday,Evening,61.68,3.0,Negative,,0,89.0
793211,Gadget Geek,62.007506872671755,Technology,28.63,Thursday,Evening,0.0,1.0,Positive,,0,88.0
793874,Gadget Geek,49.65,Technology,79.04,Thursday,Evening,0.0,0.0,Positive,,0,70.0
793928,Gadget Geek,75.79,Technology,36.32,Thursday,Evening,15.41,3.0,Neutral,,0,100.0
794186,Gadget Geek,115.39,Technology,67.76,Thursday,Evening,34.88,0.0,Positive,,0,28.0
794305,Gadget Geek,47.75,Technology,66.06,Thursday,Evening,52.81,3.0,Negative,,0,33.0
796444,Gadget Geek,72.909,Technology,57.23,Thursday,Evening,42.71,0.0,Negative,,0,13.0
799544,Gadget Geek,44.32,Technology,59.22,Thursday,Evening,0.0,0.0,Neutral,,0,72.0
800214,Gadget Geek,74.35,Technology,78.11,Thursday,Evening,0.0,0.0,Positive,,0,88.0
802137,Gadget Geek,89.38,Technology,69.23,Thursday,Evening,69.02,2.0,Positive,,0,34.0
802790,Gadget Geek,67.99,Technology,55.12,Thursday,Evening,82.79,0.0,Neutral,,0,70.0
804760,Gadget Geek,54.95,Technology,21.65,Thursday,Evening,32.76,1.0,Neutral,,0,94.0
804918,Gadget Geek,91.65,Technology,87.66,Thursday,Evening,62.33,1.0,Negative,,0,66.0
805791,Gadget Geek,97.38,Technology,38.47,Thursday,Evening,91.74,2.0,Negative,,0,77.0
807439,Gadget Geek,62.007506872671755,Technology,68.11,Thursday,Evening,84.71,0.0,Neutral,,0,6.0
807746,Gadget Geek,62.007506872671755,Technology,55.29,Thursday,Evening,51.81,3.0,Positive,,0,69.0
808992,Gadget Geek,62.007506872671755,Technology,73.77,Thursday,Evening,8.59,0.0,Positive,,0,20.0
809043,Gadget Geek,5.56,Technology,26.15,Thursday,Evening,4.66,2.0,Negative,,0,78.0
809551,Gadget Geek,65.19,Technology,96.12,Thursday,Evening,47.27,3.0,Neutral,,0,59.0
810992,Gadget Geek,62.007506872671755,Technology,65.82,Thursday,Evening,12.73,2.0,Positive,,0,8.0
812152,Gadget Geek,42.25,Technology,74.0,Thursday,Evening,72.27,2.0,Positive,,0,63.0
813477,Gadget Geek,34.87,Technology,83.88,Thursday,Evening,58.22,2.0,Positive,,0,79.0
817328,Gadget Geek,62.007506872671755,Technology,88.8,Thursday,Evening,99.99,0.0,Neutral,,0,40.0
817582,Gadget Geek,30.91,Technology,81.33,Thursday,Evening,90.93,3.0,Neutral,,0,55.0
819533,Gadget Geek,43.02,Technology,90.37,Thursday,Evening,0.0,3.0,Negative,,0,57.0
820894,Gadget Geek,29.38,Technology,74.03,Thursday,Evening,0.0,3.0,Neutral,,0,82.0
822521,Gadget Geek,94.4,Technology,26.12,Thursday,Evening,90.3,0.0,Neutral,,0,19.0
823061,Gadget Geek,85.65,Technology,45.1,Thursday,Evening,28.96,0.0,Positive,,0,6.0
823294,Gadget Geek,65.01,Technology,36.74,Thursday,Evening,0.0,0.0,Positive,,0,95.0
824131,Gadget Geek,30.69,Technology,89.24,Thursday,Evening,42.52,2.0,Positive,,0,95.0
827177,Gadget Geek,42.44,Technology,88.43,Thursday,Evening,34.57,2.0,Positive,,0,58.0
827609,Gadget Geek,30.35,Technology,24.28,Thursday,Evening,0.0,0.0,Neutral,,0,27.0
827971,Gadget Geek,86.05,Technology,29.27,Thursday,Evening,78.27,1.0,Negative,,0,14.0
828027,Gadget Geek,107.06,Technology,27.39,Thursday,Evening,27.23,3.0,Positive,,0,75.0
829301,Gadget Geek,24.91,Technology,95.25,Thursday,Evening,94.95,0.0,Neutral,,0,47.0
831973,Gadget Geek,77.12,Technology,82.3,Thursday,Evening,0.0,2.0,Positive,,0,61.0
832054,Gadget Geek,8.39,Technology,39.56,Thursday,Evening,44.09,2.0,Negative,,0,92.0
832125,Gadget Geek,57.0,Technology,86.42,Thursday,Evening,22.56,0.0,Neutral,,0,85.0
832853,Gadget Geek,106.69,Technology,95.32,Thursday,Evening,85.75,3.0,Positive,,0,32.0
835060,Gadget Geek,17.63,Technology,47.47,Thursday,Evening,27.23,3.0,Positive,,0,75.0
835179,Gadget Geek,115.35,Technology,47.69,Thursday,Evening,42.97,1.0,Positive,,0,84.0
835562,Gadget Geek,62.007506872671755,Technology,32.87,Thursday,Evening,9.05,2.0,Negative,,0,25.0
836477,Gadget Geek,14.99,Technology,47.33,Thursday,Evening,58.69,1.0,Negative,,0,47.0
836824,Gadget Geek,117.97,Technology,37.82,Thursday,Evening,0.0,1.0,Positive,,0,3.0
836944,Gadget Geek,88.3,Technology,43.77,Thursday,Evening,57.89,1.0,Negative,,0,94.0
837724,Gadget Geek,119.76,Technology,58.26,Thursday,Evening,36.81,0.0,Positive,,0,76.0
838093,Gadget Geek,34.4,Technology,20.5,Thursday,Evening,3.64,2.0,Positive,,0,70.0
838350,Gadget Geek,52.62,Technology,39.62,Thursday,Evening,0.0,3.0,Negative,,0,20.0
838672,Gadget Geek,34.8,Technology,85.51,Thursday,Evening,0.0,0.0,Negative,,0,40.0
839493,Gadget Geek,35.52,Comedy,73.32,Thursday,Evening,35.87,1.0,Neutral,,0,80.0
839898,Gadget Geek,94.15,Technology,20.73,Thursday,Evening,0.0,0.0,Negative,,0,36.0
842194,Gadget Geek,7.5,Technology,24.77,Thursday,Evening,44.48,2.0,Negative,,0,80.0
846035,Gadget Geek,98.67,Technology,91.39,Thursday,Evening,97.28,1.0,Neutral,,0,78.0
847749,Gadget Geek,39.04,Technology,92.07,Thursday,Evening,91.57,1.0,Positive,,0,91.0
847781,Gadget Geek,106.55,Technology,61.73,Thursday,Evening,18.99,3.0,Negative,,0,11.0
849175,Gadget Geek,7.41,Technology,88.79,Thursday,Evening,41.21,1.0,Negative,,0,12.0
849718,Gadget Geek,62.38,Technology,80.3,Thursday,Evening,47.2,2.0,Negative,,0,77.0
855776,Gadget Geek,104.68,Technology,83.17,Thursday,Evening,0.0,2.0,Neutral,,0,42.0
859828,Gadget Geek,86.44,Technology,84.38,Thursday,Evening,53.72,3.0,Neutral,,0,26.0
859886,Gadget Geek,21.77,Technology,78.39,Thursday,Evening,56.43,1.0,Negative,,0,16.0
860816,Gadget Geek,118.82,Technology,38.17,Thursday,Evening,73.93,1.0,Positive,,0,71.0
861043,Gadget Geek,21.25,Technology,34.68,Thursday,Evening,62.95,0.0,Neutral,,0,80.0
861965,Gadget Geek,108.19,Technology,40.92,Thursday,Evening,0.0,1.0,Positive,,0,56.0
862350,Gadget Geek,16.53,Technology,78.73,Thursday,Evening,48.18,1.0,Negative,,0,66.0
867878,Gadget Geek,21.07,Technology,65.09,Thursday,Evening,53.09,3.0,Positive,,0,94.0
868452,Gadget Geek,110.85,Technology,85.59,Thursday,Evening,53.84,3.0,Negative,,0,28.0
868831,Gadget Geek,58.8,Technology,20.45,Thursday,Evening,69.19,2.0,Positive,,0,32.0
869449,Gadget Geek,116.71,Technology,91.18,Thursday,Evening,70.46,2.0,Neutral,,0,30.0
869486,Gadget Geek,33.36,Technology,36.69,Thursday,Evening,50.72,1.0,Negative,,0,43.0
870431,Gadget Geek,40.48,Technology,44.17,Thursday,Evening,16.41,0.0,Negative,,0,100.0
870846,Gadget Geek,82.17,Technology,81.65,Thursday,Evening,50.34,0.0,Neutral,,0,68.0
871054,Gadget Geek,93.55,Technology,84.53,Thursday,Evening,27.48,1.0,Positive,,0,5.0
871252,Gadget Geek,85.71,Technology,60.31,Thursday,Evening,7.6,1.0,Neutral,,0,4.0
874064,Gadget Geek,16.26,Technology,32.15,Thursday,Evening,91.41,2.0,Positive,,0,77.0
876530,Gadget Geek,62.007506872671755,Technology,61.33,Thursday,Evening,0.0,1.0,Negative,,0,52.0
876862,Gadget Geek,103.55,Technology,62.27,Thursday,Evening,0.0,0.0,Neutral,,0,72.0
877202,Gadget Geek,26.48,Technology,49.13,Thursday,Evening,2.35,0.0,Positive,,0,3.0
877660,Gadget Geek,21.46,Technology,26.57,Thursday,Evening,29.5,3.0,Negative,,0,29.0
879773,Gadget Geek,75.14,Technology,43.14,Thursday,Evening,7.86,3.0,Positive,,0,72.0
879939,Gadget Geek,62.007506872671755,Technology,94.99,Thursday,Evening,0.0,1.0,Negative,,0,50.0
880090,Gadget Geek,18.28,Technology,28.87,Thursday,Evening,0.0,1.0,Negative,,0,62.0
882401,Gadget Geek,51.77,Technology,72.74,Thursday,Evening,83.87,3.0,Negative,,0,83.0
883105,Gadget Geek,104.22,Technology,29.47,Thursday,Evening,19.35,0.0,Negative,,0,89.0
885168,Gadget Geek,89.78,Technology,33.08,Thursday,Evening,0.0,3.0,Positive,,0,85.0
886107,Gadget Geek,12.52,Technology,79.68,Thursday,Evening,96.28,1.0,Positive,,0,58.0
886181,Gadget Geek,117.7,Technology,67.43,Thursday,Evening,0.0,3.0,Positive,,0,38.0
886570,Gadget Geek,32.02,Technology,53.14,Thursday,Evening,82.27,3.0,Positive,,0,96.0
886864,Gadget Geek,84.99,Technology,29.62,Thursday,Evening,27.78,2.0,Neutral,,0,72.0
887354,Gadget Geek,63.73,Technology,75.96,Thursday,Evening,92.86,0.0,Negative,,0,86.0
888005,Gadget Geek,24.0,Technology,55.81,Thursday,Evening,55.61,2.0,Neutral,,0,56.0
888031,Gadget Geek,98.14,Technology,25.17,Thursday,Evening,0.0,0.0,Neutral,,0,1.0
890398,Gadget Geek,62.007506872671755,Technology,91.82,Thursday,Evening,0.0,2.0,Neutral,,0,86.0
891922,Gadget Geek,46.97,Technology,70.69,Thursday,Evening,65.55,2.0,Negative,,0,85.0
893432,Gadget Geek,72.64,Technology,38.98,Thursday,Evening,50.76,0.0,Positive,,0,12.0
893508,Gadget Geek,42.02,Technology,87.93,Thursday,Evening,19.14,0.0,Neutral,,0,63.0
894260,Gadget Geek,33.49,Technology,79.39,Thursday,Evening,36.07,0.0,Positive,,0,96.0
900224,Gadget Geek,78.06,Technology,27.56,Thursday,Evening,0.0,1.0,Negative,,0,60.0
900588,Gadget Geek,44.39,Technology,35.99,Thursday,Evening,83.58,3.0,Negative,,0,83.0
901462,Gadget Geek,88.12,Technology,93.42,Thursday,Evening,17.58,2.0,Negative,,0,17.0
901561,Gadget Geek,73.51,Technology,85.93,Thursday,Evening,93.89,2.0,Positive,,0,85.0
902259,Gadget Geek,62.007506872671755,Technology,35.06,Thursday,Evening,34.99,3.0,Negative,,0,97.0
903959,Gadget Geek,11.48,Technology,63.87,Thursday,Evening,29.95,2.0,Neutral,,0,67.0
904546,Gadget Geek,26.2,Technology,92.17,Thursday,Evening,92.37,0.0,Positive,,0,41.0
904863,Gadget Geek,81.2,Technology,41.14,Thursday,Evening,0.0,0.0,Positive,,0,59.0
906203,Gadget Geek,62.007506872671755,Technology,98.15,Thursday,Evening,0.0,0.0,Positive,,0,21.0
909155,Gadget Geek,62.007506872671755,Technology,68.09,Thursday,Evening,16.05,0.0,Positive,,0,93.0
911844,Gadget Geek,54.54,Technology,76.27,Thursday,Evening,42.69,0.0,Negative,,0,76.0
914143,Gadget Geek,37.65,Technology,78.57,Thursday,Evening,0.0,0.0,Positive,,0,60.0
914962,Gadget Geek,17.98,Technology,66.89,Thursday,Evening,46.81,1.0,Neutral,,0,21.0
916551,Gadget Geek,45.36,Technology,63.52,Thursday,Evening,85.09,3.0,Neutral,,0,7.0
916691,Gadget Geek,111.68,Technology,39.29,Thursday,Evening,33.64,3.0,Positive,,0,71.0
918483,Gadget Geek,110.99,Technology,47.56,Thursday,Evening,90.35,1.0,Negative,,0,42.0
920908,Gadget Geek,67.94,Technology,40.12,Thursday,Evening,82.79,0.0,Neutral,,0,70.0
921761,Gadget Geek,54.87,Technology,36.01,Thursday,Evening,34.36,2.0,Negative,,0,12.0
922065,Gadget Geek,54.4680016,Technology,21.05,Thursday,Evening,34.64,0.0,Neutral,,0,21.0
922340,Gadget Geek,98.04,Technology,79.08,Thursday,Evening,0.0,3.0,Neutral,,0,71.0
923149,Gadget Geek,94.4,Technology,92.4,Thursday,Evening,65.14,2.0,Negative,,0,47.0
923778,Gadget Geek,118.69,Technology,88.12,Thursday,Evening,14.57,1.0,Neutral,,0,75.0
924038,Gadget Geek,21.55,Technology,86.5,Thursday,Evening,0.0,2.0,Neutral,,0,85.0
925314,Gadget Geek,8.27,Technology,62.35,Thursday,Evening,62.35,0.0,Neutral,,0,60.0
927583,Gadget Geek,14.3,Technology,84.81,Thursday,Evening,43.42,1.0,Negative,,0,85.0
928531,Gadget Geek,45.71,Technology,74.19,Thursday,Evening,11.49,0.0,Negative,,0,73.0
929232,Gadget Geek,106.66,Technology,72.16,Thursday,Evening,95.4,2.0,Negative,,0,13.0
929289,Gadget Geek,96.78,Technology,63.32,Thursday,Evening,71.07,3.0,Neutral,,0,29.0
930020,Gadget Geek,93.13,Technology,27.5,Thursday,Evening,7.33,3.0,Positive,,0,63.0
932511,Gadget Geek,67.02,Technology,69.6,Thursday,Evening,4.18,1.0,Neutral,,0,27.0
932703,Gadget Geek,71.02,Technology,71.23,Thursday,Evening,87.91,0.0,Neutral,,0,23.0
936072,Gadget Geek,115.47,Technology,32.7,Thursday,Evening,9.62,0.0,Positive,,0,58.0
936514,Gadget Geek,107.4,Technology,46.8,Thursday,Evening,94.13,1.0,Neutral,,0,36.0
936880,Gadget Geek,71.0,Technology,62.8,Thursday,Evening,93.62,0.0,Neutral,,0,96.0
938168,Gadget Geek,58.99,Technology,67.3,Thursday,Evening,63.98,2.0,Positive,,0,40.0
938180,Gadget Geek,18.23,Technology,28.87,Thursday,Evening,0.0,1.0,Negative,,0,62.0
942182,Gadget Geek,62.007506872671755,Technology,58.8,Thursday,Evening,0.0,1.0,Negative,,0,3.0
942765,Gadget Geek,92.84,Technology,84.16,Thursday,Evening,0.0,0.0,Positive,,0,15.0
943460,Gadget Geek,33.2,Technology,94.12,Thursday,Evening,27.67,3.0,Positive,,0,94.0
945832,Gadget Geek,40.74,Technology,25.97,Thursday,Evening,0.0,3.0,Negative,,0,48.0
949635,Gadget Geek,9.67,Technology,63.89,Thursday,Evening,4.96,3.0,Neutral,,0,1.0
950258,Gadget Geek,81.63,Technology,45.13,Thursday,Evening,27.27,0.0,Positive,,0,6.0
952363,Gadget Geek,62.007506872671755,Technology,44.51,Thursday,Evening,82.44,0.0,Positive,,0,12.0
957370,Gadget Geek,28.08,Technology,93.31,Thursday,Evening,0.0,3.0,Positive,,0,87.0
957648,Gadget Geek,94.3,Technology,74.93,Thursday,Evening,74.53,1.0,Positive,,0,50.0
959948,Gadget Geek,97.39,Technology,31.58,Thursday,Evening,8.32,0.0,Positive,,0,34.0
963163,Gadget Geek,62.007506872671755,Technology,27.82,Thursday,Evening,0.0,1.0,Positive,,0,94.0
964112,Gadget Geek,41.61,Technology,72.32,Thursday,Evening,30.9,1.0,Negative,,0,30.0
965050,Gadget Geek,116.68,Technology,85.53,Thursday,Evening,96.85,0.0,Neutral,,0,53.0
965622,Gadget Geek,63.24,Technology,84.27,Thursday,Evening,73.29,2.0,Negative,,0,86.0
967947,Gadget Geek,49.56,Technology,50.23,Thursday,Evening,0.0,1.0,Negative,,0,95.0
968352,Gadget Geek,51.46,Technology,72.13,Thursday,Evening,0.0,1.0,Positive,,0,86.0
968399,Gadget Geek,45.22,Technology,95.42,Thursday,Evening,95.67,3.0,Positive,,0,88.0
970073,Gadget Geek,107.26,Technology,33.87,Thursday,Evening,42.95,3.0,Positive,,0,86.0
970567,Gadget Geek,62.007506872671755,Technology,39.21,Thursday,Evening,90.81,0.0,Negative,,0,84.0
970683,Gadget Geek,108.35,Technology,67.36,Thursday,Evening,37.35,1.0,Positive,,0,68.0
972004,Gadget Geek,34.27,Technology,59.63,Thursday,Evening,18.67,3.0,Negative,,0,11.0
975432,Gadget Geek,52.96,Technology,52.71,Thursday,Evening,0.0,2.0,Neutral,,0,91.0
976329,Gadget Geek,62.007506872671755,Technology,98.74,Thursday,Evening,48.43,3.0,Positive,,0,7.0
980131,Gadget Geek,95.21,Technology,33.39,Thursday,Evening,83.31,1.0,Neutral,,0,57.0
981282,Gadget Geek,102.63,Technology,60.78,Thursday,Evening,84.86,0.0,Neutral,,0,9.0
983367,Gadget Geek,8.14,Technology,48.31,Thursday,Evening,35.41,1.0,Negative,,0,49.0
983953,Gadget Geek,73.65,Technology,28.42,Thursday,Evening,91.17,0.0,Negative,,0,59.0
984939,Gadget Geek,62.007506872671755,Technology,65.39,Thursday,Evening,0.0,3.0,Negative,,0,7.0
985229,Gadget Geek,20.34,Technology,62.78,Thursday,Evening,32.13,2.0,Neutral,,0,3.0
986047,Gadget Geek,86.45,Technology,88.53,Thursday,Evening,19.2,1.0,Negative,,0,51.0
988857,Gadget Geek,62.007506872671755,Technology,83.75,Thursday,Evening,0.0,2.0,Positive,,0,86.0
988917,Gadget Geek,17.69,Technology,26.02,Thursday,Evening,4.52,2.0,Negative,,0,13.0
990840,Gadget Geek,63.66,Technology,60.2,Thursday,Evening,68.63,3.0,Negative,,0,30.0
991459,Gadget Geek,47.02,Technology,47.19,Thursday,Evening,82.72,3.0,Neutral,,0,71.0
991926,Gadget Geek,21.3,Technology,28.97,Thursday,Evening,27.77,2.0,Positive,,0,76.0
994688,Gadget Geek,96.87,Technology,33.08,Thursday,Evening,61.3,0.0,Neutral,,0,78.0
