id,Podcast_Name,Episode_Length_minutes,Genre,Host_Popularity_percentage,Publication_Day,Publication_Time,Guest_Popularity_percentage,Number_of_Ads,Episode_Sentiment,Listening_Time_minutes,is_train,Episode_Number
203,Gadget Geek,32.01,Technology,23.44,Saturday,Evening,78.3,3.0,Neutral,21.95908,1,64.0
250,Gadget Geek,118.15,Technology,90.2,Saturday,Evening,0.0,2.0,Positive,115.11,1,89.0
412,Gadget Geek,84.05,Technology,45.58,Saturday,Evening,84.59,2.0,Neutral,54.65968,1,48.0
2213,Gadget Geek,47.0,Technology,69.57,Saturday,Evening,52.65,3.0,Positive,19.8199,1,88.0
3306,Gadget Geek,119.48,Technology,23.38,Saturday,Evening,96.06,0.0,Positive,87.65566,1,96.0
3447,Gadget Geek,27.9,Technology,31.92,Saturday,Evening,0.0,2.0,Positive,25.63312,1,58.0
4850,Gadget Geek,65.34709725980672,Technology,89.01,Saturday,Evening,9.62,2.0,Neutral,51.23647,1,67.0
5260,Gadget Geek,83.54,Technology,23.53,Saturday,Evening,61.26,1.0,Negative,41.17,1,28.0
5510,Gadget Geek,89.27,Technology,84.16,Saturday,Evening,60.09,2.0,Neutral,66.3757,1,78.0
7004,Gadget Geek,62.57,Technology,42.73,Saturday,Evening,32.77,1.0,Positive,49.66568,1,11.0
7341,Gadget Geek,74.83,Technology,30.38,Saturday,Evening,79.09,1.0,Neutral,55.17513,1,64.0
10851,Gadget Geek,29.2,Technology,76.31,Saturday,Evening,0.0,2.0,Negative,14.29296,1,4.0
16947,Gadget Geek,79.85,Technology,96.69,Saturday,Evening,33.86,3.0,Positive,63.13713,1,58.0
18661,Gadget Geek,91.96,Technology,82.8,Saturday,Evening,0.0,1.0,Positive,63.97251,1,23.0
19037,Gadget Geek,44.98,Technology,26.67,Saturday,Evening,95.77,2.0,Negative,31.72,1,98.0
21763,Gadget Geek,21.6,Technology,57.82,Saturday,Evening,8.33,2.0,Neutral,9.9209,1,2.0
27262,Gadget Geek,63.9,Technology,96.33,Saturday,Evening,9.51,3.0,Neutral,63.3487,1,31.0
27377,Gadget Geek,65.34709725980672,Technology,57.14,Saturday,Evening,11.87,2.0,Negative,48.50694,1,38.0
34673,Gadget Geek,65.34709725980672,Technology,94.82,Saturday,Evening,0.0,2.0,Negative,20.83,1,89.0
34830,Gadget Geek,64.09,Technology,78.95,Saturday,Evening,0.0,3.0,Positive,38.27991,1,89.0
36342,Gadget Geek,30.11,Technology,36.81,Saturday,Evening,41.79,0.0,Neutral,22.04054,1,70.0
39340,Gadget Geek,61.34,Technology,71.52,Saturday,Evening,0.0,2.0,Positive,46.75581,1,71.0
41031,Gadget Geek,49.68,Technology,71.97,Saturday,Evening,15.07,0.0,Positive,42.47406,1,52.0
42942,Gadget Geek,111.33,Technology,30.78,Saturday,Evening,0.0,1.0,Neutral,94.96046,1,64.0
48730,Gadget Geek,112.52,Technology,55.54,Saturday,Evening,9.73,0.0,Positive,111.87733,1,51.0
49734,Gadget Geek,119.89,Technology,23.38,Saturday,Evening,96.76,1.0,Positive,87.65566,1,96.0
52736,Gadget Geek,60.84,Technology,86.93,Saturday,Evening,0.0,0.0,Positive,47.59923,1,99.0
53694,Gadget Geek,86.42,Technology,71.18,Saturday,Evening,65.82,3.0,Neutral,52.86765,1,37.0
55205,Gadget Geek,91.7,Technology,84.07,Saturday,Evening,13.23,1.0,Neutral,72.86991,1,84.0
55968,Gadget Geek,13.31,Technology,79.28,Saturday,Evening,41.37,3.0,Negative,6.96217,1,62.0
56157,Gadget Geek,65.34709725980672,Technology,86.09,Saturday,Evening,9.71,0.0,Negative,70.0367,1,22.0
58165,Gadget Geek,5.56,Technology,98.69,Saturday,Evening,25.03,3.0,Negative,0.0,1,43.0
60523,Gadget Geek,16.76,Technology,91.56,Saturday,Evening,64.12,3.0,Positive,7.49971,1,27.0
61131,Gadget Geek,65.34709725980672,Technology,66.22,Saturday,Evening,0.0,1.0,Negative,39.2,1,30.0
61636,Gadget Geek,26.22,Technology,43.62,Saturday,Evening,59.14,3.0,Positive,9.08741,1,78.0
64405,Gadget Geek,6.78,Technology,29.87,Saturday,Evening,81.88,1.0,Neutral,6.29725,1,63.0
64660,Gadget Geek,66.86,Technology,98.86,Saturday,Evening,25.24,0.0,Negative,58.0631,1,85.0
66664,Gadget Geek,54.34,Technology,67.24,Saturday,Evening,0.0,3.0,Negative,39.59585,1,90.0
68264,Gadget Geek,18.42,Technology,37.23,Saturday,Evening,6.83,0.0,Neutral,10.25868,1,22.0
68705,Gadget Geek,82.13,Technology,22.2,Saturday,Evening,64.78,2.0,Positive,57.3556,1,76.0
69972,Gadget Geek,65.34709725980672,Technology,49.94,Saturday,Evening,54.98,0.0,Neutral,20.08729,1,69.0
71584,Gadget Geek,65.34709725980672,Technology,79.11,Saturday,Evening,36.98,2.0,Positive,45.07592,1,58.0
72499,Gadget Geek,38.67,Technology,54.66,Saturday,Evening,46.83,2.0,Negative,18.06699,1,47.0
74464,Gadget Geek,41.98,Technology,27.28,Saturday,Evening,70.45,0.0,Positive,35.79779,1,34.0
74673,Gadget Geek,65.34709725980672,Technology,84.49,Saturday,Evening,28.81,3.0,Positive,21.06597,1,72.0
76596,Gadget Geek,65.34709725980672,Technology,52.54,Saturday,Evening,1.26,0.0,Neutral,53.99111,1,71.0
76954,Gadget Geek,101.92,Technology,81.48,Saturday,Evening,0.0,3.0,Neutral,56.18726,1,16.0
78468,Gadget Geek,46.98,Technology,66.5,Saturday,Evening,36.04,1.0,Positive,17.67478,1,61.0
78635,Gadget Geek,10.35,Technology,67.69,Saturday,Evening,42.1,3.0,Positive,6.99,1,39.0
79170,Gadget Geek,59.91,Technology,25.04,Saturday,Evening,0.0,2.0,Neutral,41.02628,1,4.0
79304,Gadget Geek,8.83,Technology,96.94,Saturday,Evening,19.51,1.0,Negative,0.0,1,50.0
80329,Gadget Geek,42.45,Technology,38.2,Saturday,Evening,26.9,2.0,Negative,38.44622,1,93.0
80505,Gadget Geek,119.48,Technology,23.38,Saturday,Evening,99.46,0.0,Positive,87.65566,1,96.0
80554,Gadget Geek,93.78,Technology,47.53,Saturday,Evening,49.0,3.0,Positive,83.61854,1,55.0
83132,Gadget Geek,63.42,Technology,66.48,Saturday,Evening,73.31,3.0,Neutral,45.02794,1,69.0
83611,Gadget Geek,70.47,Technology,30.14,Saturday,Evening,14.67,2.0,Negative,42.73002,1,90.0
85958,Gadget Geek,65.34709725980672,Technology,58.66,Saturday,Evening,62.12,0.0,Neutral,105.86,1,89.0
86602,Gadget Geek,94.18,Technology,81.03,Saturday,Evening,9.13,1.0,Positive,77.20683,1,61.0
90905,Gadget Geek,65.34709725980672,Technology,32.32,Saturday,Evening,56.5,0.0,Positive,89.44367,1,29.0
91305,Gadget Geek,62.59,Technology,71.83,Saturday,Evening,55.66,1.0,Neutral,53.75969,1,47.0
92058,Gadget Geek,114.87,Technology,90.76,Saturday,Evening,0.0,1.0,Negative,89.35,1,29.0
92545,Gadget Geek,7.115684785,Technology,48.36,Saturday,Evening,42.48,3.0,Neutral,7.11568,1,51.0
92631,Gadget Geek,101.58,Technology,92.1,Saturday,Evening,0.0,3.0,Negative,92.94428,1,37.0
92769,Gadget Geek,65.34709725980672,Technology,51.22,Saturday,Evening,20.32,2.0,Positive,1.67203,1,74.0
96134,Gadget Geek,30.65,Technology,86.64,Saturday,Evening,95.25,0.0,Positive,24.30173,1,95.0
96294,Gadget Geek,90.89,Technology,77.99,Saturday,Evening,0.0,3.0,Positive,80.56127,1,72.0
97707,Gadget Geek,65.34709725980672,Technology,93.82,Saturday,Evening,0.0,0.0,Neutral,64.901,1,90.0
97797,Gadget Geek,6.78,Technology,84.84,Saturday,Evening,65.45,1.0,Neutral,6.29725,1,65.0
99715,Gadget Geek,65.34709725980672,Technology,43.74,Saturday,Evening,31.9,2.0,Negative,42.87978,1,58.0
104449,Gadget Geek,43.91,Technology,31.34,Saturday,Evening,60.72,1.0,Neutral,13.61,1,86.0
104538,Gadget Geek,114.66,Technology,37.63,Saturday,Evening,40.13,1.0,Neutral,61.39522,1,26.0
104737,Gadget Geek,107.47,Technology,96.66,Saturday,Evening,84.93,0.0,Negative,64.74193,1,84.0
104742,Gadget Geek,104.33,Technology,81.33,Saturday,Evening,74.18,0.0,Neutral,61.39522,1,38.0
104968,Gadget Geek,60.08,Technology,93.62,Saturday,Evening,71.15,3.0,Positive,54.29828,1,57.0
105205,Gadget Geek,65.34709725980672,Technology,34.59,Saturday,Evening,74.69,3.0,Positive,87.86402,1,5.0
107084,Gadget Geek,63.21,Technology,51.2,Saturday,Evening,1.94,3.0,Negative,43.04425,1,28.0
107414,Gadget Geek,16.97,Technology,29.24,Saturday,Evening,92.63,1.0,Positive,13.38,1,26.0
108251,Gadget Geek,6.51,Technology,88.98,Saturday,Evening,34.48,1.0,Negative,0.0,1,96.0
109237,Gadget Geek,119.48,Technology,23.88,Saturday,Evening,99.93,0.0,Positive,87.65566,1,96.0
111563,Gadget Geek,118.09,Technology,60.46,Saturday,Evening,0.0,1.0,Positive,112.85,1,77.0
113741,Gadget Geek,65.34709725980672,Technology,89.53,Saturday,Evening,0.0,0.0,Positive,20.02204,1,59.0
113868,Gadget Geek,97.81,Technology,40.81,Saturday,Evening,81.1,3.0,Positive,49.0257,1,4.0
115280,Gadget Geek,23.96,Technology,46.09,Saturday,Evening,3.82,2.0,Negative,21.95846,1,76.0
117411,Gadget Geek,86.66,Technology,74.6,Saturday,Evening,49.12,1.0,Neutral,74.35918,1,99.0
117977,Gadget Geek,112.74,Technology,68.32,Saturday,Evening,35.52,3.0,Positive,64.47474,1,100.0
118943,Gadget Geek,106.66,Technology,69.57,Saturday,Evening,78.71,1.0,Negative,98.24,1,61.0
119898,Gadget Geek,48.37,Technology,99.26,Saturday,Evening,0.0,0.0,Negative,26.21177,1,62.0
125207,Gadget Geek,65.34709725980672,Technology,94.77,Saturday,Evening,0.0,1.0,Neutral,11.84196,1,55.0
125515,Gadget Geek,62.59,Technology,71.83,Saturday,Evening,18.36,0.0,Neutral,53.75969,1,15.0
125978,Gadget Geek,113.98,Technology,81.42,Saturday,Evening,28.73,1.0,Neutral,108.45,1,54.0
126909,Gadget Geek,85.69,Technology,83.15,Saturday,Evening,15.84,3.0,Negative,52.0708,1,88.0
129102,Gadget Geek,81.53,Technology,31.33,Saturday,Evening,85.51,1.0,Negative,41.37808,1,29.0
129691,Gadget Geek,62.59,Technology,71.83,Saturday,Evening,19.21,1.0,Neutral,53.75969,1,79.0
131072,Gadget Geek,42.74,Technology,58.8,Saturday,Evening,27.39,0.0,Negative,36.04,1,63.0
132387,Gadget Geek,17.52,Technology,88.41,Saturday,Evening,87.18,0.0,Negative,10.74442,1,87.0
136351,Gadget Geek,81.29,Technology,42.44,Saturday,Evening,9.09,0.0,Neutral,46.43874,1,83.0
138996,Gadget Geek,46.06,Technology,72.61,Saturday,Evening,67.83,2.0,Positive,26.61613,1,11.0
139413,Gadget Geek,93.37,Technology,64.73,Saturday,Evening,3.73,3.0,Neutral,69.81413,1,76.0
141034,Gadget Geek,86.19,Technology,32.93,Saturday,Evening,0.0,0.0,Negative,49.83473,1,21.0
142421,Gadget Geek,67.62,Technology,57.8,Saturday,Evening,40.84,1.0,Neutral,40.19749,1,62.0
143616,Gadget Geek,41.94,Technology,78.24,Saturday,Evening,48.79,2.0,Neutral,12.5701,1,46.0
144986,Gadget Geek,114.03,Technology,32.13,Saturday,Evening,46.44,0.0,Negative,100.19825,1,25.0
145904,Gadget Geek,58.23,Technology,90.99,Saturday,Evening,71.78,3.0,Negative,54.59133,1,20.0
146189,Gadget Geek,49.68,Technology,55.28,Saturday,Evening,25.61,0.0,Positive,42.47406,1,52.0
148352,Gadget Geek,36.23,Technology,51.0,Saturday,Evening,35.32,3.0,Positive,17.00484,1,81.0
148524,Gadget Geek,65.34709725980672,Technology,97.39,Saturday,Evening,75.58,1.0,Neutral,46.31973,1,31.0
149098,Gadget Geek,65.34709725980672,Technology,88.25,Saturday,Evening,51.75,2.0,Negative,0.0,1,63.0
150906,Gadget Geek,116.76,Technology,64.51,Saturday,Evening,0.0,2.0,Neutral,96.57777,1,1.0
154111,Gadget Geek,65.34709725980672,Technology,86.28,Saturday,Evening,97.78,1.0,Positive,24.8,1,85.0
154179,Gadget Geek,60.09,Technology,83.57,Saturday,Evening,69.49,2.0,Neutral,53.91418,1,83.0
160948,Gadget Geek,90.65,Technology,29.02,Saturday,Evening,7.17,1.0,Negative,46.92149,1,48.0
161165,Gadget Geek,21.43,Technology,80.28,Saturday,Evening,86.9,0.0,Neutral,19.1,1,9.0
163415,Gadget Geek,18.81,Technology,23.04,Saturday,Evening,65.97,3.0,Positive,6.09722,1,83.0
163895,Gadget Geek,42.6,Technology,66.61,Saturday,Evening,59.13,3.0,Neutral,14.8988,1,28.0
164210,Gadget Geek,61.98,Technology,41.72,Saturday,Evening,84.33,0.0,Neutral,49.16407,1,7.0
164594,Gadget Geek,116.38,Technology,82.0,Saturday,Evening,51.4,2.0,Neutral,90.305,1,68.0
167684,Gadget Geek,65.34709725980672,Technology,75.99,Saturday,Evening,0.0,3.0,Negative,29.7095,1,53.0
169249,Gadget Geek,5.63,Technology,85.2,Saturday,Evening,79.6,2.0,Neutral,4.26874,1,98.0
171095,Gadget Geek,77.8,Technology,93.17,Saturday,Evening,0.0,3.0,Negative,63.72733,1,90.0
172574,Gadget Geek,95.91,Technology,36.56,Saturday,Evening,17.69,0.0,Negative,71.64307,1,81.0
173266,Gadget Geek,52.48,Technology,85.88,Saturday,Evening,0.0,3.0,Positive,41.76333,1,25.0
174964,Gadget Geek,108.85,Technology,66.22,Saturday,Evening,16.1,1.0,Negative,86.4547,1,78.0
175169,Gadget Geek,98.29,Technology,70.99,Saturday,Evening,18.87,0.0,Positive,80.10002,1,51.0
177029,Gadget Geek,65.34709725980672,Technology,87.98,Saturday,Evening,29.68,1.0,Positive,112.8,1,59.0
187293,Gadget Geek,62.77,Technology,62.22,Saturday,Evening,36.08,0.0,Positive,49.86935,1,52.0
187393,Gadget Geek,99.14,Technology,21.92,Saturday,Evening,3.73,3.0,Neutral,64.83664,1,16.0
189015,Gadget Geek,65.34709725980672,Technology,47.28,Saturday,Evening,81.41,2.0,Negative,5.07008,1,54.0
189806,Gadget Geek,44.83,Technology,52.76,Saturday,Evening,0.0,3.0,Positive,23.41523,1,84.0
190737,Gadget Geek,8.69,Technology,42.33,Saturday,Evening,0.0,0.0,Negative,0.0,1,37.0
191753,Gadget Geek,50.05,Technology,91.19,Saturday,Evening,0.0,0.0,Neutral,26.32565,1,50.0
192257,Gadget Geek,62.2,Technology,62.22,Saturday,Evening,29.34,0.0,Positive,49.86935,1,52.0
192268,Gadget Geek,58.63,Technology,53.82,Saturday,Evening,0.0,3.0,Positive,43.6864,1,83.0
196312,Gadget Geek,65.34709725980672,Technology,97.43,Saturday,Evening,67.23,3.0,Positive,41.52,1,18.0
197807,Gadget Geek,32.29,Technology,69.68,Saturday,Evening,53.14,1.0,Positive,21.41627,1,3.0
201080,Gadget Geek,117.85,Technology,33.41,Saturday,Evening,30.64,1.0,Negative,77.88446,1,57.0
203465,Gadget Geek,98.68,Technology,62.4,Saturday,Evening,89.48,0.0,Negative,92.55,1,19.0
206337,Gadget Geek,18.77,Technology,55.73,Saturday,Evening,90.99,2.0,Negative,4.88775,1,5.0
210768,Gadget Geek,60.22,Technology,52.37,Saturday,Evening,0.0,2.0,Negative,42.41099,1,43.0
212627,Gadget Geek,65.34709725980672,Technology,77.89,Saturday,Evening,0.0,3.0,Positive,46.25608,1,27.0
213189,Gadget Geek,29.88,Technology,44.03,Saturday,Evening,8.95,2.0,Positive,29.67,1,8.0
214067,Gadget Geek,50.67,Technology,85.66,Saturday,Evening,73.32,3.0,Negative,46.46376,1,59.0
214554,Gadget Geek,40.11,Technology,53.03,Saturday,Evening,84.89,3.0,Neutral,23.33105,1,26.0
216590,Gadget Geek,113.98,Technology,81.39,Saturday,Evening,28.73,1.0,Neutral,108.45,1,31.0
217380,Gadget Geek,81.33,Technology,41.33,Saturday,Evening,77.78,0.0,Positive,47.1153,1,34.0
218239,Gadget Geek,94.48,Technology,99.59,Saturday,Evening,0.0,2.0,Neutral,72.9,1,49.0
219233,Gadget Geek,45.04,Technology,27.42,Saturday,Evening,73.65,1.0,Positive,15.44799,1,94.0
222665,Gadget Geek,65.81,Technology,95.51,Saturday,Evening,0.0,0.0,Negative,37.56693,1,19.0
225205,Gadget Geek,23.88,Technology,76.71,Saturday,Evening,38.5,3.0,Neutral,19.05083,1,51.0
225345,Gadget Geek,73.04,Technology,67.75,Saturday,Evening,77.09,0.0,Negative,49.47404,1,45.0
229273,Gadget Geek,70.67,Technology,44.23,Saturday,Evening,15.67,2.0,Neutral,42.73002,1,90.0
236412,Gadget Geek,65.34709725980672,Technology,31.89,Saturday,Evening,0.0,2.0,Neutral,24.27962,1,73.0
238150,Gadget Geek,76.84,Technology,65.64,Saturday,Evening,0.0,3.0,Neutral,55.17791,1,7.0
243140,Gadget Geek,79.5,Technology,37.18,Saturday,Evening,0.0,0.0,Neutral,54.11528,1,45.0
244063,Gadget Geek,106.39,Technology,86.01,Saturday,Evening,54.35,0.0,Positive,87.01104,1,3.0
246505,Gadget Geek,29.37,Technology,72.2,Saturday,Evening,55.79,1.0,Negative,24.64,1,4.0
246525,Gadget Geek,7.15,Technology,34.15,Saturday,Evening,0.33,1.0,Negative,0.0,1,50.0
250194,Gadget Geek,119.52,Technology,24.6,Saturday,Evening,34.29,3.0,Neutral,94.35623,1,60.0
250244,Gadget Geek,119.89,Technology,23.22,Saturday,Evening,99.59,1.0,Positive,87.65566,1,96.0
252332,Gadget Geek,24.66,Technology,51.07,Saturday,Evening,60.34,2.0,Positive,18.4146,1,28.0
252567,Gadget Geek,65.34709725980672,Technology,99.76,Saturday,Evening,17.58,2.0,Neutral,64.92622,1,66.0
253924,Gadget Geek,42.84,Technology,42.97,Saturday,Evening,93.29,3.0,Negative,28.78015,1,12.0
254354,Gadget Geek,89.44,Technology,95.32,Saturday,Evening,34.15,1.0,Positive,86.57922,1,36.0
259211,Gadget Geek,55.82,Technology,74.34,Saturday,Evening,81.73,3.0,Positive,35.67991,1,84.0
259578,Gadget Geek,8.0,Technology,29.64,Saturday,Evening,85.6,1.0,Neutral,0.30971,1,43.0
261822,Gadget Geek,57.84,Technology,35.9,Saturday,Evening,48.64,1.0,Negative,42.48814,1,16.0
265781,Gadget Geek,19.93,Technology,73.68,Saturday,Evening,63.4,3.0,Neutral,10.66,1,11.0
270304,Gadget Geek,65.34709725980672,Technology,69.78,Saturday,Evening,67.94,3.0,Negative,40.26,1,73.0
272773,Gadget Geek,64.99,Technology,85.97,Saturday,Evening,0.0,3.0,Negative,40.11,1,53.0
274312,Gadget Geek,65.34709725980672,Technology,82.16,Saturday,Evening,22.97,0.0,Neutral,45.70508,1,95.0
275644,Gadget Geek,14.46,Technology,93.03,Saturday,Evening,69.16,2.0,Positive,9.59028,1,2.0
276676,Gadget Geek,113.67,Technology,81.58,Saturday,Evening,2.81,2.0,Neutral,109.7,1,63.0
277482,Gadget Geek,65.34709725980672,Technology,89.69,Saturday,Evening,87.62,2.0,Negative,119.22,1,99.0
277838,Gadget Geek,5.83,Technology,91.99,Saturday,Evening,31.73,1.0,Negative,0.0,1,53.0
279883,Gadget Geek,47.65,Technology,44.31,Saturday,Evening,58.69,2.0,Negative,33.75,1,81.0
283143,Gadget Geek,42.21,Technology,21.55,Saturday,Evening,26.23,2.0,Neutral,40.49109,1,62.0
284511,Gadget Geek,68.56,Technology,98.58,Saturday,Evening,23.27,2.0,Positive,62.47911,1,38.0
284702,Gadget Geek,82.97,Technology,85.17,Saturday,Evening,56.86,1.0,Neutral,43.46454,1,76.0
286801,Gadget Geek,12.02,Technology,35.67,Saturday,Evening,0.1,1.0,Positive,7.35,1,27.0
287940,Gadget Geek,65.34709725980672,Technology,29.44,Saturday,Evening,27.31,0.0,Negative,46.90256,1,99.0
289785,Gadget Geek,60.11,Technology,78.38,Saturday,Evening,4.96,0.0,Negative,42.46165,1,7.0
289805,Gadget Geek,74.65,Technology,36.57,Saturday,Evening,54.32,2.0,Neutral,54.58657,1,69.0
293399,Gadget Geek,32.0,Technology,51.91,Saturday,Evening,4.31,3.0,Positive,21.76728,1,72.0
296239,Gadget Geek,49.52,Technology,39.32,Saturday,Evening,0.0,0.0,Neutral,39.59254,1,100.0
296990,Gadget Geek,74.62,Technology,77.28,Saturday,Evening,0.0,1.0,Neutral,55.61161,1,74.0
297858,Gadget Geek,68.29,Technology,91.74,Saturday,Evening,13.59,1.0,Neutral,57.44393,1,39.0
299203,Gadget Geek,103.83,Technology,66.02,Saturday,Evening,0.0,0.0,Negative,63.77339,1,78.0
299673,Gadget Geek,30.35,Technology,59.34,Saturday,Evening,0.0,0.0,Negative,14.5,1,64.0
303352,Gadget Geek,87.68,Technology,63.19,Saturday,Evening,6.44,1.0,Neutral,57.44393,1,39.0
304100,Gadget Geek,54.43,Technology,27.2,Saturday,Evening,78.7,1.0,Neutral,37.38502,1,87.0
304561,Gadget Geek,91.44,Technology,53.77,Saturday,Evening,0.0,0.0,Neutral,56.43117,1,43.0
306715,Gadget Geek,72.17,Technology,97.15,Saturday,Evening,88.71,2.0,Negative,47.10608,1,5.0
306918,Gadget Geek,81.2,Technology,44.35,Saturday,Evening,9.49,2.0,Positive,60.73393,1,61.0
307491,Gadget Geek,42.5,Technology,63.98,Saturday,Evening,66.76,2.0,Positive,18.84809,1,7.0
308790,Gadget Geek,86.26,Technology,72.76,Saturday,Evening,0.0,2.0,Neutral,63.33031,1,74.0
309065,Gadget Geek,40.71,Technology,31.29,Saturday,Evening,65.38,3.0,Positive,19.4,1,77.0
309675,Gadget Geek,65.34709725980672,Technology,82.81,Saturday,Evening,36.26,2.0,Positive,18.4,1,27.0
309819,Gadget Geek,57.65,Technology,32.49,Saturday,Evening,30.44,0.0,Positive,56.17758,1,31.0
310813,Gadget Geek,35.25,Technology,93.22,Saturday,Evening,0.0,0.0,Negative,33.40946,1,40.0
311029,Gadget Geek,50.6,Technology,66.86,Saturday,Evening,0.0,1.0,Negative,40.80331,1,4.0
312757,Gadget Geek,107.3,Technology,51.48,Saturday,Evening,0.0,1.0,Negative,78.86197,1,70.0
314551,Gadget Geek,5.41,Technology,74.53,Saturday,Evening,44.53,1.0,Negative,0.0,1,44.0
316736,Gadget Geek,71.11,Technology,43.44,Saturday,Evening,98.43,3.0,Negative,48.03075,1,43.0
317579,Gadget Geek,36.82,Technology,73.25,Saturday,Evening,39.25,1.0,Negative,28.9909,1,74.0
317614,Gadget Geek,109.27,Technology,28.71,Saturday,Evening,87.13,3.0,Neutral,54.46094,1,8.0
317805,Gadget Geek,115.4,Technology,41.12,Saturday,Evening,68.43,2.0,Negative,111.2,1,13.0
318057,Gadget Geek,106.75,Technology,82.8,Saturday,Evening,47.3,1.0,Neutral,100.99,1,67.0
318982,Gadget Geek,7.89,Technology,59.21,Saturday,Evening,48.52,1.0,Negative,0.0,1,48.0
320254,Gadget Geek,96.22,Technology,50.28,Saturday,Evening,70.68,3.0,Neutral,66.24293,1,81.0
321932,Gadget Geek,78.88,Technology,87.52,Saturday,Evening,0.0,1.0,Negative,47.12808,1,79.0
323224,Gadget Geek,71.87,Technology,34.16,Saturday,Evening,0.0,3.0,Negative,56.417,1,21.0
325360,Gadget Geek,24.06,Technology,69.65,Saturday,Evening,58.39,2.0,Neutral,9.8875,1,7.0
325708,Gadget Geek,101.44,Technology,91.83,Saturday,Evening,91.83,3.0,Positive,77.18808,1,63.0
330607,Gadget Geek,118.76,Technology,48.34,Saturday,Evening,31.85,2.0,Negative,115.67,1,13.0
331285,Gadget Geek,119.48,Technology,23.88,Saturday,Evening,96.76,1.0,Positive,87.65566,1,96.0
331484,Gadget Geek,50.93,Technology,78.51,Saturday,Evening,0.0,3.0,Neutral,39.42,1,3.0
332884,Gadget Geek,31.85,Technology,84.56,Saturday,Evening,24.04,2.0,Negative,16.85,1,33.0
333355,Gadget Geek,27.97,Technology,28.18,Saturday,Evening,95.87,0.0,Negative,22.39087,1,91.0
334433,Gadget Geek,54.71,Technology,68.39,Saturday,Evening,57.27,2.0,Neutral,47.56647,1,27.0
337046,Gadget Geek,52.99,Technology,62.13,Saturday,Evening,0.0,2.0,Negative,37.67965,1,64.0
337817,Gadget Geek,28.1,Technology,21.32,Saturday,Evening,0.0,0.0,Negative,16.50008,1,4.0
338201,Gadget Geek,65.34709725980672,Technology,29.03,Saturday,Evening,47.26,2.0,Positive,0.0,1,40.0
339704,Gadget Geek,65.34709725980672,Technology,47.27,Saturday,Evening,0.0,3.0,Positive,66.24634,1,95.0
342190,Gadget Geek,113.73,Technology,47.98,Saturday,Evening,34.55,2.0,Neutral,83.15011,1,61.0
342333,Gadget Geek,24.39,Technology,71.31,Saturday,Evening,26.23,0.0,Positive,7.50825,1,3.0
342991,Gadget Geek,74.1,Technology,63.35,Saturday,Evening,67.41,3.0,Negative,39.49656,1,83.0
343076,Gadget Geek,113.76,Technology,76.86,Saturday,Evening,23.86,1.0,Negative,101.77,1,51.0
343372,Gadget Geek,77.76,Technology,75.07,Saturday,Evening,42.85,2.0,Positive,70.05041,1,67.0
345180,Gadget Geek,65.34709725980672,Technology,81.92,Saturday,Evening,0.0,1.0,Neutral,27.25107,1,34.0
345262,Gadget Geek,62.87,Technology,71.83,Saturday,Evening,29.77,0.0,Neutral,53.75969,1,55.0
346180,Gadget Geek,55.06,Technology,77.5,Saturday,Evening,46.57,0.0,Positive,50.38846,1,38.0
348279,Gadget Geek,65.34709725980672,Technology,96.95,Saturday,Evening,0.0,1.0,Positive,97.47198,1,100.0
348479,Gadget Geek,88.11,Technology,63.59,Saturday,Evening,0.0,1.0,Negative,50.39,1,48.0
350866,Gadget Geek,33.62,Technology,74.77,Saturday,Evening,63.09,2.0,Negative,17.75675,1,87.0
351653,Gadget Geek,28.65,Technology,54.94,Saturday,Evening,0.0,2.0,Negative,22.86754,1,54.0
356196,Gadget Geek,28.64,Technology,89.46,Saturday,Evening,53.98,0.0,Positive,25.96427,1,12.0
356854,Gadget Geek,115.35,Technology,76.73,Saturday,Evening,23.86,1.0,Negative,101.77,1,51.0
363426,Gadget Geek,65.34709725980672,Technology,82.16,Saturday,Evening,29.97,0.0,Neutral,45.70508,1,95.0
364203,Gadget Geek,99.31,Technology,96.01,Saturday,Evening,31.33,3.0,Positive,50.36846,1,20.0
366923,Gadget Geek,53.41,Technology,64.79,Saturday,Evening,56.14,3.0,Negative,22.81908,1,39.0
368005,Gadget Geek,119.33,Technology,27.85,Saturday,Evening,8.81,0.0,Neutral,75.55987,1,32.0
368735,Gadget Geek,31.56,Technology,92.49,Saturday,Evening,0.0,0.0,Negative,20.99661,1,86.0
369575,Gadget Geek,103.66,Technology,98.9,Saturday,Evening,64.24,0.0,Positive,94.82789,1,29.0
370271,Gadget Geek,20.42,Technology,22.36,Saturday,Evening,34.08,3.0,Neutral,11.03,1,56.0
372419,Gadget Geek,119.48,True Crime,23.88,Saturday,Evening,96.06,0.0,Positive,87.65566,1,96.0
372562,Gadget Geek,65.34709725980672,Technology,95.35,Saturday,Evening,10.03,1.0,Positive,52.33056,1,60.0
372822,Gadget Geek,21.2,Technology,57.82,Saturday,Evening,7.11,2.0,Neutral,9.9209,1,2.0
379573,Gadget Geek,62.08,Technology,62.22,Saturday,Evening,35.58,0.0,Positive,49.86935,1,52.0
381833,Gadget Geek,60.11,Technology,78.87,Saturday,Evening,4.94,0.0,Negative,42.46165,1,7.0
382686,Gadget Geek,113.72,Technology,78.68,Saturday,Evening,34.08,2.0,Negative,69.85,1,75.0
385226,Gadget Geek,65.34709725980672,Technology,35.77,Saturday,Evening,82.81,1.0,Negative,19.5,1,82.0
385306,Gadget Geek,65.34709725980672,Technology,87.74,Saturday,Evening,67.47,0.0,Negative,40.58411,1,25.0
388113,Gadget Geek,65.34709725980672,Technology,58.27,Saturday,Evening,0.0,1.0,Neutral,27.94503,1,51.0
388532,Gadget Geek,114.03,Technology,29.53,Saturday,Evening,0.0,1.0,Positive,76.52,1,27.0
395448,Gadget Geek,95.63,Technology,59.35,Saturday,Evening,0.0,2.0,Neutral,56.64106,1,56.0
397268,Gadget Geek,105.26,Technology,45.77,Saturday,Evening,0.0,2.0,Neutral,88.818,1,70.0
400307,Gadget Geek,21.12,Technology,51.56,Saturday,Evening,0.0,2.0,Neutral,7.52,1,70.0
401552,Gadget Geek,25.03,Technology,44.18,Saturday,Evening,70.79,0.0,Negative,15.4,1,99.0
403776,Gadget Geek,65.34709725980672,Technology,48.33,Saturday,Evening,0.0,0.0,Positive,87.94489,1,21.0
404478,Gadget Geek,16.4,Technology,29.51,Saturday,Evening,31.83,0.0,Positive,8.17941,1,98.0
409211,Gadget Geek,69.07,Technology,75.22,Saturday,Evening,5.1,1.0,Neutral,39.14531,1,32.0
410541,Gadget Geek,37.17,Technology,62.71,Saturday,Evening,0.0,2.0,Negative,28.23929,1,20.0
411696,Gadget Geek,42.76,Technology,43.1,Saturday,Evening,0.0,1.0,Negative,12.92703,1,6.0
412695,Gadget Geek,24.48,Technology,29.81,Saturday,Evening,78.28,3.0,Negative,11.5,1,86.0
413183,Gadget Geek,106.79,Technology,32.7,Saturday,Evening,29.17,3.0,Negative,71.61508,1,23.0
413203,Gadget Geek,62.02,Technology,33.88,Saturday,Evening,86.84,1.0,Positive,45.08793,1,79.0
414055,Gadget Geek,31.68,Technology,73.68,Saturday,Evening,0.0,1.0,Negative,21.98,1,68.0
414157,Gadget Geek,25.02,Technology,84.28,Saturday,Evening,1.34,3.0,Positive,10.63,1,84.0
415051,Gadget Geek,97.58,Technology,81.33,Saturday,Evening,71.33,0.0,Neutral,61.39522,1,8.0
417883,Gadget Geek,97.81,Technology,86.68,Saturday,Evening,69.64,0.0,Negative,89.8,1,3.0
422047,Gadget Geek,16.7,Technology,65.16,Saturday,Evening,0.0,3.0,Positive,16.74447,1,8.0
423461,Gadget Geek,114.81,Technology,84.49,Saturday,Evening,4.98,0.0,Neutral,61.50497,1,23.0
424262,Gadget Geek,29.99,Technology,76.82,Saturday,Evening,64.64,3.0,Negative,7.48515,1,50.0
424545,Gadget Geek,116.27,Technology,86.79,Saturday,Evening,62.64,1.0,Negative,100.67554,1,62.0
425349,Gadget Geek,23.51,Technology,72.49,Saturday,Evening,52.77,3.0,Neutral,11.91,1,6.0
425689,Gadget Geek,67.11,Technology,43.88,Saturday,Evening,87.05,3.0,Neutral,58.53005,1,85.0
426300,Gadget Geek,39.46,Technology,53.46,Saturday,Evening,6.36,3.0,Negative,28.86366,1,65.0
429194,Gadget Geek,82.91,Technology,28.81,Saturday,Evening,31.87,3.0,Negative,65.98994,1,72.0
430314,Gadget Geek,65.34709725980672,Technology,49.72,Saturday,Evening,0.0,0.0,Neutral,35.88006,1,70.0
431318,Gadget Geek,65.34709725980672,Technology,99.44,Saturday,Evening,0.0,1.0,Neutral,76.1,1,43.0
432517,Gadget Geek,39.74,Technology,59.63,Saturday,Evening,0.0,0.0,Neutral,31.18982,1,65.0
432878,Gadget Geek,65.34709725980672,Technology,48.25,Saturday,Evening,3.44,0.0,Neutral,32.47796,1,34.0
433043,Gadget Geek,65.34709725980672,Technology,63.84,Saturday,Evening,0.0,0.0,Positive,41.4,1,99.0
433334,Gadget Geek,95.69,Technology,24.58,Saturday,Evening,10.01,1.0,Positive,76.80077,1,41.0
433663,Gadget Geek,44.0,Technology,99.66,Saturday,Evening,0.0,3.0,Positive,40.3961,1,41.0
433843,Gadget Geek,34.04,Technology,55.89,Saturday,Evening,69.85,1.0,Neutral,29.49,1,29.0
435516,Gadget Geek,49.44,Technology,22.1,Saturday,Evening,0.0,1.0,Negative,36.45688,1,2.0
439257,Gadget Geek,22.96,Technology,77.06,Saturday,Evening,9.67,0.0,Neutral,22.43876,1,65.0
443743,Gadget Geek,94.77,Technology,48.19,Saturday,Evening,35.14,0.0,Neutral,71.86454,1,36.0
443850,Gadget Geek,51.88,Technology,65.39,Saturday,Evening,95.66,3.0,Neutral,41.21752,1,54.0
444600,Gadget Geek,27.88,Technology,73.31,Saturday,Evening,0.0,2.0,Neutral,15.89325,1,6.0
445849,Gadget Geek,30.91,Technology,41.09,Saturday,Evening,79.59,3.0,Neutral,18.26267,1,70.0
446419,Gadget Geek,56.41,Technology,79.39,Saturday,Evening,91.49,3.0,Positive,33.47553,1,48.0
447305,Gadget Geek,50.98,Technology,42.16,Saturday,Evening,63.71,2.0,Positive,35.90808,1,85.0
448755,Gadget Geek,115.37,Technology,32.42,Saturday,Evening,42.4,0.0,Negative,97.44395,1,70.0
449301,Gadget Geek,27.82,Technology,35.06,Saturday,Evening,69.91,2.0,Positive,22.29778,1,55.0
449896,Gadget Geek,42.73,Technology,73.17,Saturday,Evening,0.0,3.0,Neutral,31.72259,1,94.0
450743,Gadget Geek,53.13,Technology,93.83,Saturday,Evening,3.13,0.0,Negative,45.30916,1,68.0
451907,Gadget Geek,82.22,Technology,71.4,Saturday,Evening,51.77,3.0,Positive,49.45193,1,44.0
452259,Gadget Geek,104.3,Technology,96.61,Saturday,Evening,0.0,3.0,Negative,73.66612,1,3.0
453711,Gadget Geek,62.59,Technology,69.43,Saturday,Evening,55.59,0.0,Neutral,53.75969,1,58.0
453912,Gadget Geek,119.48,Technology,23.88,Saturday,Evening,96.76,0.0,Positive,87.65566,1,96.0
456309,Gadget Geek,62.34,Technology,58.7,Saturday,Evening,0.0,1.0,Positive,55.67,1,97.0
456330,Gadget Geek,13.9,Technology,65.92,Saturday,Evening,66.43,3.0,Positive,6.37871,1,21.0
456592,Gadget Geek,62.97,Technology,45.21,Saturday,Evening,7.9,0.0,Positive,61.54121,1,13.0
462772,Gadget Geek,64.98,Technology,84.09,Saturday,Evening,71.24,3.0,Positive,45.08,1,65.0
463911,Gadget Geek,74.57,Technology,45.65,Saturday,Evening,91.69,3.0,Negative,51.79,1,87.0
465229,Gadget Geek,65.34709725980672,Technology,81.46,Saturday,Evening,46.08,1.0,Positive,14.8927,1,95.0
466495,Gadget Geek,107.4,Technology,36.57,Saturday,Evening,17.23,0.0,Negative,71.64307,1,84.0
467072,Gadget Geek,65.34709725980672,Technology,94.88,Saturday,Evening,57.63,1.0,Neutral,76.78117,1,49.0
470660,Gadget Geek,21.06,Technology,26.18,Saturday,Evening,7.93,3.0,Negative,9.61,1,63.0
471001,Gadget Geek,18.49,Technology,30.3,Saturday,Evening,43.97,2.0,Neutral,14.06397,1,33.0
472080,Gadget Geek,18.6,Technology,61.56,Saturday,Evening,63.35,0.0,Positive,12.02,1,38.0
472231,Gadget Geek,109.02,Technology,91.54,Saturday,Evening,52.13,3.0,Neutral,76.31026,1,5.0
473545,Gadget Geek,107.86,Technology,57.95,Saturday,Evening,86.93,3.0,Negative,56.69699,1,13.0
476249,Gadget Geek,34.31,Technology,42.74,Saturday,Evening,43.15,3.0,Neutral,20.2353,1,29.0
476612,Gadget Geek,97.27,Technology,97.16,Saturday,Evening,60.37,1.0,Positive,77.78227,1,84.0
480764,Gadget Geek,88.68,Technology,93.26,Saturday,Evening,83.35,1.0,Negative,72.67139,1,96.0
487654,Gadget Geek,64.1,Technology,81.29,Saturday,Evening,0.0,1.0,Neutral,51.54,1,72.0
488147,Gadget Geek,92.07,Technology,41.23,Saturday,Evening,46.49,3.0,Neutral,58.13574,1,73.0
491352,Gadget Geek,65.7,Technology,41.41,Saturday,Evening,27.61,2.0,Neutral,35.5689,1,26.0
492256,Gadget Geek,7.15,Technology,76.65,Saturday,Evening,1.21,1.0,Negative,0.0,1,43.0
496171,Gadget Geek,62.59,Technology,71.83,Saturday,Evening,62.61,0.0,Neutral,53.75969,1,28.0
497359,Gadget Geek,18.74,Technology,79.65,Saturday,Evening,6.89,2.0,Positive,16.17171,1,71.0
498215,Gadget Geek,55.82,Technology,25.65,Saturday,Evening,57.74,3.0,Negative,30.2629,1,42.0
500686,Gadget Geek,119.36,Technology,63.07,Saturday,Evening,73.45,3.0,Neutral,81.58104,1,69.0
504448,Gadget Geek,20.38,Technology,96.4,Saturday,Evening,0.0,3.0,Negative,6.6,1,76.0
506962,Gadget Geek,88.0,Technology,87.89,Saturday,Evening,0.0,2.0,Negative,53.79624,1,23.0
509933,Gadget Geek,112.46,Technology,54.7,Saturday,Evening,91.01,0.0,Neutral,91.52505,1,44.0
510949,Gadget Geek,65.34709725980672,Technology,46.69,Saturday,Evening,0.0,3.0,Neutral,43.73876,1,83.0
512047,Gadget Geek,72.748,Technology,96.53,Saturday,Evening,0.0,1.0,Negative,72.74852,1,88.0
512086,Gadget Geek,116.65,Technology,27.41,Saturday,Evening,82.22,3.0,Negative,57.10471,1,43.0
517042,Gadget Geek,21.51,Technology,44.97,Saturday,Evening,24.77,2.0,Neutral,7.25168,1,32.0
519515,Gadget Geek,16.84,Technology,97.84,Saturday,Evening,68.16,3.0,Negative,14.18448,1,98.0
521264,Gadget Geek,104.22,Technology,72.98,Saturday,Evening,75.68,3.0,Positive,52.81,1,65.0
523888,Gadget Geek,65.34709725980672,Technology,91.51,Saturday,Evening,0.0,1.0,Negative,45.72128,1,56.0
524443,Gadget Geek,94.28,Technology,87.5,Saturday,Evening,9.81,1.0,Positive,85.65526,1,58.0
524935,Gadget Geek,87.76,Technology,93.54,Saturday,Evening,61.02,1.0,Neutral,64.17894,1,81.0
525937,Gadget Geek,108.84,Technology,57.64,Saturday,Evening,0.0,0.0,Neutral,88.68788,1,63.0
529159,Gadget Geek,81.99,Technology,92.74,Saturday,Evening,12.34,2.0,Positive,70.07,1,79.0
531969,Gadget Geek,88.19,Technology,78.78,Saturday,Evening,0.0,0.0,Neutral,74.89911,1,58.0
532695,Gadget Geek,73.54,Technology,30.54,Saturday,Evening,43.96,2.0,Positive,35.06843,1,9.0
533315,Gadget Geek,39.2,Technology,64.85,Saturday,Evening,0.0,1.0,Positive,23.41523,1,84.0
534252,Gadget Geek,108.94,Technology,76.37,Saturday,Evening,77.52,3.0,Negative,60.254,1,14.0
534491,Gadget Geek,42.73,Technology,20.2,Saturday,Evening,56.35,3.0,Negative,32.50011,1,17.0
538483,Gadget Geek,52.51,Technology,63.8,Saturday,Evening,29.76,0.0,Positive,46.28332,1,24.0
539951,Gadget Geek,119.3,Technology,70.23,Saturday,Evening,58.27,3.0,Neutral,110.79012,1,11.0
541393,Gadget Geek,60.13,Technology,55.07,Saturday,Evening,0.0,3.0,Positive,42.30045,1,91.0
541978,Gadget Geek,99.05,Technology,71.89,Saturday,Evening,7.66,1.0,Neutral,90.89614,1,70.0
543312,Gadget Geek,105.98,Technology,38.66,Saturday,Evening,73.8,1.0,Neutral,91.78767,1,33.0
544015,Gadget Geek,114.86,Technology,26.29,Saturday,Evening,54.04,1.0,Neutral,102.9331,1,84.0
544263,Gadget Geek,63.5,Technology,54.24,Saturday,Evening,23.91,1.0,Negative,42.90946,1,36.0
544482,Gadget Geek,18.19,Technology,55.06,Saturday,Evening,0.0,0.0,Neutral,9.20883,1,80.0
545344,Gadget Geek,115.79,Technology,74.97,Saturday,Evening,0.0,3.0,Positive,90.67984,1,81.0
546071,Gadget Geek,8.85,Technology,66.26,Saturday,Evening,0.0,0.0,Neutral,4.90408,1,39.0
548759,Gadget Geek,27.71,Technology,69.3,Saturday,Evening,69.3,3.0,Negative,21.2,1,34.0
549295,Gadget Geek,98.81,Technology,24.83,Saturday,Evening,38.83,3.0,Neutral,66.0821,1,20.0
552363,Gadget Geek,107.25,Technology,79.6,Saturday,Evening,81.73,2.0,Positive,96.35575,1,70.0
552689,Gadget Geek,64.5,Technology,92.37,Saturday,Evening,96.17,2.0,Negative,53.43962,1,81.0
553116,Gadget Geek,18.4,Technology,38.73,Saturday,Evening,58.22,0.0,Positive,11.41907,1,38.0
553254,Gadget Geek,27.53,Technology,27.14,Saturday,Evening,0.0,0.0,Negative,24.68411,1,14.0
554084,Gadget Geek,33.13,Technology,44.25,Saturday,Evening,0.0,2.0,Neutral,27.97547,1,52.0
556109,Gadget Geek,17.4,Technology,80.42,Saturday,Evening,0.0,1.0,Positive,2.79724,1,25.0
558538,Gadget Geek,58.35,Technology,82.46,Saturday,Evening,93.71,0.0,Negative,37.33289,1,14.0
561350,Gadget Geek,97.09,Technology,49.06,Saturday,Evening,97.6,2.0,Negative,56.5787,1,5.0
562204,Gadget Geek,87.4,Technology,78.52,Saturday,Evening,50.55,0.0,Positive,81.36485,1,52.0
563815,Gadget Geek,65.34709725980672,Technology,61.3,Saturday,Evening,0.0,0.0,Positive,28.00545,1,86.0
565508,Gadget Geek,72.95,Technology,95.35,Saturday,Evening,35.06,1.0,Positive,52.33056,1,58.0
567568,Gadget Geek,43.87,Technology,69.7,Saturday,Evening,18.2,3.0,Neutral,35.07449,1,16.0
569505,Gadget Geek,42.15,Technology,29.18,Saturday,Evening,94.93,1.0,Negative,29.6289,1,64.0
570256,Gadget Geek,41.5,Technology,51.92,Saturday,Evening,0.0,3.0,Negative,38.89923,1,97.0
572031,Gadget Geek,60.82,Technology,57.91,Saturday,Evening,0.0,3.0,Neutral,41.57139,1,7.0
574793,Gadget Geek,95.29,Technology,83.12,Saturday,Evening,85.4,1.0,Neutral,74.56424,1,48.0
577170,Gadget Geek,116.65,Technology,64.81,Saturday,Evening,47.09,2.0,Negative,66.2526,1,14.0
578706,Gadget Geek,62.4,Technology,62.22,Saturday,Evening,36.08,0.0,Positive,49.86935,1,52.0
579077,Gadget Geek,97.79,Technology,41.4,Saturday,Evening,63.64,3.0,Negative,82.7423,1,92.0
579745,Gadget Geek,110.41,Technology,84.73,Saturday,Evening,84.71,3.0,Negative,64.95792,1,98.0
580117,Gadget Geek,85.54,Technology,72.61,Saturday,Evening,72.02,0.0,Neutral,77.85806,1,36.0
580246,Gadget Geek,78.73,Technology,95.81,Saturday,Evening,53.66,2.0,Negative,43.56307,1,35.0
581757,Gadget Geek,21.58,Technology,66.65,Saturday,Evening,0.0,2.0,Positive,8.04865,1,91.0
582414,Gadget Geek,96.83,Technology,95.18,Saturday,Evening,35.03,0.0,Positive,52.33056,1,60.0
582944,Gadget Geek,44.66,Technology,56.59,Saturday,Evening,47.09,1.0,Positive,30.08431,1,93.0
584938,Gadget Geek,22.77,Technology,89.62,Saturday,Evening,37.61,0.0,Positive,22.77275,1,8.0
585384,Gadget Geek,73.06,Technology,37.88,Saturday,Evening,92.08,0.0,Negative,66.79435,1,50.0
587868,Gadget Geek,106.58,Technology,74.72,Saturday,Evening,70.99,0.0,Neutral,91.66454,1,88.0
588481,Gadget Geek,88.3,Technology,96.33,Saturday,Evening,6.44,1.0,Neutral,57.44393,1,31.0
591848,Gadget Geek,105.45,Technology,40.08,Saturday,Evening,0.0,0.0,Positive,89.5649,1,13.0
592533,Gadget Geek,57.68,Technology,31.61,Saturday,Evening,34.41,3.0,Neutral,23.87075,1,88.0
592569,Gadget Geek,90.02,Technology,39.34,Saturday,Evening,0.0,1.0,Positive,82.98809,1,36.0
594625,Gadget Geek,6.6,Technology,80.21,Saturday,Evening,85.19,0.0,Positive,2.82804,1,44.0
599053,Gadget Geek,24.56,Technology,79.27,Saturday,Evening,0.11,3.0,Neutral,23.97816,1,9.0
599473,Gadget Geek,78.3,Technology,59.61,Saturday,Evening,0.0,0.0,Positive,72.02084,1,26.0
601678,Gadget Geek,65.34709725980672,Technology,95.35,Saturday,Evening,35.03,1.0,Positive,52.33056,1,58.0
602192,Gadget Geek,65.34709725980672,Technology,62.2,Saturday,Evening,0.0,1.0,Positive,26.09198,1,62.0
602325,Gadget Geek,52.32,Technology,95.63,Saturday,Evening,95.59,0.0,Negative,43.64443,1,92.0
603917,Gadget Geek,97.81,Technology,38.65,Saturday,Evening,83.0,3.0,Negative,49.0257,1,12.0
604653,Gadget Geek,72.17,Technology,97.14,Saturday,Evening,88.71,2.0,Negative,47.10608,1,86.0
606443,Gadget Geek,77.62,Technology,39.93,Saturday,Evening,9.78,3.0,Positive,53.81326,1,36.0
608944,Gadget Geek,50.16,Technology,95.11,Saturday,Evening,73.88,0.0,Positive,41.47508,1,98.0
609014,Gadget Geek,35.67,Technology,51.13,Saturday,Evening,24.99,3.0,Positive,19.71,1,67.0
609131,Gadget Geek,96.81,Technology,81.28,Saturday,Evening,0.0,1.0,Neutral,58.16511,1,11.0
609751,Gadget Geek,74.57,Technology,32.85,Saturday,Evening,65.63,0.0,Positive,55.17513,1,79.0
610964,Gadget Geek,90.6791848,Technology,87.68,Saturday,Evening,92.71,1.0,Positive,90.67918,1,84.0
611955,Gadget Geek,25.08,Technology,60.24,Saturday,Evening,0.0,2.0,Negative,17.51742,1,75.0
612092,Gadget Geek,115.7,Technology,78.42,Saturday,Evening,36.65,0.0,Positive,77.90732,1,37.0
613030,Gadget Geek,63.84,Technology,63.13,Saturday,Evening,92.25,1.0,Negative,39.2,1,19.0
614191,Gadget Geek,22.77,Technology,89.27,Saturday,Evening,49.32,0.0,Positive,22.77275,1,87.0
623322,Gadget Geek,26.06,Technology,55.83,Saturday,Evening,66.49,1.0,Positive,14.34089,1,28.0
623780,Gadget Geek,39.67,Technology,73.39,Saturday,Evening,70.06,3.0,Negative,21.75,1,75.0
624611,Gadget Geek,86.73,Technology,94.58,Saturday,Evening,61.52,2.0,Negative,64.71364,1,69.0
625694,Gadget Geek,83.99,Technology,84.33,Saturday,Evening,0.0,0.0,Negative,76.75634,1,28.0
628188,Gadget Geek,66.49,Technology,31.39,Saturday,Evening,0.0,2.0,Neutral,47.81007,1,49.0
629917,Gadget Geek,26.67,Technology,27.84,Saturday,Evening,40.22,3.0,Positive,10.65515,1,77.0
630203,Gadget Geek,97.78,Technology,32.0,Saturday,Evening,0.0,3.0,Neutral,85.68098,1,89.0
632323,Gadget Geek,89.85,Technology,41.3,Saturday,Evening,77.69,2.0,Positive,74.58699,1,59.0
632993,Gadget Geek,39.72,Technology,35.67,Saturday,Evening,0.0,3.0,Negative,21.20839,1,21.0
637184,Gadget Geek,114.02,Technology,36.37,Saturday,Evening,0.0,1.0,Positive,102.79,1,86.0
639497,Gadget Geek,18.56,Technology,27.3,Saturday,Evening,60.22,3.0,Positive,9.09331,1,49.0
640232,Gadget Geek,69.23,Technology,41.47,Saturday,Evening,54.7,0.0,Negative,48.63567,1,81.0
640319,Gadget Geek,21.33,Technology,83.32,Saturday,Evening,82.21,3.0,Negative,6.5,1,34.0
640359,Gadget Geek,92.48,Technology,86.4,Saturday,Evening,14.49,1.0,Neutral,76.10095,1,9.0
641222,Gadget Geek,85.92,Technology,58.71,Saturday,Evening,55.03,1.0,Neutral,53.83357,1,20.0
644743,Gadget Geek,67.83,Technology,40.3,Saturday,Evening,77.13,1.0,Negative,49.11123,1,75.0
645092,Gadget Geek,101.72,Technology,26.82,Saturday,Evening,19.43,1.0,Positive,76.44,1,5.0
646050,Gadget Geek,62.26,Technology,65.16,Saturday,Evening,6.08,3.0,Neutral,57.10575,1,71.0
648820,Gadget Geek,31.68,Technology,44.66,Saturday,Evening,14.57,0.0,Neutral,19.86,1,35.0
649287,Gadget Geek,30.35,Technology,64.84,Saturday,Evening,21.33,0.0,Neutral,14.5,1,85.0
649742,Gadget Geek,62.73,Technology,62.22,Saturday,Evening,56.08,0.0,Positive,49.86935,1,52.0
653229,Gadget Geek,88.99,Technology,21.95,Saturday,Evening,82.39,1.0,Neutral,73.05739,1,50.0
654349,Gadget Geek,31.22,Technology,83.79,Saturday,Evening,27.68,2.0,Neutral,27.52661,1,30.0
654880,Gadget Geek,59.15,Technology,49.52,Saturday,Evening,30.52,0.0,Negative,38.0456,1,90.0
655837,Gadget Geek,108.94,Technology,31.59,Saturday,Evening,91.39,2.0,Neutral,56.76,1,62.0
656628,Gadget Geek,29.61,Technology,94.66,Saturday,Evening,0.0,2.0,Positive,15.05,1,48.0
657722,Gadget Geek,113.76,Technology,76.73,Saturday,Evening,23.86,1.0,Neutral,101.77,1,70.0
666832,Gadget Geek,5.41,Technology,27.24,Saturday,Evening,43.48,1.0,Negative,0.0,1,2.0
668274,Gadget Geek,119.89,Technology,23.88,Saturday,Evening,96.76,1.0,Positive,87.65566,1,96.0
670886,Gadget Geek,117.43,Technology,56.33,Saturday,Evening,6.79,2.0,Negative,113.75852,1,43.0
671755,Gadget Geek,94.82,Technology,90.8,Saturday,Evening,0.0,1.0,Negative,75.9,1,27.0
671878,Gadget Geek,7.15,Technology,86.09,Saturday,Evening,73.22,2.0,Positive,0.0,1,53.0
675504,Gadget Geek,5.83,Technology,70.47,Saturday,Evening,31.73,0.0,Positive,0.0,1,83.0
679859,Gadget Geek,30.9,Technology,74.0,Saturday,Evening,0.0,1.0,Neutral,23.26262,1,73.0
680131,Gadget Geek,119.63,Technology,23.88,Saturday,Evening,96.76,0.0,Positive,87.65566,1,96.0
681285,Gadget Geek,109.8,Technology,87.55,Saturday,Evening,99.99,0.0,Negative,89.1,1,99.0
682340,Gadget Geek,109.3,Technology,88.17,Saturday,Evening,0.0,2.0,Positive,69.96544,1,99.0
683563,Gadget Geek,27.09,Technology,30.15,Saturday,Evening,94.49,2.0,Positive,6.83755,1,100.0
684000,Gadget Geek,65.34709725980672,Technology,82.33,Saturday,Evening,72.58,0.0,Negative,52.70956,1,64.0
684247,Gadget Geek,82.11,Technology,78.48,Saturday,Evening,0.0,2.0,Negative,57.40447,1,20.0
685289,Gadget Geek,80.44,Technology,66.66,Saturday,Evening,36.31,1.0,Positive,49.20579,1,77.0
687012,Gadget Geek,89.85,Technology,64.73,Saturday,Evening,14.03,3.0,Positive,69.81413,1,16.0
687052,Gadget Geek,57.93,Technology,84.29,Saturday,Evening,12.56,3.0,Negative,47.07054,1,22.0
688363,Gadget Geek,80.15,Technology,74.18,Saturday,Evening,6.16,2.0,Positive,62.98,1,97.0
690582,Gadget Geek,65.34709725980672,Technology,70.36,Saturday,Evening,0.0,3.0,Negative,53.645,1,4.0
691663,Gadget Geek,65.34709725980672,Technology,82.69,Saturday,Evening,72.97,0.0,Negative,52.70956,1,32.0
694695,Gadget Geek,99.34,Technology,58.26,Saturday,Evening,75.8,2.0,Positive,44.10101,1,78.0
694964,Gadget Geek,9.21,Technology,34.74,Saturday,Evening,40.31,0.0,Negative,0.0,1,1.0
699100,Gadget Geek,30.69,Technology,48.69,Saturday,Evening,66.69,3.0,Negative,21.9962,1,21.0
699449,Gadget Geek,24.48,Technology,96.29,Saturday,Evening,48.69,1.0,Negative,12.07,1,97.0
699530,Gadget Geek,83.6,Technology,36.33,Saturday,Evening,81.02,2.0,Negative,52.07326,1,6.0
701117,Gadget Geek,51.66,Technology,59.56,Saturday,Evening,14.08,2.0,Negative,35.06696,1,100.0
701132,Gadget Geek,116.58,Technology,44.17,Saturday,Evening,0.0,2.0,Negative,111.5,1,16.0
701717,Gadget Geek,20.48,Technology,75.06,Saturday,Evening,32.02,2.0,Positive,12.43766,1,52.0
704736,Gadget Geek,89.07,Technology,26.27,Saturday,Evening,0.0,0.0,Negative,67.6803,1,9.0
705364,Gadget Geek,118.02,Technology,27.57,Saturday,Evening,58.06,1.0,Negative,107.92,1,71.0
706165,Gadget Geek,42.51,Technology,82.51,Saturday,Evening,21.75,1.0,Positive,35.39911,1,45.0
710458,Gadget Geek,54.3,Technology,86.96,Saturday,Evening,52.7,2.0,Positive,41.75807,1,85.0
711381,Gadget Geek,118.67,Technology,38.36,Saturday,Evening,51.1,0.0,Positive,89.82667,1,47.0
712843,Gadget Geek,117.51,Technology,90.06,Saturday,Evening,79.59,3.0,Positive,87.65566,1,99.0
714281,Gadget Geek,54.41,Technology,92.86,Saturday,Evening,81.84,0.0,Negative,37.00908,1,5.0
714748,Gadget Geek,65.34709725980672,Technology,96.93,Saturday,Evening,0.0,1.0,Negative,36.24521,1,57.0
715074,Gadget Geek,26.76,Technology,80.88,Saturday,Evening,80.88,0.0,Neutral,17.80887,1,8.0
715114,Gadget Geek,86.33,Technology,87.44,Saturday,Evening,0.0,0.0,Negative,74.89668,1,38.0
717004,Gadget Geek,65.34709725980672,Technology,89.26,Saturday,Evening,0.0,0.0,Negative,36.78739,1,97.0
717360,Gadget Geek,65.34709725980672,Technology,54.86,Saturday,Evening,0.0,1.0,Negative,53.46332,1,31.0
718198,Gadget Geek,99.27,Technology,27.25,Saturday,Evening,64.45,3.0,Positive,73.00412,1,74.0
719846,Gadget Geek,100.17,Technology,32.85,Saturday,Evening,29.6,3.0,Neutral,62.95407,1,47.0
720700,Gadget Geek,67.86,Technology,65.26,Saturday,Evening,0.0,1.0,Negative,62.82182,1,50.0
722587,Gadget Geek,78.22,Technology,49.03,Saturday,Evening,47.09,0.0,Neutral,52.89032,1,11.0
722968,Gadget Geek,57.0,Technology,29.37,Saturday,Evening,26.35,3.0,Positive,25.8,1,80.0
723869,Gadget Geek,67.88,Technology,20.97,Saturday,Evening,0.0,1.0,Positive,35.51712,1,8.0
728871,Gadget Geek,27.41,Technology,74.14,Saturday,Evening,71.29,2.0,Negative,24.63731,1,52.0
729046,Gadget Geek,53.0,Technology,57.56,Saturday,Evening,75.86,2.0,Neutral,32.2929,1,75.0
731023,Gadget Geek,21.05,Technology,30.69,Saturday,Evening,0.0,3.0,Neutral,3.94439,1,11.0
731733,Gadget Geek,48.65,Technology,86.65,Saturday,Evening,35.19,1.0,Neutral,48.26043,1,76.0
732942,Gadget Geek,35.78,Technology,85.75,Saturday,Evening,95.82,2.0,Positive,19.59722,1,22.0
733217,Gadget Geek,98.29,Technology,42.54,Saturday,Evening,0.0,1.0,Neutral,72.76995,1,21.0
734110,Gadget Geek,63.66,Technology,51.19,Saturday,Evening,15.0,3.0,Negative,38.30087,1,92.0
734722,Gadget Geek,78.05,Technology,58.5,Saturday,Evening,41.98,3.0,Positive,57.22365,1,75.0
736652,Gadget Geek,111.85,Technology,37.81,Saturday,Evening,54.31,2.0,Negative,62.2409,1,35.0
739048,Gadget Geek,103.79,Technology,87.22,Saturday,Evening,70.68,1.0,Positive,81.32,1,3.0
742260,Gadget Geek,96.83,Technology,95.35,Saturday,Evening,35.03,0.0,Positive,52.33056,1,60.0
744627,Gadget Geek,44.02,Technology,57.83,Saturday,Evening,57.94,2.0,Positive,32.2929,1,46.0
748358,Gadget Geek,81.85,Technology,37.9,Saturday,Evening,80.11,1.0,Negative,74.17333,1,57.0
749211,Gadget Geek,117.96,Technology,74.91,Saturday,Evening,0.54,0.0,Negative,98.36956,1,56.0
752983,Gadget Geek,72.0,Technology,37.99,Saturday,Evening,8.1,0.0,Positive,,0,31.0
757064,Gadget Geek,59.72,Technology,24.15,Saturday,Evening,0.0,3.0,Neutral,,0,90.0
757103,Gadget Geek,115.4,Technology,41.54,Saturday,Evening,68.52,2.0,Positive,,0,13.0
759341,Gadget Geek,117.84,Technology,53.29,Saturday,Evening,87.61,0.0,Positive,,0,33.0
759854,Gadget Geek,49.78,Technology,25.18,Saturday,Evening,44.15,1.0,Negative,,0,53.0
760406,Gadget Geek,64.89,Technology,88.92,Saturday,Evening,11.38,1.0,Neutral,,0,99.0
760891,Gadget Geek,65.34709725980672,Technology,66.56,Saturday,Evening,0.0,3.0,Positive,,0,99.0
761776,Gadget Geek,65.34709725980672,Technology,79.24,Saturday,Evening,0.0,0.0,Neutral,,0,36.0
762273,Gadget Geek,7.52,Technology,87.61,Saturday,Evening,92.27,1.0,Neutral,,0,54.0
763717,Gadget Geek,102.04,Technology,71.68,Saturday,Evening,0.0,0.0,Positive,,0,69.0
764101,Gadget Geek,81.48,Technology,56.24,Saturday,Evening,0.0,3.0,Negative,,0,57.0
767100,Gadget Geek,110.33,Technology,97.7,Saturday,Evening,38.71,1.0,Positive,,0,6.0
767162,Gadget Geek,116.94,Technology,38.09,Saturday,Evening,99.76,3.0,Positive,,0,22.0
768402,Gadget Geek,65.34709725980672,Technology,98.61,Saturday,Evening,81.98,0.0,Positive,,0,58.0
768463,Gadget Geek,46.06,Technology,82.15,Saturday,Evening,82.49,3.0,Negative,,0,82.0
771504,Gadget Geek,61.82,Technology,79.46,Saturday,Evening,52.15,2.0,Positive,,0,71.0
774245,Gadget Geek,40.59,Technology,56.51,Saturday,Evening,38.69,0.0,Neutral,,0,78.0
776981,Gadget Geek,40.04,Technology,98.69,Saturday,Evening,25.05,0.0,Neutral,,0,1.0
777247,Gadget Geek,94.42,Technology,73.3,Saturday,Evening,30.48,1.0,Neutral,,0,71.0
779724,Gadget Geek,34.09,Technology,88.93,Saturday,Evening,99.01,0.0,Positive,,0,3.0
781880,Gadget Geek,23.52,Technology,66.22,Saturday,Evening,46.15,3.0,Neutral,,0,37.0
782344,Gadget Geek,53.41,Technology,58.78,Saturday,Evening,0.0,3.0,Positive,,0,87.0
782779,Gadget Geek,87.39,Technology,89.48,Saturday,Evening,31.76,1.0,Neutral,,0,93.0
786045,Gadget Geek,42.24,Technology,69.24,Saturday,Evening,99.08,1.0,Neutral,,0,95.0
786201,Gadget Geek,9.09,Technology,86.31,Saturday,Evening,73.81,0.0,Positive,,0,93.0
791437,Gadget Geek,82.97,Technology,85.17,Saturday,Evening,0.0,0.0,Neutral,,0,56.0
791640,Gadget Geek,65.34709725980672,Technology,89.98,Saturday,Evening,89.69,3.0,Negative,,0,36.0
792107,Gadget Geek,85.69,Technology,31.58,Saturday,Evening,76.09,3.0,Positive,,0,73.0
793755,Gadget Geek,95.91,Technology,58.33,Saturday,Evening,76.59,3.0,Positive,,0,36.0
794317,Gadget Geek,23.68,Technology,60.32,Saturday,Evening,0.0,1.0,Neutral,,0,64.0
796914,Gadget Geek,27.42,Technology,88.57,Saturday,Evening,0.0,3.0,Negative,,0,35.0
799369,Gadget Geek,22.77,Technology,89.62,Saturday,Evening,37.61,0.0,Positive,,0,87.0
800017,Gadget Geek,31.42,Technology,25.06,Saturday,Evening,0.0,1.0,Negative,,0,69.0
800235,Gadget Geek,45.61,Technology,49.25,Saturday,Evening,17.61,0.0,Negative,,0,35.0
802004,Gadget Geek,42.35,Technology,74.94,Saturday,Evening,0.0,3.0,Positive,,0,39.0
802584,Gadget Geek,91.97,Technology,82.85,Saturday,Evening,5.22,1.0,Negative,,0,40.0
803738,Gadget Geek,93.91,Technology,49.43,Saturday,Evening,0.0,2.0,Positive,,0,46.0
804062,Gadget Geek,64.98,Technology,20.29,Saturday,Evening,29.56,2.0,Positive,,0,56.0
804599,Gadget Geek,22.88,Technology,56.09,Saturday,Evening,0.0,3.0,Neutral,,0,52.0
806349,Gadget Geek,65.34709725980672,Technology,85.67,Saturday,Evening,11.89,2.0,Positive,,0,61.0
806638,Gadget Geek,46.35,Technology,69.53,Saturday,Evening,99.36,0.0,Neutral,,0,53.0
807330,Gadget Geek,109.85,Technology,90.28,Saturday,Evening,82.0,0.0,Negative,,0,89.0
809108,Gadget Geek,111.86,Technology,50.73,Saturday,Evening,64.25,3.0,Neutral,,0,12.0
809705,Gadget Geek,107.92,Technology,24.11,Saturday,Evening,7.02,3.0,Neutral,,0,37.0
810096,Gadget Geek,54.25,Technology,30.54,Saturday,Evening,23.84,3.0,Neutral,,0,45.0
811457,Gadget Geek,65.34709725980672,Technology,97.6,Saturday,Evening,0.0,3.0,Neutral,,0,88.0
817066,Gadget Geek,83.07,Technology,43.77,Saturday,Evening,15.96,2.0,Neutral,,0,71.0
818632,Gadget Geek,18.92,Technology,71.46,Saturday,Evening,2.31,0.0,Neutral,,0,26.0
819740,Gadget Geek,65.34709725980672,Technology,45.25,Saturday,Evening,0.0,1.0,Negative,,0,57.0
820071,Gadget Geek,112.32,Technology,59.5,Saturday,Evening,0.0,3.0,Positive,,0,26.0
820539,Gadget Geek,32.82,Technology,48.27,Saturday,Evening,86.84,2.0,Negative,,0,42.0
821555,Gadget Geek,41.29,Technology,58.67,Saturday,Evening,0.0,2.0,Negative,,0,85.0
821865,Gadget Geek,65.34709725980672,Technology,31.16,Saturday,Evening,0.0,1.0,Negative,,0,80.0
823822,Gadget Geek,65.34709725980672,Technology,98.02,Saturday,Evening,43.7,3.0,Positive,,0,43.0
824225,Gadget Geek,48.93,Technology,55.01,Saturday,Evening,0.0,3.0,Neutral,,0,72.0
824247,Gadget Geek,81.71,Technology,86.6,Saturday,Evening,28.05,0.0,Positive,,0,67.0
826055,Gadget Geek,65.34709725980672,Technology,84.1,Saturday,Evening,0.0,0.0,Positive,,0,4.0
826715,Gadget Geek,65.34709725980672,Technology,98.61,Saturday,Evening,0.0,1.0,Negative,,0,78.0
828873,Gadget Geek,65.34709725980672,Technology,98.82,Saturday,Evening,13.46,1.0,Negative,,0,2.0
831859,Gadget Geek,116.84,Technology,86.71,Saturday,Evening,79.06,0.0,Negative,,0,67.0
833344,Gadget Geek,28.54,Technology,80.99,Saturday,Evening,0.0,2.0,Negative,,0,78.0
834678,Gadget Geek,5.87,Technology,89.55,Saturday,Evening,31.71,3.0,Neutral,,0,71.0
835432,Gadget Geek,59.99,Technology,22.9,Saturday,Evening,59.19,1.0,Negative,,0,40.0
837413,Gadget Geek,26.67,Technology,45.35,Saturday,Evening,14.9,3.0,Neutral,,0,12.0
837460,Gadget Geek,65.34709725980672,Technology,99.13,Saturday,Evening,44.33,1.0,Neutral,,0,60.0
838205,Gadget Geek,19.32,Technology,20.73,Saturday,Evening,63.8,2.0,Neutral,,0,96.0
838889,Gadget Geek,65.34709725980672,Technology,24.81,Saturday,Evening,79.34,0.0,Positive,,0,26.0
840220,Gadget Geek,32.25,Technology,92.33,Saturday,Evening,70.26,3.0,Neutral,,0,92.0
841933,Gadget Geek,7.22,Technology,88.31,Saturday,Evening,60.14,3.0,Negative,,0,82.0
842134,Gadget Geek,36.12,Technology,44.91,Saturday,Evening,83.84,1.0,Positive,,0,98.0
843310,Gadget Geek,40.38,Technology,23.02,Saturday,Evening,37.93,2.0,Positive,,0,61.0
843651,Gadget Geek,111.12,Technology,37.63,Saturday,Evening,0.0,1.0,Positive,,0,18.0
844305,Gadget Geek,21.87,Technology,96.64,Saturday,Evening,56.47,2.0,Negative,,0,97.0
850140,Gadget Geek,50.61,Technology,61.91,Saturday,Evening,51.79,3.0,Positive,,0,50.0
851054,Gadget Geek,78.46,Technology,41.67,Saturday,Evening,36.78,2.0,Positive,,0,79.0
853117,Gadget Geek,34.31,Technology,89.74,Saturday,Evening,0.0,0.0,Neutral,,0,3.0
853516,Gadget Geek,102.33,Technology,77.88,Saturday,Evening,89.33,1.0,Negative,,0,13.0
853758,Gadget Geek,44.8,Technology,27.02,Saturday,Evening,0.0,2.0,Negative,,0,29.0
855263,Gadget Geek,92.5,Technology,96.54,Saturday,Evening,70.64,3.0,Positive,,0,97.0
856158,Gadget Geek,23.31,Technology,68.53,Saturday,Evening,0.0,3.0,Positive,,0,17.0
857891,Gadget Geek,101.9,Technology,61.7,Saturday,Evening,81.35,0.0,Positive,,0,78.0
858423,Gadget Geek,7.15,Technology,88.09,Saturday,Evening,43.2,1.0,Negative,,0,40.0
861242,Gadget Geek,45.17,Technology,68.12,Saturday,Evening,78.75,2.0,Neutral,,0,20.0
861597,Gadget Geek,97.81,Technology,38.65,Saturday,Evening,82.81,3.0,Positive,,0,12.0
861688,Gadget Geek,24.24,Technology,53.22,Saturday,Evening,27.14,0.0,Positive,,0,19.0
861836,Gadget Geek,85.97,Technology,81.89,Saturday,Evening,0.35,0.0,Negative,,0,28.0
863661,Gadget Geek,87.97,Technology,60.8,Saturday,Evening,57.08,2.0,Neutral,,0,34.0
866594,Gadget Geek,119.48,Technology,23.38,Saturday,Evening,96.85,0.0,Positive,,0,96.0
867501,Gadget Geek,59.32,Technology,72.99,Saturday,Evening,3.51,1.0,Neutral,,0,35.0
871359,Gadget Geek,29.18,Technology,99.27,Saturday,Evening,0.0,2.0,Negative,,0,6.0
871842,Gadget Geek,65.34709725980672,Technology,80.28,Saturday,Evening,0.0,2.0,Positive,,0,32.0
875468,Gadget Geek,86.99,Technology,28.1,Saturday,Evening,0.0,3.0,Neutral,,0,68.0
876446,Gadget Geek,119.89,Technology,83.68,Saturday,Evening,54.27,2.0,Negative,,0,99.0
876928,Gadget Geek,43.81,Technology,99.02,Saturday,Evening,46.41,1.0,Positive,,0,8.0
878590,Gadget Geek,7.3,Technology,74.16,Saturday,Evening,0.0,0.0,Positive,,0,13.0
879163,Gadget Geek,117.03,Technology,72.74,Saturday,Evening,0.0,1.0,Negative,,0,58.0
880382,Gadget Geek,95.02,Technology,84.41,Saturday,Evening,29.1,0.0,Neutral,,0,25.0
880543,Gadget Geek,62.26,Technology,62.56,Saturday,Evening,0.0,0.0,Neutral,,0,52.0
881949,Gadget Geek,52.68,Technology,48.98,Saturday,Evening,26.16,0.0,Negative,,0,77.0
883210,Gadget Geek,114.24,Technology,96.37,Saturday,Evening,94.66,3.0,Negative,,0,21.0
883529,Gadget Geek,40.48,Technology,54.48,Saturday,Evening,48.99,1.0,Neutral,,0,96.0
886970,Gadget Geek,72.38,Technology,63.44,Saturday,Evening,80.32,2.0,Positive,,0,90.0
889569,Gadget Geek,65.34709725980672,Technology,29.49,Saturday,Evening,0.0,2.0,Positive,,0,70.0
890138,Gadget Geek,107.4,Technology,57.89,Saturday,Evening,7.18,0.0,Negative,,0,4.0
890712,Gadget Geek,65.34709725980672,Technology,82.88,Saturday,Evening,29.97,0.0,Neutral,,0,95.0
892612,Gadget Geek,43.05,Technology,64.05,Saturday,Evening,0.0,1.0,Neutral,,0,48.0
893970,Gadget Geek,29.77,Technology,47.18,Saturday,Evening,22.29,3.0,Negative,,0,73.0
894021,Gadget Geek,36.1,Technology,94.84,Saturday,Evening,37.44,0.0,Negative,,0,83.0
895821,Gadget Geek,118.33,Technology,86.33,Saturday,Evening,9.25,0.0,Positive,,0,100.0
896958,Gadget Geek,81.07,Technology,86.89,Saturday,Evening,35.19,1.0,Neutral,,0,92.0
898472,Gadget Geek,87.11,Technology,87.07,Saturday,Evening,30.65,2.0,Negative,,0,53.0
898868,Gadget Geek,114.99,Technology,81.9,Saturday,Evening,83.11,0.0,Negative,,0,20.0
900079,Gadget Geek,65.34709725980672,Technology,64.36,Saturday,Evening,13.4,0.0,Neutral,,0,25.0
903268,Gadget Geek,65.34709725980672,Technology,33.81,Saturday,Evening,63.72,0.0,Positive,,0,11.0
904346,Gadget Geek,111.51,Technology,70.06,Saturday,Evening,61.25,2.0,Positive,,0,58.0
905943,Gadget Geek,21.2,Technology,29.82,Saturday,Evening,14.96,0.0,Neutral,,0,10.0
906631,Gadget Geek,60.62,Technology,96.15,Saturday,Evening,10.67,1.0,Positive,,0,88.0
907749,Gadget Geek,13.58,Technology,98.85,Saturday,Evening,0.0,1.0,Neutral,,0,100.0
910494,Gadget Geek,42.6,Technology,66.09,Saturday,Evening,84.99,2.0,Positive,,0,26.0
910738,Gadget Geek,84.71,Technology,82.49,Saturday,Evening,0.0,1.0,Negative,,0,4.0
911033,Gadget Geek,25.9,Technology,80.77,Saturday,Evening,16.55,0.0,Positive,,0,83.0
912474,Gadget Geek,65.34709725980672,Technology,72.79,Saturday,Evening,0.0,1.0,Negative,,0,89.0
913934,Gadget Geek,31.15,Technology,57.53,Saturday,Evening,83.31,2.0,Neutral,,0,9.0
917048,Gadget Geek,53.07,Technology,22.41,Saturday,Evening,72.55,0.0,Positive,,0,4.0
918852,Gadget Geek,7.24,Technology,74.5,Saturday,Evening,52.36,0.0,Neutral,,0,7.0
920794,Gadget Geek,43.87,Technology,84.1,Saturday,Evening,0.0,0.0,Neutral,,0,4.0
921914,Gadget Geek,7.15,Technology,84.08,Saturday,Evening,12.73,3.0,Neutral,,0,13.0
922471,Gadget Geek,12.58,Technology,60.79,Saturday,Evening,71.87,3.0,Negative,,0,96.0
922737,Gadget Geek,100.54,Technology,73.01,Saturday,Evening,72.54,0.0,Negative,,0,74.0
925457,Gadget Geek,65.34709725980672,Technology,67.4,Saturday,Evening,0.92,1.0,Neutral,,0,72.0
925597,Gadget Geek,105.92,Technology,69.37,Saturday,Evening,61.49,3.0,Negative,,0,69.0
927403,Gadget Geek,62.2,Technology,62.22,Saturday,Evening,36.08,0.0,Positive,,0,52.0
928396,Gadget Geek,95.89,Technology,36.52,Saturday,Evening,17.08,0.0,Positive,,0,84.0
928461,Gadget Geek,27.86,Technology,71.91,Saturday,Evening,0.0,3.0,Positive,,0,26.0
929385,Gadget Geek,65.34709725980672,Technology,99.18,Saturday,Evening,6.44,3.0,Negative,,0,4.0
929847,Gadget Geek,119.48,Technology,23.37,Saturday,Evening,96.12,0.0,Positive,,0,96.0
931706,Gadget Geek,65.34709725980672,Technology,49.08,Saturday,Evening,49.79,0.0,Negative,,0,54.0
935030,Gadget Geek,35.22,Technology,64.51,Saturday,Evening,0.0,3.0,Positive,,0,21.0
935101,Gadget Geek,40.75,Technology,83.02,Saturday,Evening,29.19,1.0,Neutral,,0,17.0
935147,Gadget Geek,61.91,Technology,30.14,Saturday,Evening,14.67,2.0,Neutral,,0,90.0
935455,Gadget Geek,25.85,Technology,84.2,Saturday,Evening,29.13,3.0,Neutral,,0,70.0
936023,Gadget Geek,112.9,Technology,52.66,Saturday,Evening,95.25,2.0,Negative,,0,79.0
936761,Gadget Geek,65.34709725980672,Technology,37.36,Saturday,Evening,0.0,0.0,Positive,,0,81.0
936856,Gadget Geek,56.8,Technology,38.38,Saturday,Evening,28.64,1.0,Negative,,0,43.0
938463,Gadget Geek,78.29,Technology,93.73,Saturday,Evening,0.0,2.0,Negative,,0,98.0
938684,Gadget Geek,51.65,Technology,20.23,Saturday,Evening,92.21,2.0,Positive,,0,33.0
939989,Gadget Geek,37.36,Technology,52.96,Saturday,Evening,84.0,1.0,Negative,,0,95.0
941149,Gadget Geek,119.62,Technology,34.79,Saturday,Evening,23.51,1.0,Negative,,0,32.0
942005,Gadget Geek,57.55,Technology,98.32,Saturday,Evening,3.98,2.0,Neutral,,0,49.0
942626,Gadget Geek,65.34709725980672,Technology,70.36,Saturday,Evening,86.73,3.0,Negative,,0,86.0
945481,Gadget Geek,65.34709725980672,Technology,80.18,Saturday,Evening,66.39,3.0,Negative,,0,38.0
946700,Gadget Geek,82.97,Technology,85.66,Saturday,Evening,72.82,1.0,Neutral,,0,56.0
947935,Gadget Geek,91.12,Technology,43.37,Saturday,Evening,41.32,3.0,Neutral,,0,34.0
950173,Gadget Geek,65.34709725980672,Technology,61.78,Saturday,Evening,21.92,1.0,Negative,,0,97.0
950751,Gadget Geek,96.34,Technology,78.64,Saturday,Evening,0.0,0.0,Positive,,0,34.0
954210,Gadget Geek,32.03,Technology,74.3,Saturday,Evening,95.53,3.0,Neutral,,0,82.0
954661,Gadget Geek,49.53,Technology,93.97,Saturday,Evening,70.95,3.0,Negative,,0,23.0
957125,Gadget Geek,99.12,Technology,96.15,Saturday,Evening,61.4,2.0,Neutral,,0,29.0
957498,Gadget Geek,63.55,Technology,51.81,Saturday,Evening,94.11,0.0,Positive,,0,50.0
958655,Gadget Geek,75.98,Technology,62.22,Saturday,Evening,36.08,0.0,Negative,,0,52.0
959883,Gadget Geek,82.12,Technology,76.82,Saturday,Evening,17.08,0.0,Neutral,,0,33.0
960232,Gadget Geek,7.52,Technology,87.61,Saturday,Evening,18.61,1.0,Positive,,0,54.0
962806,Gadget Geek,90.9,Technology,29.83,Saturday,Evening,91.5,0.0,Neutral,,0,57.0
966897,Gadget Geek,113.83,Technology,90.82,Saturday,Evening,0.0,1.0,Positive,,0,11.0
967113,Gadget Geek,55.42,Technology,24.59,Saturday,Evening,70.02,1.0,Neutral,,0,82.0
967921,Gadget Geek,32.17,Technology,28.65,Saturday,Evening,95.23,0.0,Negative,,0,41.0
967922,Gadget Geek,78.07,Technology,59.13,Saturday,Evening,0.0,1.0,Neutral,,0,62.0
968741,Gadget Geek,112.23,Technology,56.29,Saturday,Evening,88.67,2.0,Neutral,,0,56.0
969390,Gadget Geek,44.4,Technology,80.4,Saturday,Evening,38.68,0.0,Negative,,0,43.0
971361,Gadget Geek,70.95,Technology,28.45,Saturday,Evening,62.39,3.0,Neutral,,0,70.0
973746,Gadget Geek,29.97,Technology,56.93,Saturday,Evening,81.1,2.0,Positive,,0,97.0
974738,Gadget Geek,118.46,Technology,23.86,Saturday,Evening,0.0,1.0,Neutral,,0,36.0
976012,Gadget Geek,64.87,Technology,93.29,Saturday,Evening,94.85,3.0,Positive,,0,60.0
977060,Gadget Geek,108.98,Technology,79.71,Saturday,Evening,0.0,0.0,Negative,,0,21.0
977834,Gadget Geek,101.39,Technology,63.76,Saturday,Evening,56.04,3.0,Positive,,0,71.0
980733,Gadget Geek,95.82,Technology,95.85,Saturday,Evening,81.84,0.0,Negative,,0,77.0
980773,Gadget Geek,63.17,Technology,97.17,Saturday,Evening,0.0,1.0,Negative,,0,27.0
981014,Gadget Geek,107.95,Technology,47.63,Saturday,Evening,90.63,0.0,Negative,,0,14.0
981995,Gadget Geek,65.34709725980672,Technology,35.62,Saturday,Evening,86.1,2.0,Negative,,0,62.0
982264,Gadget Geek,65.34709725980672,Technology,56.29,Saturday,Evening,0.0,1.0,Neutral,,0,80.0
982675,Gadget Geek,41.66,Technology,95.23,Saturday,Evening,0.0,1.0,Negative,,0,34.0
986042,Gadget Geek,6.61,Technology,62.71,Saturday,Evening,0.0,3.0,Neutral,,0,2.0
987209,Gadget Geek,73.94,Technology,62.66,Saturday,Evening,22.26,1.0,Negative,,0,28.0
988304,Gadget Geek,92.4,Technology,29.94,Saturday,Evening,0.0,2.0,Positive,,0,58.0
988400,Gadget Geek,65.34709725980672,Technology,27.35,Saturday,Evening,0.0,0.0,Positive,,0,39.0
988896,Gadget Geek,76.12,Technology,64.7,Saturday,Evening,14.15,0.0,Neutral,,0,60.0
989527,Gadget Geek,74.44,Technology,60.34,Saturday,Evening,0.0,3.0,Neutral,,0,90.0
990316,Gadget Geek,65.34709725980672,Technology,65.71,Saturday,Evening,43.33,1.0,Positive,,0,58.0
990832,Gadget Geek,60.68,Technology,70.0,Saturday,Evening,32.0,1.0,Positive,,0,2.0
994066,Gadget Geek,79.49,Technology,31.63,Saturday,Evening,92.55,1.0,Neutral,,0,33.0
995271,Gadget Geek,65.34709725980672,Technology,64.13,Saturday,Evening,44.4,3.0,Positive,,0,74.0
995677,Gadget Geek,46.32,Technology,85.51,Saturday,Evening,0.0,2.0,Positive,,0,93.0
997062,Gadget Geek,118.65,Technology,85.57,Saturday,Evening,27.94,1.0,Positive,,0,74.0
999730,Gadget Geek,96.33,Technology,67.81,Saturday,Evening,79.51,0.0,Positive,,0,94.0
