id,Podcast_Name,Episode_Length_minutes,Genre,Host_Popularity_percentage,Publication_Day,Publication_Time,Guest_Popularity_percentage,Number_of_Ads,Episode_Sentiment,Listening_Time_minutes,is_train,Episode_Number
404,Sport Spot,117.5,Sports,55.79,Monday,Afternoon,0.0,0.0,Positive,105.93479,1,99.0
2428,Sport Spot,57.17,Sports,69.66,Monday,Afternoon,0.0,2.0,Neutral,39.76069,1,72.0
3180,Sport Spot,78.75,Sports,47.27,Monday,Afternoon,0.0,0.0,Negative,56.47717,1,26.0
3633,Sport Spot,34.43,Sports,99.67,Monday,Afternoon,25.81,0.0,Positive,22.51925,1,64.0
4009,Sport Spot,5.05,Sports,86.68,Monday,Afternoon,0.0,1.0,Positive,0.0,1,64.0
4662,Sport Spot,68.24,Sports,81.55,Monday,Afternoon,90.96,1.0,Neutral,61.33476,1,61.0
5029,Sport Spot,33.24,Sports,82.92,Monday,Afternoon,18.91,2.0,Positive,26.86173,1,85.0
6013,Sport Spot,43.3,Sports,79.16,Monday,Afternoon,83.82,1.0,Negative,29.2824,1,4.0
6798,Sport Spot,19.42,Sports,43.68,Monday,Afternoon,0.0,3.0,Positive,13.02421,1,61.0
7151,Sport Spot,64.53748231966054,Sports,40.12,Monday,Afternoon,0.0,3.0,Negative,43.04973,1,58.0
8847,Sport Spot,80.72,Sports,34.88,Monday,Afternoon,0.0,3.0,Positive,59.79296,1,74.0
12659,Sport Spot,77.92,Sports,66.96,Monday,Afternoon,46.96,1.0,Positive,75.77228,1,84.0
12736,Sport Spot,91.72,Sports,45.2,Monday,Afternoon,38.65,0.0,Positive,71.73258,1,74.0
14140,Sport Spot,23.66,Sports,87.85,Monday,Afternoon,94.84,2.0,Negative,7.88,1,66.0
15613,Sport Spot,25.4,Sports,39.02,Monday,Afternoon,3.13,0.0,Positive,22.5355,1,91.0
19639,Sport Spot,71.25,Sports,42.76,Monday,Afternoon,0.0,0.0,Negative,45.38866,1,37.0
20204,Sport Spot,98.07,Sports,87.25,Monday,Afternoon,96.03,1.0,Neutral,61.33476,1,61.0
24290,Sport Spot,99.69,Sports,97.35,Monday,Afternoon,16.58,3.0,Positive,70.01736,1,10.0
24301,Sport Spot,37.11,Sports,61.47,Monday,Afternoon,0.0,1.0,Neutral,28.81907,1,81.0
24987,Sport Spot,113.03,Sports,55.29,Monday,Afternoon,38.22,0.0,Positive,100.32259,1,91.0
26593,Sport Spot,103.56,Sports,52.26,Monday,Afternoon,32.76,0.0,Neutral,97.29994,1,57.0
26769,Sport Spot,77.02,Sports,90.92,Monday,Afternoon,98.43,3.0,Negative,57.62058,1,76.0
29799,Sport Spot,40.14,Sports,78.21,Monday,Afternoon,81.23,3.0,Positive,29.08333,1,42.0
29990,Sport Spot,68.2,Sports,32.56,Monday,Afternoon,78.3,0.0,Positive,62.07048,1,41.0
33337,Sport Spot,23.87,Sports,91.28,Monday,Afternoon,91.24,1.0,Neutral,21.55876,1,76.0
35415,Sport Spot,96.83,Sports,83.23,Monday,Afternoon,7.3,0.0,Neutral,95.75576,1,25.0
37555,Sport Spot,64.53748231966054,Sports,37.11,Monday,Afternoon,66.88,1.0,Positive,63.79674,1,10.0
37861,Sport Spot,80.38,Sports,95.43,Monday,Afternoon,92.87,0.0,Neutral,69.03009,1,47.0
38233,Sport Spot,74.15,Sports,36.78,Monday,Afternoon,37.61,1.0,Positive,60.56414,1,15.0
38517,Sport Spot,40.59,Sports,75.0,Monday,Afternoon,56.11,0.0,Neutral,30.05695,1,44.0
39949,Sport Spot,21.06,Sports,64.02,Monday,Afternoon,99.78,0.0,Negative,14.96582,1,49.0
41798,Sport Spot,106.79,Sports,79.58,Monday,Afternoon,64.45,3.0,Neutral,66.41525,1,94.0
41837,Sport Spot,46.58,Sports,72.57,Monday,Afternoon,65.86,3.0,Negative,30.76715,1,73.0
41980,Sport Spot,84.62,Sports,55.92,Monday,Afternoon,85.16,2.0,Neutral,43.45988,1,92.0
42224,Sport Spot,24.04,Sports,53.23,Monday,Afternoon,12.07,3.0,Negative,10.9131,1,56.0
42798,Sport Spot,44.14,Sports,29.85,Monday,Afternoon,93.84,2.0,Positive,34.07838,1,13.0
43686,Sport Spot,31.17,Sports,87.18,Monday,Afternoon,79.18,2.0,Neutral,7.30331,1,14.0
43698,Sport Spot,34.57,Sports,33.42,Monday,Afternoon,0.0,3.0,Positive,21.44305,1,14.0
43990,Sport Spot,42.07,Sports,82.18,Monday,Afternoon,31.33,3.0,Neutral,16.46849,1,61.0
44540,Sport Spot,100.01,Sports,56.09,Monday,Afternoon,0.0,2.0,Positive,69.24237,1,71.0
44855,Sport Spot,17.14,Sports,89.24,Monday,Afternoon,49.4,1.0,Negative,16.74893,1,72.0
47193,Sport Spot,33.55,Sports,81.56,Monday,Afternoon,81.73,1.0,Negative,13.32222,1,85.0
48665,Sport Spot,109.25,Sports,76.65,Monday,Afternoon,58.91,0.0,Neutral,60.86255,1,83.0
49755,Sport Spot,64.53748231966054,Sports,56.72,Monday,Afternoon,0.0,0.0,Positive,53.94804,1,13.0
50307,Sport Spot,22.95,Sports,66.83,Monday,Afternoon,86.75,0.0,Negative,12.72285,1,12.0
52133,Sport Spot,104.8,Sports,85.25,Monday,Afternoon,61.45,0.0,Neutral,63.12844,1,76.0
52819,Sport Spot,58.97,Sports,58.18,Monday,Afternoon,92.7,1.0,Positive,43.60431,1,86.0
55106,Sport Spot,106.69,Sports,29.26,Monday,Afternoon,52.48,2.0,Neutral,83.24293,1,68.0
58393,Sport Spot,59.2,Sports,40.45,Monday,Afternoon,80.43,0.0,Neutral,42.3016,1,14.0
61730,Sport Spot,18.15,Sports,30.54,Monday,Afternoon,68.64,2.0,Neutral,13.98133,1,56.0
62689,Sport Spot,7.15,Sports,31.2,Monday,Afternoon,34.77,3.0,Negative,0.0,1,15.0
63677,Sport Spot,30.81,Sports,31.16,Monday,Afternoon,71.0,2.0,Negative,23.48163,1,95.0
65855,Sport Spot,94.32,Sports,75.73,Monday,Afternoon,75.54,3.0,Negative,58.33954,1,100.0
66149,Sport Spot,94.9,Sports,88.82,Monday,Afternoon,0.0,0.0,Neutral,55.21201,1,5.0
67536,Sport Spot,70.65,Sports,40.92,Monday,Afternoon,31.82,0.0,Negative,35.30951,1,43.0
68092,Sport Spot,40.94,Sports,77.78,Monday,Afternoon,63.61,2.0,Positive,34.77333,1,27.0
68728,Sport Spot,85.78,Sports,82.18,Monday,Afternoon,6.69,2.0,Negative,60.22453,1,53.0
68833,Sport Spot,64.53748231966054,Sports,61.62,Monday,Afternoon,0.0,1.0,Negative,49.19651,1,71.0
69655,Sport Spot,64.53748231966054,Sports,31.63,Monday,Afternoon,9.16,1.0,Neutral,79.05487,1,70.0
72841,Sport Spot,107.39,Sports,57.04,Monday,Afternoon,0.0,1.0,Negative,67.90733,1,3.0
73650,Sport Spot,78.25,Sports,87.63,Monday,Afternoon,69.06,0.0,Negative,62.04679,1,35.0
74631,Sport Spot,39.74,Sports,51.23,Monday,Afternoon,51.59,2.0,Positive,15.37,1,62.0
77629,Sport Spot,48.76,Sports,24.29,Monday,Afternoon,0.0,3.0,Positive,21.34751,1,49.0
79375,Sport Spot,95.23,Sports,44.89,Monday,Afternoon,27.15,0.0,Neutral,80.33784,1,39.0
79606,Sport Spot,60.66,Sports,94.35,Monday,Afternoon,86.68,2.0,Neutral,50.56992,1,22.0
82331,Sport Spot,56.95,Sports,68.2,Monday,Afternoon,51.09,2.0,Positive,34.87342,1,80.0
82406,Sport Spot,7.63,Sports,38.6,Monday,Afternoon,50.09,0.0,Negative,7.09324,1,55.0
82569,Sport Spot,105.63,Sports,56.4,Monday,Afternoon,52.4,0.0,Positive,69.66964,1,74.0
82654,Sport Spot,97.25,Sports,25.14,Monday,Afternoon,71.3,1.0,Neutral,82.02593,1,10.0
82811,Sport Spot,114.72,Sports,70.18,Monday,Afternoon,62.15,2.0,Negative,80.53641,1,10.0
83067,Sport Spot,116.82,Sports,44.07,Monday,Afternoon,89.66,0.0,Negative,53.32435,1,3.0
83527,Sport Spot,31.96,Sports,66.44,Monday,Afternoon,0.0,1.0,Neutral,25.75,1,95.0
83966,Sport Spot,104.51,Sports,88.04,Monday,Afternoon,56.77,0.0,Neutral,90.61028,1,18.0
85230,Sport Spot,36.37,Sports,29.94,Monday,Afternoon,2.27,1.0,Negative,29.81479,1,52.0
85677,Sport Spot,58.35,Sports,50.09,Monday,Afternoon,47.97,0.0,Neutral,32.48324,1,1.0
86193,Sport Spot,86.47,Sports,55.93,Monday,Afternoon,70.83,0.0,Positive,80.59138,1,30.0
87475,Sport Spot,37.01,Sports,97.31,Monday,Afternoon,65.49,0.0,Positive,33.85916,1,43.0
87575,Sport Spot,34.66,Sports,57.68,Monday,Afternoon,99.59,1.0,Negative,16.36,1,69.0
90679,Sport Spot,64.22,Sports,64.71,Monday,Afternoon,91.42,2.0,Neutral,61.05242,1,79.0
90873,Sport Spot,78.25,Sports,87.86,Monday,Afternoon,69.57,0.0,Negative,62.04679,1,4.0
91059,Sport Spot,16.23,Sports,64.23,Monday,Afternoon,95.53,1.0,Positive,12.00038,1,95.0
91070,Sport Spot,115.41,Sports,34.25,Monday,Afternoon,12.73,0.0,Positive,67.70695,1,26.0
91854,Sport Spot,115.47,Sports,20.79,Monday,Afternoon,2.59,2.0,Positive,63.35304,1,1.0
92480,Sport Spot,86.3,Sports,96.18,Monday,Afternoon,78.7,1.0,Positive,68.45541,1,9.0
95523,Sport Spot,35.13,Sports,72.79,Monday,Afternoon,5.12,2.0,Neutral,18.40453,1,5.0
96428,Sport Spot,49.13,Sports,89.82,Monday,Afternoon,13.34,0.0,Negative,39.29861,1,23.0
97953,Sport Spot,64.53748231966054,Sports,89.2,Monday,Afternoon,16.82,2.0,Negative,43.28198,1,11.0
100901,Sport Spot,92.81,Sports,39.52,Monday,Afternoon,85.65,3.0,Negative,76.5774,1,47.0
101922,Sport Spot,114.03,Sports,96.79,Monday,Afternoon,0.0,1.0,Negative,90.24,1,75.0
103311,Sport Spot,70.69,Sports,48.96,Monday,Afternoon,0.0,2.0,Neutral,44.15283,1,4.0
103736,Sport Spot,44.83,Sports,39.47,Monday,Afternoon,90.77,3.0,Neutral,34.22773,1,28.0
105927,Sport Spot,47.01,Sports,69.95,Monday,Afternoon,58.08,1.0,Negative,32.51833,1,28.0
106531,Sport Spot,47.98,Sports,55.71,Monday,Afternoon,0.0,3.0,Negative,32.37,1,94.0
108068,Sport Spot,109.25,Sports,46.29,Monday,Afternoon,56.29,0.0,Neutral,60.86255,1,83.0
109477,Sport Spot,64.53748231966054,Sports,40.09,Monday,Afternoon,0.0,0.0,Neutral,32.36555,1,71.0
109569,Sport Spot,84.33,Sports,96.0,Monday,Afternoon,35.06,0.0,Neutral,53.03553,1,97.0
109806,Sport Spot,107.34,Sports,80.32,Monday,Afternoon,94.31,1.0,Positive,68.68295,1,87.0
113218,Sport Spot,46.5,Sports,95.68,Monday,Afternoon,0.0,2.0,Negative,40.35321,1,77.0
114201,Sport Spot,64.53748231966054,Sports,65.36,Monday,Afternoon,48.93,1.0,Positive,75.4016,1,70.0
118461,Sport Spot,15.79,Sports,42.64,Monday,Afternoon,76.22,1.0,Neutral,4.72779,1,4.0
120217,Sport Spot,64.53748231966054,Sports,62.27,Monday,Afternoon,4.09,1.0,Negative,24.16,1,83.0
121751,Sport Spot,89.01,Sports,22.41,Monday,Afternoon,77.02,0.0,Negative,72.929,1,16.0
122693,Sport Spot,73.04,Sports,98.29,Monday,Afternoon,4.19,2.0,Positive,64.21451,1,7.0
122861,Sport Spot,65.93,Sports,75.28,Monday,Afternoon,0.0,2.0,Negative,41.45051,1,86.0
123419,Sport Spot,116.85,Sports,85.34,Monday,Afternoon,93.41,1.0,Negative,83.31848,1,42.0
124728,Sport Spot,60.97,Sports,95.09,Monday,Afternoon,86.2,1.0,Neutral,50.4483,1,75.0
125867,Sport Spot,34.5,Sports,20.71,Monday,Afternoon,45.13,0.0,Neutral,23.42352,1,48.0
126247,Sport Spot,21.94,Sports,33.26,Monday,Afternoon,21.32,2.0,Negative,17.35,1,23.0
126365,Sport Spot,54.1,Sports,42.57,Monday,Afternoon,92.38,3.0,Neutral,21.84971,1,51.0
127490,Sport Spot,96.03,Sports,84.26,Monday,Afternoon,95.02,1.0,Negative,73.35077,1,5.0
129484,Sport Spot,62.69,Sports,28.2,Monday,Afternoon,82.93,3.0,Negative,47.7776,1,72.0
129510,Sport Spot,59.12,Sports,41.75,Monday,Afternoon,0.0,3.0,Neutral,22.86754,1,23.0
129586,Sport Spot,84.11,Sports,59.03,Monday,Afternoon,6.23,1.0,Neutral,62.02218,1,11.0
129712,Sport Spot,72.68,Sports,22.59,Monday,Afternoon,93.86,3.0,Neutral,52.23667,1,1.0
130027,Sport Spot,41.7,Sports,48.8,Monday,Afternoon,30.01,2.0,Neutral,38.24797,1,34.0
130060,Sport Spot,103.31,Sports,65.64,Monday,Afternoon,2.82,0.0,Neutral,66.34074,1,25.0
132126,Sport Spot,85.29,Sports,34.92,Monday,Afternoon,1.99,2.0,Positive,64.58,1,69.0
132553,Sport Spot,31.69,Sports,36.57,Monday,Afternoon,93.23,0.0,Neutral,12.2316,1,6.0
133751,Sport Spot,81.06,Sports,98.28,Monday,Afternoon,47.88,1.0,Negative,50.04342,1,81.0
136262,Sport Spot,75.8,Sports,80.34,Monday,Afternoon,0.0,1.0,Negative,56.04325,1,15.0
136630,Sport Spot,32.91,Sports,28.87,Monday,Afternoon,24.64,1.0,Positive,16.36219,1,78.0
137644,Sport Spot,20.67,Sports,49.4,Monday,Afternoon,33.02,3.0,Negative,15.9,1,13.0
138040,Sport Spot,64.53748231966054,Sports,74.37,Monday,Afternoon,0.0,0.0,Neutral,46.05617,1,54.0
138675,Sport Spot,66.75,Sports,31.76,Monday,Afternoon,23.04,3.0,Positive,46.63273,1,55.0
138899,Sport Spot,106.43,Sports,72.81,Monday,Afternoon,93.78,2.0,Negative,77.85485,1,24.0
140862,Sport Spot,64.53748231966054,Sports,25.98,Monday,Afternoon,0.0,2.0,Neutral,31.80474,1,83.0
146235,Sport Spot,64.53748231966054,Sports,84.58,Monday,Afternoon,0.0,3.0,Neutral,12.92198,1,5.0
146553,Sport Spot,42.46,Sports,87.93,Monday,Afternoon,96.67,3.0,Negative,30.9697,1,65.0
147727,Sport Spot,40.36,Sports,32.33,Monday,Afternoon,0.0,0.0,Positive,33.00634,1,47.0
148818,Sport Spot,114.34,Sports,78.32,Monday,Afternoon,5.32,0.0,Positive,111.83,1,67.0
148821,Sport Spot,39.12,Sports,49.37,Monday,Afternoon,54.05,1.0,Neutral,20.13669,1,39.0
148886,Sport Spot,47.86,Sports,89.45,Monday,Afternoon,75.04,3.0,Positive,38.93761,1,49.0
148910,Sport Spot,104.21,Sports,40.43,Monday,Afternoon,76.43,2.0,Positive,61.43072,1,100.0
148936,Sport Spot,34.88,Sports,56.25,Monday,Afternoon,18.3,1.0,Negative,31.3206,1,86.0
150769,Sport Spot,11.76,Sports,99.21,Monday,Afternoon,58.38,2.0,Neutral,9.60747,1,62.0
151296,Sport Spot,64.53748231966054,Sports,88.54,Monday,Afternoon,80.28,0.0,Positive,6.53,1,81.0
151727,Sport Spot,90.97,Sports,99.25,Monday,Afternoon,44.12,1.0,Neutral,50.4483,1,80.0
152988,Sport Spot,103.44,Sports,65.3,Monday,Afternoon,54.23,0.0,Neutral,66.34074,1,25.0
154505,Sport Spot,40.81,Sports,78.08,Monday,Afternoon,0.0,2.0,Positive,34.27816,1,28.0
155037,Sport Spot,84.94,Sports,39.29,Monday,Afternoon,44.91,1.0,Negative,78.29,1,12.0
157305,Sport Spot,106.09,Sports,85.17,Monday,Afternoon,5.96,2.0,Neutral,80.48327,1,84.0
157963,Sport Spot,68.83,Sports,80.47,Monday,Afternoon,0.0,1.0,Negative,47.90107,1,99.0
158247,Sport Spot,64.53748231966054,Sports,42.56,Monday,Afternoon,38.45,0.0,Neutral,41.41428,1,47.0
158946,Sport Spot,81.07,Sports,47.55,Monday,Afternoon,23.88,1.0,Negative,50.04342,1,47.0
160038,Sport Spot,106.52,Sports,61.32,Monday,Afternoon,71.4,3.0,Negative,69.71,1,39.0
160273,Sport Spot,91.68,Sports,54.66,Monday,Afternoon,34.47,2.0,Positive,63.52825,1,48.0
161794,Sport Spot,74.11,Sports,97.37,Monday,Afternoon,84.51,3.0,Neutral,49.139,1,34.0
164731,Sport Spot,109.08,Sports,84.9,Monday,Afternoon,68.19,3.0,Positive,63.14848,1,9.0
169382,Sport Spot,51.96,Sports,52.45,Monday,Afternoon,65.7,1.0,Neutral,39.88946,1,92.0
171102,Sport Spot,69.86,Sports,56.07,Monday,Afternoon,66.8,3.0,Negative,48.76451,1,73.0
171324,Sport Spot,54.7,Sports,92.66,Monday,Afternoon,15.77,2.0,Negative,39.29381,1,72.0
174504,Sport Spot,64.53748231966054,Sports,21.72,Monday,Afternoon,60.29,1.0,Positive,29.77251,1,3.0
176926,Sport Spot,105.79,Sports,55.73,Monday,Afternoon,56.1,3.0,Negative,68.07,1,1.0
177067,Sport Spot,50.72,Sports,69.53,Monday,Afternoon,26.67,3.0,Neutral,43.40654,1,22.0
181052,Sport Spot,65.09,Sports,49.44,Monday,Afternoon,0.0,1.0,Positive,54.18823,1,20.0
181713,Sport Spot,107.34,Sports,80.32,Monday,Afternoon,52.12,0.0,Positive,68.68295,1,86.0
181996,Sport Spot,77.41,Sports,87.49,Monday,Afternoon,18.69,1.0,Positive,51.97351,1,74.0
183755,Sport Spot,107.27,Sports,80.32,Monday,Afternoon,94.31,0.0,Positive,68.68295,1,87.0
183981,Sport Spot,9.31,Sports,58.27,Monday,Afternoon,19.25,3.0,Positive,6.0409,1,99.0
184353,Sport Spot,68.14,Sports,39.61,Monday,Afternoon,76.05,1.0,Neutral,40.06756,1,76.0
185227,Sport Spot,18.73,Sports,67.24,Monday,Afternoon,36.03,0.0,Negative,7.17,1,14.0
186729,Sport Spot,61.48,Sports,98.57,Monday,Afternoon,86.03,1.0,Positive,39.30576,1,41.0
187372,Sport Spot,78.53,Sports,84.29,Monday,Afternoon,72.76,3.0,Positive,48.03331,1,62.0
188380,Sport Spot,107.26,Sports,71.85,Monday,Afternoon,68.43,3.0,Neutral,69.58247,1,6.0
188501,Sport Spot,24.02,Sports,49.07,Monday,Afternoon,56.86,0.0,Neutral,21.06493,1,52.0
191076,Sport Spot,64.53748231966054,Sports,70.71,Monday,Afternoon,65.25,3.0,Negative,23.79,1,28.0
192234,Sport Spot,66.86,Sports,47.82,Monday,Afternoon,51.15,1.0,Positive,30.98562,1,59.0
192737,Sport Spot,57.57,Sports,32.07,Monday,Afternoon,57.68,3.0,Positive,23.7942,1,71.0
194072,Sport Spot,65.79,Sports,73.89,Monday,Afternoon,89.71,1.0,Negative,61.13422,1,24.0
194694,Sport Spot,55.7,Sports,93.05,Monday,Afternoon,0.0,1.0,Positive,44.71782,1,16.0
195826,Sport Spot,66.65,Sports,62.98,Monday,Afternoon,88.49,2.0,Negative,44.42,1,64.0
196009,Sport Spot,49.13,Sports,46.85,Monday,Afternoon,91.51,0.0,Positive,39.29861,1,23.0
204433,Sport Spot,33.34,Sports,23.33,Monday,Afternoon,59.96,3.0,Negative,20.11442,1,96.0
208572,Sport Spot,27.4,Sports,47.39,Monday,Afternoon,12.57,1.0,Positive,12.76349,1,95.0
211698,Sport Spot,67.85,Sports,84.1,Monday,Afternoon,17.68,1.0,Positive,54.06259,1,19.0
212911,Sport Spot,69.19,Sports,87.19,Monday,Afternoon,0.0,3.0,Positive,36.34989,1,41.0
214213,Sport Spot,26.39,Sports,46.9,Monday,Afternoon,87.15,0.0,Negative,18.764,1,73.0
218883,Sport Spot,107.03,Sports,26.95,Monday,Afternoon,68.31,2.0,Neutral,75.95,1,19.0
219187,Sport Spot,60.05,Sports,60.73,Monday,Afternoon,45.7,0.0,Positive,48.0026,1,100.0
221940,Sport Spot,25.06,Sports,58.71,Monday,Afternoon,0.0,2.0,Neutral,22.50678,1,69.0
223683,Sport Spot,109.89,Sports,48.23,Monday,Afternoon,62.27,1.0,Negative,80.53641,1,50.0
224391,Sport Spot,106.38,Sports,36.16,Monday,Afternoon,62.77,1.0,Positive,72.48186,1,38.0
225188,Sport Spot,64.53748231966054,Sports,93.78,Monday,Afternoon,0.0,2.0,Neutral,63.09793,1,94.0
225492,Sport Spot,33.63,Sports,38.3,Monday,Afternoon,46.36,2.0,Positive,11.24942,1,75.0
226303,Sport Spot,49.68,Sports,69.68,Monday,Afternoon,18.83,1.0,Positive,29.04291,1,12.0
227359,Sport Spot,69.15,Sports,78.59,Monday,Afternoon,63.06,1.0,Positive,48.03578,1,51.0
227793,Sport Spot,61.07,Sports,34.81,Monday,Afternoon,23.12,2.0,Negative,44.4231,1,45.0
229066,Sport Spot,91.75,Sports,84.4,Monday,Afternoon,35.22,1.0,Neutral,63.34922,1,40.0
230708,Sport Spot,69.01,Sports,68.07,Monday,Afternoon,62.84,0.0,Neutral,36.08261,1,7.0
234897,Sport Spot,72.32,Sports,58.61,Monday,Afternoon,90.66,3.0,Neutral,45.5033,1,49.0
235382,Sport Spot,62.07,Sports,56.43,Monday,Afternoon,17.1,0.0,Negative,55.83866,1,32.0
235869,Sport Spot,64.53748231966054,Sports,92.4,Monday,Afternoon,26.49,2.0,Negative,60.79847,1,2.0
236394,Sport Spot,67.06,Sports,82.6,Monday,Afternoon,59.27,2.0,Positive,60.31816,1,18.0
236453,Sport Spot,30.05,Sports,63.01,Monday,Afternoon,0.0,3.0,Positive,25.52,1,64.0
238226,Sport Spot,117.93,Sports,51.93,Monday,Afternoon,12.37,3.0,Positive,71.8128,1,49.0
240431,Sport Spot,63.13,Sports,67.41,Monday,Afternoon,33.42,3.0,Positive,27.18454,1,42.0
245450,Sport Spot,7.98,Sports,38.36,Monday,Afternoon,43.56,1.0,Neutral,1.72752,1,99.0
246741,Sport Spot,33.88,Sports,30.73,Monday,Afternoon,59.96,3.0,Negative,20.11442,1,96.0
247561,Sport Spot,114.91,Sports,98.11,Monday,Afternoon,96.86,1.0,Positive,73.8547,1,27.0
251514,Sport Spot,40.64,Sports,88.06,Monday,Afternoon,86.39,3.0,Negative,35.66981,1,72.0
252040,Sport Spot,97.53,Sports,67.06,Monday,Afternoon,2.76,1.0,Positive,61.03035,1,85.0
253425,Sport Spot,64.53748231966054,Sports,42.9,Monday,Afternoon,38.45,0.0,Positive,41.41428,1,47.0
254678,Sport Spot,64.53748231966054,Sports,55.75,Monday,Afternoon,0.0,0.0,Neutral,50.31994,1,31.0
259539,Sport Spot,81.05,Sports,47.32,Monday,Afternoon,0.0,1.0,Negative,50.04342,1,81.0
260112,Sport Spot,78.0,Sports,84.99,Monday,Afternoon,6.88,1.0,Positive,57.31353,1,72.0
262142,Sport Spot,62.69,Sports,84.61,Monday,Afternoon,6.41,0.0,Neutral,53.25048,1,48.0
262262,Sport Spot,88.33,Sports,21.3,Monday,Afternoon,38.61,0.0,Positive,60.70173,1,66.0
262902,Sport Spot,91.49,Sports,22.67,Monday,Afternoon,82.72,1.0,Neutral,54.2022,1,19.0
263504,Sport Spot,37.08,Sports,24.42,Monday,Afternoon,53.76,1.0,Negative,22.3204,1,88.0
265866,Sport Spot,66.61,Sports,44.07,Monday,Afternoon,89.66,0.0,Neutral,53.32434,1,69.0
267672,Sport Spot,42.9,Sports,59.61,Monday,Afternoon,59.82,3.0,Positive,24.41219,1,72.0
268025,Sport Spot,22.03,Sports,25.65,Monday,Afternoon,6.61,3.0,Positive,4.07197,1,28.0
270113,Sport Spot,53.12,Sports,53.91,Monday,Afternoon,98.68,2.0,Positive,41.13498,1,98.0
270218,Sport Spot,51.59,Sports,78.59,Monday,Afternoon,43.27,3.0,Positive,41.01814,1,34.0
270405,Sport Spot,50.04,Sports,40.18,Monday,Afternoon,5.5,0.0,Positive,34.85967,1,63.0
271050,Sport Spot,77.73,Sports,85.83,Monday,Afternoon,0.0,2.0,Neutral,48.03862,1,22.0
271055,Sport Spot,7.48,Sports,89.15,Monday,Afternoon,0.0,1.0,Negative,0.0,1,18.0
273196,Sport Spot,33.05,Sports,49.39,Monday,Afternoon,19.59,1.0,Positive,23.76833,1,28.0
275819,Sport Spot,20.8,Sports,47.59,Monday,Afternoon,14.01,2.0,Positive,14.75765,1,79.0
276749,Sport Spot,61.64,Sports,81.79,Monday,Afternoon,86.42,0.0,Positive,38.12792,1,36.0
277352,Sport Spot,9.07,Sports,69.18,Monday,Afternoon,84.93,0.0,Positive,3.10782,1,19.0
278243,Sport Spot,52.58,Sports,27.7,Monday,Afternoon,0.0,3.0,Neutral,41.86675,1,32.0
279488,Sport Spot,94.33,Sports,29.87,Monday,Afternoon,28.6,1.0,Positive,83.47,1,43.0
281830,Sport Spot,104.19,Sports,94.47,Monday,Afternoon,10.8,3.0,Neutral,86.62214,1,35.0
281867,Sport Spot,13.19,Sports,58.15,Monday,Afternoon,53.6,3.0,Neutral,4.7778,1,91.0
282361,Sport Spot,90.89,Sports,71.97,Monday,Afternoon,83.18,1.0,Positive,70.44642,1,71.0
282463,Sport Spot,57.25,Sports,52.27,Monday,Afternoon,94.96,0.0,Neutral,53.90571,1,27.0
282489,Sport Spot,43.98,Sports,66.61,Monday,Afternoon,97.11,1.0,Positive,40.92099,1,19.0
284018,Sport Spot,67.98,Sports,34.61,Monday,Afternoon,90.85,0.0,Neutral,57.3861,1,27.0
284154,Sport Spot,56.25,Sports,62.52,Monday,Afternoon,79.26,1.0,Positive,31.40276,1,8.0
287012,Sport Spot,60.13,Sports,49.43,Monday,Afternoon,0.0,0.0,Positive,28.59727,1,86.0
289486,Sport Spot,5.87,Sports,27.14,Monday,Afternoon,44.33,0.0,Negative,0.0,1,82.0
290234,Sport Spot,64.53748231966054,Sports,98.14,Monday,Afternoon,13.72,1.0,Neutral,21.35152,1,78.0
291921,Sport Spot,28.65,Sports,71.91,Monday,Afternoon,0.0,0.0,Neutral,18.98285,1,51.0
292929,Sport Spot,111.83,Sports,39.24,Monday,Afternoon,17.42,0.0,Negative,83.02762,1,45.0
294919,Sport Spot,97.65,Sports,41.15,Monday,Afternoon,0.0,1.0,Negative,56.53353,1,85.0
296695,Sport Spot,30.65,Sports,93.59,Monday,Afternoon,0.0,1.0,Positive,22.51425,1,43.0
301002,Sport Spot,32.89,Sports,63.64,Monday,Afternoon,69.71,3.0,Neutral,24.24797,1,65.0
301835,Sport Spot,92.81,Sports,80.03,Monday,Afternoon,0.49,0.0,Positive,76.91958,1,81.0
304819,Sport Spot,110.04,Sports,29.7,Monday,Afternoon,48.96,3.0,Positive,66.86169,1,40.0
305696,Sport Spot,90.24,Sports,27.24,Monday,Afternoon,77.66,1.0,Negative,63.25671,1,46.0
306645,Sport Spot,64.53748231966054,Sports,52.18,Monday,Afternoon,69.57,0.0,Negative,50.60261,1,73.0
307715,Sport Spot,86.77,Sports,62.99,Monday,Afternoon,0.0,2.0,Neutral,52.64287,1,61.0
308127,Sport Spot,20.8,Sports,58.53,Monday,Afternoon,71.33,3.0,Negative,10.97,1,31.0
308778,Sport Spot,92.82,Sports,67.34,Monday,Afternoon,38.95,2.0,Neutral,46.06867,1,5.0
310770,Sport Spot,119.52,Sports,50.68,Monday,Afternoon,20.38,0.0,Neutral,106.45185,1,6.0
311933,Sport Spot,12.96,Sports,85.61,Monday,Afternoon,0.0,3.0,Positive,7.56384,1,33.0
313455,Sport Spot,31.99,Sports,90.06,Monday,Afternoon,67.66,1.0,Positive,22.12,1,18.0
314329,Sport Spot,46.36,Sports,35.9,Monday,Afternoon,62.01,1.0,Negative,27.48854,1,16.0
314670,Sport Spot,72.25,Sports,32.33,Monday,Afternoon,14.13,3.0,Negative,42.71599,1,5.0
315309,Sport Spot,85.72,Sports,70.47,Monday,Afternoon,50.72,3.0,Neutral,47.80985,1,75.0
315637,Sport Spot,66.91,Sports,67.51,Monday,Afternoon,75.5,0.0,Positive,37.99469,1,66.0
316619,Sport Spot,72.32,Sports,45.51,Monday,Afternoon,6.01,0.0,Positive,38.27814,1,83.0
320442,Sport Spot,12.2,Sports,44.91,Monday,Afternoon,86.1,3.0,Positive,13.07201,1,98.0
321860,Sport Spot,88.47,Sports,59.99,Monday,Afternoon,69.3,1.0,Negative,54.96,1,6.0
323117,Sport Spot,49.46,Sports,93.3,Monday,Afternoon,97.47,1.0,Positive,39.19276,1,95.0
324156,Sport Spot,27.44,Sports,45.2,Monday,Afternoon,0.0,1.0,Positive,13.63329,1,88.0
324853,Sport Spot,80.38,Sports,78.29,Monday,Afternoon,77.77,2.0,Positive,39.48047,1,26.0
325562,Sport Spot,29.03,Sports,39.41,Monday,Afternoon,0.0,1.0,Negative,23.33315,1,67.0
326023,Sport Spot,27.03,Sports,34.79,Monday,Afternoon,96.07,1.0,Negative,15.42527,1,39.0
326809,Sport Spot,64.53748231966054,Sports,31.31,Monday,Afternoon,0.0,0.0,Neutral,25.6665,1,31.0
331312,Sport Spot,14.46,Sports,86.3,Monday,Afternoon,40.34,0.0,Negative,4.60374,1,98.0
331762,Sport Spot,83.07,Sports,68.67,Monday,Afternoon,88.31,1.0,Negative,49.29821,1,43.0
332165,Sport Spot,107.68,Sports,82.45,Monday,Afternoon,0.0,2.0,Neutral,77.15123,1,18.0
332859,Sport Spot,113.14,Sports,28.11,Monday,Afternoon,23.04,0.0,Negative,60.22922,1,94.0
332993,Sport Spot,52.2,Sports,33.72,Monday,Afternoon,30.76,0.0,Neutral,41.58356,1,80.0
334286,Sport Spot,30.25,Sports,75.22,Monday,Afternoon,48.93,3.0,Neutral,7.33003,1,11.0
336362,Sport Spot,51.63,Sports,72.38,Monday,Afternoon,97.23,1.0,Negative,29.97659,1,81.0
338357,Sport Spot,9.66,Sports,76.33,Monday,Afternoon,15.13,1.0,Neutral,1.86078,1,4.0
343904,Sport Spot,100.17,Sports,67.06,Monday,Afternoon,2.76,1.0,Positive,61.03035,1,85.0
345012,Sport Spot,97.78,Sports,91.98,Monday,Afternoon,93.09,1.0,Positive,78.17399,1,82.0
345613,Sport Spot,13.99,Sports,31.93,Monday,Afternoon,52.45,1.0,Neutral,8.10006,1,54.0
345727,Sport Spot,52.82,Sports,96.67,Monday,Afternoon,0.0,1.0,Positive,41.46198,1,20.0
349647,Sport Spot,81.07,Sports,99.48,Monday,Afternoon,44.88,1.0,Negative,50.04342,1,47.0
350442,Sport Spot,10.58,Sports,36.02,Monday,Afternoon,0.0,3.0,Positive,0.0,1,30.0
352225,Sport Spot,89.06,Sports,38.36,Monday,Afternoon,61.1,3.0,Neutral,65.7996,1,82.0
352391,Sport Spot,55.52,Sports,42.9,Monday,Afternoon,19.35,0.0,Negative,40.57699,1,83.0
353190,Sport Spot,32.69,Sports,82.52,Monday,Afternoon,22.03,0.0,Positive,33.3658,1,84.0
353381,Sport Spot,64.53748231966054,Sports,52.87,Monday,Afternoon,71.47,0.0,Positive,76.42302,1,65.0
355936,Sport Spot,95.22,Sports,23.59,Monday,Afternoon,0.0,1.0,Negative,71.24197,1,26.0
361494,Sport Spot,63.24,Sports,38.76,Monday,Afternoon,0.0,0.0,Neutral,38.90304,1,50.0
361679,Sport Spot,64.53748231966054,Sports,83.07,Monday,Afternoon,31.3,2.0,Neutral,73.77222,1,97.0
362609,Sport Spot,29.88,Sports,47.36,Monday,Afternoon,62.61,1.0,Positive,10.52,1,29.0
368164,Sport Spot,74.78,Sports,59.78,Monday,Afternoon,11.43,1.0,Neutral,62.02218,1,7.0
368327,Sport Spot,64.53748231966054,Sports,58.98,Monday,Afternoon,0.0,3.0,Neutral,51.59413,1,47.0
372236,Sport Spot,81.43,Sports,34.26,Monday,Afternoon,29.38,0.0,Negative,71.1195,1,81.0
372614,Sport Spot,64.53748231966054,Sports,25.17,Monday,Afternoon,84.39,0.0,Neutral,52.94076,1,24.0
373874,Sport Spot,65.79,Sports,73.69,Monday,Afternoon,89.71,1.0,Negative,61.13422,1,60.0
376991,Sport Spot,46.44,Sports,95.23,Monday,Afternoon,25.78,1.0,Positive,33.00047,1,69.0
377563,Sport Spot,102.1,Sports,66.22,Monday,Afternoon,97.68,1.0,Neutral,86.78353,1,22.0
379680,Sport Spot,103.31,Sports,65.64,Monday,Afternoon,54.29,0.0,Neutral,66.34074,1,62.0
381161,Sport Spot,64.53748231966054,Sports,97.01,Monday,Afternoon,0.0,3.0,Neutral,30.16068,1,8.0
382142,Sport Spot,74.15,Sports,57.15,Monday,Afternoon,18.5,0.0,Positive,67.4084,1,53.0
383154,Sport Spot,74.59,Sports,32.56,Monday,Afternoon,78.7,0.0,Positive,62.07048,1,41.0
383782,Sport Spot,49.21,Sports,83.21,Monday,Afternoon,13.55,0.0,Negative,24.9262,1,99.0
384312,Sport Spot,12.45,Sports,80.4,Monday,Afternoon,0.0,0.0,Neutral,4.32703,1,74.0
384368,Sport Spot,50.59,Sports,48.62,Monday,Afternoon,81.37,0.0,Neutral,32.48324,1,93.0
387288,Sport Spot,95.51,Sports,91.08,Monday,Afternoon,0.0,1.0,Positive,61.03041,1,64.0
387965,Sport Spot,54.85,Sports,73.01,Monday,Afternoon,36.83,1.0,Neutral,43.56906,1,1.0
388272,Sport Spot,49.29,Sports,83.79,Monday,Afternoon,42.71,2.0,Neutral,34.17392,1,65.0
388377,Sport Spot,16.97,Sports,38.72,Monday,Afternoon,30.52,0.0,Positive,0.12524,1,51.0
392432,Sport Spot,91.83,Sports,32.37,Monday,Afternoon,0.0,1.0,Negative,69.88679,1,40.0
392499,Sport Spot,83.05,Sports,22.85,Monday,Afternoon,12.76,1.0,Positive,69.30861,1,22.0
396646,Sport Spot,30.81,Sports,49.77,Monday,Afternoon,57.81,1.0,Negative,20.66182,1,15.0
397151,Sport Spot,62.38,Sports,96.93,Monday,Afternoon,17.63,0.0,Neutral,42.96601,1,14.0
397806,Sport Spot,91.72,Sports,45.98,Monday,Afternoon,75.17,0.0,Neutral,71.73258,1,74.0
398430,Sport Spot,21.71,Sports,27.18,Monday,Afternoon,58.8,1.0,Neutral,12.65074,1,50.0
400120,Sport Spot,76.65,Sports,55.02,Monday,Afternoon,19.84,3.0,Neutral,47.01,1,93.0
400311,Sport Spot,82.38,Sports,47.55,Monday,Afternoon,47.93,1.0,Negative,50.04342,1,47.0
403784,Sport Spot,64.53748231966054,Sports,56.42,Monday,Afternoon,50.64,1.0,Neutral,27.30494,1,46.0
404779,Sport Spot,62.69,Sports,84.52,Monday,Afternoon,89.98,0.0,Neutral,53.25048,1,48.0
405933,Sport Spot,95.42,Sports,92.16,Monday,Afternoon,35.75,1.0,Negative,63.34922,1,40.0
406088,Sport Spot,36.34,Sports,23.87,Monday,Afternoon,0.0,0.0,Negative,33.60116,1,61.0
408459,Sport Spot,102.65,Sports,70.23,Monday,Afternoon,0.0,1.0,Negative,57.98739,1,5.0
409424,Sport Spot,89.24,Sports,72.47,Monday,Afternoon,54.25,0.0,Positive,64.52691,1,59.0
413832,Sport Spot,64.53748231966054,Sports,73.7,Monday,Afternoon,13.72,0.0,Neutral,14.18538,1,41.0
415061,Sport Spot,19.63,Sports,61.47,Monday,Afternoon,0.0,1.0,Neutral,10.42,1,2.0
416310,Sport Spot,9.17,Sports,80.17,Monday,Afternoon,75.27,3.0,Neutral,8.11166,1,7.0
417459,Sport Spot,64.53748231966054,Sports,91.18,Monday,Afternoon,62.28,1.0,Negative,59.53941,1,98.0
417505,Sport Spot,27.83,Sports,42.77,Monday,Afternoon,98.82,1.0,Negative,25.19342,1,53.0
419619,Sport Spot,36.44,Sports,61.51,Monday,Afternoon,94.73,3.0,Neutral,12.59502,1,35.0
420670,Sport Spot,73.03,Sports,79.72,Monday,Afternoon,84.83,3.0,Neutral,37.16721,1,17.0
422343,Sport Spot,116.85,Sports,60.84,Monday,Afternoon,27.92,1.0,Negative,75.2348,1,19.0
424395,Sport Spot,109.29,Sports,53.49,Monday,Afternoon,29.12,0.0,Neutral,50.00833,1,96.0
424435,Sport Spot,37.24,Sports,82.18,Monday,Afternoon,50.59,2.0,Negative,14.6,1,4.0
425304,Sport Spot,36.79,Sports,34.68,Monday,Afternoon,67.14,2.0,Positive,25.1147,1,54.0
425585,Sport Spot,33.05,Sports,46.39,Monday,Afternoon,22.41,1.0,Neutral,23.76833,1,28.0
425992,Sport Spot,87.24,Sports,75.55,Monday,Afternoon,54.9,0.0,Negative,53.50114,1,99.0
426145,Sport Spot,64.53748231966054,Sports,37.44,Monday,Afternoon,78.06,0.0,Positive,43.33846,1,40.0
427297,Sport Spot,61.48,Sports,30.94,Monday,Afternoon,86.96,1.0,Neutral,39.30576,1,41.0
427847,Sport Spot,84.68,Sports,34.58,Monday,Afternoon,61.26,1.0,Positive,72.87209,1,93.0
429349,Sport Spot,14.64,Sports,47.24,Monday,Afternoon,51.84,3.0,Negative,13.37,1,78.0
431067,Sport Spot,6.83,Sports,36.19,Monday,Afternoon,87.19,0.0,Neutral,4.15282,1,72.0
434262,Sport Spot,57.19,Sports,34.95,Monday,Afternoon,75.09,0.0,Neutral,49.1844,1,43.0
435782,Sport Spot,91.75,Sports,84.95,Monday,Afternoon,35.92,1.0,Positive,63.34922,1,80.0
435863,Sport Spot,95.29,Sports,37.63,Monday,Afternoon,94.12,0.0,Positive,89.44351,1,37.0
436731,Sport Spot,33.65,Sports,25.97,Monday,Afternoon,0.0,2.0,Positive,30.32888,1,24.0
438418,Sport Spot,83.73,Sports,80.09,Monday,Afternoon,0.0,1.0,Negative,80.20076,1,80.0
439361,Sport Spot,96.37,Sports,77.31,Monday,Afternoon,96.22,3.0,Positive,58.04329,1,45.0
440101,Sport Spot,46.44,Sports,54.27,Monday,Afternoon,25.08,1.0,Positive,33.00047,1,9.0
441750,Sport Spot,71.79,Sports,96.74,Monday,Afternoon,54.09,0.0,Neutral,44.23353,1,6.0
444280,Sport Spot,64.53748231966054,Sports,21.72,Monday,Afternoon,60.48,1.0,Positive,29.77251,1,3.0
447049,Sport Spot,114.19,Sports,76.08,Monday,Afternoon,36.05,2.0,Negative,59.75882,1,87.0
447500,Sport Spot,106.81,Sports,47.89,Monday,Afternoon,50.43,1.0,Positive,68.714,1,23.0
450691,Sport Spot,29.35,Sports,97.64,Monday,Afternoon,2.64,2.0,Positive,26.91291,1,98.0
454540,Sport Spot,34.74,Sports,53.6,Monday,Afternoon,17.98,1.0,Neutral,14.3403,1,67.0
455472,Sport Spot,93.21,Sports,92.43,Monday,Afternoon,69.46,0.0,Neutral,73.28186,1,61.0
456651,Sport Spot,100.65,Sports,76.53,Monday,Afternoon,13.64,1.0,Negative,67.06905,1,52.0
457526,Sport Spot,49.82,Sports,89.0,Monday,Afternoon,68.42,2.0,Negative,26.98232,1,63.0
460025,Sport Spot,64.53748231966054,Sports,83.17,Monday,Afternoon,0.0,2.0,Positive,24.31839,1,82.0
461296,Sport Spot,77.66,Sports,56.09,Monday,Afternoon,93.43,3.0,Negative,39.27954,1,49.0
461397,Sport Spot,28.78,Sports,78.4,Monday,Afternoon,65.14,0.0,Positive,25.03579,1,15.0
461560,Sport Spot,64.53748231966054,Sports,81.35,Monday,Afternoon,39.43,0.0,Negative,44.42052,1,30.0
461586,Sport Spot,56.42,Sports,44.18,Monday,Afternoon,97.6,3.0,Negative,23.33832,1,20.0
461806,Sport Spot,39.12,Sports,49.37,Monday,Afternoon,56.07,1.0,Neutral,20.13669,1,31.0
463222,Sport Spot,73.78,Sports,43.18,Monday,Afternoon,24.58,2.0,Negative,51.47156,1,23.0
465022,Sport Spot,109.19,Sports,26.32,Monday,Afternoon,22.84,3.0,Negative,54.2022,1,20.0
466070,Sport Spot,69.34,Sports,24.15,Monday,Afternoon,75.99,2.0,Negative,31.81,1,84.0
467723,Sport Spot,107.34,Sports,89.79,Monday,Afternoon,13.17,3.0,Neutral,83.84,1,52.0
468456,Sport Spot,57.25,Sports,30.7,Monday,Afternoon,19.18,1.0,Neutral,53.90571,1,62.0
471598,Sport Spot,62.17,Sports,68.98,Monday,Afternoon,0.0,3.0,Positive,49.06931,1,30.0
472376,Sport Spot,58.81,Sports,75.62,Monday,Afternoon,0.0,1.0,Negative,44.88247,1,90.0
474057,Sport Spot,85.72,Sports,72.91,Monday,Afternoon,56.99,1.0,Neutral,54.99254,1,13.0
477129,Sport Spot,68.06,Sports,60.69,Monday,Afternoon,6.74,3.0,Neutral,40.06279,1,99.0
478827,Sport Spot,30.53,Sports,93.03,Monday,Afternoon,6.68,3.0,Positive,20.28244,1,12.0
479459,Sport Spot,14.46,Sports,86.9,Monday,Afternoon,40.34,0.0,Positive,4.60374,1,98.0
479884,Sport Spot,105.82,Sports,24.99,Monday,Afternoon,93.19,3.0,Neutral,61.96364,1,54.0
480646,Sport Spot,15.97,Sports,89.72,Monday,Afternoon,96.75,1.0,Negative,5.98308,1,73.0
484529,Sport Spot,114.03,Sports,31.73,Monday,Afternoon,0.0,0.0,Negative,73.18,1,29.0
484651,Sport Spot,64.53748231966054,Sports,46.87,Monday,Afternoon,49.05,0.0,Negative,43.26135,1,80.0
486606,Sport Spot,75.14,Sports,54.72,Monday,Afternoon,47.48,3.0,Positive,64.39023,1,66.0
486850,Sport Spot,104.11,Sports,67.87,Monday,Afternoon,0.0,0.0,Neutral,73.09792,1,18.0
486973,Sport Spot,31.55,Sports,94.83,Monday,Afternoon,80.27,1.0,Negative,14.89,1,78.0
488278,Sport Spot,47.73,Sports,92.41,Monday,Afternoon,34.68,1.0,Positive,40.63533,1,51.0
488429,Sport Spot,82.93,Sports,82.6,Monday,Afternoon,27.4,1.0,Positive,73.00649,1,58.0
488433,Sport Spot,74.78,Sports,59.78,Monday,Afternoon,11.43,1.0,Neutral,62.02218,1,73.0
488730,Sport Spot,45.02,Sports,33.02,Monday,Afternoon,75.01,1.0,Positive,37.64873,1,78.0
488984,Sport Spot,103.13,Sports,56.55,Monday,Afternoon,64.17,3.0,Positive,65.41601,1,73.0
489891,Sport Spot,64.53748231966054,Sports,55.74,Monday,Afternoon,2.54,0.0,Neutral,93.06183,1,27.0
490066,Sport Spot,18.87,Sports,82.31,Monday,Afternoon,0.0,1.0,Negative,5.01159,1,55.0
490753,Sport Spot,114.35,Sports,33.67,Monday,Afternoon,88.15,2.0,Positive,90.06358,1,33.0
492163,Sport Spot,68.74,Sports,72.91,Monday,Afternoon,56.99,1.0,Neutral,54.99254,1,13.0
493433,Sport Spot,71.72,Sports,62.48,Monday,Afternoon,98.49,2.0,Positive,66.24276,1,77.0
494484,Sport Spot,92.88,Sports,98.82,Monday,Afternoon,81.72,0.0,Neutral,85.40074,1,16.0
495510,Sport Spot,97.28,Sports,38.68,Monday,Afternoon,49.14,0.0,Negative,61.7,1,66.0
498444,Sport Spot,29.88,Sports,45.89,Monday,Afternoon,49.12,2.0,Neutral,17.99988,1,99.0
500691,Sport Spot,74.78,Sports,59.78,Monday,Afternoon,6.87,1.0,Neutral,62.02218,1,7.0
501133,Sport Spot,64.53748231966054,Sports,63.47,Monday,Afternoon,46.85,2.0,Positive,33.70833,1,61.0
501352,Sport Spot,28.8,Sports,53.9,Monday,Afternoon,73.33,3.0,Positive,12.82218,1,83.0
503021,Sport Spot,56.7,Sports,44.16,Monday,Afternoon,69.46,2.0,Neutral,26.37929,1,19.0
503368,Sport Spot,93.55,Sports,35.7,Monday,Afternoon,58.08,0.0,Negative,51.51152,1,24.0
503389,Sport Spot,50.02,Sports,98.02,Monday,Afternoon,0.0,0.0,Neutral,40.5148,1,89.0
504189,Sport Spot,83.05,Sports,22.89,Monday,Afternoon,12.76,1.0,Negative,69.30861,1,22.0
504223,Sport Spot,64.53748231966054,Sports,62.66,Monday,Afternoon,38.69,2.0,Positive,63.51466,1,8.0
504378,Sport Spot,55.11,Sports,93.21,Monday,Afternoon,0.0,0.0,Positive,45.30916,1,24.0
505152,Sport Spot,81.11,Sports,96.02,Monday,Afternoon,74.14,1.0,Positive,61.15803,1,57.0
506932,Sport Spot,51.93,Sports,35.73,Monday,Afternoon,8.98,2.0,Negative,27.34343,1,64.0
507610,Sport Spot,64.53748231966054,Sports,20.32,Monday,Afternoon,69.15,0.0,Positive,44.41155,1,51.0
509406,Sport Spot,62.69,Sports,84.93,Monday,Afternoon,6.41,0.0,Neutral,53.25048,1,48.0
510730,Sport Spot,39.57,Sports,49.37,Monday,Afternoon,84.14,1.0,Neutral,20.13669,1,12.0
511317,Sport Spot,78.72,Sports,62.19,Monday,Afternoon,64.08,0.0,Neutral,64.23242,1,45.0
512685,Sport Spot,83.94,Sports,88.16,Monday,Afternoon,0.0,1.0,Positive,76.73283,1,86.0
513564,Sport Spot,71.18,Sports,97.44,Monday,Afternoon,0.0,0.0,Negative,53.8988,1,9.0
513959,Sport Spot,116.16,Sports,35.96,Monday,Afternoon,49.33,1.0,Neutral,110.18852,1,73.0
514382,Sport Spot,118.48,Sports,70.11,Monday,Afternoon,3.55,0.0,Neutral,71.73299,1,63.0
514948,Sport Spot,33.33,Sports,23.73,Monday,Afternoon,57.1,3.0,Negative,20.11442,1,96.0
516530,Sport Spot,64.53748231966054,Sports,91.96,Monday,Afternoon,23.05,1.0,Negative,66.02425,1,36.0
516544,Sport Spot,75.34,Sports,89.8,Monday,Afternoon,55.09,2.0,Neutral,63.02643,1,72.0
519161,Sport Spot,29.51,Sports,46.93,Monday,Afternoon,25.91,1.0,Negative,15.8129,1,12.0
519177,Sport Spot,109.65,Sports,47.0,Monday,Afternoon,58.29,0.0,Neutral,60.86255,1,83.0
519987,Sport Spot,85.55,Sports,38.68,Monday,Afternoon,21.98,3.0,Neutral,49.19356,1,13.0
520630,Sport Spot,56.25,Sports,94.85,Monday,Afternoon,41.78,0.0,Positive,26.45892,1,53.0
526165,Sport Spot,86.84,Sports,56.93,Monday,Afternoon,79.82,2.0,Negative,79.74065,1,79.0
528501,Sport Spot,84.41,Sports,99.94,Monday,Afternoon,4.96,3.0,Positive,51.78824,1,4.0
530404,Sport Spot,94.26,Sports,39.26,Monday,Afternoon,50.45,0.0,Positive,88.79,1,87.0
530857,Sport Spot,38.73,Sports,72.53,Monday,Afternoon,89.89,2.0,Negative,19.29488,1,96.0
531792,Sport Spot,109.25,Sports,76.67,Monday,Afternoon,58.79,0.0,Neutral,60.86255,1,49.0
534431,Sport Spot,61.03,Sports,29.91,Monday,Afternoon,30.42,2.0,Negative,37.04091,1,22.0
535440,Sport Spot,53.63,Sports,43.64,Monday,Afternoon,92.48,1.0,Positive,53.613,1,24.0
537714,Sport Spot,92.49,Sports,25.01,Monday,Afternoon,0.0,1.0,Neutral,84.48408,1,29.0
539255,Sport Spot,100.16,Sports,96.08,Monday,Afternoon,0.0,0.0,Neutral,65.75353,1,14.0
539988,Sport Spot,42.61,Sports,68.66,Monday,Afternoon,34.05,1.0,Negative,41.5087,1,10.0
540295,Sport Spot,54.28,Sports,44.7,Monday,Afternoon,16.99,2.0,Negative,43.58074,1,39.0
540781,Sport Spot,64.53748231966054,Sports,32.35,Monday,Afternoon,72.59,3.0,Positive,45.03253,1,68.0
541001,Sport Spot,113.14,Sports,85.82,Monday,Afternoon,74.31,2.0,Positive,72.14506,1,8.0
541403,Sport Spot,71.26,Sports,31.86,Monday,Afternoon,4.49,1.0,Positive,59.69213,1,65.0
541889,Sport Spot,5.83,Sports,89.83,Monday,Afternoon,73.43,3.0,Neutral,0.0,1,54.0
542508,Sport Spot,17.14,Sports,91.24,Monday,Afternoon,49.14,1.0,Negative,16.74893,1,72.0
544392,Sport Spot,86.39,Sports,37.16,Monday,Afternoon,91.07,2.0,Negative,52.81282,1,42.0
545958,Sport Spot,16.98,Sports,64.23,Monday,Afternoon,95.53,0.0,Positive,12.00038,1,95.0
549852,Sport Spot,41.62,Sports,28.98,Monday,Afternoon,20.62,0.0,Negative,20.60466,1,74.0
550660,Sport Spot,78.66,Sports,35.79,Monday,Afternoon,0.0,2.0,Positive,63.54619,1,93.0
550989,Sport Spot,49.13,Sports,89.22,Monday,Afternoon,34.5,0.0,Negative,39.29861,1,23.0
551342,Sport Spot,68.54,Sports,82.17,Monday,Afternoon,54.35,3.0,Neutral,47.39143,1,19.0
554823,Sport Spot,36.99,Sports,30.09,Monday,Afternoon,15.74,3.0,Neutral,15.01369,1,45.0
555596,Sport Spot,31.46,Sports,89.93,Monday,Afternoon,99.59,0.0,Positive,26.40154,1,23.0
556201,Sport Spot,28.35,Sports,29.79,Monday,Afternoon,99.6,3.0,Negative,12.06,1,5.0
558360,Sport Spot,64.53748231966054,Sports,51.58,Monday,Afternoon,0.0,0.0,Positive,67.78754,1,13.0
559013,Sport Spot,55.5,Sports,22.93,Monday,Afternoon,96.67,0.0,Negative,44.34098,1,82.0
560889,Sport Spot,64.53748231966054,Sports,32.37,Monday,Afternoon,0.0,1.0,Neutral,46.41046,1,14.0
561959,Sport Spot,23.3,Sports,69.44,Monday,Afternoon,95.11,2.0,Positive,6.81836,1,74.0
563048,Sport Spot,13.67,Sports,84.26,Monday,Afternoon,27.26,0.0,Neutral,10.60961,1,68.0
564396,Sport Spot,65.01,Sports,33.02,Monday,Afternoon,75.66,1.0,Positive,37.64873,1,78.0
565684,Sport Spot,10.83,Sports,39.78,Monday,Afternoon,45.11,3.0,Positive,5.70292,1,8.0
566048,Sport Spot,64.53748231966054,Sports,89.37,Monday,Afternoon,0.0,1.0,Neutral,76.00637,1,86.0
567208,Sport Spot,61.25,Sports,74.72,Monday,Afternoon,84.93,1.0,Positive,29.04291,1,53.0
571165,Sport Spot,50.4,Sports,60.29,Monday,Afternoon,37.23,3.0,Neutral,36.88249,1,9.0
571655,Sport Spot,101.64,Sports,29.2,Monday,Afternoon,94.3,3.0,Positive,68.66573,1,87.0
576509,Sport Spot,64.53748231966054,Sports,81.76,Monday,Afternoon,71.72,3.0,Positive,13.67408,1,64.0
577126,Sport Spot,40.38,Sports,58.38,Monday,Afternoon,90.29,0.0,Neutral,22.29279,1,93.0
578753,Sport Spot,114.18,Sports,74.73,Monday,Afternoon,76.99,1.0,Neutral,90.99765,1,41.0
581045,Sport Spot,81.5,Sports,27.64,Monday,Afternoon,25.15,1.0,Positive,68.41219,1,24.0
582173,Sport Spot,42.63,Sports,63.22,Monday,Afternoon,0.0,0.0,Neutral,40.41582,1,43.0
582427,Sport Spot,84.1,Sports,86.72,Monday,Afternoon,80.34,3.0,Neutral,62.0151,1,100.0
583538,Sport Spot,49.26,Sports,24.67,Monday,Afternoon,55.17,3.0,Negative,29.0215,1,50.0
584568,Sport Spot,64.97,Sports,72.49,Monday,Afternoon,0.0,3.0,Negative,40.41,1,3.0
585841,Sport Spot,84.78,Sports,59.78,Monday,Afternoon,6.75,1.0,Neutral,62.02218,1,73.0
589815,Sport Spot,79.97,Sports,57.94,Monday,Afternoon,8.37,2.0,Positive,53.39949,1,73.0
591413,Sport Spot,85.75,Sports,49.99,Monday,Afternoon,27.84,3.0,Positive,54.22902,1,96.0
591633,Sport Spot,83.67,Sports,85.65,Monday,Afternoon,67.41,0.0,Negative,42.51744,1,9.0
592617,Sport Spot,60.98,Sports,30.53,Monday,Afternoon,8.72,0.0,Negative,55.7965,1,92.0
594055,Sport Spot,91.58,Sports,53.71,Monday,Afternoon,67.56,3.0,Positive,49.96405,1,53.0
594197,Sport Spot,34.94,Sports,46.16,Monday,Afternoon,36.14,0.0,Neutral,26.77365,1,14.0
594401,Sport Spot,27.82,Sports,66.3,Monday,Afternoon,88.44,1.0,Negative,25.19342,1,53.0
595666,Sport Spot,49.34,Sports,93.3,Monday,Afternoon,97.47,1.0,Positive,39.19276,1,95.0
596287,Sport Spot,82.05,Sports,39.27,Monday,Afternoon,26.59,2.0,Negative,49.72,1,16.0
596524,Sport Spot,78.48,Sports,67.47,Monday,Afternoon,57.34,1.0,Positive,65.29741,1,72.0
598206,Sport Spot,111.92,Sports,65.56,Monday,Afternoon,21.92,2.0,Neutral,99.40901,1,68.0
598614,Sport Spot,65.97,Sports,73.22,Monday,Afternoon,1.95,3.0,Neutral,43.28,1,50.0
598682,Sport Spot,85.81,Sports,83.81,Monday,Afternoon,56.21,1.0,Positive,75.13912,1,86.0
598903,Sport Spot,33.65,Sports,87.6,Monday,Afternoon,0.0,3.0,Neutral,19.26995,1,18.0
601239,Sport Spot,64.53748231966054,Sports,84.03,Monday,Afternoon,0.0,0.0,Negative,51.72392,1,91.0
602087,Sport Spot,113.17,Sports,23.02,Monday,Afternoon,0.0,2.0,Neutral,61.98,1,61.0
603765,Sport Spot,13.97,Sports,90.38,Monday,Afternoon,34.23,2.0,Negative,8.8224,1,79.0
604123,Sport Spot,102.58,Sports,76.33,Monday,Afternoon,0.0,1.0,Negative,86.18627,1,16.0
604340,Sport Spot,77.28,Sports,75.24,Monday,Afternoon,0.0,1.0,Negative,43.39112,1,1.0
607525,Sport Spot,74.62,Sports,86.94,Monday,Afternoon,37.47,0.0,Positive,62.70761,1,43.0
608120,Sport Spot,35.51,Sports,79.99,Monday,Afternoon,4.71,1.0,Negative,21.08,1,4.0
610728,Sport Spot,108.91,Sports,21.92,Monday,Afternoon,0.0,3.0,Positive,78.29016,1,95.0
611294,Sport Spot,44.98,Sports,73.16,Monday,Afternoon,46.81,1.0,Positive,33.0635,1,49.0
613016,Sport Spot,64.53748231966054,Sports,47.89,Monday,Afternoon,50.95,1.0,Positive,68.714,1,31.0
613438,Sport Spot,112.82,Sports,54.53,Monday,Afternoon,52.91,3.0,Positive,66.52,1,56.0
614895,Sport Spot,99.22,Sports,63.08,Monday,Afternoon,59.73,0.0,Negative,75.50136,1,47.0
615174,Sport Spot,49.1,Sports,33.01,Monday,Afternoon,82.11,2.0,Neutral,37.58194,1,13.0
615684,Sport Spot,64.53748231966054,Sports,88.21,Monday,Afternoon,0.0,1.0,Positive,74.61385,1,12.0
615866,Sport Spot,73.99,Sports,52.66,Monday,Afternoon,0.0,3.0,Positive,55.06399,1,18.0
616556,Sport Spot,6.87,Sports,87.43,Monday,Afternoon,0.0,1.0,Negative,0.0,1,100.0
617213,Sport Spot,26.65,Sports,39.31,Monday,Afternoon,39.68,3.0,Negative,16.39992,1,66.0
618036,Sport Spot,64.53748231966054,Sports,93.57,Monday,Afternoon,98.86,3.0,Neutral,99.86374,1,5.0
619983,Sport Spot,114.19,Sports,67.83,Monday,Afternoon,50.65,1.0,Negative,90.1389,1,4.0
624916,Sport Spot,53.93,Sports,83.17,Monday,Afternoon,0.0,0.0,Positive,36.74752,1,17.0
625072,Sport Spot,109.31,Sports,22.41,Monday,Afternoon,73.19,3.0,Negative,70.55015,1,99.0
625872,Sport Spot,94.32,Sports,89.59,Monday,Afternoon,0.0,1.0,Negative,83.31848,1,34.0
628694,Sport Spot,27.88,Sports,95.04,Monday,Afternoon,0.0,1.0,Negative,24.3369,1,42.0
628936,Sport Spot,71.45,Sports,31.51,Monday,Afternoon,48.73,0.0,Negative,50.15293,1,50.0
632344,Sport Spot,42.98,Sports,95.95,Monday,Afternoon,34.86,0.0,Neutral,40.61459,1,39.0
635808,Sport Spot,35.98,Sports,31.98,Monday,Afternoon,0.0,3.0,Negative,12.76,1,88.0
637015,Sport Spot,47.42,Sports,51.33,Monday,Afternoon,0.0,0.0,Negative,28.41629,1,28.0
637103,Sport Spot,27.26,Sports,41.26,Monday,Afternoon,0.0,3.0,Negative,9.55707,1,94.0
637630,Sport Spot,74.62,Sports,86.65,Monday,Afternoon,37.78,2.0,Positive,62.70761,1,43.0
638777,Sport Spot,111.39,Sports,97.01,Monday,Afternoon,0.0,1.0,Positive,92.10095,1,7.0
641409,Sport Spot,68.29,Sports,33.99,Monday,Afternoon,0.0,1.0,Positive,56.0645,1,76.0
641594,Sport Spot,39.36,Sports,93.37,Monday,Afternoon,55.08,1.0,Positive,30.04344,1,83.0
642115,Sport Spot,5.08,Sports,80.84,Monday,Afternoon,98.44,0.0,Negative,0.10329,1,34.0
642480,Sport Spot,91.32,Sports,34.65,Monday,Afternoon,55.06,2.0,Negative,51.02565,1,93.0
644257,Sport Spot,64.53748231966054,Sports,28.11,Monday,Afternoon,44.15,0.0,Positive,9.6,1,100.0
645890,Sport Spot,56.04,Sports,41.28,Monday,Afternoon,0.0,0.0,Neutral,46.0564,1,14.0
646721,Sport Spot,91.75,Sports,85.66,Monday,Afternoon,35.05,1.0,Positive,63.34922,1,80.0
650352,Sport Spot,40.38,Sports,59.4,Monday,Afternoon,27.29,0.0,Neutral,22.29279,1,28.0
650490,Sport Spot,46.44,Sports,95.23,Monday,Afternoon,68.18,1.0,Positive,33.00047,1,69.0
650978,Sport Spot,55.13,Sports,46.53,Monday,Afternoon,61.57,1.0,Positive,28.26645,1,14.0
652072,Sport Spot,76.27,Sports,33.19,Monday,Afternoon,64.72,1.0,Positive,57.04191,1,49.0
652813,Sport Spot,85.66,Sports,72.91,Monday,Afternoon,56.99,1.0,Neutral,54.99254,1,13.0
653883,Sport Spot,77.46,Sports,85.16,Monday,Afternoon,70.13,2.0,Neutral,47.93761,1,71.0
655911,Sport Spot,20.78,Sports,85.76,Monday,Afternoon,12.63,3.0,Negative,19.53736,1,38.0
657195,Sport Spot,100.3,Sports,23.99,Monday,Afternoon,37.81,3.0,Negative,69.29279,1,50.0
661205,Sport Spot,57.11,Sports,37.82,Monday,Afternoon,80.91,0.0,Negative,54.9965,1,40.0
661389,Sport Spot,57.44,Sports,31.87,Monday,Afternoon,94.57,0.0,Neutral,53.90571,1,62.0
662327,Sport Spot,61.61,Sports,47.63,Monday,Afternoon,49.34,2.0,Positive,26.97989,1,59.0
664454,Sport Spot,64.57,Sports,33.57,Monday,Afternoon,0.0,1.0,Positive,56.33809,1,60.0
664723,Sport Spot,46.44,Sports,94.65,Monday,Afternoon,25.08,1.0,Positive,33.00047,1,69.0
665091,Sport Spot,33.69,Sports,30.18,Monday,Afternoon,59.96,3.0,Negative,20.11442,1,96.0
665340,Sport Spot,62.68,Sports,24.71,Monday,Afternoon,88.56,3.0,Negative,43.19256,1,96.0
666621,Sport Spot,98.04,Sports,43.91,Monday,Afternoon,91.25,1.0,Negative,55.73607,1,95.0
668640,Sport Spot,60.79,Sports,77.69,Monday,Afternoon,86.22,0.0,Positive,32.06019,1,74.0
669398,Sport Spot,52.0,Sports,83.67,Monday,Afternoon,18.56,1.0,Neutral,35.07259,1,19.0
672303,Sport Spot,47.02,Sports,48.09,Monday,Afternoon,67.85,0.0,Neutral,32.48324,1,1.0
673585,Sport Spot,67.3,Sports,79.88,Monday,Afternoon,70.74,0.0,Neutral,35.39188,1,1.0
674771,Sport Spot,54.86,Sports,80.24,Monday,Afternoon,0.0,2.0,Neutral,31.45888,1,37.0
678445,Sport Spot,114.03,Sports,33.87,Monday,Afternoon,30.24,0.0,Neutral,75.66308,1,59.0
682563,Sport Spot,43.38,Sports,34.16,Monday,Afternoon,37.56,1.0,Negative,32.6364,1,8.0
683036,Sport Spot,39.93,Sports,70.32,Monday,Afternoon,37.05,0.0,Positive,16.51913,1,11.0
685084,Sport Spot,94.46,Sports,59.27,Monday,Afternoon,40.18,3.0,Positive,83.59313,1,59.0
685443,Sport Spot,55.38,Sports,51.33,Monday,Afternoon,2.44,2.0,Positive,32.56434,1,43.0
687182,Sport Spot,45.77,Sports,67.41,Monday,Afternoon,6.29,1.0,Neutral,26.35091,1,56.0
687290,Sport Spot,94.62,Sports,81.04,Monday,Afternoon,29.9,3.0,Negative,71.44985,1,47.0
690875,Sport Spot,30.4,Sports,34.68,Monday,Afternoon,71.69,1.0,Neutral,13.94,1,47.0
692661,Sport Spot,64.53748231966054,Sports,65.06,Monday,Afternoon,99.64,2.0,Neutral,24.41219,1,71.0
694740,Sport Spot,26.67,Sports,24.67,Monday,Afternoon,0.0,1.0,Positive,15.29,1,39.0
694810,Sport Spot,23.82,Sports,50.97,Monday,Afternoon,73.17,1.0,Neutral,14.44154,1,78.0
698450,Sport Spot,74.38,Sports,23.11,Monday,Afternoon,0.0,3.0,Positive,36.00959,1,81.0
699703,Sport Spot,64.53748231966054,Sports,96.19,Monday,Afternoon,90.67,3.0,Negative,23.79,1,8.0
701286,Sport Spot,83.05,Sports,43.47,Monday,Afternoon,6.39,2.0,Positive,62.70761,1,23.0
701730,Sport Spot,64.53748231966054,Sports,23.28,Monday,Afternoon,86.88,0.0,Positive,28.81907,1,59.0
702400,Sport Spot,86.08,Sports,84.26,Monday,Afternoon,63.01,0.0,Neutral,58.66833,1,23.0
702726,Sport Spot,102.18,Sports,62.89,Monday,Afternoon,66.89,0.0,Negative,96.38233,1,74.0
703649,Sport Spot,64.53748231966054,Sports,89.63,Monday,Afternoon,83.14,2.0,Positive,20.47351,1,29.0
703680,Sport Spot,103.44,Sports,28.57,Monday,Afternoon,89.17,1.0,Negative,81.39,1,81.0
704116,Sport Spot,119.66,Sports,99.71,Monday,Afternoon,85.4,3.0,Neutral,86.36628,1,87.0
704467,Sport Spot,43.77,Sports,97.64,Monday,Afternoon,66.59,1.0,Positive,40.92099,1,32.0
706208,Sport Spot,62.79,Sports,89.99,Monday,Afternoon,66.92,2.0,Neutral,44.90361,1,50.0
706725,Sport Spot,39.87,Sports,94.97,Monday,Afternoon,22.84,1.0,Neutral,28.39601,1,24.0
707956,Sport Spot,64.53748231966054,Sports,23.46,Monday,Afternoon,0.0,0.0,Neutral,56.08047,1,7.0
709524,Sport Spot,28.84,Sports,77.34,Monday,Afternoon,70.32,0.0,Negative,15.18349,1,38.0
709532,Sport Spot,65.47,Sports,86.67,Monday,Afternoon,46.82,3.0,Negative,47.73574,1,39.0
713479,Sport Spot,16.63,Sports,75.67,Monday,Afternoon,99.71,2.0,Negative,8.43844,1,79.0
714257,Sport Spot,96.04,Sports,61.45,Monday,Afternoon,93.68,2.0,Neutral,54.87048,1,91.0
715481,Sport Spot,107.04,Sports,80.32,Monday,Afternoon,94.31,0.0,Positive,68.68295,1,87.0
716612,Sport Spot,64.53748231966054,Sports,46.87,Monday,Afternoon,0.0,0.0,Positive,43.26135,1,80.0
718043,Sport Spot,64.53748231966054,Sports,50.86,Monday,Afternoon,0.0,2.0,Negative,46.77882,1,24.0
718227,Sport Spot,9.51,Sports,36.99,Monday,Afternoon,90.97,3.0,Positive,3.51279,1,40.0
720074,Sport Spot,82.78,Sports,32.66,Monday,Afternoon,62.55,1.0,Neutral,62.8491,1,12.0
720670,Sport Spot,93.59,Sports,53.72,Monday,Afternoon,0.0,3.0,Neutral,55.44608,1,87.0
723310,Sport Spot,91.57,Sports,33.74,Monday,Afternoon,49.01,2.0,Positive,57.65191,1,78.0
723624,Sport Spot,50.03,Sports,73.7,Monday,Afternoon,87.46,0.0,Negative,34.33334,1,56.0
723675,Sport Spot,64.53748231966054,Sports,76.72,Monday,Afternoon,79.34,1.0,Neutral,93.29721,1,56.0
725183,Sport Spot,23.34,Sports,45.16,Monday,Afternoon,50.35,0.0,Positive,20.88675,1,68.0
726924,Sport Spot,89.62,Sports,25.42,Monday,Afternoon,0.0,0.0,Positive,71.43288,1,96.0
729029,Sport Spot,16.88,Sports,31.71,Monday,Afternoon,73.8,3.0,Negative,14.12144,1,49.0
729949,Sport Spot,66.99,Sports,90.15,Monday,Afternoon,34.15,1.0,Negative,46.3256,1,81.0
730917,Sport Spot,62.62,Sports,45.6,Monday,Afternoon,23.03,1.0,Negative,58.27216,1,42.0
732093,Sport Spot,114.11,Sports,82.24,Monday,Afternoon,71.22,0.0,Positive,99.91541,1,38.0
732431,Sport Spot,7.84,Sports,97.12,Monday,Afternoon,23.65,3.0,Positive,7.40368,1,31.0
735814,Sport Spot,105.93,Sports,60.07,Monday,Afternoon,0.0,0.0,Negative,60.74671,1,27.0
736465,Sport Spot,64.53748231966054,Sports,89.63,Monday,Afternoon,83.14,2.0,Neutral,20.47351,1,8.0
736770,Sport Spot,77.65,Sports,32.21,Monday,Afternoon,71.64,0.0,Neutral,53.24958,1,7.0
738253,Sport Spot,23.61,Sports,27.5,Monday,Afternoon,0.0,3.0,Positive,19.52,1,11.0
738814,Sport Spot,107.47,Sports,32.66,Monday,Afternoon,0.0,2.0,Negative,65.1925,1,1.0
738852,Sport Spot,96.8,Sports,71.8,Monday,Afternoon,44.36,0.0,Negative,64.52691,1,47.0
739107,Sport Spot,105.46,Sports,34.85,Monday,Afternoon,40.17,2.0,Neutral,52.85821,1,67.0
740298,Sport Spot,64.53748231966054,Sports,21.59,Monday,Afternoon,95.1,0.0,Negative,113.33176,1,43.0
748222,Sport Spot,43.71,Sports,78.24,Monday,Afternoon,31.34,3.0,Neutral,31.71621,1,96.0
753447,Sport Spot,57.13,Sports,55.96,Monday,Afternoon,21.6,3.0,Neutral,,0,6.0
755893,Sport Spot,115.52,Sports,57.11,Monday,Afternoon,29.7,2.0,Neutral,,0,15.0
758450,Sport Spot,29.97,Sports,35.48,Monday,Afternoon,0.0,3.0,Positive,,0,96.0
758466,Sport Spot,64.53748231966054,Sports,38.91,Monday,Afternoon,8.82,3.0,Positive,,0,24.0
761121,Sport Spot,40.66,Sports,56.05,Monday,Afternoon,0.0,0.0,Negative,,0,87.0
762272,Sport Spot,112.7,Sports,28.25,Monday,Afternoon,0.0,2.0,Negative,,0,50.0
762844,Sport Spot,108.65,Sports,53.49,Monday,Afternoon,53.27,3.0,Neutral,,0,3.0
764873,Sport Spot,69.53,Sports,84.94,Monday,Afternoon,89.16,2.0,Positive,,0,91.0
765753,Sport Spot,111.54,Sports,57.63,Monday,Afternoon,25.4,0.0,Negative,,0,33.0
765846,Sport Spot,73.3,Sports,29.31,Monday,Afternoon,0.0,0.0,Positive,,0,60.0
767325,Sport Spot,29.2,Sports,33.32,Monday,Afternoon,52.55,1.0,Positive,,0,41.0
767868,Sport Spot,54.42,Sports,99.28,Monday,Afternoon,8.61,1.0,Positive,,0,17.0
767882,Sport Spot,74.78,Sports,59.78,Monday,Afternoon,6.75,1.0,Neutral,,0,23.0
769911,Sport Spot,102.65,Sports,72.43,Monday,Afternoon,0.0,2.0,Neutral,,0,83.0
772319,Sport Spot,64.53748231966054,Sports,24.71,Monday,Afternoon,0.0,0.0,Negative,,0,70.0
772572,Sport Spot,87.24,Sports,75.34,Monday,Afternoon,52.19,0.0,Neutral,,0,99.0
773861,Sport Spot,25.28,Sports,43.64,Monday,Afternoon,0.0,0.0,Positive,,0,14.0
776158,Sport Spot,82.98,Sports,51.04,Monday,Afternoon,0.81,1.0,Neutral,,0,72.0
776474,Sport Spot,22.43,Sports,80.24,Monday,Afternoon,0.0,3.0,Positive,,0,80.0
777097,Sport Spot,84.38,News,34.58,Monday,Afternoon,61.26,1.0,Positive,,0,93.0
783113,Sport Spot,77.52,Sports,45.18,Monday,Afternoon,0.0,1.0,Positive,,0,18.0
783164,Sport Spot,110.93,Sports,67.31,Monday,Afternoon,0.0,3.0,Negative,,0,48.0
785179,Sport Spot,107.51,Sports,39.67,Monday,Afternoon,4.29,3.0,Neutral,,0,40.0
785593,Sport Spot,10.35,Sports,85.83,Monday,Afternoon,4.68,0.0,Negative,,0,98.0
785675,Sport Spot,106.12,Sports,26.19,Monday,Afternoon,41.22,0.0,Positive,,0,12.0
786368,Sport Spot,103.36,Sports,54.92,Monday,Afternoon,42.41,3.0,Neutral,,0,14.0
786670,Sport Spot,64.53748231966054,Sports,60.54,Monday,Afternoon,74.71,0.0,Negative,,0,84.0
788420,Sport Spot,28.78,Sports,78.95,Monday,Afternoon,65.14,0.0,Positive,,0,13.0
789363,Sport Spot,117.4,Sports,29.51,Monday,Afternoon,0.0,3.0,Neutral,,0,42.0
792127,Sport Spot,102.64,Sports,21.96,Monday,Afternoon,70.82,3.0,Positive,,0,27.0
792471,Sport Spot,28.65,Sports,32.69,Monday,Afternoon,46.83,1.0,Negative,,0,72.0
792558,Sport Spot,95.06,Sports,97.79,Monday,Afternoon,34.0,0.0,Positive,,0,20.0
793724,Sport Spot,54.08,Sports,23.47,Monday,Afternoon,0.0,2.0,Neutral,,0,29.0
794487,Sport Spot,64.53748231966054,Sports,28.03,Monday,Afternoon,74.94,1.0,Positive,,0,89.0
794611,Sport Spot,15.19,Sports,70.83,Monday,Afternoon,6.29,1.0,Neutral,,0,51.0
795206,Sport Spot,53.7,Sports,35.35,Monday,Afternoon,16.99,0.0,Negative,,0,24.0
795328,Sport Spot,7.92,Sports,29.94,Monday,Afternoon,0.0,2.0,Neutral,,0,17.0
795441,Sport Spot,69.44,Sports,41.55,Monday,Afternoon,0.0,2.0,Negative,,0,10.0
795791,Sport Spot,62.18,Sports,81.39,Monday,Afternoon,53.87,1.0,Negative,,0,40.0
797074,Sport Spot,109.71,Sports,55.71,Monday,Afternoon,54.59,3.0,Negative,,0,33.0
797083,Sport Spot,64.53748231966054,Sports,96.96,Monday,Afternoon,0.0,0.0,Positive,,0,39.0
797278,Sport Spot,57.44,Sports,43.25,Monday,Afternoon,7.01,1.0,Neutral,,0,30.0
797602,Sport Spot,82.22,Sports,47.92,Monday,Afternoon,82.59,1.0,Neutral,,0,43.0
797667,Sport Spot,47.38,Sports,62.54,Monday,Afternoon,47.62,2.0,Positive,,0,34.0
798112,Sport Spot,9.48,Sports,22.2,Monday,Afternoon,2.17,0.0,Neutral,,0,43.0
798385,Sport Spot,115.36,Sports,78.02,Monday,Afternoon,0.0,2.0,Neutral,,0,97.0
799162,Sport Spot,64.53748231966054,Sports,96.23,Monday,Afternoon,58.43,3.0,Negative,,0,61.0
801453,Sport Spot,65.98,Sports,55.14,Monday,Afternoon,0.0,0.0,Negative,,0,72.0
807181,Sport Spot,64.53748231966054,Sports,21.57,Monday,Afternoon,60.48,1.0,Positive,,0,63.0
807547,Sport Spot,36.88,Sports,34.75,Monday,Afternoon,65.55,3.0,Neutral,,0,16.0
810683,Sport Spot,68.1,Sports,51.71,Monday,Afternoon,83.21,1.0,Negative,,0,82.0
811606,Sport Spot,15.62,Sports,70.92,Monday,Afternoon,0.0,2.0,Negative,,0,91.0
812355,Sport Spot,62.9,Sports,81.03,Monday,Afternoon,0.0,2.0,Positive,,0,66.0
812725,Sport Spot,86.84,Sports,91.21,Monday,Afternoon,59.58,3.0,Positive,,0,11.0
814951,Sport Spot,70.45,Sports,73.59,Monday,Afternoon,0.0,3.0,Neutral,,0,28.0
815027,Sport Spot,33.03,Sports,35.63,Monday,Afternoon,41.6,2.0,Positive,,0,16.0
815757,Sport Spot,33.97,Sports,36.51,Monday,Afternoon,0.0,0.0,Negative,,0,95.0
816447,Sport Spot,23.51,Sports,83.78,Monday,Afternoon,53.71,0.0,Neutral,,0,38.0
816536,Sport Spot,116.49,Sports,35.83,Monday,Afternoon,75.46,0.0,Positive,,0,49.0
817196,Sport Spot,32.27,Sports,49.21,Monday,Afternoon,66.49,2.0,Neutral,,0,70.0
819293,Sport Spot,84.43,Sports,47.51,Monday,Afternoon,75.34,0.0,Negative,,0,85.0
819927,Sport Spot,56.05,Sports,26.32,Monday,Afternoon,96.93,1.0,Positive,,0,27.0
821697,Sport Spot,98.74,Sports,58.49,Monday,Afternoon,34.46,0.0,Negative,,0,38.0
825661,Sport Spot,32.64,Sports,33.23,Monday,Afternoon,33.47,1.0,Neutral,,0,32.0
825686,Sport Spot,30.83,Sports,61.54,Monday,Afternoon,0.0,3.0,Negative,,0,91.0
826286,Sport Spot,77.77,Sports,77.4,Monday,Afternoon,0.0,1.0,Positive,,0,14.0
829735,Sport Spot,44.59,Sports,34.9,Monday,Afternoon,4.99,1.0,Negative,,0,38.0
830936,Sport Spot,91.05,Sports,89.99,Monday,Afternoon,98.86,1.0,Positive,,0,71.0
831503,Sport Spot,64.53748231966054,Sports,66.96,Monday,Afternoon,0.0,3.0,Neutral,,0,10.0
832529,Sport Spot,25.98,Sports,97.62,Monday,Afternoon,85.66,3.0,Positive,,0,27.0
832605,Sport Spot,87.53,Sports,54.62,Monday,Afternoon,0.0,3.0,Positive,,0,40.0
833818,Sport Spot,111.62,Sports,89.94,Monday,Afternoon,0.0,1.0,Positive,,0,40.0
840698,Sport Spot,64.53748231966054,Sports,61.25,Monday,Afternoon,0.0,1.0,Negative,,0,11.0
841692,Sport Spot,64.53748231966054,Sports,96.19,Monday,Afternoon,48.2,2.0,Positive,,0,75.0
842211,Sport Spot,62.69,Sports,84.53,Monday,Afternoon,0.0,0.0,Neutral,,0,69.0
842982,Sport Spot,64.53748231966054,Sports,63.98,Monday,Afternoon,32.33,3.0,Negative,,0,64.0
844773,Sport Spot,81.43,Sports,39.21,Monday,Afternoon,29.61,0.0,Negative,,0,81.0
848531,Sport Spot,33.53,Sports,62.01,Monday,Afternoon,0.0,2.0,Negative,,0,59.0
850222,Sport Spot,81.07,Sports,98.77,Monday,Afternoon,47.88,1.0,Negative,,0,81.0
850429,Sport Spot,27.41,Sports,41.58,Monday,Afternoon,79.85,1.0,Neutral,,0,43.0
851573,Sport Spot,65.01,Sports,33.02,Monday,Afternoon,23.01,1.0,Positive,,0,78.0
852296,Sport Spot,46.5,Sports,53.85,Monday,Afternoon,0.0,3.0,Positive,,0,28.0
853056,Sport Spot,111.06,Sports,67.06,Monday,Afternoon,2.76,1.0,Positive,,0,85.0
854286,Sport Spot,64.53748231966054,Sports,73.08,Monday,Afternoon,0.0,0.0,Negative,,0,1.0
855177,Sport Spot,67.19,Sports,71.82,Monday,Afternoon,0.0,2.0,Positive,,0,85.0
855540,Sport Spot,110.85,Sports,36.82,Monday,Afternoon,62.82,3.0,Positive,,0,26.0
856377,Sport Spot,78.25,Sports,87.63,Monday,Afternoon,69.06,0.0,Negative,,0,12.0
858329,Sport Spot,31.3,Sports,39.84,Monday,Afternoon,16.69,1.0,Neutral,,0,11.0
859483,Sport Spot,47.62,Sports,50.09,Monday,Afternoon,71.47,0.0,Neutral,,0,62.0
860203,Sport Spot,103.29,Sports,84.3,Monday,Afternoon,20.98,0.0,Negative,,0,34.0
863451,Sport Spot,44.31,Sports,38.54,Monday,Afternoon,23.29,3.0,Positive,,0,4.0
863758,Sport Spot,66.46,Sports,82.84,Monday,Afternoon,37.27,1.0,Negative,,0,27.0
864994,Sport Spot,119.1,Sports,89.54,Monday,Afternoon,90.39,1.0,Positive,,0,91.0
865310,Sport Spot,57.74,Sports,89.2,Monday,Afternoon,4.88,3.0,Negative,,0,80.0
869214,Sport Spot,52.64,Sports,42.4,Monday,Afternoon,0.0,0.0,Neutral,,0,39.0
869877,Sport Spot,70.75,Sports,72.91,Monday,Afternoon,56.99,1.0,Neutral,,0,13.0
871863,Sport Spot,84.63,Sports,64.57,Monday,Afternoon,1.34,3.0,Neutral,,0,89.0
874169,Sport Spot,81.98,Sports,54.08,Monday,Afternoon,88.09,3.0,Negative,,0,88.0
874555,Sport Spot,30.04,Sports,46.07,Monday,Afternoon,0.0,2.0,Negative,,0,27.0
875015,Sport Spot,60.45,Sports,57.41,Monday,Afternoon,60.87,2.0,Positive,,0,62.0
875878,Sport Spot,33.34,Sports,54.5,Monday,Afternoon,47.66,0.0,Negative,,0,96.0
876522,Sport Spot,110.82,Sports,57.0,Monday,Afternoon,94.78,0.0,Negative,,0,40.0
876568,Sport Spot,116.88,Sports,72.51,Monday,Afternoon,88.73,0.0,Neutral,,0,82.0
877547,Sport Spot,32.29,Sports,86.15,Monday,Afternoon,22.58,0.0,Positive,,0,1.0
878565,Sport Spot,81.07,Sports,99.99,Monday,Afternoon,47.88,1.0,Negative,,0,47.0
880535,Sport Spot,88.75,Sports,31.68,Monday,Afternoon,84.74,0.0,Positive,,0,49.0
881638,Sport Spot,118.9,Sports,22.06,Monday,Afternoon,65.66,3.0,Positive,,0,5.0
883492,Sport Spot,64.53748231966054,Sports,62.57,Monday,Afternoon,33.9,1.0,Neutral,,0,78.0
883811,Sport Spot,73.04,Sports,79.84,Monday,Afternoon,65.42,2.0,Neutral,,0,73.0
884348,Sport Spot,96.19,Sports,20.05,Monday,Afternoon,25.68,3.0,Negative,,0,85.0
885658,Sport Spot,71.72,Sports,23.14,Monday,Afternoon,0.0,0.0,Positive,,0,86.0
885696,Sport Spot,72.92,Sports,36.04,Monday,Afternoon,71.07,0.0,Positive,,0,54.0
885755,Sport Spot,46.44,Sports,94.65,Monday,Afternoon,25.08,1.0,Positive,,0,9.0
886055,Sport Spot,96.85,Sports,45.01,Monday,Afternoon,29.64,3.0,Positive,,0,91.0
886118,Sport Spot,96.51,Sports,44.41,Monday,Afternoon,0.0,0.0,Negative,,0,86.0
887143,Sport Spot,57.25,Sports,31.87,Monday,Afternoon,94.96,0.0,Neutral,,0,62.0
889061,Sport Spot,16.09,Sports,56.23,Monday,Afternoon,81.2,1.0,Neutral,,0,43.0
890169,Sport Spot,24.68,Sports,48.02,Monday,Afternoon,4.58,0.0,Positive,,0,7.0
890411,Sport Spot,92.32,Sports,25.59,Monday,Afternoon,0.0,1.0,Neutral,,0,77.0
891888,Sport Spot,69.62,Sports,23.52,Monday,Afternoon,78.89,1.0,Positive,,0,23.0
892899,Sport Spot,64.53748231966054,Sports,29.65,Monday,Afternoon,79.16,3.0,Neutral,,0,96.0
897348,Sport Spot,105.29,Sports,32.02,Monday,Afternoon,99.58,0.0,Neutral,,0,53.0
897876,Sport Spot,77.67,Sports,46.32,Monday,Afternoon,6.8,1.0,Positive,,0,96.0
899328,Sport Spot,85.66,Sports,67.22,Monday,Afternoon,20.54,0.0,Positive,,0,33.0
899394,Sport Spot,34.36,Sports,97.64,Monday,Afternoon,1.92,2.0,Positive,,0,96.0
901075,Sport Spot,28.63,Sports,38.5,Monday,Afternoon,65.14,0.0,Positive,,0,15.0
903119,Sport Spot,90.89,Sports,59.67,Monday,Afternoon,0.0,2.0,Positive,,0,49.0
905540,Sport Spot,80.82,Sports,81.32,Monday,Afternoon,38.83,2.0,Positive,,0,25.0
905585,Sport Spot,68.07,Sports,58.57,Monday,Afternoon,0.0,3.0,Positive,,0,68.0
905768,Sport Spot,18.25,Sports,36.55,Monday,Afternoon,49.75,0.0,Neutral,,0,66.0
907536,Sport Spot,13.04,Sports,71.15,Monday,Afternoon,88.89,0.0,Negative,,0,53.0
909941,Sport Spot,64.53748231966054,Sports,20.57,Monday,Afternoon,29.18,1.0,Neutral,,0,52.0
910398,Sport Spot,81.43,Sports,43.81,Monday,Afternoon,29.38,0.0,Negative,,0,81.0
913643,Sport Spot,7.46,Sports,53.46,Monday,Afternoon,71.13,2.0,Negative,,0,73.0
916479,Sport Spot,64.53748231966054,Sports,51.7,Monday,Afternoon,78.04,0.0,Positive,,0,24.0
918203,Sport Spot,103.98,Sports,41.35,Monday,Afternoon,68.71,0.0,Positive,,0,55.0
918443,Sport Spot,64.53748231966054,Sports,74.17,Monday,Afternoon,0.0,3.0,Positive,,0,70.0
921280,Sport Spot,75.12,Sports,65.38,Monday,Afternoon,55.51,1.0,Positive,,0,67.0
921849,Sport Spot,13.02,Sports,39.83,Monday,Afternoon,30.67,3.0,Neutral,,0,48.0
923330,Sport Spot,64.53748231966054,Sports,38.19,Monday,Afternoon,17.14,2.0,Positive,,0,54.0
923498,Sport Spot,97.62,Sports,29.9,Monday,Afternoon,84.34,0.0,Neutral,,0,26.0
923517,Sport Spot,64.53748231966054,Sports,55.24,Monday,Afternoon,34.12,2.0,Neutral,,0,49.0
924357,Sport Spot,84.21,Sports,64.0,Monday,Afternoon,49.3,0.0,Positive,,0,49.0
925001,Sport Spot,75.86,Sports,63.73,Monday,Afternoon,0.0,2.0,Negative,,0,89.0
925132,Sport Spot,20.07,Sports,68.23,Monday,Afternoon,30.96,1.0,Negative,,0,56.0
925951,Sport Spot,76.9,Sports,47.15,Monday,Afternoon,37.01,2.0,Negative,,0,73.0
928457,Sport Spot,82.88,Health,90.78,Monday,Afternoon,0.0,0.0,Positive,,0,61.0
928645,Sport Spot,75.95,Sports,69.54,Monday,Afternoon,36.55,0.0,Neutral,,0,33.0
928959,Sport Spot,37.56,Sports,55.12,Monday,Afternoon,62.51,1.0,Neutral,,0,97.0
929064,Sport Spot,54.68,Sports,93.42,Monday,Afternoon,96.6,2.0,Positive,,0,73.0
929187,Sport Spot,46.91,Sports,95.76,Monday,Afternoon,25.41,1.0,Positive,,0,82.0
929573,Sport Spot,65.57,Sports,74.72,Monday,Afternoon,12.55,1.0,Positive,,0,69.0
930344,Sport Spot,56.58,Sports,20.14,Monday,Afternoon,85.6,0.0,Negative,,0,4.0
931075,Sport Spot,83.72,Sports,62.45,Monday,Afternoon,78.81,2.0,Positive,,0,62.0
931584,Sport Spot,103.44,Sports,65.64,Monday,Afternoon,54.3,0.0,Neutral,,0,25.0
931643,Sport Spot,113.68,Sports,76.58,Monday,Afternoon,39.41,0.0,Neutral,,0,53.0
932099,Sport Spot,90.52,Sports,67.23,Monday,Afternoon,68.13,0.0,Positive,,0,61.0
933485,Sport Spot,98.53,Sports,63.04,Monday,Afternoon,37.51,3.0,Neutral,,0,64.0
937342,Sport Spot,93.06,Sports,66.02,Monday,Afternoon,0.0,0.0,Positive,,0,16.0
937879,Sport Spot,63.55,Sports,51.06,Monday,Afternoon,0.0,1.0,Negative,,0,25.0
938355,Sport Spot,55.51,Sports,55.51,Monday,Afternoon,72.5,1.0,Neutral,,0,78.0
941572,Sport Spot,6.11,Sports,88.33,Monday,Afternoon,0.0,3.0,Negative,,0,27.0
941903,Sport Spot,113.84,Sports,57.05,Monday,Afternoon,39.07,1.0,Neutral,,0,92.0
943372,Sport Spot,8.98,Sports,30.2,Monday,Afternoon,91.71,2.0,Neutral,,0,13.0
943938,Sport Spot,58.93,Sports,94.78,Monday,Afternoon,3.82,3.0,Neutral,,0,99.0
944255,Sport Spot,94.86,Sports,91.96,Monday,Afternoon,86.15,2.0,Negative,,0,80.0
944875,Sport Spot,26.23,Sports,61.55,Monday,Afternoon,72.18,1.0,Positive,,0,23.0
946150,Sport Spot,72.77,Sports,98.57,Monday,Afternoon,86.96,1.0,Positive,,0,41.0
947285,Sport Spot,51.38,Sports,51.77,Monday,Afternoon,3.06,1.0,Neutral,,0,21.0
947484,Sport Spot,44.76,Sports,75.8,Monday,Afternoon,51.23,0.0,Positive,,0,89.0
948002,Sport Spot,84.95,Sports,64.7,Monday,Afternoon,64.72,1.0,Positive,,0,49.0
948293,Sport Spot,90.52,Sports,67.23,Monday,Afternoon,68.13,0.0,Neutral,,0,61.0
948352,Sport Spot,114.19,Sports,34.12,Monday,Afternoon,34.19,1.0,Neutral,,0,49.0
949040,Sport Spot,64.53748231966054,Sports,92.38,Monday,Afternoon,0.0,1.0,Positive,,0,55.0
949118,Sport Spot,64.53748231966054,Sports,94.79,Monday,Afternoon,82.03,0.0,Neutral,,0,63.0
949267,Sport Spot,68.22,Sports,60.95,Monday,Afternoon,84.09,1.0,Negative,,0,31.0
950712,Sport Spot,57.15,Sports,71.76,Monday,Afternoon,55.75,0.0,Neutral,,0,75.0
951036,Sport Spot,65.02,Sports,39.77,Monday,Afternoon,93.87,0.0,Negative,,0,15.0
951480,Sport Spot,78.25,Sports,87.86,Monday,Afternoon,69.06,0.0,Negative,,0,35.0
952230,Sport Spot,111.68,Sports,20.57,Monday,Afternoon,59.64,3.0,Negative,,0,75.0
954205,Sport Spot,29.19,Sports,89.79,Monday,Afternoon,4.58,3.0,Neutral,,0,89.0
956451,Sport Spot,55.37,Sports,25.29,Monday,Afternoon,24.61,3.0,Neutral,,0,14.0
961071,Sport Spot,44.18,Sports,63.24,Monday,Afternoon,60.44,1.0,Negative,,0,52.0
961191,Sport Spot,97.75,Sports,86.35,Monday,Afternoon,71.39,0.0,Negative,,0,82.0
962014,Sport Spot,47.79,Sports,30.53,Monday,Afternoon,52.24,0.0,Positive,,0,54.0
962864,Sport Spot,29.2,Sports,35.73,Monday,Afternoon,65.65,3.0,Positive,,0,15.0
964589,Sport Spot,70.93,Sports,70.7,Monday,Afternoon,0.0,3.0,Positive,,0,68.0
965901,Sport Spot,31.63,Sports,73.56,Monday,Afternoon,90.34,2.0,Negative,,0,31.0
966845,Sport Spot,94.92,Sports,64.13,Monday,Afternoon,0.0,1.0,Positive,,0,64.0
967740,Sport Spot,64.53748231966054,Sports,39.26,Monday,Afternoon,79.17,1.0,Negative,,0,24.0
970885,Sport Spot,66.33,Sports,87.62,Monday,Afternoon,35.18,0.0,Neutral,,0,24.0
972130,Sport Spot,39.85,Sports,66.63,Monday,Afternoon,56.31,3.0,Positive,,0,18.0
972242,Sport Spot,70.74,Sports,26.45,Monday,Afternoon,27.57,2.0,Negative,,0,59.0
974941,Sport Spot,38.98,Sports,24.56,Monday,Afternoon,0.0,0.0,Neutral,,0,89.0
976001,Sport Spot,9.41,Sports,83.96,Monday,Afternoon,43.04,1.0,Negative,,0,82.0
976842,Sport Spot,82.83,Sports,33.72,Monday,Afternoon,17.99,1.0,Negative,,0,35.0
976897,Sport Spot,63.32,Sports,73.56,Monday,Afternoon,67.44,1.0,Positive,,0,44.0
977618,Sport Spot,61.21,Sports,31.36,Monday,Afternoon,97.86,3.0,Negative,,0,21.0
979468,Sport Spot,10.47,Sports,48.12,Monday,Afternoon,0.0,0.0,Positive,,0,84.0
980755,Sport Spot,64.53748231966054,Sports,22.49,Monday,Afternoon,0.0,1.0,Negative,,0,8.0
982324,Sport Spot,105.97,Sports,38.32,Monday,Afternoon,9.81,2.0,Neutral,,0,56.0
982982,Sport Spot,36.9,Sports,58.65,Monday,Afternoon,23.69,1.0,Negative,,0,9.0
985953,Sport Spot,40.54,Sports,56.06,Monday,Afternoon,34.29,2.0,Neutral,,0,67.0
986259,Sport Spot,27.3,Sports,98.82,Monday,Afternoon,88.44,1.0,Negative,,0,53.0
987749,Sport Spot,47.87,Sports,34.76,Monday,Afternoon,43.09,3.0,Negative,,0,24.0
989302,Sport Spot,39.48,Sports,90.84,Monday,Afternoon,0.0,1.0,Positive,,0,82.0
990157,Sport Spot,64.53748231966054,Sports,96.19,Monday,Afternoon,90.67,1.0,Negative,,0,24.0
992701,Sport Spot,57.25,Sports,52.27,Monday,Afternoon,94.96,0.0,Neutral,,0,62.0
993993,Sport Spot,46.44,Sports,27.33,Monday,Afternoon,25.88,1.0,Positive,,0,82.0
997254,Sport Spot,26.18,Sports,69.49,Monday,Afternoon,26.84,3.0,Neutral,,0,98.0
