id,Podcast_Name,Episode_Length_minutes,Genre,Host_Popularity_percentage,Publication_Day,Publication_Time,Guest_Popularity_percentage,Number_of_Ads,Episode_Sentiment,Listening_Time_minutes,is_train,Episode_Number
19,Sport Spot,51.6,Sports,61.6,Wednesday,Evening,90.41,1.0,Positive,14.96035,1,61.0
535,Sport Spot,99.84,Sports,87.44,Wednesday,Evening,87.23,2.0,Positive,62.23511,1,54.0
2591,Sport Spot,54.41,Sports,29.87,Wednesday,Evening,66.93,2.0,Neutral,37.06527,1,13.0
3237,Sport Spot,96.92,Sports,75.03,Wednesday,Evening,0.0,2.0,Negative,92.2667,1,75.0
9580,Sport Spot,65.03231496062992,Sports,53.3,Wednesday,Evening,0.0,1.0,Positive,59.97933,1,45.0
9990,Sport Spot,89.44,Sports,76.92,Wednesday,Evening,59.5,3.0,Positive,62.43498,1,73.0
11245,Sport Spot,88.3,Sports,92.05,Wednesday,Evening,56.17,0.0,Negative,62.89812,1,74.0
13905,Sport Spot,70.05,Sports,89.98,Wednesday,Evening,28.97,0.0,Neutral,50.72888,1,25.0
15314,Sport Spot,99.76,Sports,87.36,Wednesday,Evening,87.56,2.0,Positive,62.23511,1,54.0
18246,Sport Spot,65.03231496062992,Sports,74.29,Wednesday,Evening,0.0,2.0,Neutral,35.02243,1,77.0
22484,Sport Spot,65.85,Sports,43.19,Wednesday,Evening,4.49,3.0,Negative,55.82976,1,92.0
23250,Sport Spot,53.55,Sports,63.06,Wednesday,Evening,44.64,2.0,Neutral,25.73828,1,43.0
24967,Sport Spot,29.03,Sports,80.51,Wednesday,Evening,0.0,0.0,Negative,16.75562,1,69.0
25334,Sport Spot,101.64,Sports,63.92,Wednesday,Evening,0.0,0.0,Positive,74.77471,1,81.0
25634,Sport Spot,10.53,Sports,95.89,Wednesday,Evening,9.7,0.0,Positive,2.36084,1,97.0
26018,Sport Spot,117.26,Sports,69.53,Wednesday,Evening,9.18,1.0,Positive,85.12,1,55.0
26635,Sport Spot,10.73,Sports,27.65,Wednesday,Evening,2.45,1.0,Positive,6.05288,1,8.0
27470,Sport Spot,65.03231496062992,Sports,23.58,Wednesday,Evening,45.05,2.0,Neutral,40.56182,1,60.0
29140,Sport Spot,99.98,Sports,63.26,Wednesday,Evening,87.44,0.0,Positive,62.23511,1,54.0
30959,Sport Spot,83.71,Sports,75.91,Wednesday,Evening,97.89,1.0,Positive,44.42439,1,83.0
31340,Sport Spot,65.03231496062992,Sports,32.85,Wednesday,Evening,4.64,0.0,Neutral,74.00462,1,7.0
32680,Sport Spot,114.69,Sports,31.39,Wednesday,Evening,80.41,2.0,Neutral,77.0244,1,86.0
33939,Sport Spot,39.15,Sports,63.54,Wednesday,Evening,16.99,1.0,Neutral,29.07504,1,4.0
34428,Sport Spot,76.73,Sports,29.65,Wednesday,Evening,22.54,3.0,Negative,48.0003,1,44.0
35942,Sport Spot,76.81,Sports,96.4,Wednesday,Evening,84.0,0.0,Neutral,72.34913,1,33.0
36013,Sport Spot,47.3,Sports,96.19,Wednesday,Evening,29.35,0.0,Neutral,20.31853,1,83.0
36091,Sport Spot,17.46,Sports,57.49,Wednesday,Evening,49.57,2.0,Neutral,13.11603,1,28.0
37033,Sport Spot,65.03231496062992,Sports,39.06,Wednesday,Evening,22.75,1.0,Negative,56.99021,1,70.0
38115,Sport Spot,39.72,Sports,84.08,Wednesday,Evening,34.14,2.0,Negative,34.2487,1,14.0
39347,Sport Spot,117.36,Sports,69.04,Wednesday,Evening,34.87,1.0,Positive,65.87291,1,63.0
41519,Sport Spot,9.49,Sports,69.77,Wednesday,Evening,3.53,1.0,Negative,8.20571,1,18.0
42615,Sport Spot,85.11,Sports,43.4,Wednesday,Evening,0.0,2.0,Negative,78.48334,1,79.0
43849,Sport Spot,93.88,Sports,60.51,Wednesday,Evening,0.0,1.0,Negative,70.96979,1,32.0
43879,Sport Spot,40.25,Sports,53.91,Wednesday,Evening,10.89,3.0,Positive,27.53123,1,100.0
44620,Sport Spot,92.34,Sports,81.73,Wednesday,Evening,56.58,2.0,Positive,51.36545,1,32.0
46260,Sport Spot,114.38,Sports,69.32,Wednesday,Evening,93.12,2.0,Neutral,79.57001,1,38.0
46736,Sport Spot,55.41,Sports,77.81,Wednesday,Evening,94.79,0.0,Negative,25.98656,1,53.0
46861,Sport Spot,97.11,Sports,83.9,Wednesday,Evening,4.44,1.0,Neutral,58.38464,1,87.0
50606,Sport Spot,33.34,Sports,30.62,Wednesday,Evening,0.0,3.0,Negative,29.66736,1,31.0
51111,Sport Spot,77.57,Sports,81.17,Wednesday,Evening,81.93,1.0,Positive,60.63548,1,37.0
54323,Sport Spot,33.24,Sports,35.82,Wednesday,Evening,4.39,1.0,Positive,19.42199,1,18.0
56562,Sport Spot,70.45,Sports,24.51,Wednesday,Evening,6.97,1.0,Positive,43.4764,1,23.0
60758,Sport Spot,83.89,Sports,57.05,Wednesday,Evening,0.89,1.0,Neutral,39.65703,1,57.0
62048,Sport Spot,110.42,Sports,98.59,Wednesday,Evening,76.56,3.0,Negative,84.26152,1,14.0
62405,Sport Spot,65.03231496062992,Sports,80.61,Wednesday,Evening,28.71,1.0,Negative,21.03,1,24.0
62929,Sport Spot,60.18,Sports,90.16,Wednesday,Evening,0.0,1.0,Neutral,54.62467,1,29.0
62968,Sport Spot,41.75,Sports,82.07,Wednesday,Evening,0.0,2.0,Positive,26.60843,1,24.0
64018,Sport Spot,65.03231496062992,Sports,52.73,Wednesday,Evening,16.89,0.0,Neutral,70.83083,1,34.0
64167,Sport Spot,95.91,Sports,43.92,Wednesday,Evening,62.54,1.0,Negative,59.25107,1,19.0
64537,Sport Spot,115.96,Sports,77.94,Wednesday,Evening,25.97,0.0,Neutral,70.74999,1,67.0
65113,Sport Spot,36.58,Sports,91.75,Wednesday,Evening,3.62,3.0,Negative,28.62224,1,77.0
65959,Sport Spot,57.04,Sports,82.26,Wednesday,Evening,29.76,2.0,Positive,41.23226,1,31.0
68871,Sport Spot,74.41,Sports,33.46,Wednesday,Evening,57.81,2.0,Neutral,64.82918,1,39.0
69373,Sport Spot,24.47,Sports,94.91,Wednesday,Evening,0.47,3.0,Neutral,18.01263,1,58.0
70497,Sport Spot,7.15,Sports,83.2,Wednesday,Evening,1.21,1.0,Negative,0.0,1,53.0
73113,Sport Spot,65.03231496062992,Sports,31.93,Wednesday,Evening,99.12,2.0,Negative,56.69344,1,40.0
74339,Sport Spot,64.42,Sports,78.94,Wednesday,Evening,0.0,2.0,Neutral,40.93451,1,7.0
76852,Sport Spot,79.97,Sports,28.21,Wednesday,Evening,86.1,2.0,Positive,66.91645,1,66.0
79385,Sport Spot,118.07,Sports,39.69,Wednesday,Evening,0.0,1.0,Positive,65.88,1,78.0
81466,Sport Spot,117.19,Sports,82.24,Wednesday,Evening,0.0,2.0,Negative,59.30763,1,67.0
83118,Sport Spot,23.06,Sports,79.38,Wednesday,Evening,50.42,1.0,Positive,19.80349,1,8.0
83835,Sport Spot,74.39,Sports,78.54,Wednesday,Evening,66.56,1.0,Neutral,60.45169,1,48.0
84146,Sport Spot,43.1,Sports,29.94,Wednesday,Evening,57.61,1.0,Negative,20.52794,1,75.0
85041,Sport Spot,65.59,Sports,56.23,Wednesday,Evening,0.0,2.0,Neutral,49.44644,1,15.0
86765,Sport Spot,94.04,Sports,63.26,Wednesday,Evening,87.37,2.0,Positive,62.23511,1,54.0
87284,Sport Spot,108.57,Sports,57.06,Wednesday,Evening,61.28,3.0,Neutral,48.62399,1,17.0
88225,Sport Spot,107.92,Sports,62.8,Wednesday,Evening,98.39,3.0,Negative,56.12,1,73.0
89187,Sport Spot,65.03231496062992,Sports,85.52,Wednesday,Evening,0.0,1.0,Neutral,40.93878,1,13.0
91383,Sport Spot,61.71,Sports,34.02,Wednesday,Evening,0.0,1.0,Positive,45.5792,1,19.0
91572,Sport Spot,27.41,Sports,85.28,Wednesday,Evening,9.28,3.0,Positive,6.6,1,45.0
93435,Sport Spot,52.42,Sports,89.83,Wednesday,Evening,17.11,3.0,Negative,32.81943,1,9.0
94188,Sport Spot,96.26,Sports,82.98,Wednesday,Evening,45.67,3.0,Positive,58.93346,1,74.0
96194,Sport Spot,66.59,Sports,37.12,Wednesday,Evening,58.34,0.0,Negative,31.33062,1,43.0
97335,Sport Spot,99.34,Sports,91.12,Wednesday,Evening,97.81,1.0,Negative,77.5319,1,9.0
97480,Sport Spot,54.12,Sports,65.75,Wednesday,Evening,51.78,0.0,Positive,48.15716,1,32.0
102129,Sport Spot,88.31,Sports,23.04,Wednesday,Evening,58.49,0.0,Positive,69.88679,1,36.0
102168,Sport Spot,63.91,Sports,31.79,Wednesday,Evening,75.79,2.0,Positive,31.40393,1,13.0
104607,Sport Spot,65.35,Sports,53.46,Wednesday,Evening,86.28,3.0,Negative,29.06499,1,23.0
104657,Sport Spot,65.03231496062992,Sports,61.56,Wednesday,Evening,63.45,2.0,Positive,11.1898,1,50.0
106165,Sport Spot,10.75,Sports,41.58,Wednesday,Evening,34.28,1.0,Negative,4.55655,1,53.0
106527,Sport Spot,73.93,Sports,42.96,Wednesday,Evening,40.02,1.0,Neutral,55.37255,1,26.0
106562,Sport Spot,65.03231496062992,Sports,79.59,Wednesday,Evening,55.15,3.0,Neutral,54.99138,1,95.0
106842,Sport Spot,6.26,Sports,33.95,Wednesday,Evening,23.29,1.0,Negative,0.0,1,77.0
107128,Sport Spot,65.03231496062992,Sports,66.54,Wednesday,Evening,64.5,2.0,Positive,70.15368,1,39.0
109987,Sport Spot,45.93,Sports,86.22,Wednesday,Evening,0.0,0.0,Negative,39.72475,1,16.0
110737,Sport Spot,64.39,Sports,31.62,Wednesday,Evening,92.29,2.0,Positive,63.45043,1,48.0
112365,Sport Spot,73.61,Sports,24.18,Wednesday,Evening,64.57,3.0,Positive,68.80175,1,64.0
114956,Sport Spot,65.03231496062992,Sports,67.99,Wednesday,Evening,38.89,1.0,Negative,70.7485,1,73.0
114997,Sport Spot,47.15,Sports,72.14,Wednesday,Evening,68.89,0.0,Neutral,46.51694,1,43.0
117962,Sport Spot,84.91,Sports,28.24,Wednesday,Evening,89.55,0.0,Negative,57.0464,1,79.0
118467,Sport Spot,98.63,Sports,53.91,Wednesday,Evening,71.81,1.0,Negative,75.09822,1,44.0
119267,Sport Spot,58.17,Sports,82.01,Wednesday,Evening,34.54,2.0,Neutral,33.98372,1,61.0
121329,Sport Spot,92.08,Sports,54.51,Wednesday,Evening,68.53,1.0,Negative,33.86844,1,76.0
127177,Sport Spot,112.03,Sports,90.41,Wednesday,Evening,75.04,2.0,Negative,96.55138,1,70.0
128199,Sport Spot,57.47,Sports,31.95,Wednesday,Evening,69.13,2.0,Neutral,51.44684,1,33.0
128318,Sport Spot,9.4,Sports,59.0,Wednesday,Evening,86.14,3.0,Positive,7.4,1,64.0
129676,Sport Spot,11.79,Sports,91.08,Wednesday,Evening,51.57,0.0,Negative,7.25168,1,73.0
129739,Sport Spot,103.98,Sports,29.62,Wednesday,Evening,88.97,2.0,Neutral,69.38187,1,32.0
131146,Sport Spot,99.71,Sports,63.26,Wednesday,Evening,87.18,2.0,Positive,62.23511,1,54.0
131665,Sport Spot,82.68,Sports,30.71,Wednesday,Evening,86.78,1.0,Neutral,48.08,1,73.0
131777,Sport Spot,117.17,Sports,30.18,Wednesday,Evening,0.0,1.0,Neutral,83.95965,1,63.0
131888,Sport Spot,29.77,Sports,29.94,Wednesday,Evening,58.17,3.0,Negative,18.54,1,24.0
139132,Sport Spot,70.09,Sports,41.09,Wednesday,Evening,70.85,2.0,Positive,49.37241,1,18.0
140226,Sport Spot,29.97,Sports,68.11,Wednesday,Evening,59.14,0.0,Neutral,24.27018,1,47.0
140653,Sport Spot,18.6,Sports,69.43,Wednesday,Evening,30.75,0.0,Neutral,7.25126,1,89.0
143386,Sport Spot,99.66,Sports,23.66,Wednesday,Evening,0.0,1.0,Positive,87.55832,1,59.0
143763,Sport Spot,88.69,Sports,62.4,Wednesday,Evening,94.14,1.0,Neutral,60.01144,1,77.0
144019,Sport Spot,44.09,Sports,84.11,Wednesday,Evening,61.84,1.0,Neutral,37.86529,1,7.0
145545,Sport Spot,98.07,Sports,21.74,Wednesday,Evening,0.0,0.0,Negative,49.42438,1,71.0
146232,Sport Spot,65.03231496062992,Sports,28.11,Wednesday,Evening,54.69,0.0,Positive,32.21016,1,54.0
148076,Sport Spot,29.39,Sports,62.27,Wednesday,Evening,24.59,1.0,Positive,21.87063,1,48.0
148558,Sport Spot,65.03231496062992,Sports,30.11,Wednesday,Evening,43.97,0.0,Negative,5.75131,1,16.0
151216,Sport Spot,36.47,Sports,73.69,Wednesday,Evening,0.0,1.0,Neutral,24.15984,1,85.0
151474,Sport Spot,54.77,Sports,31.14,Wednesday,Evening,54.52,3.0,Positive,48.36336,1,8.0
152262,Sport Spot,97.22,Sports,30.19,Wednesday,Evening,0.0,3.0,Negative,52.01275,1,12.0
157955,Sport Spot,17.42,Sports,66.36,Wednesday,Evening,96.85,3.0,Neutral,4.5169,1,61.0
159050,Sport Spot,47.02,Sports,88.35,Wednesday,Evening,16.91,0.0,Positive,37.33289,1,82.0
160749,Sport Spot,65.03231496062992,Sports,82.86,Wednesday,Evening,57.19,1.0,Negative,30.12041,1,78.0
162564,Sport Spot,90.15,Sports,79.72,Wednesday,Evening,4.78,1.0,Negative,47.64785,1,45.0
167226,Sport Spot,65.03231496062992,Sports,79.38,Wednesday,Evening,44.2,0.0,Positive,16.89445,1,11.0
167547,Sport Spot,99.39,Sports,67.36,Wednesday,Evening,87.23,0.0,Positive,62.23511,1,54.0
167927,Sport Spot,34.15,Sports,73.1,Wednesday,Evening,13.11,2.0,Neutral,23.03695,1,12.0
168612,Sport Spot,45.03,Sports,93.63,Wednesday,Evening,28.47,3.0,Neutral,30.64622,1,88.0
168838,Sport Spot,68.06,Sports,29.95,Wednesday,Evening,0.0,2.0,Neutral,42.08465,1,65.0
169966,Sport Spot,74.25,Sports,80.05,Wednesday,Evening,69.33,1.0,Neutral,57.98377,1,24.0
173704,Sport Spot,109.8,Sports,77.54,Wednesday,Evening,63.41,2.0,Neutral,57.1244,1,74.0
174951,Sport Spot,94.39,Sports,88.82,Wednesday,Evening,92.84,1.0,Neutral,90.09604,1,87.0
176299,Sport Spot,83.25,Sports,33.22,Wednesday,Evening,48.23,1.0,Neutral,71.38384,1,62.0
178955,Sport Spot,61.19,Sports,37.22,Wednesday,Evening,0.0,1.0,Positive,49.0313,1,75.0
178993,Sport Spot,44.3,Sports,51.23,Wednesday,Evening,80.11,2.0,Neutral,37.62887,1,41.0
179696,Sport Spot,105.35,Sports,97.35,Wednesday,Evening,57.85,2.0,Neutral,70.31421,1,85.0
181881,Sport Spot,117.92,Sports,94.12,Wednesday,Evening,12.72,0.0,Negative,75.2831,1,63.0
182100,Sport Spot,65.03231496062992,Sports,84.32,Wednesday,Evening,93.28,0.0,Positive,49.59308,1,5.0
182398,Sport Spot,53.11,Sports,70.64,Wednesday,Evening,53.91,3.0,Negative,34.30265,1,69.0
183119,Sport Spot,77.04,Sports,84.97,Wednesday,Evening,0.0,0.0,Positive,72.79713,1,13.0
183430,Sport Spot,92.98,Sports,77.76,Wednesday,Evening,76.36,1.0,Positive,84.15293,1,15.0
183605,Sport Spot,53.93,Sports,85.81,Wednesday,Evening,0.0,1.0,Negative,49.6554,1,8.0
184088,Sport Spot,44.25,Sports,61.58,Wednesday,Evening,0.0,3.0,Neutral,26.28606,1,72.0
185388,Sport Spot,118.52,Sports,41.38,Wednesday,Evening,2.2,1.0,Positive,65.7307,1,59.0
187336,Sport Spot,63.52,Sports,20.37,Wednesday,Evening,46.41,0.0,Positive,29.58054,1,97.0
188661,Sport Spot,94.06,Sports,87.44,Wednesday,Evening,87.63,2.0,Positive,62.23511,1,54.0
189105,Sport Spot,85.57,Sports,87.14,Wednesday,Evening,94.85,3.0,Neutral,72.58133,1,93.0
190705,Sport Spot,39.46,Sports,24.59,Wednesday,Evening,50.25,1.0,Neutral,21.61107,1,1.0
191123,Sport Spot,56.03,Sports,32.72,Wednesday,Evening,67.72,0.0,Positive,49.19419,1,38.0
192473,Sport Spot,65.03231496062992,Sports,76.28,Wednesday,Evening,0.0,2.0,Neutral,98.06,1,79.0
194303,Sport Spot,49.14,Sports,77.31,Wednesday,Evening,5.68,3.0,Negative,36.26159,1,57.0
194520,Sport Spot,35.12,Sports,21.46,Wednesday,Evening,2.66,2.0,Negative,32.55304,1,96.0
197875,Sport Spot,65.03231496062992,Sports,26.06,Wednesday,Evening,52.26,3.0,Neutral,24.5882,1,20.0
199738,Sport Spot,43.89,Sports,76.52,Wednesday,Evening,75.29,0.0,Negative,34.4701,1,99.0
201173,Sport Spot,23.65,Sports,27.52,Wednesday,Evening,0.0,3.0,Neutral,16.8638,1,38.0
201339,Sport Spot,101.58,Sports,89.42,Wednesday,Evening,86.21,0.0,Negative,63.97435,1,72.0
202182,Sport Spot,65.57,Sports,75.17,Wednesday,Evening,0.0,2.0,Positive,23.71577,1,85.0
202957,Sport Spot,92.31,Sports,54.81,Wednesday,Evening,48.9,2.0,Positive,64.82519,1,64.0
203410,Sport Spot,111.26,Sports,44.57,Wednesday,Evening,92.08,0.0,Positive,65.24,1,56.0
203855,Sport Spot,91.57,Sports,62.05,Wednesday,Evening,0.0,2.0,Neutral,56.8183,1,76.0
204867,Sport Spot,99.71,Sports,53.88,Wednesday,Evening,87.84,0.0,Positive,62.23511,1,54.0
204941,Sport Spot,32.82,Sports,53.55,Wednesday,Evening,46.61,3.0,Positive,29.4496,1,97.0
205555,Sport Spot,65.03231496062992,Sports,57.18,Wednesday,Evening,66.79,1.0,Negative,5.04,1,73.0
207081,Sport Spot,12.16,Sports,22.26,Wednesday,Evening,2.17,3.0,Positive,6.53,1,51.0
207247,Sport Spot,84.05,Sports,67.93,Wednesday,Evening,76.0,1.0,Neutral,41.53448,1,22.0
207583,Sport Spot,16.53,Sports,72.34,Wednesday,Evening,43.97,1.0,Negative,7.45,1,16.0
208414,Sport Spot,117.04,Sports,52.07,Wednesday,Evening,16.9,1.0,Negative,87.43927,1,16.0
208416,Sport Spot,97.32,Sports,79.36,Wednesday,Evening,88.62,0.0,Positive,86.96099,1,68.0
210542,Sport Spot,61.19,Sports,37.22,Wednesday,Evening,18.91,1.0,Positive,49.0313,1,75.0
211906,Sport Spot,65.03231496062992,Sports,45.85,Wednesday,Evening,0.0,3.0,Positive,6.61706,1,24.0
214758,Sport Spot,33.61,Sports,91.19,Wednesday,Evening,54.76,1.0,Neutral,20.47847,1,29.0
216361,Sport Spot,99.29,Sports,30.24,Wednesday,Evening,73.6,2.0,Positive,54.75964,1,31.0
217033,Sport Spot,55.6,Sports,45.63,Wednesday,Evening,0.0,0.0,Neutral,27.85469,1,100.0
218642,Sport Spot,65.03231496062992,Sports,56.65,Wednesday,Evening,57.32,1.0,Positive,61.54708,1,63.0
221729,Sport Spot,7.99,Sports,48.19,Wednesday,Evening,37.61,3.0,Positive,4.5641,1,97.0
223151,Sport Spot,21.39,Sports,95.32,Wednesday,Evening,0.0,1.0,Neutral,14.03565,1,72.0
223337,Sport Spot,97.86,Sports,29.46,Wednesday,Evening,29.66,3.0,Positive,62.33247,1,64.0
223897,Sport Spot,108.65,Sports,21.87,Wednesday,Evening,20.91,2.0,Negative,71.70823,1,49.0
225526,Sport Spot,104.77,Sports,39.77,Wednesday,Evening,77.47,2.0,Negative,48.26182,1,82.0
225773,Sport Spot,97.65,Sports,33.58,Wednesday,Evening,0.0,2.0,Neutral,56.77725,1,36.0
228284,Sport Spot,9.85,Sports,36.14,Wednesday,Evening,10.67,1.0,Negative,9.01189,1,99.0
228714,Sport Spot,35.77,Sports,54.24,Wednesday,Evening,60.61,1.0,Neutral,18.32494,1,57.0
229173,Sport Spot,66.33,Sports,59.39,Wednesday,Evening,51.3,3.0,Neutral,47.22558,1,2.0
231755,Sport Spot,54.67,Sports,90.99,Wednesday,Evening,15.07,0.0,Positive,30.49871,1,30.0
235530,Sport Spot,66.53,Sports,87.59,Wednesday,Evening,55.9,0.0,Negative,40.29288,1,95.0
236678,Sport Spot,113.24,Sports,78.82,Wednesday,Evening,83.85,1.0,Negative,85.29293,1,61.0
240351,Sport Spot,77.66,Sports,28.38,Wednesday,Evening,0.0,0.0,Neutral,44.3284,1,34.0
241365,Sport Spot,62.49,Sports,77.21,Wednesday,Evening,11.88,3.0,Neutral,54.68655,1,97.0
241749,Sport Spot,61.19,Sports,37.22,Wednesday,Evening,76.22,1.0,Positive,49.0313,1,75.0
243964,Sport Spot,105.16,Sports,59.07,Wednesday,Evening,97.86,3.0,Neutral,51.54476,1,14.0
245020,Sport Spot,65.03231496062992,Sports,28.21,Wednesday,Evening,94.98,3.0,Positive,55.64,1,63.0
245048,Sport Spot,85.08,Sports,98.85,Wednesday,Evening,86.78,3.0,Neutral,50.82911,1,58.0
245870,Sport Spot,28.46,Sports,49.63,Wednesday,Evening,0.0,0.0,Positive,20.94607,1,81.0
246193,Sport Spot,78.03,Sports,42.05,Wednesday,Evening,79.12,3.0,Negative,42.00382,1,61.0
246215,Sport Spot,94.15,Sports,78.87,Wednesday,Evening,37.63,1.0,Negative,66.20104,1,11.0
247005,Sport Spot,105.17,Sports,49.13,Wednesday,Evening,12.45,3.0,Positive,62.58855,1,30.0
248600,Sport Spot,100.3,Sports,22.63,Wednesday,Evening,0.0,1.0,Neutral,94.2704,1,66.0
248628,Sport Spot,107.29,Sports,27.2,Wednesday,Evening,0.0,3.0,Negative,45.48543,1,86.0
250508,Sport Spot,35.87,Sports,35.83,Wednesday,Evening,70.4,3.0,Neutral,27.0375,1,33.0
252504,Sport Spot,61.57,Sports,37.22,Wednesday,Evening,78.22,0.0,Positive,49.0313,1,1.0
253530,Sport Spot,33.83,Sports,92.87,Wednesday,Evening,68.99,3.0,Negative,20.18348,1,94.0
257786,Sport Spot,73.75,Sports,83.52,Wednesday,Evening,50.12,0.0,Positive,53.58399,1,63.0
263521,Sport Spot,117.08,Sports,32.74,Wednesday,Evening,45.53,3.0,Negative,71.02496,1,48.0
264374,Sport Spot,65.03231496062992,Sports,53.62,Wednesday,Evening,93.97,1.0,Positive,38.52182,1,15.0
265142,Sport Spot,92.76,Sports,30.58,Wednesday,Evening,29.7,1.0,Positive,84.50866,1,36.0
265903,Sport Spot,65.03231496062992,Sports,95.6,Wednesday,Evening,0.0,0.0,Neutral,95.58351,1,78.0
271245,Sport Spot,94.06,Sports,87.53,Wednesday,Evening,47.44,2.0,Positive,62.23511,1,54.0
272627,Sport Spot,58.32,Sports,38.89,Wednesday,Evening,34.75,1.0,Negative,34.96845,1,96.0
278681,Sport Spot,41.26,Sports,41.22,Wednesday,Evening,84.9,0.0,Negative,23.31049,1,43.0
284796,Sport Spot,61.19,Sports,37.22,Wednesday,Evening,22.29,0.0,Positive,49.0313,1,1.0
285356,Sport Spot,65.03231496062992,Sports,70.44,Wednesday,Evening,0.0,2.0,Negative,58.64669,1,24.0
286808,Sport Spot,63.5,Sports,56.74,Wednesday,Evening,80.69,1.0,Negative,51.95,1,48.0
287114,Sport Spot,106.13,Sports,23.08,Wednesday,Evening,59.73,3.0,Neutral,77.29678,1,18.0
287659,Sport Spot,60.64,Sports,59.51,Wednesday,Evening,91.01,0.0,Neutral,44.62498,1,37.0
288109,Sport Spot,65.03231496062992,Sports,71.72,Wednesday,Evening,82.14,1.0,Negative,35.21034,1,53.0
288127,Sport Spot,65.03231496062992,Sports,53.12,Wednesday,Evening,70.54,1.0,Negative,42.54311,1,98.0
288419,Sport Spot,48.48,Sports,77.06,Wednesday,Evening,0.0,0.0,Neutral,24.9668,1,12.0
288557,Sport Spot,89.04,Sports,33.8,Wednesday,Evening,89.8,1.0,Positive,63.516,1,88.0
288762,Sport Spot,68.94,Sports,74.64,Wednesday,Evening,0.0,0.0,Negative,58.51439,1,6.0
289909,Sport Spot,65.03231496062992,Sports,86.5,Wednesday,Evening,81.38,3.0,Neutral,4.03829,1,15.0
291550,Sport Spot,86.09,Sports,81.99,Wednesday,Evening,38.02,0.0,Negative,39.60804,1,85.0
291716,Sport Spot,54.92,Sports,57.7,Wednesday,Evening,53.3,3.0,Neutral,20.61436,1,34.0
291990,Sport Spot,65.03231496062992,Sports,32.09,Wednesday,Evening,1.42,3.0,Neutral,63.01822,1,74.0
299690,Sport Spot,56.22,Sports,79.46,Wednesday,Evening,0.0,2.0,Neutral,50.36,1,4.0
302438,Sport Spot,45.32,Sports,89.58,Wednesday,Evening,0.0,0.0,Positive,25.61453,1,12.0
302843,Sport Spot,47.14,Sports,73.52,Wednesday,Evening,58.78,1.0,Neutral,19.29824,1,30.0
303081,Sport Spot,33.04,Sports,38.36,Wednesday,Evening,76.84,2.0,Neutral,13.56675,1,88.0
304785,Sport Spot,114.72,Sports,89.27,Wednesday,Evening,0.0,3.0,Negative,61.33425,1,31.0
305473,Sport Spot,113.26,Sports,39.25,Wednesday,Evening,2.29,2.0,Negative,63.34445,1,31.0
306104,Sport Spot,86.47,Sports,69.81,Wednesday,Evening,37.52,1.0,Neutral,77.78594,1,56.0
306493,Sport Spot,36.23,Sports,70.72,Wednesday,Evening,94.24,1.0,Negative,29.25128,1,57.0
306865,Sport Spot,9.43,Sports,78.57,Wednesday,Evening,68.49,2.0,Negative,9.43,1,78.0
307659,Sport Spot,112.96,Sports,29.64,Wednesday,Evening,84.97,3.0,Neutral,90.76,1,82.0
310062,Sport Spot,97.83,Sports,99.54,Wednesday,Evening,66.63,3.0,Neutral,52.87101,1,24.0
310505,Sport Spot,87.26,Sports,33.97,Wednesday,Evening,4.23,3.0,Neutral,50.02629,1,32.0
310654,Sport Spot,18.32,Sports,98.47,Wednesday,Evening,1.47,3.0,Negative,9.77,1,97.0
311874,Sport Spot,65.03231496062992,Sports,54.83,Wednesday,Evening,0.0,0.0,Positive,106.92666,1,54.0
313677,Sport Spot,90.0,Sports,89.25,Wednesday,Evening,5.98,2.0,Positive,50.31135,1,39.0
317984,Sport Spot,100.22,Sports,72.4,Wednesday,Evening,67.98,0.0,Negative,62.69094,1,73.0
319410,Sport Spot,104.63,Sports,85.72,Wednesday,Evening,56.53,0.0,Negative,99.08635,1,53.0
319638,Sport Spot,18.21,Sports,69.72,Wednesday,Evening,0.0,2.0,Negative,6.27503,1,20.0
320010,Sport Spot,77.98,Sports,68.57,Wednesday,Evening,91.54,0.0,Neutral,45.94452,1,1.0
320547,Sport Spot,68.17,Sports,38.82,Wednesday,Evening,86.52,2.0,Negative,60.30921,1,15.0
320557,Sport Spot,90.84,Sports,84.2,Wednesday,Evening,82.55,1.0,Neutral,71.60475,1,37.0
321611,Sport Spot,99.81,Sports,61.72,Wednesday,Evening,71.59,0.0,Neutral,79.85393,1,72.0
322504,Sport Spot,64.66,Sports,56.13,Wednesday,Evening,12.79,3.0,Negative,45.17,1,57.0
323949,Sport Spot,65.03231496062992,Sports,53.17,Wednesday,Evening,11.26,3.0,Neutral,9.95,1,79.0
326299,Sport Spot,95.07,Sports,42.13,Wednesday,Evening,69.19,1.0,Positive,83.52406,1,82.0
327146,Sport Spot,56.03,Sports,40.28,Wednesday,Evening,27.01,1.0,Positive,50.89223,1,88.0
327930,Sport Spot,46.77,Sports,79.41,Wednesday,Evening,47.33,3.0,Negative,28.7044,1,40.0
329255,Sport Spot,109.03,Sports,72.24,Wednesday,Evening,34.98,1.0,Positive,97.34877,1,64.0
329609,Sport Spot,110.3,Sports,52.68,Wednesday,Evening,22.76,3.0,Negative,63.44932,1,76.0
329985,Sport Spot,98.81,Sports,59.71,Wednesday,Evening,80.79,0.0,Neutral,85.55204,1,20.0
331263,Sport Spot,104.63,Sports,72.78,Wednesday,Evening,62.31,3.0,Negative,51.71,1,47.0
332094,Sport Spot,90.81,Sports,55.51,Wednesday,Evening,24.26,0.0,Positive,67.17034,1,9.0
332368,Sport Spot,22.33,Sports,69.94,Wednesday,Evening,40.34,2.0,Neutral,9.98,1,4.0
333518,Sport Spot,99.74,Sports,80.05,Wednesday,Evening,22.52,1.0,Negative,68.51056,1,13.0
334394,Sport Spot,119.55,Sports,38.37,Wednesday,Evening,64.96,3.0,Positive,71.02426,1,35.0
335484,Sport Spot,27.64,Sports,43.56,Wednesday,Evening,0.0,3.0,Neutral,21.4021,1,4.0
335613,Sport Spot,108.4,Sports,78.2,Wednesday,Evening,45.63,0.0,Neutral,79.65669,1,76.0
336389,Sport Spot,116.32,Sports,30.25,Wednesday,Evening,55.08,2.0,Positive,59.96879,1,50.0
337016,Sport Spot,95.51,Sports,87.51,Wednesday,Evening,46.81,0.0,Negative,51.8116,1,13.0
339278,Sport Spot,44.54,Sports,40.7,Wednesday,Evening,42.92,1.0,Positive,38.22853,1,26.0
342267,Sport Spot,106.4,Sports,80.03,Wednesday,Evening,32.96,0.0,Negative,91.16656,1,82.0
342699,Sport Spot,65.03231496062992,Sports,40.04,Wednesday,Evening,80.68,2.0,Positive,60.2021,1,6.0
347709,Sport Spot,34.68,Sports,61.57,Wednesday,Evening,49.69,1.0,Negative,31.72,1,8.0
350945,Sport Spot,86.28,Sports,43.83,Wednesday,Evening,97.82,0.0,Negative,72.09791,1,20.0
352308,Sport Spot,31.46,Sports,89.07,Wednesday,Evening,0.0,1.0,Neutral,30.72066,1,90.0
354738,Sport Spot,32.83,Sports,53.24,Wednesday,Evening,11.73,3.0,Negative,22.29279,1,50.0
355640,Sport Spot,105.51,Sports,66.4,Wednesday,Evening,26.57,2.0,Negative,74.37,1,7.0
356701,Sport Spot,104.26,Sports,83.68,Wednesday,Evening,0.0,1.0,Positive,52.21822,1,71.0
358075,Sport Spot,60.7,Sports,90.48,Wednesday,Evening,82.48,1.0,Negative,33.36,1,39.0
359770,Sport Spot,43.02,Sports,46.74,Wednesday,Evening,30.62,0.0,Neutral,41.39816,1,81.0
360987,Sport Spot,65.03231496062992,Sports,92.16,Wednesday,Evening,0.0,2.0,Neutral,36.49831,1,18.0
361503,Sport Spot,57.56,Sports,38.07,Wednesday,Evening,41.58,1.0,Negative,48.02447,1,31.0
365498,Sport Spot,65.03231496062992,Sports,97.37,Wednesday,Evening,37.35,1.0,Neutral,70.4692,1,35.0
366663,Sport Spot,23.17,Sports,84.29,Wednesday,Evening,66.63,3.0,Negative,9.47499,1,36.0
370907,Sport Spot,117.06,Sports,94.88,Wednesday,Evening,33.26,0.0,Negative,108.00574,1,31.0
372623,Sport Spot,68.29,Sports,86.67,Wednesday,Evening,93.65,2.0,Positive,60.82813,1,33.0
376971,Sport Spot,87.52,Sports,39.73,Wednesday,Evening,54.59,2.0,Positive,47.41982,1,44.0
377920,Sport Spot,9.03,Sports,49.13,Wednesday,Evening,0.0,3.0,Positive,0.0,1,100.0
378947,Sport Spot,98.58,Sports,70.25,Wednesday,Evening,0.0,3.0,Negative,59.33299,1,23.0
379242,Sport Spot,65.03231496062992,Sports,50.09,Wednesday,Evening,0.0,1.0,Neutral,84.48408,1,29.0
382871,Sport Spot,66.49,Sports,93.52,Wednesday,Evening,85.52,1.0,Positive,55.30643,1,81.0
383135,Sport Spot,96.54,Sports,32.56,Wednesday,Evening,34.85,3.0,Positive,58.77253,1,74.0
383989,Sport Spot,18.96,Sports,26.81,Wednesday,Evening,52.23,3.0,Negative,5.83,1,23.0
384934,Sport Spot,76.54,Sports,34.63,Wednesday,Evening,2.76,3.0,Negative,45.05871,1,91.0
386254,Sport Spot,30.84,Sports,56.11,Wednesday,Evening,6.54,1.0,Negative,22.24,1,19.0
386646,Sport Spot,30.76,Sports,44.2,Wednesday,Evening,87.3,0.0,Negative,14.73,1,87.0
387280,Sport Spot,53.1,Sports,50.61,Wednesday,Evening,4.65,2.0,Negative,37.79304,1,75.0
387619,Sport Spot,37.73,Sports,48.46,Wednesday,Evening,4.01,2.0,Positive,26.81398,1,24.0
388732,Sport Spot,112.41,Sports,49.94,Wednesday,Evening,19.56,3.0,Neutral,70.10422,1,88.0
389685,Sport Spot,91.45,Sports,27.77,Wednesday,Evening,0.0,1.0,Positive,58.09589,1,40.0
390402,Sport Spot,68.59,Sports,95.58,Wednesday,Evening,76.86,0.0,Positive,44.32946,1,31.0
392950,Sport Spot,95.34,Sports,69.56,Wednesday,Evening,0.0,1.0,Positive,50.44,1,29.0
393646,Sport Spot,75.98,Sports,62.11,Wednesday,Evening,4.68,2.0,Negative,56.17704,1,74.0
395105,Sport Spot,99.4,Sports,90.07,Wednesday,Evening,54.23,3.0,Negative,63.87526,1,16.0
399788,Sport Spot,48.76,Sports,38.36,Wednesday,Evening,85.88,3.0,Neutral,29.8974,1,18.0
400099,Sport Spot,32.32,Sports,69.28,Wednesday,Evening,61.12,2.0,Negative,8.22,1,7.0
400753,Sport Spot,34.4,Sports,81.41,Wednesday,Evening,76.81,0.0,Positive,32.36781,1,20.0
401703,Sport Spot,111.11,Sports,77.53,Wednesday,Evening,40.45,0.0,Positive,70.89649,1,23.0
404236,Sport Spot,70.87,Sports,44.91,Wednesday,Evening,29.9,0.0,Neutral,44.25032,1,4.0
406735,Sport Spot,53.74,Sports,43.93,Wednesday,Evening,79.76,3.0,Neutral,40.09483,1,61.0
406969,Sport Spot,71.53,Sports,52.38,Wednesday,Evening,15.73,0.0,Neutral,41.18141,1,38.0
408212,Sport Spot,73.34,Sports,39.79,Wednesday,Evening,0.0,1.0,Neutral,40.09483,1,28.0
409342,Sport Spot,109.72,Sports,84.67,Wednesday,Evening,16.91,0.0,Negative,63.40826,1,43.0
414406,Sport Spot,57.97,Sports,74.48,Wednesday,Evening,88.61,0.0,Neutral,44.32903,1,40.0
415823,Sport Spot,33.05,Sports,47.03,Wednesday,Evening,0.0,0.0,Positive,20.02204,1,33.0
415827,Sport Spot,117.65,Sports,90.94,Wednesday,Evening,34.87,1.0,Positive,65.87291,1,63.0
417454,Sport Spot,43.59,Sports,49.25,Wednesday,Evening,56.81,3.0,Positive,34.77,1,18.0
417920,Sport Spot,65.03231496062992,Sports,55.71,Wednesday,Evening,51.31,3.0,Positive,39.11933,1,17.0
421263,Sport Spot,83.24,Sports,81.21,Wednesday,Evening,90.92,0.0,Neutral,54.19437,1,23.0
423457,Sport Spot,21.43,Sports,28.63,Wednesday,Evening,0.0,0.0,Neutral,8.48,1,30.0
425371,Sport Spot,73.09,Sports,23.4,Wednesday,Evening,31.29,0.0,Positive,40.53449,1,10.0
427373,Sport Spot,76.52,Sports,56.9,Wednesday,Evening,94.73,2.0,Negative,55.65721,1,93.0
427886,Sport Spot,100.61,Sports,29.31,Wednesday,Evening,20.52,0.0,Neutral,50.48903,1,87.0
428786,Sport Spot,48.35,Sports,40.94,Wednesday,Evening,69.72,3.0,Neutral,45.00423,1,50.0
430405,Sport Spot,77.5,Sports,32.9,Wednesday,Evening,49.02,3.0,Neutral,39.92906,1,23.0
432031,Sport Spot,33.46,Sports,75.41,Wednesday,Evening,60.96,3.0,Neutral,17.08356,1,97.0
435037,Sport Spot,96.07,Sports,92.97,Wednesday,Evening,89.12,0.0,Positive,74.07341,1,4.0
436161,Sport Spot,68.89,Sports,65.34,Wednesday,Evening,63.52,1.0,Positive,60.33567,1,51.0
438895,Sport Spot,36.66,Sports,94.13,Wednesday,Evening,28.55,1.0,Negative,22.85306,1,99.0
440014,Sport Spot,88.67,Sports,74.3,Wednesday,Evening,48.47,0.0,Neutral,65.85255,1,21.0
445794,Sport Spot,94.04,Sports,87.96,Wednesday,Evening,87.44,2.0,Positive,62.23511,1,54.0
447390,Sport Spot,10.25,Sports,31.58,Wednesday,Evening,6.65,3.0,Neutral,2.82223,1,29.0
450371,Sport Spot,22.12,Sports,24.07,Wednesday,Evening,0.0,0.0,Negative,20.62052,1,71.0
450521,Sport Spot,12.13,Sports,81.61,Wednesday,Evening,0.0,1.0,Neutral,9.09799,1,79.0
451107,Sport Spot,65.03231496062992,Sports,57.87,Wednesday,Evening,77.31,0.0,Neutral,15.34971,1,86.0
451522,Sport Spot,84.82,Sports,79.48,Wednesday,Evening,52.61,1.0,Negative,75.1199,1,81.0
452434,Sport Spot,65.03231496062992,Sports,64.85,Wednesday,Evening,49.02,2.0,Positive,33.31221,1,92.0
453021,Sport Spot,76.42,Sports,99.72,Wednesday,Evening,0.0,2.0,Neutral,68.41579,1,100.0
453088,Sport Spot,97.64,Sports,29.51,Wednesday,Evening,9.0,0.0,Negative,67.65678,1,100.0
454112,Sport Spot,62.82,Sports,81.92,Wednesday,Evening,94.48,2.0,Positive,55.30643,1,78.0
455053,Sport Spot,94.64,Sports,84.92,Wednesday,Evening,44.71,3.0,Negative,73.50099,1,94.0
455852,Sport Spot,14.71,Sports,78.98,Wednesday,Evening,61.99,3.0,Neutral,1.72752,1,31.0
455942,Sport Spot,117.84,Sports,67.54,Wednesday,Evening,84.59,2.0,Negative,86.37,1,7.0
457389,Sport Spot,67.69,Sports,54.59,Wednesday,Evening,0.0,2.0,Positive,39.64164,1,67.0
459833,Sport Spot,77.31,Sports,32.47,Wednesday,Evening,94.82,0.0,Neutral,57.04672,1,9.0
462579,Sport Spot,32.34,Sports,37.68,Wednesday,Evening,0.0,3.0,Negative,6.65215,1,64.0
467468,Sport Spot,65.03231496062992,Sports,59.41,Wednesday,Evening,93.75,3.0,Positive,87.57694,1,72.0
469712,Sport Spot,65.03231496062992,Sports,71.46,Wednesday,Evening,48.5,3.0,Negative,3.10247,1,51.0
471749,Sport Spot,107.33,Sports,96.39,Wednesday,Evening,73.59,1.0,Positive,96.83,1,71.0
472350,Sport Spot,111.7,Sports,86.73,Wednesday,Evening,55.62,1.0,Neutral,85.31534,1,70.0
473775,Sport Spot,28.56,Sports,38.56,Wednesday,Evening,7.42,3.0,Negative,7.80101,1,4.0
475187,Sport Spot,49.34,Sports,76.92,Wednesday,Evening,0.0,3.0,Negative,30.41644,1,39.0
475542,Sport Spot,65.03231496062992,Sports,50.98,Wednesday,Evening,46.15,3.0,Positive,65.24108,1,81.0
475566,Sport Spot,52.85,Sports,94.12,Wednesday,Evening,45.82,2.0,Positive,45.12169,1,79.0
475731,Sport Spot,15.29,Sports,40.15,Wednesday,Evening,73.0,3.0,Negative,5.48073,1,29.0
483110,Sport Spot,33.4,Sports,74.72,Wednesday,Evening,0.0,1.0,Positive,24.2661,1,85.0
483316,Sport Spot,64.67,Sports,92.05,Wednesday,Evening,54.08,0.0,Positive,62.89812,1,74.0
487767,Sport Spot,20.14,Sports,55.54,Wednesday,Evening,0.0,1.0,Positive,6.55135,1,6.0
488036,Sport Spot,106.2,Sports,91.23,Wednesday,Evening,6.01,0.0,Negative,64.05249,1,6.0
489216,Sport Spot,85.51,Sports,60.44,Wednesday,Evening,88.61,0.0,Neutral,44.32903,1,40.0
490606,Sport Spot,71.45,Sports,71.65,Wednesday,Evening,87.66,1.0,Positive,54.03595,1,61.0
491116,Sport Spot,14.08,Sports,36.28,Wednesday,Evening,84.59,2.0,Negative,6.92433,1,46.0
491790,Sport Spot,117.36,Sports,69.04,Wednesday,Evening,82.66,1.0,Positive,65.87291,1,63.0
501960,Sport Spot,86.24,Sports,99.71,Wednesday,Evening,63.41,1.0,Positive,54.79601,1,1.0
509098,Sport Spot,51.61,Sports,95.05,Wednesday,Evening,51.95,1.0,Negative,33.37734,1,79.0
512319,Sport Spot,61.21,Sports,64.47,Wednesday,Evening,47.33,3.0,Positive,34.54622,1,82.0
514228,Sport Spot,50.67,Sports,35.02,Wednesday,Evening,16.03,2.0,Negative,32.25057,1,9.0
514484,Sport Spot,24.98,Sports,71.39,Wednesday,Evening,64.39,0.0,Neutral,10.44393,1,88.0
516155,Sport Spot,63.52,Sports,20.37,Wednesday,Evening,46.41,0.0,Positive,29.58054,1,54.0
516539,Sport Spot,105.24,Sports,89.99,Wednesday,Evening,28.3,0.0,Neutral,92.5456,1,57.0
517586,Sport Spot,65.03231496062992,Sports,62.54,Wednesday,Evening,69.49,3.0,Positive,28.07205,1,94.0
517665,Sport Spot,86.13,Sports,68.49,Wednesday,Evening,4.85,3.0,Neutral,68.25736,1,81.0
518425,Sport Spot,66.73,Sports,63.98,Wednesday,Evening,0.0,3.0,Negative,40.98438,1,29.0
520428,Sport Spot,116.84,Sports,85.22,Wednesday,Evening,93.41,1.0,Negative,83.31848,1,34.0
523231,Sport Spot,52.38,Sports,61.68,Wednesday,Evening,61.84,0.0,Neutral,40.42067,1,30.0
525207,Sport Spot,65.03231496062992,Sports,28.93,Wednesday,Evening,17.06,1.0,Positive,32.0669,1,72.0
525229,Sport Spot,62.38,Sports,43.25,Wednesday,Evening,48.38,1.0,Neutral,55.29948,1,91.0
526001,Sport Spot,76.77,Sports,29.65,Wednesday,Evening,22.54,3.0,Negative,48.0003,1,44.0
526463,Sport Spot,118.55,Sports,31.17,Wednesday,Evening,56.34,0.0,Positive,62.81967,1,71.0
526708,Sport Spot,74.98,Sports,85.76,Wednesday,Evening,0.0,3.0,Neutral,40.30238,1,23.0
528097,Sport Spot,98.65,Sports,32.53,Wednesday,Evening,68.51,1.0,Negative,69.98494,1,54.0
531771,Sport Spot,93.17,Sports,64.11,Wednesday,Evening,0.0,1.0,Neutral,80.75686,1,35.0
532992,Sport Spot,33.3,Sports,94.99,Wednesday,Evening,13.85,0.0,Neutral,19.27645,1,50.0
533864,Sport Spot,37.63,Sports,48.07,Wednesday,Evening,5.96,2.0,Positive,26.81398,1,24.0
535080,Sport Spot,93.96,Sports,24.65,Wednesday,Evening,38.68,0.0,Positive,58.6402,1,49.0
535810,Sport Spot,75.81,Sports,78.3,Wednesday,Evening,0.0,2.0,Neutral,45.00584,1,71.0
537888,Sport Spot,16.97,Sports,38.97,Wednesday,Evening,25.38,0.0,Negative,0.12524,1,51.0
537945,Sport Spot,43.1,Sports,39.76,Wednesday,Evening,57.91,1.0,Negative,20.52794,1,75.0
539983,Sport Spot,96.04,Sports,33.25,Wednesday,Evening,0.0,1.0,Negative,91.20048,1,63.0
541201,Sport Spot,53.67,Sports,93.57,Wednesday,Evening,91.32,0.0,Neutral,48.58648,1,80.0
541857,Sport Spot,96.19,Sports,39.06,Wednesday,Evening,0.0,2.0,Positive,58.16511,1,100.0
541997,Sport Spot,57.76,Sports,29.65,Wednesday,Evening,22.54,3.0,Negative,48.0003,1,44.0
542356,Sport Spot,31.13,Sports,58.36,Wednesday,Evening,0.0,1.0,Positive,15.79,1,64.0
549368,Sport Spot,65.03231496062992,Sports,49.72,Wednesday,Evening,0.0,2.0,Negative,73.04077,1,36.0
551383,Sport Spot,112.5,Sports,30.83,Wednesday,Evening,0.0,2.0,Positive,64.84491,1,26.0
552242,Sport Spot,31.73,Sports,63.63,Wednesday,Evening,57.34,1.0,Negative,18.66,1,74.0
552655,Sport Spot,28.69,Sports,52.87,Wednesday,Evening,81.73,3.0,Negative,11.73,1,78.0
555023,Sport Spot,85.79,Sports,50.31,Wednesday,Evening,56.47,1.0,Positive,67.27682,1,60.0
555482,Sport Spot,42.62,Sports,88.61,Wednesday,Evening,63.35,1.0,Neutral,30.67518,1,11.0
557362,Sport Spot,42.88,Sports,41.14,Wednesday,Evening,66.49,2.0,Negative,34.44474,1,38.0
557675,Sport Spot,105.24,Sports,61.22,Wednesday,Evening,28.3,0.0,Neutral,92.5456,1,57.0
559804,Sport Spot,65.55,Sports,95.64,Wednesday,Evening,67.93,2.0,Neutral,33.31221,1,97.0
560690,Sport Spot,32.49,Sports,28.58,Wednesday,Evening,20.5,3.0,Negative,27.87783,1,60.0
562668,Sport Spot,13.56,Sports,35.16,Wednesday,Evening,98.11,3.0,Neutral,3.84475,1,28.0
563867,Sport Spot,39.75,Sports,69.72,Wednesday,Evening,77.09,1.0,Negative,30.49097,1,96.0
564689,Sport Spot,35.87,Sports,93.94,Wednesday,Evening,49.99,2.0,Positive,26.19614,1,93.0
565715,Sport Spot,23.61,Sports,24.74,Wednesday,Evening,16.29,0.0,Negative,20.62052,1,71.0
567565,Sport Spot,21.38,Sports,95.9,Wednesday,Evening,0.0,1.0,Positive,8.70715,1,21.0
567577,Sport Spot,93.14,Sports,64.37,Wednesday,Evening,5.12,1.0,Neutral,80.75686,1,28.0
569346,Sport Spot,8.32,Sports,88.79,Wednesday,Evening,34.51,1.0,Negative,0.0,1,76.0
569748,Sport Spot,81.06,Sports,40.96,Wednesday,Evening,0.0,0.0,Negative,40.76993,1,74.0
570674,Sport Spot,61.57,Sports,37.22,Wednesday,Evening,76.4,1.0,Positive,49.0313,1,1.0
570961,Sport Spot,48.83,Sports,32.51,Wednesday,Evening,70.92,3.0,Neutral,31.18247,1,67.0
571919,Sport Spot,97.54,Sports,91.46,Wednesday,Evening,50.32,1.0,Positive,81.85521,1,86.0
578993,Sport Spot,111.51,Sports,36.16,Wednesday,Evening,89.25,1.0,Positive,58.1428,1,50.0
579295,Sport Spot,12.3,Sports,33.14,Wednesday,Evening,71.21,1.0,Neutral,0.0,1,53.0
583196,Sport Spot,95.91,Sports,39.96,Wednesday,Evening,0.0,2.0,Positive,50.49687,1,13.0
584311,Sport Spot,53.5,Sports,24.28,Wednesday,Evening,97.64,1.0,Neutral,28.00272,1,12.0
585147,Sport Spot,58.76,Sports,60.26,Wednesday,Evening,24.65,0.0,Neutral,43.51924,1,3.0
589218,Sport Spot,10.74,Sports,39.97,Wednesday,Evening,0.0,0.0,Negative,7.02,1,39.0
590704,Sport Spot,71.18,Sports,62.16,Wednesday,Evening,57.48,0.0,Neutral,33.22152,1,15.0
593791,Sport Spot,68.17,Sports,65.82,Wednesday,Evening,68.79,1.0,Neutral,61.14804,1,19.0
594525,Sport Spot,62.85,Sports,96.72,Wednesday,Evening,40.6,0.0,Neutral,58.77253,1,64.0
595835,Sport Spot,62.37,Sports,62.69,Wednesday,Evening,63.05,2.0,Neutral,31.8728,1,32.0
599531,Sport Spot,34.86,Sports,34.1,Wednesday,Evening,81.2,1.0,Neutral,23.5563,1,5.0
599698,Sport Spot,36.67,Sports,96.96,Wednesday,Evening,63.52,0.0,Neutral,31.45624,1,36.0
600607,Sport Spot,71.18,Sports,56.68,Wednesday,Evening,0.0,1.0,Negative,32.66927,1,24.0
602319,Sport Spot,31.97,Sports,26.53,Wednesday,Evening,12.37,0.0,Neutral,22.77102,1,43.0
603284,Sport Spot,34.74,Sports,62.97,Wednesday,Evening,64.94,3.0,Positive,22.63,1,72.0
603772,Sport Spot,65.29,Sports,95.79,Wednesday,Evening,57.44,2.0,Negative,50.6542,1,88.0
604474,Sport Spot,88.32,Sports,92.11,Wednesday,Evening,8.15,1.0,Negative,71.1554,1,67.0
607637,Sport Spot,21.46,Sports,60.52,Wednesday,Evening,33.45,3.0,Neutral,16.76,1,3.0
607914,Sport Spot,27.42,Sports,37.51,Wednesday,Evening,5.07,2.0,Positive,23.47307,1,19.0
608027,Sport Spot,118.43,Sports,21.32,Wednesday,Evening,79.97,2.0,Negative,90.85938,1,66.0
608442,Sport Spot,56.44,Sports,63.19,Wednesday,Evening,78.16,2.0,Neutral,45.36113,1,94.0
609400,Sport Spot,116.6,Sports,86.86,Wednesday,Evening,77.75,3.0,Negative,110.94906,1,80.0
609970,Sport Spot,50.83,Sports,52.4,Wednesday,Evening,96.82,1.0,Negative,23.26842,1,82.0
614051,Sport Spot,61.19,Sports,37.22,Wednesday,Evening,72.22,1.0,Neutral,49.0313,1,1.0
614972,Sport Spot,101.36,Sports,30.37,Wednesday,Evening,0.0,3.0,Neutral,72.86298,1,26.0
615313,Sport Spot,62.65,Sports,72.12,Wednesday,Evening,97.81,3.0,Neutral,28.31605,1,20.0
615652,Sport Spot,14.13,Sports,28.33,Wednesday,Evening,22.05,3.0,Negative,3.25064,1,61.0
621451,Sport Spot,61.57,Sports,37.22,Wednesday,Evening,0.0,0.0,Positive,49.0313,1,2.0
622296,Sport Spot,42.5,Sports,95.18,Wednesday,Evening,0.0,0.0,Negative,29.04622,1,80.0
622852,Sport Spot,12.23,Sports,27.71,Wednesday,Evening,4.15,1.0,Negative,7.04,1,69.0
624173,Sport Spot,65.03231496062992,Sports,61.52,Wednesday,Evening,66.28,0.0,Neutral,6.16,1,32.0
624313,Sport Spot,65.03231496062992,Sports,31.51,Wednesday,Evening,0.0,2.0,Positive,64.55687,1,32.0
624860,Sport Spot,54.81,Sports,21.75,Wednesday,Evening,83.21,0.0,Negative,37.7,1,19.0
628549,Sport Spot,65.44,Sports,64.78,Wednesday,Evening,47.87,1.0,Negative,44.30173,1,87.0
630043,Sport Spot,94.04,Sports,87.61,Wednesday,Evening,87.23,2.0,Positive,62.23511,1,54.0
631801,Sport Spot,106.98,Sports,61.8,Wednesday,Evening,69.39,3.0,Negative,90.71,1,62.0
632353,Sport Spot,55.03,Sports,48.74,Wednesday,Evening,22.86,3.0,Neutral,35.89269,1,39.0
633373,Sport Spot,92.81,Sports,25.89,Wednesday,Evening,27.66,1.0,Neutral,74.89709,1,50.0
637693,Sport Spot,111.97,Sports,62.12,Wednesday,Evening,73.98,3.0,Neutral,87.91015,1,50.0
638282,Sport Spot,117.92,Sports,87.17,Wednesday,Evening,2.49,3.0,Negative,48.23693,1,69.0
640336,Sport Spot,65.03231496062992,Sports,85.07,Wednesday,Evening,0.0,2.0,Positive,27.06031,1,85.0
641355,Sport Spot,82.49,Sports,87.92,Wednesday,Evening,85.52,0.0,Neutral,68.79253,1,54.0
642179,Sport Spot,10.93,Sports,90.93,Wednesday,Evening,63.91,2.0,Neutral,0.64638,1,72.0
642645,Sport Spot,45.6,Sports,72.47,Wednesday,Evening,28.62,0.0,Positive,39.43851,1,11.0
643931,Sport Spot,85.09,Sports,46.8,Wednesday,Evening,68.61,0.0,Neutral,44.32903,1,40.0
644297,Sport Spot,67.6,Sports,60.08,Wednesday,Evening,89.38,0.0,Neutral,44.32903,1,46.0
644686,Sport Spot,57.99,Sports,74.26,Wednesday,Evening,29.96,3.0,Negative,30.00116,1,15.0
649930,Sport Spot,8.17,Sports,67.97,Wednesday,Evening,57.94,3.0,Positive,6.62316,1,1.0
651051,Sport Spot,104.52,Sports,52.47,Wednesday,Evening,16.41,2.0,Neutral,59.28476,1,55.0
651785,Sport Spot,67.06,Sports,70.84,Wednesday,Evening,56.84,3.0,Negative,28.95894,1,38.0
651849,Sport Spot,60.02,Sports,39.21,Wednesday,Evening,36.47,1.0,Neutral,45.41479,1,18.0
652453,Sport Spot,95.39,Sports,81.97,Wednesday,Evening,21.82,1.0,Negative,68.38686,1,44.0
653361,Sport Spot,103.23,Sports,76.34,Wednesday,Evening,0.0,3.0,Negative,73.86247,1,67.0
653375,Sport Spot,117.68,Sports,28.66,Wednesday,Evening,18.48,0.0,Neutral,109.99604,1,21.0
653971,Sport Spot,44.7,Sports,46.32,Wednesday,Evening,79.21,2.0,Positive,34.0608,1,71.0
655556,Sport Spot,27.32,Sports,63.39,Wednesday,Evening,64.93,0.0,Positive,16.18672,1,24.0
658476,Sport Spot,83.42,Sports,83.32,Wednesday,Evening,1.88,0.0,Positive,66.42147,1,99.0
658962,Sport Spot,28.45,Sports,25.84,Wednesday,Evening,18.58,2.0,Positive,6.76444,1,35.0
660362,Sport Spot,48.78,Sports,77.82,Wednesday,Evening,0.0,3.0,Positive,40.33794,1,75.0
662566,Sport Spot,111.11,Sports,77.53,Wednesday,Evening,40.45,0.0,Positive,70.89649,1,32.0
663501,Sport Spot,60.3,Sports,22.75,Wednesday,Evening,0.0,3.0,Negative,58.09768,1,7.0
664189,Sport Spot,65.03231496062992,Sports,70.41,Wednesday,Evening,89.21,0.0,Negative,73.25449,1,33.0
665462,Sport Spot,58.32,Sports,79.76,Wednesday,Evening,22.18,0.0,Neutral,41.14721,1,79.0
666357,Sport Spot,64.23,Sports,21.56,Wednesday,Evening,58.67,2.0,Positive,51.95,1,87.0
666627,Sport Spot,6.06,Sports,26.28,Wednesday,Evening,0.0,2.0,Positive,0.0,1,100.0
675908,Sport Spot,85.07,Sports,64.68,Wednesday,Evening,88.61,0.0,Neutral,44.32903,1,46.0
677755,Sport Spot,19.23,Sports,47.11,Wednesday,Evening,2.66,0.0,Neutral,6.82433,1,51.0
679282,Sport Spot,65.03231496062992,Sports,45.83,Wednesday,Evening,23.18,0.0,Neutral,30.26758,1,23.0
679305,Sport Spot,7.08,Sports,60.54,Wednesday,Evening,23.96,1.0,Neutral,3.85814,1,4.0
679661,Sport Spot,76.21,Sports,97.21,Wednesday,Evening,0.0,0.0,Neutral,44.92531,1,97.0
681367,Sport Spot,28.84,Sports,79.81,Wednesday,Evening,41.82,0.0,Positive,20.16992,1,91.0
682284,Sport Spot,11.66,Sports,89.98,Wednesday,Evening,6.08,3.0,Negative,6.28,1,64.0
682337,Sport Spot,68.7,Sports,65.34,Wednesday,Evening,63.52,1.0,Positive,60.33567,1,51.0
684825,Sport Spot,37.73,Sports,48.35,Wednesday,Evening,4.54,1.0,Positive,26.81398,1,24.0
685212,Sport Spot,87.61,Sports,43.8,Wednesday,Evening,76.64,3.0,Neutral,51.37206,1,5.0
685770,Sport Spot,92.98,Sports,41.79,Wednesday,Evening,57.79,1.0,Neutral,49.86712,1,66.0
689347,Sport Spot,57.23,Sports,97.14,Wednesday,Evening,0.0,0.0,Negative,40.02399,1,91.0
690527,Sport Spot,56.64,Sports,30.01,Wednesday,Evening,0.0,1.0,Positive,45.71223,1,11.0
693428,Sport Spot,63.03,Sports,29.79,Wednesday,Evening,38.52,2.0,Negative,35.79098,1,98.0
693578,Sport Spot,28.71,Sports,33.36,Wednesday,Evening,63.54,3.0,Positive,21.6177,1,57.0
694028,Sport Spot,13.57,Sports,55.06,Wednesday,Evening,0.0,3.0,Neutral,6.63434,1,16.0
697284,Sport Spot,65.03231496062992,Sports,67.24,Wednesday,Evening,0.0,3.0,Negative,21.17004,1,51.0
697406,Sport Spot,52.33,Sports,59.66,Wednesday,Evening,82.32,0.0,Neutral,41.66858,1,95.0
697638,Sport Spot,32.29,Sports,84.16,Wednesday,Evening,68.82,3.0,Positive,17.98016,1,72.0
698547,Sport Spot,65.03231496062992,Sports,79.71,Wednesday,Evening,90.7,0.0,Positive,33.67832,1,85.0
698820,Sport Spot,107.93,Sports,73.21,Wednesday,Evening,98.17,1.0,Negative,77.5319,1,9.0
699213,Sport Spot,65.03231496062992,Sports,89.62,Wednesday,Evening,81.8,0.0,Negative,21.9875,1,53.0
699603,Sport Spot,85.77,Sports,97.06,Wednesday,Evening,13.73,1.0,Negative,82.58711,1,53.0
699954,Sport Spot,22.06,Sports,62.61,Wednesday,Evening,22.67,2.0,Negative,18.09858,1,84.0
700386,Sport Spot,53.27,Sports,58.45,Wednesday,Evening,18.87,3.0,Neutral,47.1194,1,38.0
701572,Sport Spot,80.81,Sports,98.84,Wednesday,Evening,80.97,2.0,Neutral,75.92533,1,21.0
701667,Sport Spot,60.23,Sports,56.09,Wednesday,Evening,97.58,1.0,Negative,58.04329,1,27.0
702024,Sport Spot,60.96,Sports,97.07,Wednesday,Evening,46.85,0.0,Neutral,38.81328,1,42.0
702905,Sport Spot,58.43,Sports,46.85,Wednesday,Evening,59.52,2.0,Negative,43.57417,1,88.0
702946,Sport Spot,65.03231496062992,Sports,83.81,Wednesday,Evening,35.41,1.0,Negative,0.0,1,60.0
703137,Sport Spot,59.34,Sports,21.65,Wednesday,Evening,89.84,0.0,Negative,49.12041,1,2.0
704128,Sport Spot,71.96,Sports,28.21,Wednesday,Evening,91.39,2.0,Neutral,43.20255,1,33.0
704720,Sport Spot,111.03,Sports,87.04,Wednesday,Evening,0.04,1.0,Positive,74.89911,1,1.0
705549,Sport Spot,84.91,Sports,28.99,Wednesday,Evening,29.17,0.0,Negative,57.0464,1,76.0
705883,Sport Spot,85.19,Sports,56.25,Wednesday,Evening,34.18,0.0,Positive,71.41942,1,55.0
706306,Sport Spot,83.63,Sports,61.62,Wednesday,Evening,32.63,3.0,Positive,53.61644,1,61.0
707280,Sport Spot,44.26,Sports,31.87,Wednesday,Evening,0.0,1.0,Positive,32.25,1,18.0
707298,Sport Spot,32.48,Sports,62.46,Wednesday,Evening,83.46,2.0,Positive,25.63049,1,62.0
707304,Sport Spot,109.93,Sports,52.48,Wednesday,Evening,34.63,0.0,Negative,60.68594,1,77.0
709923,Sport Spot,90.84,Sports,29.67,Wednesday,Evening,9.73,2.0,Negative,63.4277,1,17.0
711307,Sport Spot,76.72,Sports,29.65,Wednesday,Evening,22.54,3.0,Negative,48.0003,1,44.0
712073,Sport Spot,61.41,Sports,23.11,Wednesday,Evening,96.85,3.0,Neutral,59.76517,1,59.0
712161,Sport Spot,81.72,Sports,53.82,Wednesday,Evening,0.0,2.0,Positive,65.21905,1,92.0
712330,Sport Spot,41.66,Sports,39.98,Wednesday,Evening,7.05,0.0,Negative,14.44,1,23.0
713869,Sport Spot,20.54,Sports,81.91,Wednesday,Evening,84.96,3.0,Negative,2.46445,1,72.0
715952,Sport Spot,93.03,Sports,45.0,Wednesday,Evening,16.59,0.0,Negative,49.68901,1,24.0
716034,Sport Spot,66.15,Sports,77.03,Wednesday,Evening,93.41,1.0,Neutral,43.33846,1,56.0
717279,Sport Spot,68.29,Sports,73.73,Wednesday,Evening,82.72,1.0,Positive,50.59586,1,21.0
717354,Sport Spot,106.12,Sports,32.92,Wednesday,Evening,58.17,3.0,Positive,70.79393,1,81.0
718712,Sport Spot,21.2,Sports,58.82,Wednesday,Evening,51.2,2.0,Neutral,9.9209,1,2.0
722654,Sport Spot,65.03231496062992,Sports,52.87,Wednesday,Evening,52.81,3.0,Negative,59.94212,1,34.0
722860,Sport Spot,65.03231496062992,Sports,41.6,Wednesday,Evening,69.64,1.0,Negative,21.29488,1,93.0
722891,Sport Spot,49.78,Sports,48.38,Wednesday,Evening,96.06,1.0,Positive,40.35321,1,47.0
725119,Sport Spot,8.32,Sports,27.24,Wednesday,Evening,34.3,1.0,Negative,0.0,1,50.0
726570,Sport Spot,44.03,Sports,88.74,Wednesday,Evening,87.74,2.0,Neutral,23.36724,1,95.0
726965,Sport Spot,65.03231496062992,Sports,36.79,Wednesday,Evening,0.0,0.0,Neutral,32.11311,1,11.0
727765,Sport Spot,42.62,Sports,88.61,Wednesday,Evening,63.35,1.0,Neutral,30.67518,1,12.0
728432,Sport Spot,54.7,Sports,97.12,Wednesday,Evening,0.0,3.0,Positive,46.84807,1,32.0
730869,Sport Spot,58.39,Sports,33.78,Wednesday,Evening,81.38,2.0,Positive,47.1153,1,43.0
733356,Sport Spot,39.83,Sports,69.57,Wednesday,Evening,98.49,1.0,Negative,28.89,1,16.0
733406,Sport Spot,115.76,Sports,45.17,Wednesday,Evening,79.12,1.0,Neutral,64.61077,1,56.0
735053,Sport Spot,104.25,Sports,77.77,Wednesday,Evening,48.05,1.0,Negative,88.96679,1,55.0
735127,Sport Spot,89.74,Sports,26.86,Wednesday,Evening,0.0,1.0,Positive,43.07,1,58.0
735851,Sport Spot,33.47,Sports,94.99,Wednesday,Evening,13.85,0.0,Neutral,19.27645,1,50.0
738980,Sport Spot,114.97,Sports,32.41,Wednesday,Evening,0.0,3.0,Negative,54.70145,1,94.0
739130,Sport Spot,25.11,Sports,78.69,Wednesday,Evening,26.59,3.0,Neutral,21.28298,1,52.0
741763,Sport Spot,87.26,Sports,29.65,Wednesday,Evening,22.54,3.0,Negative,48.0003,1,44.0
742434,Sport Spot,79.36,Sports,39.21,Wednesday,Evening,87.38,0.0,Negative,64.63513,1,13.0
743812,Sport Spot,73.61,Sports,94.82,Wednesday,Evening,94.82,3.0,Neutral,45.98246,1,13.0
745394,Sport Spot,56.2,Sports,86.3,Wednesday,Evening,1.11,0.0,Neutral,54.02267,1,23.0
746201,Sport Spot,97.22,Sports,38.55,Wednesday,Evening,8.85,1.0,Negative,55.1457,1,67.0
746256,Sport Spot,20.78,Sports,30.13,Wednesday,Evening,49.02,0.0,Positive,19.57301,1,65.0
746601,Sport Spot,96.07,Sports,76.31,Wednesday,Evening,0.0,2.0,Positive,50.76488,1,91.0
749821,Sport Spot,83.13,Sports,56.6,Wednesday,Evening,0.0,0.0,Positive,42.01597,1,7.0
750108,Sport Spot,93.88,Sports,54.53,Wednesday,Evening,35.03,3.0,Neutral,,0,94.0
750971,Sport Spot,66.02,Sports,69.76,Wednesday,Evening,93.54,3.0,Positive,,0,100.0
752127,Sport Spot,9.4,Sports,60.25,Wednesday,Evening,0.0,3.0,Negative,,0,91.0
752841,Sport Spot,11.67,Sports,69.91,Wednesday,Evening,6.32,3.0,Positive,,0,99.0
754951,Sport Spot,65.03231496062992,Sports,85.81,Wednesday,Evening,67.17,3.0,Positive,,0,17.0
758830,Sport Spot,26.33,Sports,60.86,Wednesday,Evening,31.72,0.0,Neutral,,0,50.0
767772,Sport Spot,33.27,Sports,53.4,Wednesday,Evening,0.0,2.0,Neutral,,0,18.0
767884,Sport Spot,7.43,Sports,36.37,Wednesday,Evening,91.03,0.0,Neutral,,0,27.0
772576,Sport Spot,106.82,Sports,66.82,Wednesday,Evening,71.4,3.0,Negative,,0,59.0
772976,Sport Spot,61.19,Sports,37.12,Wednesday,Evening,18.91,1.0,Positive,,0,75.0
774834,Sport Spot,65.03231496062992,Sports,48.75,Wednesday,Evening,0.0,2.0,Negative,,0,60.0
775707,Sport Spot,65.03231496062992,Sports,92.63,Wednesday,Evening,0.0,0.0,Negative,,0,75.0
776697,Sport Spot,69.12,Sports,59.38,Wednesday,Evening,57.38,0.0,Positive,,0,10.0
778981,Sport Spot,19.74,Sports,36.4,Wednesday,Evening,86.09,2.0,Negative,,0,18.0
781654,Sport Spot,16.19,Sports,44.65,Wednesday,Evening,36.62,1.0,Neutral,,0,31.0
782163,Sport Spot,19.38,Sports,86.4,Wednesday,Evening,66.15,1.0,Neutral,,0,3.0
783127,Sport Spot,15.43,Sports,51.03,Wednesday,Evening,0.0,0.0,Neutral,,0,88.0
784373,Sport Spot,68.71,Sports,65.34,Wednesday,Evening,63.52,1.0,Positive,,0,70.0
786120,Sport Spot,39.48,Sports,68.68,Wednesday,Evening,99.31,2.0,Neutral,,0,96.0
786980,Sport Spot,54.62,Sports,88.61,Wednesday,Evening,63.35,1.0,Neutral,,0,12.0
787393,Sport Spot,114.19,Sports,86.77,Wednesday,Evening,4.6,1.0,Positive,,0,22.0
788656,Sport Spot,98.44,Sports,77.32,Wednesday,Evening,98.32,0.0,Positive,,0,8.0
789357,Sport Spot,48.38,Sports,62.62,Wednesday,Evening,31.38,2.0,Negative,,0,65.0
789788,Sport Spot,84.41,Sports,79.19,Wednesday,Evening,52.26,1.0,Negative,,0,81.0
791125,Sport Spot,8.54,Sports,39.77,Wednesday,Evening,30.26,1.0,Positive,,0,91.0
792519,Sport Spot,36.95,Sports,79.89,Wednesday,Evening,48.41,0.0,Positive,,0,90.0
792563,Sport Spot,33.05,Sports,29.39,Wednesday,Evening,29.61,1.0,Neutral,,0,28.0
792783,Sport Spot,114.38,Sports,59.38,Wednesday,Evening,47.41,3.0,Negative,,0,80.0
793962,Sport Spot,88.18,Sports,29.6,Wednesday,Evening,53.6,2.0,Neutral,,0,57.0
796067,Sport Spot,39.33,Sports,96.31,Wednesday,Evening,39.55,0.0,Negative,,0,20.0
796274,Sport Spot,58.55,Sports,70.05,Wednesday,Evening,48.26,1.0,Neutral,,0,91.0
798324,Sport Spot,10.69,Sports,61.08,Wednesday,Evening,0.0,0.0,Negative,,0,95.0
799396,Sport Spot,42.62,Sports,88.25,Wednesday,Evening,63.35,1.0,Neutral,,0,12.0
800836,Sport Spot,100.53,Sports,56.29,Wednesday,Evening,61.48,1.0,Negative,,0,83.0
804049,Sport Spot,61.57,Sports,37.22,Wednesday,Evening,14.87,0.0,Neutral,,0,75.0
804237,Sport Spot,67.09,Sports,87.15,Wednesday,Evening,33.86,0.0,Positive,,0,11.0
808676,Sport Spot,5.09,Sports,52.58,Wednesday,Evening,68.82,1.0,Negative,,0,34.0
810188,Sport Spot,105.13,Sports,29.4,Wednesday,Evening,47.68,2.0,Positive,,0,48.0
811639,Sport Spot,40.11,Sports,73.31,Wednesday,Evening,69.1,0.0,Positive,,0,78.0
815535,Sport Spot,76.39,Sports,45.42,Wednesday,Evening,5.4,1.0,Positive,,0,7.0
819511,Sport Spot,65.03231496062992,Sports,97.09,Wednesday,Evening,38.45,1.0,Positive,,0,83.0
820351,Sport Spot,87.81,Sports,58.82,Wednesday,Evening,0.0,2.0,Neutral,,0,54.0
820730,Sport Spot,26.03,Sports,64.78,Wednesday,Evening,71.11,3.0,Negative,,0,73.0
825428,Sport Spot,98.68,Sports,73.15,Wednesday,Evening,69.77,1.0,Neutral,,0,34.0
825456,Sport Spot,65.03231496062992,Sports,95.09,Wednesday,Evening,84.56,3.0,Positive,,0,8.0
825527,Sport Spot,102.49,Sports,72.4,Wednesday,Evening,83.8,2.0,Positive,,0,31.0
829244,Sport Spot,72.43,Sports,31.03,Wednesday,Evening,71.58,0.0,Negative,,0,88.0
832100,Sport Spot,42.88,Sports,80.81,Wednesday,Evening,13.71,1.0,Positive,,0,1.0
832766,Sport Spot,44.83,Sports,29.25,Wednesday,Evening,0.0,0.0,Positive,,0,61.0
833202,Sport Spot,90.84,Sports,85.55,Wednesday,Evening,86.33,0.0,Neutral,,0,37.0
836221,Sport Spot,33.94,Sports,99.2,Wednesday,Evening,30.01,3.0,Neutral,,0,31.0
838982,Sport Spot,33.29,Sports,93.47,Wednesday,Evening,0.0,1.0,Negative,,0,74.0
839848,Sport Spot,30.28,Sports,23.22,Wednesday,Evening,0.0,2.0,Negative,,0,3.0
839974,Sport Spot,98.92,Sports,33.04,Wednesday,Evening,0.0,3.0,Positive,,0,72.0
842287,Sport Spot,117.36,Sports,69.19,Wednesday,Evening,82.33,1.0,Positive,,0,63.0
842860,Sport Spot,13.7,Sports,79.52,Wednesday,Evening,65.47,3.0,Positive,,0,15.0
842969,Sport Spot,96.34,Sports,24.0,Wednesday,Evening,42.84,0.0,Negative,,0,45.0
843643,Sport Spot,75.12,Sports,51.21,Wednesday,Evening,0.0,1.0,Positive,,0,63.0
846717,Sport Spot,68.49,Sports,34.85,Wednesday,Evening,92.56,1.0,Positive,,0,97.0
852518,Sport Spot,93.97,Sports,62.64,Wednesday,Evening,32.94,1.0,Positive,,0,91.0
854473,Sport Spot,114.36,Sports,25.42,Wednesday,Evening,94.96,1.0,Negative,,0,81.0
854612,Sport Spot,40.56,Sports,78.47,Wednesday,Evening,79.35,2.0,Negative,,0,65.0
856217,Sport Spot,37.73,Sports,48.35,Wednesday,Evening,4.2,2.0,Positive,,0,24.0
856464,Sport Spot,90.11,Sports,98.9,Wednesday,Evening,75.67,3.0,Neutral,,0,92.0
856881,Sport Spot,60.04,Sports,25.14,Wednesday,Evening,0.0,3.0,Positive,,0,97.0
857203,Sport Spot,113.98,Sports,39.26,Wednesday,Evening,75.47,3.0,Negative,,0,8.0
859419,Sport Spot,26.04,Sports,78.96,Wednesday,Evening,63.66,3.0,Negative,,0,86.0
860502,Sport Spot,57.26,Sports,70.26,Wednesday,Evening,46.27,3.0,Neutral,,0,67.0
864716,Sport Spot,65.03231496062992,Sports,62.82,Wednesday,Evening,11.83,2.0,Negative,,0,47.0
865477,Sport Spot,9.8,Sports,99.34,Wednesday,Evening,63.33,1.0,Negative,,0,53.0
872560,Sport Spot,70.61,Sports,40.32,Wednesday,Evening,85.58,0.0,Neutral,,0,10.0
873475,Sport Spot,65.03231496062992,Sports,29.32,Wednesday,Evening,69.03,0.0,Positive,,0,22.0
875641,Sport Spot,70.05,Sports,89.97,Wednesday,Evening,28.97,0.0,Neutral,,0,25.0
876377,Sport Spot,106.67,Sports,27.23,Wednesday,Evening,0.0,3.0,Positive,,0,14.0
880230,Sport Spot,65.03231496062992,Sports,99.87,Wednesday,Evening,16.89,2.0,Positive,,0,78.0
880735,Sport Spot,45.24,Sports,54.17,Wednesday,Evening,59.38,0.0,Negative,,0,97.0
880899,Sport Spot,36.05,Sports,82.62,Wednesday,Evening,27.82,0.0,Positive,,0,95.0
882207,Sport Spot,84.53,Sports,47.53,Wednesday,Evening,0.0,1.0,Positive,,0,97.0
884396,Sport Spot,74.35,Sports,84.49,Wednesday,Evening,0.0,3.0,Positive,,0,54.0
886124,Sport Spot,79.97,Sports,29.11,Wednesday,Evening,91.37,2.0,Positive,,0,70.0
890737,Sport Spot,111.89,Sports,44.94,Wednesday,Evening,93.57,0.0,Positive,,0,13.0
891252,Sport Spot,97.83,Sports,84.22,Wednesday,Evening,87.3,2.0,Positive,,0,4.0
892646,Sport Spot,31.43,Sports,45.8,Wednesday,Evening,90.67,1.0,Negative,,0,85.0
892999,Sport Spot,78.06,Sports,49.96,Wednesday,Evening,0.0,1.0,Negative,,0,1.0
896404,Sport Spot,7.15,Sports,43.11,Wednesday,Evening,1.2,3.0,Negative,,0,52.0
898990,Sport Spot,16.45,Sports,43.41,Wednesday,Evening,70.94,2.0,Neutral,,0,20.0
900093,Sport Spot,72.93,Sports,90.42,Wednesday,Evening,64.54,1.0,Negative,,0,2.0
900733,Sport Spot,70.6,Sports,86.01,Wednesday,Evening,0.0,0.0,Positive,,0,87.0
901054,Sport Spot,76.01,Sports,34.97,Wednesday,Evening,0.0,1.0,Positive,,0,34.0
902103,Sport Spot,62.87,Sports,93.8,Wednesday,Evening,92.62,3.0,Negative,,0,13.0
905175,Sport Spot,65.03231496062992,Sports,39.43,Wednesday,Evening,86.8,0.0,Neutral,,0,87.0
916496,Sport Spot,32.0,Sports,20.53,Wednesday,Evening,28.86,2.0,Neutral,,0,70.0
917289,Sport Spot,114.77,Sports,23.51,Wednesday,Evening,22.48,1.0,Neutral,,0,20.0
917293,Sport Spot,65.03231496062992,Sports,59.78,Wednesday,Evening,31.67,1.0,Negative,,0,68.0
919437,Sport Spot,99.63,Sports,87.36,Wednesday,Evening,87.56,2.0,Positive,,0,54.0
920343,Sport Spot,27.56,Sports,33.46,Wednesday,Evening,0.0,0.0,Neutral,,0,61.0
921414,Sport Spot,55.13,Sports,61.61,Wednesday,Evening,92.67,2.0,Negative,,0,73.0
921968,Sport Spot,7.41,Sports,98.14,Wednesday,Evening,35.41,1.0,Negative,,0,58.0
922721,Sport Spot,10.83,Sports,70.2,Wednesday,Evening,53.28,0.0,Neutral,,0,16.0
924124,Sport Spot,65.03231496062992,Sports,90.54,Wednesday,Evening,64.99,1.0,Positive,,0,79.0
924380,Sport Spot,38.68,Sports,76.72,Wednesday,Evening,10.32,0.0,Negative,,0,29.0
930942,Sport Spot,27.43,Sports,80.84,Wednesday,Evening,0.0,0.0,Negative,,0,22.0
931983,Sport Spot,25.85,Sports,24.68,Wednesday,Evening,98.83,1.0,Negative,,0,51.0
932116,Sport Spot,49.14,Sports,62.11,Wednesday,Evening,0.0,1.0,Neutral,,0,72.0
932506,Sport Spot,46.65,Sports,99.69,Wednesday,Evening,72.4,3.0,Positive,,0,45.0
933935,Sport Spot,112.21,Sports,68.12,Wednesday,Evening,50.16,3.0,Positive,,0,80.0
933943,Sport Spot,52.08,Sports,52.38,Wednesday,Evening,0.0,3.0,Neutral,,0,52.0
935013,Sport Spot,80.33,Sports,69.67,Wednesday,Evening,19.42,0.0,Negative,,0,88.0
937324,Sport Spot,75.86,Sports,67.68,Wednesday,Evening,16.68,1.0,Positive,,0,41.0
938916,Sport Spot,65.03231496062992,Sports,79.38,Wednesday,Evening,44.2,0.0,Positive,,0,12.0
940203,Sport Spot,118.75,Sports,77.81,Wednesday,Evening,95.36,2.0,Positive,,0,46.0
943724,Sport Spot,56.11,Sports,91.32,Wednesday,Evening,10.62,1.0,Neutral,,0,86.0
943973,Sport Spot,65.03231496062992,Sports,61.87,Wednesday,Evening,0.0,0.0,Negative,,0,27.0
945142,Sport Spot,7.77,Sports,73.71,Wednesday,Evening,77.54,0.0,Neutral,,0,33.0
945334,Sport Spot,10.11,Sports,60.18,Wednesday,Evening,69.14,0.0,Negative,,0,38.0
946977,Sport Spot,7.3,Sports,60.51,Wednesday,Evening,40.83,1.0,Negative,,0,35.0
950801,Sport Spot,104.18,Sports,32.41,Wednesday,Evening,0.0,1.0,Neutral,,0,46.0
950904,Sport Spot,99.69,Sports,87.27,Wednesday,Evening,47.25,2.0,Positive,,0,54.0
951196,Sport Spot,68.86,Sports,90.99,Wednesday,Evening,51.45,1.0,Positive,,0,100.0
953540,Sport Spot,5.41,Sports,30.14,Wednesday,Evening,71.12,1.0,Negative,,0,16.0
954043,Sport Spot,103.67,Sports,40.34,Wednesday,Evening,2.43,1.0,Neutral,,0,33.0
955471,Sport Spot,23.8,Sports,78.36,Wednesday,Evening,0.0,1.0,Positive,,0,82.0
956632,Sport Spot,51.57,Sports,36.79,Wednesday,Evening,60.42,3.0,Positive,,0,61.0
959452,Sport Spot,117.45,Sports,21.32,Wednesday,Evening,79.97,2.0,Negative,,0,66.0
959595,Sport Spot,16.4,Sports,27.2,Wednesday,Evening,0.0,2.0,Negative,,0,87.0
960487,Sport Spot,73.99,Sports,66.09,Wednesday,Evening,2.19,2.0,Neutral,,0,29.0
960959,Sport Spot,99.22,Sports,72.87,Wednesday,Evening,75.6,1.0,Positive,,0,22.0
962365,Sport Spot,94.18,Sports,38.77,Wednesday,Evening,0.0,0.0,Positive,,0,94.0
963168,Sport Spot,32.1,Sports,51.57,Wednesday,Evening,49.07,1.0,Positive,,0,91.0
963472,Sport Spot,99.63,Sports,87.53,Wednesday,Evening,87.23,2.0,Positive,,0,54.0
963609,Sport Spot,63.82,Sports,62.17,Wednesday,Evening,84.03,0.0,Positive,,0,38.0
964390,Sport Spot,96.05,Sports,94.41,Wednesday,Evening,30.17,2.0,Positive,,0,38.0
965032,Sport Spot,117.25,Sports,21.32,Wednesday,Evening,79.31,2.0,Negative,,0,66.0
966557,Sport Spot,82.91,Sports,74.81,Wednesday,Evening,0.0,1.0,Positive,,0,44.0
966946,Sport Spot,30.71,Sports,24.58,Wednesday,Evening,82.4,0.0,Negative,,0,73.0
967455,Sport Spot,33.78,Sports,55.44,Wednesday,Evening,71.53,1.0,Neutral,,0,83.0
967843,Sport Spot,68.13,Sports,56.06,Wednesday,Evening,57.55,2.0,Neutral,,0,18.0
968081,Sport Spot,24.04,Sports,39.82,Wednesday,Evening,0.0,1.0,Negative,,0,72.0
970509,Sport Spot,16.02,Sports,33.16,Wednesday,Evening,54.11,1.0,Neutral,,0,93.0
971279,Sport Spot,57.92,Sports,80.65,Wednesday,Evening,0.0,2.0,Neutral,,0,58.0
971930,Sport Spot,81.99,Sports,96.59,Wednesday,Evening,95.15,3.0,Neutral,,0,68.0
974398,Sport Spot,26.1,Sports,25.19,Wednesday,Evening,52.48,1.0,Positive,,0,36.0
974622,Sport Spot,79.26,Sports,80.21,Wednesday,Evening,19.42,2.0,Negative,,0,8.0
974923,Sport Spot,62.71,Sports,59.27,Wednesday,Evening,72.33,0.0,Positive,,0,35.0
975150,Sport Spot,117.37,Sports,69.37,Wednesday,Evening,0.0,3.0,Positive,,0,63.0
976522,Sport Spot,89.06,Sports,97.84,Wednesday,Evening,77.92,0.0,Negative,,0,14.0
976634,Sport Spot,50.41,Sports,73.44,Wednesday,Evening,4.69,3.0,Neutral,,0,91.0
977524,Sport Spot,15.85,Sports,67.93,Wednesday,Evening,0.0,0.0,Negative,,0,34.0
978535,Sport Spot,14.98,Sports,60.06,Wednesday,Evening,30.01,0.0,Positive,,0,2.0
979249,Sport Spot,65.05,Sports,60.03,Wednesday,Evening,88.61,0.0,Neutral,,0,40.0
980308,Sport Spot,49.49,Sports,62.69,Wednesday,Evening,0.0,2.0,Neutral,,0,58.0
981560,Sport Spot,53.66,Sports,95.24,Wednesday,Evening,0.0,3.0,Neutral,,0,55.0
982603,Sport Spot,10.45,Sports,99.12,Wednesday,Evening,91.95,1.0,Negative,,0,98.0
984723,Sport Spot,65.03231496062992,Sports,31.47,Wednesday,Evening,1.72,3.0,Negative,,0,38.0
988183,Sport Spot,52.62,Sports,69.39,Wednesday,Evening,0.0,1.0,Neutral,,0,1.0
988716,Sport Spot,65.03231496062992,Sports,55.29,Wednesday,Evening,0.0,3.0,Neutral,,0,73.0
989756,Sport Spot,98.1,Sports,99.59,Wednesday,Evening,51.46,3.0,Neutral,,0,8.0
991670,Sport Spot,14.25,Sports,56.26,Wednesday,Evening,0.0,1.0,Neutral,,0,12.0
992703,Sport Spot,47.78,Sports,44.0,Wednesday,Evening,68.93,0.0,Neutral,,0,87.0
992826,Sport Spot,50.0,Sports,86.91,Wednesday,Evening,63.45,0.0,Neutral,,0,21.0
992954,Sport Spot,33.41,Sports,73.38,Wednesday,Evening,2.41,0.0,Positive,,0,52.0
993758,Sport Spot,93.27,Sports,64.11,Wednesday,Evening,5.13,1.0,Neutral,,0,35.0
994898,Sport Spot,65.03231496062992,Sports,22.79,Wednesday,Evening,0.0,1.0,Neutral,,0,33.0
997244,Sport Spot,107.14,Sports,50.97,Wednesday,Evening,46.17,2.0,Negative,,0,98.0
997533,Sport Spot,30.9,Sports,55.35,Wednesday,Evening,5.16,0.0,Negative,,0,55.0
997573,Sport Spot,19.9,Sports,70.57,Wednesday,Evening,3.57,2.0,Neutral,,0,3.0
998826,Sport Spot,118.45,Sports,83.39,Wednesday,Evening,77.21,1.0,Negative,,0,41.0
999562,Sport Spot,113.72,Sports,99.45,Wednesday,Evening,80.69,0.0,Neutral,,0,35.0
