id,Podcast_Name,Episode_Length_minutes,Genre,Host_Popularity_percentage,Publication_Day,Publication_Time,Guest_Popularity_percentage,Number_of_Ads,Episode_Sentiment,Listening_Time_minutes,is_train,Episode_Number
5182,Funny Folks,111.99,Comedy,29.61,Tuesday,Afternoon,0.0,3.0,Positive,51.18,1,73.0
5828,Funny Folks,63.78031705338419,Comedy,94.48,Tuesday,Afternoon,0.0,0.0,Negative,0.0,1,100.0
6292,Funny Folks,17.47,Comedy,35.92,Tuesday,Afternoon,32.05,3.0,Negative,8.62,1,1.0
7220,Funny Folks,80.38,Comedy,61.66,Tuesday,Afternoon,20.66,2.0,Negative,65.30549,1,76.0
7710,Funny Folks,99.84,Comedy,37.67,Tuesday,Afternoon,9.59,2.0,Neutral,92.16642,1,14.0
8923,Funny Folks,99.44,Comedy,65.64,Tuesday,Afternoon,96.09,0.0,Negative,76.75538,1,12.0
10519,Funny Folks,86.06,Comedy,21.05,Tuesday,Afternoon,40.72,2.0,Negative,76.11983,1,36.0
11600,Funny Folks,86.28,Comedy,86.34,Tuesday,Afternoon,84.02,1.0,Neutral,66.8073,1,11.0
12003,Funny Folks,57.41,Comedy,59.26,Tuesday,Afternoon,95.35,1.0,Neutral,40.20113,1,37.0
18686,Funny Folks,105.4,Comedy,34.68,Tuesday,Afternoon,0.0,2.0,Neutral,84.05711,1,78.0
21230,Funny Folks,115.58,Comedy,35.89,Tuesday,Afternoon,32.7,0.0,Positive,95.35345,1,11.0
21531,Funny Folks,26.69,Comedy,71.79,Tuesday,Afternoon,60.33,1.0,Positive,13.53585,1,14.0
22154,Funny Folks,77.31,Comedy,20.36,Tuesday,Afternoon,56.08,1.0,Negative,77.31,1,48.0
23524,Funny Folks,71.18,Comedy,51.91,Tuesday,Afternoon,40.15,1.0,Neutral,48.62399,1,21.0
23594,Funny Folks,58.09,Comedy,56.29,Tuesday,Afternoon,0.0,1.0,Neutral,46.1903,1,49.0
24232,Funny Folks,55.05,Comedy,70.54,Tuesday,Afternoon,33.19,2.0,Neutral,53.28414,1,39.0
24915,Funny Folks,58.56,Comedy,57.56,Tuesday,Afternoon,27.51,0.0,Negative,37.29073,1,87.0
25198,Funny Folks,63.78031705338419,Comedy,21.55,Tuesday,Afternoon,0.0,0.0,Neutral,73.79779,1,69.0
25901,Funny Folks,47.64,Comedy,34.85,Tuesday,Afternoon,36.87,2.0,Neutral,36.64339,1,94.0
27437,Funny Folks,63.78031705338419,Comedy,69.79,Tuesday,Afternoon,21.2,1.0,Neutral,61.7557,1,21.0
27726,Funny Folks,81.01,Comedy,57.18,Tuesday,Afternoon,65.83,3.0,Negative,51.59569,1,24.0
30515,Funny Folks,85.02,Comedy,33.64,Tuesday,Afternoon,37.38,2.0,Positive,59.72028,1,47.0
33292,Funny Folks,63.78031705338419,Comedy,96.6,Tuesday,Afternoon,0.0,1.0,Neutral,58.77778,1,82.0
35419,Funny Folks,39.68,Comedy,36.57,Tuesday,Afternoon,65.99,0.0,Negative,31.6888,1,74.0
36205,Funny Folks,88.65,Comedy,83.43,Tuesday,Afternoon,56.23,2.0,Positive,47.14963,1,22.0
36457,Funny Folks,8.83,Comedy,97.12,Tuesday,Afternoon,0.0,1.0,Negative,0.0,1,41.0
37959,Funny Folks,117.07,Comedy,76.16,Tuesday,Afternoon,0.0,0.0,Negative,85.48891,1,46.0
38556,Funny Folks,32.42,Comedy,78.59,Tuesday,Afternoon,7.1,0.0,Negative,16.15357,1,72.0
41119,Funny Folks,85.68,Comedy,58.18,Tuesday,Afternoon,85.31,1.0,Negative,48.94,1,10.0
41268,Funny Folks,89.33,Comedy,83.68,Tuesday,Afternoon,26.81,1.0,Positive,53.58589,1,57.0
42108,Funny Folks,63.78031705338419,Comedy,60.6,Tuesday,Afternoon,0.0,0.0,Positive,44.49831,1,11.0
45290,Funny Folks,30.31,Comedy,53.26,Tuesday,Afternoon,1.02,0.0,Neutral,13.21822,1,58.0
47369,Funny Folks,63.78031705338419,Comedy,72.18,Tuesday,Afternoon,78.18,2.0,Positive,10.61591,1,47.0
47459,Funny Folks,20.27,Comedy,54.17,Tuesday,Afternoon,0.0,0.0,Neutral,15.57869,1,19.0
48041,Funny Folks,63.78031705338419,Comedy,95.62,Tuesday,Afternoon,0.0,1.0,Positive,84.33274,1,54.0
49407,Funny Folks,81.43,Comedy,71.25,Tuesday,Afternoon,0.0,1.0,Neutral,71.75948,1,22.0
51441,Funny Folks,46.35,Comedy,46.28,Tuesday,Afternoon,46.11,0.0,Neutral,44.1345,1,80.0
52671,Funny Folks,6.64,Comedy,35.18,Tuesday,Afternoon,3.64,1.0,Neutral,6.64,1,52.0
53108,Funny Folks,60.26,Comedy,27.95,Tuesday,Afternoon,45.81,3.0,Negative,35.41,1,35.0
54417,Funny Folks,45.22,Comedy,53.96,Tuesday,Afternoon,35.1,1.0,Positive,32.53635,1,87.0
58894,Funny Folks,90.16,Comedy,45.33,Tuesday,Afternoon,81.38,1.0,Negative,66.28,1,71.0
60106,Funny Folks,84.93,Comedy,93.22,Tuesday,Afternoon,60.35,3.0,Negative,59.03093,1,39.0
61040,Funny Folks,43.74,Comedy,49.06,Tuesday,Afternoon,24.98,0.0,Neutral,41.13743,1,28.0
62298,Funny Folks,47.24,Comedy,99.34,Tuesday,Afternoon,47.34,1.0,Neutral,36.4165,1,21.0
62425,Funny Folks,56.47,Comedy,22.58,Tuesday,Afternoon,22.55,3.0,Positive,29.61068,1,63.0
62456,Funny Folks,114.7,Comedy,78.73,Tuesday,Afternoon,34.39,0.0,Positive,113.14,1,81.0
63062,Funny Folks,82.86,Comedy,82.1,Tuesday,Afternoon,35.15,1.0,Neutral,46.92814,1,59.0
64387,Funny Folks,58.87,Comedy,75.01,Tuesday,Afternoon,0.0,3.0,Positive,37.28909,1,86.0
67326,Funny Folks,84.23,Comedy,43.51,Tuesday,Afternoon,89.5,2.0,Negative,62.21604,1,22.0
68450,Funny Folks,24.84,Comedy,59.11,Tuesday,Afternoon,59.63,1.0,Negative,20.8,1,86.0
69409,Funny Folks,26.27,Comedy,79.22,Tuesday,Afternoon,82.69,0.0,Negative,18.35043,1,61.0
71608,Funny Folks,11.7,Comedy,77.6,Tuesday,Afternoon,54.04,0.0,Negative,10.52943,1,61.0
71652,Funny Folks,87.11,Comedy,22.31,Tuesday,Afternoon,0.0,1.0,Neutral,72.10412,1,56.0
71833,Funny Folks,111.24,Comedy,99.12,Tuesday,Afternoon,0.0,1.0,Positive,90.21199,1,75.0
72075,Funny Folks,5.31,Comedy,50.28,Tuesday,Afternoon,44.71,3.0,Neutral,5.31,1,82.0
72542,Funny Folks,106.32,Comedy,47.51,Tuesday,Afternoon,98.04,0.0,Neutral,102.04,1,51.0
72641,Funny Folks,86.35,Comedy,41.78,Tuesday,Afternoon,1.35,0.0,Positive,54.62982,1,83.0
73375,Funny Folks,91.84,Comedy,82.44,Tuesday,Afternoon,0.0,0.0,Negative,84.95618,1,36.0
73627,Funny Folks,113.98,Comedy,81.08,Tuesday,Afternoon,28.63,0.0,Positive,111.14,1,31.0
73643,Funny Folks,63.78031705338419,Comedy,27.12,Tuesday,Afternoon,90.38,0.0,Neutral,57.58071,1,8.0
75269,Funny Folks,47.2,Comedy,30.42,Tuesday,Afternoon,0.0,2.0,Positive,28.18882,1,29.0
77198,Funny Folks,104.74,Comedy,40.87,Tuesday,Afternoon,29.04,3.0,Neutral,57.26637,1,86.0
77588,Funny Folks,63.78031705338419,Comedy,72.18,Tuesday,Afternoon,78.75,2.0,Positive,10.61591,1,47.0
77816,Funny Folks,80.0,Comedy,89.86,Tuesday,Afternoon,12.38,3.0,Neutral,61.13813,1,27.0
77960,Funny Folks,98.08,Comedy,72.56,Tuesday,Afternoon,48.66,0.0,Negative,71.75003,1,46.0
79776,Funny Folks,24.26,Comedy,49.84,Tuesday,Afternoon,0.0,3.0,Positive,15.55927,1,35.0
80799,Funny Folks,96.22,Comedy,25.93,Tuesday,Afternoon,97.4,3.0,Negative,58.49088,1,68.0
82922,Funny Folks,59.78,Comedy,45.68,Tuesday,Afternoon,2.87,3.0,Neutral,42.38993,1,72.0
83357,Funny Folks,50.51,Comedy,50.21,Tuesday,Afternoon,79.68,3.0,Positive,35.66981,1,78.0
86197,Funny Folks,50.57,Comedy,77.89,Tuesday,Afternoon,34.04,2.0,Positive,39.21118,1,64.0
89644,Funny Folks,63.78031705338419,Comedy,85.54,Tuesday,Afternoon,0.0,2.0,Neutral,47.55754,1,18.0
89716,Funny Folks,45.89,Comedy,50.96,Tuesday,Afternoon,10.84,0.0,Positive,28.79898,1,98.0
90544,Funny Folks,69.83,Comedy,22.97,Tuesday,Afternoon,75.91,0.0,Positive,32.1685,1,67.0
90629,Funny Folks,18.58,Comedy,26.84,Tuesday,Afternoon,36.65,0.0,Negative,14.67648,1,53.0
91375,Funny Folks,38.02,Comedy,24.75,Tuesday,Afternoon,72.45,1.0,Negative,30.87103,1,42.0
91646,Funny Folks,98.79,Comedy,71.78,Tuesday,Afternoon,80.48,1.0,Neutral,63.11,1,72.0
92850,Funny Folks,111.24,Comedy,74.18,Tuesday,Afternoon,0.0,1.0,Neutral,63.31788,1,17.0
93524,Funny Folks,52.36,Comedy,62.44,Tuesday,Afternoon,15.57,0.0,Positive,30.97727,1,28.0
93688,Funny Folks,32.63,Comedy,55.63,Tuesday,Afternoon,64.45,1.0,Positive,13.77745,1,21.0
94765,Funny Folks,101.97,Comedy,25.66,Tuesday,Afternoon,89.16,1.0,Neutral,75.62801,1,32.0
95556,Funny Folks,44.75,Comedy,53.1,Tuesday,Afternoon,35.1,1.0,Positive,32.53635,1,87.0
96240,Funny Folks,39.71,Comedy,73.66,Tuesday,Afternoon,40.23,2.0,Neutral,32.39618,1,11.0
97834,Funny Folks,39.87,Comedy,24.71,Tuesday,Afternoon,40.24,2.0,Neutral,32.39618,1,91.0
99531,Funny Folks,95.82,Comedy,39.25,Tuesday,Afternoon,15.98,0.0,Positive,75.05301,1,51.0
103273,Funny Folks,39.96,Comedy,24.76,Tuesday,Afternoon,40.23,2.0,Neutral,32.39618,1,91.0
104182,Funny Folks,5.51,Comedy,58.92,Tuesday,Afternoon,54.7,2.0,Neutral,5.31,1,64.0
104201,Funny Folks,40.66,Comedy,36.52,Tuesday,Afternoon,0.0,1.0,Neutral,31.80717,1,74.0
107742,Funny Folks,28.64,Comedy,43.2,Tuesday,Afternoon,23.75,3.0,Negative,7.31624,1,44.0
107922,Funny Folks,108.32,Comedy,85.55,Tuesday,Afternoon,68.18,0.0,Neutral,95.03,1,23.0
107999,Funny Folks,91.47,Comedy,22.42,Tuesday,Afternoon,28.66,3.0,Negative,74.14423,1,50.0
109095,Funny Folks,87.17,Comedy,25.92,Tuesday,Afternoon,86.1,3.0,Neutral,48.11757,1,38.0
109782,Funny Folks,63.78031705338419,Comedy,29.11,Tuesday,Afternoon,45.41,2.0,Neutral,46.56467,1,4.0
112709,Funny Folks,90.18,Comedy,76.54,Tuesday,Afternoon,0.0,1.0,Negative,63.31788,1,80.0
113324,Funny Folks,36.75,Comedy,96.12,Tuesday,Afternoon,0.0,1.0,Neutral,32.52523,1,42.0
114567,Funny Folks,58.68,Comedy,94.84,Tuesday,Afternoon,39.41,1.0,Positive,52.17,1,49.0
115284,Funny Folks,63.78031705338419,Comedy,82.21,Tuesday,Afternoon,0.0,2.0,Neutral,73.86829,1,79.0
115599,Funny Folks,44.51,Comedy,72.48,Tuesday,Afternoon,60.68,0.0,Neutral,33.04424,1,50.0
115861,Funny Folks,65.9,Comedy,72.24,Tuesday,Afternoon,0.0,1.0,Positive,58.94913,1,43.0
116869,Funny Folks,68.44,Comedy,22.62,Tuesday,Afternoon,87.3,0.0,Negative,45.59172,1,65.0
117715,Funny Folks,63.78031705338419,Comedy,78.57,Tuesday,Afternoon,83.89,3.0,Positive,59.31318,1,40.0
118765,Funny Folks,52.49,Comedy,61.87,Tuesday,Afternoon,35.22,3.0,Neutral,46.29172,1,52.0
121715,Funny Folks,45.68,Comedy,27.68,Tuesday,Afternoon,0.0,0.0,Positive,40.85708,1,38.0
122028,Funny Folks,37.31059049,Comedy,95.5,Tuesday,Afternoon,59.74,2.0,Neutral,37.31059,1,80.0
123902,Funny Folks,105.48,Comedy,39.26,Tuesday,Afternoon,99.48,1.0,Neutral,63.79674,1,16.0
124466,Funny Folks,99.44,Comedy,65.69,Tuesday,Afternoon,96.12,0.0,Negative,76.75538,1,12.0
125281,Funny Folks,102.83,Comedy,34.94,Tuesday,Afternoon,30.31,1.0,Neutral,86.1259,1,37.0
125489,Funny Folks,47.85,Comedy,66.1,Tuesday,Afternoon,69.46,1.0,Neutral,42.19722,1,57.0
125616,Funny Folks,118.33,Comedy,90.33,Tuesday,Afternoon,0.0,0.0,Positive,107.82067,1,42.0
126128,Funny Folks,10.69,Comedy,86.81,Tuesday,Afternoon,1.21,1.0,Positive,0.0,1,100.0
126992,Funny Folks,62.53,Comedy,92.18,Tuesday,Afternoon,66.74,0.0,Neutral,41.00072,1,2.0
127119,Funny Folks,34.87,Comedy,75.11,Tuesday,Afternoon,80.28,2.0,Positive,16.43299,1,23.0
128230,Funny Folks,109.27,Comedy,70.3,Tuesday,Afternoon,81.15,3.0,Neutral,56.21028,1,23.0
129856,Funny Folks,98.53,Comedy,76.79,Tuesday,Afternoon,81.43,2.0,Neutral,49.86021,1,78.0
129931,Funny Folks,91.71,Comedy,92.4,Tuesday,Afternoon,12.67,1.0,Neutral,68.54191,1,33.0
131041,Funny Folks,46.83,Comedy,58.94,Tuesday,Afternoon,41.54,3.0,Negative,39.3072,1,58.0
132335,Funny Folks,112.32,Comedy,92.79,Tuesday,Afternoon,88.61,2.0,Neutral,59.34544,1,8.0
134471,Funny Folks,97.75,Comedy,99.93,Tuesday,Afternoon,92.8,1.0,Positive,57.5076,1,43.0
138562,Funny Folks,39.32,Comedy,26.32,Tuesday,Afternoon,40.23,2.0,Neutral,32.39618,1,91.0
141274,Funny Folks,113.98,Comedy,81.22,Tuesday,Afternoon,28.49,0.0,Positive,111.14,1,31.0
141472,Funny Folks,63.78031705338419,Comedy,49.55,Tuesday,Afternoon,23.76,0.0,Positive,50.05531,1,74.0
143817,Funny Folks,100.86,Comedy,63.39,Tuesday,Afternoon,11.26,0.0,Neutral,79.14051,1,81.0
146957,Funny Folks,19.56,Comedy,48.48,Tuesday,Afternoon,89.76,2.0,Negative,10.81092,1,33.0
147828,Funny Folks,113.56,Comedy,81.31,Tuesday,Afternoon,58.49,0.0,Positive,106.85,1,65.0
148287,Funny Folks,70.72,Comedy,83.79,Tuesday,Afternoon,61.87,1.0,Neutral,61.75534,1,7.0
148367,Funny Folks,106.06,Comedy,96.93,Tuesday,Afternoon,0.0,1.0,Negative,85.84693,1,8.0
148519,Funny Folks,47.24,Comedy,99.89,Tuesday,Afternoon,47.34,1.0,Neutral,36.4165,1,21.0
148621,Funny Folks,95.32,Comedy,79.75,Tuesday,Afternoon,0.0,1.0,Neutral,78.09414,1,50.0
148985,Funny Folks,89.88,Comedy,34.6,Tuesday,Afternoon,1.97,0.0,Neutral,84.06607,1,17.0
150973,Funny Folks,52.12,Comedy,49.53,Tuesday,Afternoon,3.39,1.0,Neutral,37.30621,1,9.0
151853,Funny Folks,54.31,Comedy,20.85,Tuesday,Afternoon,95.19,2.0,Positive,38.29983,1,97.0
152069,Funny Folks,80.54,Comedy,84.95,Tuesday,Afternoon,0.0,2.0,Neutral,61.50701,1,54.0
152225,Funny Folks,92.75,Comedy,33.16,Tuesday,Afternoon,87.7,2.0,Positive,76.11251,1,27.0
152231,Funny Folks,91.89,Comedy,87.06,Tuesday,Afternoon,40.9,0.0,Positive,50.45209,1,47.0
152979,Funny Folks,33.36,Comedy,27.39,Tuesday,Afternoon,54.32,2.0,Neutral,19.76,1,28.0
153094,Funny Folks,23.51,Comedy,96.34,Tuesday,Afternoon,58.78,3.0,Neutral,22.66984,1,100.0
154494,Funny Folks,91.08,Comedy,91.99,Tuesday,Afternoon,14.04,3.0,Neutral,50.52556,1,50.0
154867,Funny Folks,11.48,Comedy,55.74,Tuesday,Afternoon,73.69,2.0,Positive,3.63135,1,9.0
156869,Funny Folks,80.11,Comedy,61.05,Tuesday,Afternoon,0.0,3.0,Neutral,39.59769,1,26.0
156881,Funny Folks,81.69,Comedy,65.71,Tuesday,Afternoon,0.0,2.0,Negative,76.1,1,35.0
157999,Funny Folks,105.58,Comedy,72.68,Tuesday,Afternoon,78.1,0.0,Positive,84.3526,1,51.0
158696,Funny Folks,76.17,Comedy,58.14,Tuesday,Afternoon,58.51,3.0,Positive,47.84072,1,99.0
160848,Funny Folks,49.57,Comedy,23.83,Tuesday,Afternoon,67.53,2.0,Neutral,21.06924,1,90.0
161985,Funny Folks,106.39,Comedy,82.35,Tuesday,Afternoon,33.41,0.0,Positive,46.4928,1,86.0
162373,Funny Folks,32.29,Comedy,29.45,Tuesday,Afternoon,70.79,1.0,Positive,17.14726,1,75.0
164222,Funny Folks,53.21,Comedy,59.26,Tuesday,Afternoon,21.82,0.0,Neutral,40.20113,1,37.0
167021,Funny Folks,7.4,Comedy,88.14,Tuesday,Afternoon,41.21,2.0,Negative,0.0,1,50.0
167708,Funny Folks,53.21,Comedy,59.26,Tuesday,Afternoon,95.33,1.0,Neutral,40.20113,1,37.0
170744,Funny Folks,45.21,Comedy,88.86,Tuesday,Afternoon,62.3,3.0,Negative,31.49244,1,7.0
172621,Funny Folks,57.13,Comedy,39.72,Tuesday,Afternoon,35.9,2.0,Neutral,27.26577,1,17.0
172742,Funny Folks,11.87,Comedy,29.58,Tuesday,Afternoon,20.82,3.0,Negative,0.0,1,99.0
176947,Funny Folks,81.53,Comedy,41.72,Tuesday,Afternoon,88.49,0.0,Negative,69.74374,1,5.0
176968,Funny Folks,12.14,Comedy,59.4,Tuesday,Afternoon,50.12,1.0,Neutral,8.7,1,89.0
177392,Funny Folks,63.73,Comedy,96.99,Tuesday,Afternoon,6.44,0.0,Neutral,44.193,1,27.0
178801,Funny Folks,95.18,Comedy,38.87,Tuesday,Afternoon,0.0,1.0,Negative,54.29,1,71.0
182429,Funny Folks,36.75,Comedy,63.98,Tuesday,Afternoon,29.89,3.0,Negative,13.39697,1,22.0
183425,Funny Folks,81.01,Comedy,36.77,Tuesday,Afternoon,30.3,3.0,Neutral,53.04664,1,30.0
184192,Funny Folks,28.08,Comedy,77.01,Tuesday,Afternoon,7.09,0.0,Positive,19.85041,1,89.0
185861,Funny Folks,61.46,Comedy,97.65,Tuesday,Afternoon,41.97,3.0,Neutral,33.07924,1,19.0
185995,Funny Folks,56.22,Comedy,76.47,Tuesday,Afternoon,83.53,3.0,Negative,43.4075,1,49.0
186460,Funny Folks,66.34,Comedy,96.06,Tuesday,Afternoon,0.56,2.0,Positive,43.26109,1,54.0
186658,Funny Folks,38.81,Comedy,45.48,Tuesday,Afternoon,77.02,1.0,Neutral,20.58321,1,95.0
188497,Funny Folks,90.08,Comedy,23.22,Tuesday,Afternoon,35.33,0.0,Neutral,54.30197,1,47.0
188559,Funny Folks,11.7,Comedy,77.55,Tuesday,Afternoon,54.7,0.0,Negative,10.52943,1,61.0
192698,Funny Folks,25.03,Comedy,71.79,Tuesday,Afternoon,24.55,1.0,Positive,13.53585,1,14.0
193217,Funny Folks,94.72,Comedy,76.59,Tuesday,Afternoon,92.38,2.0,Neutral,90.75948,1,92.0
194331,Funny Folks,105.97,Comedy,96.93,Tuesday,Afternoon,73.42,0.0,Neutral,96.01829,1,97.0
199507,Funny Folks,82.52,Comedy,80.43,Tuesday,Afternoon,81.82,1.0,Neutral,77.72063,1,43.0
200008,Funny Folks,96.47,Comedy,55.53,Tuesday,Afternoon,8.56,0.0,Positive,53.94072,1,62.0
200996,Funny Folks,96.32,Comedy,97.39,Tuesday,Afternoon,16.99,3.0,Positive,70.18487,1,86.0
203357,Funny Folks,115.43,Comedy,73.34,Tuesday,Afternoon,0.0,1.0,Positive,91.82356,1,34.0
204221,Funny Folks,66.49,Comedy,58.71,Tuesday,Afternoon,70.48,0.0,Positive,30.30764,1,65.0
204804,Funny Folks,64.71,Comedy,74.16,Tuesday,Afternoon,0.0,1.0,Positive,45.08771,1,59.0
206112,Funny Folks,91.47,Comedy,25.05,Tuesday,Afternoon,56.06,0.0,Negative,67.06122,1,69.0
206257,Funny Folks,77.07,Comedy,42.89,Tuesday,Afternoon,69.68,0.0,Negative,69.23074,1,12.0
206278,Funny Folks,116.4,Comedy,38.41,Tuesday,Afternoon,54.64,0.0,Positive,113.14,1,81.0
209016,Funny Folks,91.09,Comedy,59.96,Tuesday,Afternoon,91.09,1.0,Positive,83.06934,1,58.0
209299,Funny Folks,10.79,Comedy,69.57,Tuesday,Afternoon,85.1,1.0,Negative,6.39,1,78.0
210376,Funny Folks,63.78031705338419,Comedy,52.19,Tuesday,Afternoon,87.0,1.0,Negative,31.2364,1,29.0
213199,Funny Folks,47.93,Comedy,60.69,Tuesday,Afternoon,57.11,0.0,Negative,38.8,1,58.0
220598,Funny Folks,24.91,Comedy,31.86,Tuesday,Afternoon,99.88,1.0,Positive,9.92,1,58.0
220892,Funny Folks,25.48,Comedy,21.77,Tuesday,Afternoon,78.18,2.0,Positive,10.61591,1,47.0
222648,Funny Folks,97.82,Comedy,65.06,Tuesday,Afternoon,62.64,1.0,Negative,64.91681,1,71.0
223522,Funny Folks,108.25,Comedy,26.4,Tuesday,Afternoon,63.72,1.0,Positive,91.03,1,28.0
224496,Funny Folks,39.17,Comedy,24.71,Tuesday,Afternoon,40.23,2.0,Neutral,32.39618,1,91.0
224521,Funny Folks,60.93,Comedy,43.81,Tuesday,Afternoon,68.49,2.0,Neutral,45.53874,1,1.0
225851,Funny Folks,42.07,Comedy,38.58,Tuesday,Afternoon,20.54,3.0,Neutral,15.09276,1,7.0
226321,Funny Folks,86.71,Comedy,84.21,Tuesday,Afternoon,65.88,0.0,Positive,80.09039,1,54.0
229490,Funny Folks,114.57,Comedy,42.39,Tuesday,Afternoon,69.46,1.0,Positive,78.92129,1,35.0
236554,Funny Folks,118.3,Comedy,60.73,Tuesday,Afternoon,17.73,3.0,Positive,74.6315,1,49.0
236655,Funny Folks,9.98,Comedy,81.36,Tuesday,Afternoon,2.95,3.0,Negative,10.47604,1,18.0
237117,Funny Folks,84.83,Comedy,59.26,Tuesday,Afternoon,0.83,2.0,Neutral,42.20473,1,16.0
237303,Funny Folks,96.12,Comedy,61.55,Tuesday,Afternoon,31.87,0.0,Neutral,68.75317,1,85.0
237938,Funny Folks,62.63,Comedy,20.55,Tuesday,Afternoon,42.5,0.0,Neutral,53.04448,1,11.0
239404,Funny Folks,63.78031705338419,Comedy,33.05,Tuesday,Afternoon,0.0,1.0,Positive,74.73389,1,81.0
240615,Funny Folks,63.78031705338419,Comedy,99.25,Tuesday,Afternoon,89.99,0.0,Neutral,22.20938,1,71.0
241303,Funny Folks,28.84,Comedy,28.39,Tuesday,Afternoon,76.17,1.0,Negative,19.39,1,72.0
242641,Funny Folks,43.69,Comedy,44.2,Tuesday,Afternoon,57.33,0.0,Positive,33.9636,1,33.0
243032,Funny Folks,10.36,Comedy,42.57,Tuesday,Afternoon,43.86,1.0,Negative,5.39,1,28.0
243106,Funny Folks,59.25,Comedy,47.97,Tuesday,Afternoon,20.91,2.0,Negative,23.61771,1,19.0
243678,Funny Folks,70.78,Comedy,97.38,Tuesday,Afternoon,89.05,3.0,Positive,47.65825,1,27.0
244537,Funny Folks,32.29,Comedy,96.94,Tuesday,Afternoon,39.06,1.0,Positive,27.23045,1,6.0
244635,Funny Folks,88.07,Comedy,68.66,Tuesday,Afternoon,76.61,2.0,Positive,38.94839,1,41.0
246166,Funny Folks,48.18,Comedy,24.5,Tuesday,Afternoon,51.69,0.0,Negative,39.12879,1,40.0
248168,Funny Folks,119.0,Comedy,87.37,Tuesday,Afternoon,33.04,0.0,Neutral,93.56433,1,54.0
248743,Funny Folks,104.36,Comedy,63.07,Tuesday,Afternoon,9.68,1.0,Negative,74.14423,1,46.0
249270,Funny Folks,53.67,Comedy,81.92,Tuesday,Afternoon,9.99,1.0,Negative,38.81264,1,26.0
249571,Funny Folks,106.51,Comedy,82.01,Tuesday,Afternoon,84.41,0.0,Neutral,75.70202,1,33.0
250643,Funny Folks,63.78031705338419,Comedy,48.29,Tuesday,Afternoon,49.19,3.0,Positive,35.24635,1,83.0
254341,Funny Folks,102.73,Comedy,42.15,Tuesday,Afternoon,16.45,2.0,Negative,95.8908,1,6.0
257221,Funny Folks,30.94,Comedy,78.01,Tuesday,Afternoon,78.12,1.0,Negative,11.75,1,1.0
264203,Funny Folks,116.49,Comedy,29.52,Tuesday,Afternoon,80.51,1.0,Negative,83.4215,1,8.0
264561,Funny Folks,63.78031705338419,Comedy,33.36,Tuesday,Afternoon,0.0,0.0,Positive,92.71824,1,68.0
266192,Funny Folks,63.78031705338419,Comedy,46.51,Tuesday,Afternoon,49.62,0.0,Neutral,40.43377,1,28.0
268833,Funny Folks,63.78031705338419,Comedy,55.32,Tuesday,Afternoon,42.01,2.0,Positive,18.43948,1,77.0
271335,Funny Folks,71.48,Comedy,73.57,Tuesday,Afternoon,84.57,3.0,Negative,53.88129,1,62.0
273677,Funny Folks,31.27,Comedy,36.33,Tuesday,Afternoon,0.0,3.0,Negative,26.02029,1,100.0
276562,Funny Folks,104.34,Comedy,84.55,Tuesday,Afternoon,50.34,0.0,Negative,102.03,1,51.0
276582,Funny Folks,63.78031705338419,Comedy,39.69,Tuesday,Afternoon,0.0,2.0,Negative,35.49061,1,64.0
278584,Funny Folks,118.04,Comedy,27.14,Tuesday,Afternoon,65.07,0.0,Neutral,116.38485,1,34.0
280376,Funny Folks,49.37,Comedy,68.21,Tuesday,Afternoon,61.7,3.0,Positive,45.06562,1,52.0
280514,Funny Folks,57.06,Comedy,60.82,Tuesday,Afternoon,21.79,1.0,Neutral,40.20113,1,37.0
282169,Funny Folks,19.88,Comedy,85.9,Tuesday,Afternoon,72.77,2.0,Negative,9.54379,1,89.0
282236,Funny Folks,62.56,Comedy,57.05,Tuesday,Afternoon,84.82,0.0,Neutral,53.74908,1,22.0
282472,Funny Folks,35.12,Comedy,74.82,Tuesday,Afternoon,73.46,1.0,Negative,19.14983,1,42.0
282706,Funny Folks,32.17,Comedy,58.7,Tuesday,Afternoon,27.77,0.0,Negative,21.54,1,8.0
283553,Funny Folks,13.65,Comedy,40.26,Tuesday,Afternoon,1.82,3.0,Negative,10.86007,1,43.0
284830,Funny Folks,27.000005,Comedy,40.73,Tuesday,Afternoon,0.0,2.0,Positive,27.0,1,42.0
285405,Funny Folks,90.13,Comedy,78.31,Tuesday,Afternoon,0.0,3.0,Neutral,81.26,1,99.0
285433,Funny Folks,34.34,Comedy,26.86,Tuesday,Afternoon,68.64,0.0,Positive,26.37276,1,80.0
286075,Funny Folks,36.02,Comedy,24.17,Tuesday,Afternoon,68.66,0.0,Negative,14.06903,1,12.0
291729,Funny Folks,73.23,Comedy,28.61,Tuesday,Afternoon,0.0,1.0,Neutral,51.59,1,73.0
293202,Funny Folks,79.66,Comedy,67.59,Tuesday,Afternoon,17.96,3.0,Neutral,60.10392,1,91.0
294070,Funny Folks,81.43,Comedy,66.25,Tuesday,Afternoon,0.0,1.0,Neutral,71.75948,1,61.0
294818,Funny Folks,57.23,Comedy,55.62,Tuesday,Afternoon,65.79,3.0,Positive,29.22,1,48.0
295835,Funny Folks,27.02,Comedy,71.02,Tuesday,Afternoon,80.88,0.0,Negative,23.17188,1,40.0
296085,Funny Folks,68.44,Comedy,46.92,Tuesday,Afternoon,0.0,3.0,Positive,45.97601,1,76.0
297279,Funny Folks,47.6,Comedy,36.19,Tuesday,Afternoon,42.78,1.0,Negative,23.84,1,63.0
298073,Funny Folks,63.78031705338419,Comedy,62.69,Tuesday,Afternoon,48.19,1.0,Neutral,8.67,1,16.0
298863,Funny Folks,76.43,Comedy,80.25,Tuesday,Afternoon,49.49,0.0,Negative,50.75966,1,71.0
300586,Funny Folks,113.56,Comedy,81.31,Tuesday,Afternoon,56.84,0.0,Positive,106.85,1,65.0
301348,Funny Folks,96.62,Comedy,56.18,Tuesday,Afternoon,8.39,0.0,Positive,53.94072,1,63.0
302493,Funny Folks,92.29,Comedy,79.75,Tuesday,Afternoon,55.55,2.0,Neutral,48.0003,1,45.0
302795,Funny Folks,103.67,Comedy,51.43,Tuesday,Afternoon,9.49,2.0,Positive,76.18648,1,19.0
303030,Funny Folks,48.07,Comedy,25.08,Tuesday,Afternoon,48.07,1.0,Negative,37.08168,1,70.0
303725,Funny Folks,41.08,Comedy,43.07,Tuesday,Afternoon,43.82,3.0,Neutral,28.47522,1,5.0
306412,Funny Folks,16.09,Comedy,44.56,Tuesday,Afternoon,86.09,1.0,Neutral,15.55927,1,53.0
310788,Funny Folks,52.47,Comedy,67.42,Tuesday,Afternoon,0.0,3.0,Neutral,39.28556,1,77.0
311330,Funny Folks,47.82,Comedy,30.14,Tuesday,Afternoon,97.07,3.0,Neutral,13.94072,1,67.0
312380,Funny Folks,27.09,Comedy,25.04,Tuesday,Afternoon,0.0,2.0,Positive,12.82082,1,48.0
312447,Funny Folks,47.82,Comedy,30.14,Tuesday,Afternoon,84.55,0.0,Neutral,13.94072,1,63.0
313268,Funny Folks,53.58,Comedy,73.52,Tuesday,Afternoon,56.53,2.0,Neutral,24.7313,1,17.0
313969,Funny Folks,16.85,Comedy,74.03,Tuesday,Afternoon,94.76,1.0,Neutral,4.99141,1,1.0
316205,Funny Folks,5.31,Comedy,50.56,Tuesday,Afternoon,54.71,3.0,Neutral,5.31,1,82.0
316267,Funny Folks,61.51,Comedy,95.43,Tuesday,Afternoon,0.0,2.0,Neutral,34.24673,1,61.0
318377,Funny Folks,39.08,Comedy,50.35,Tuesday,Afternoon,67.95,0.0,Negative,31.6888,1,74.0
321067,Funny Folks,42.25,Comedy,46.23,Tuesday,Afternoon,9.65,1.0,Neutral,19.53495,1,87.0
321807,Funny Folks,23.34,Comedy,34.19,Tuesday,Afternoon,55.45,3.0,Positive,16.48389,1,38.0
327999,Funny Folks,82.73,Comedy,64.57,Tuesday,Afternoon,0.0,1.0,Neutral,60.83816,1,93.0
328468,Funny Folks,63.78031705338419,Comedy,22.51,Tuesday,Afternoon,97.83,1.0,Neutral,70.15368,1,13.0
328563,Funny Folks,35.97,Comedy,72.02,Tuesday,Afternoon,55.02,2.0,Negative,22.1979,1,57.0
329165,Funny Folks,47.82,Comedy,30.14,Tuesday,Afternoon,87.08,3.0,Neutral,13.94072,1,67.0
329684,Funny Folks,36.14,Comedy,72.3,Tuesday,Afternoon,28.16,1.0,Positive,18.27299,1,28.0
330718,Funny Folks,111.35,Comedy,74.18,Tuesday,Afternoon,0.0,1.0,Negative,63.31788,1,17.0
332127,Funny Folks,112.3,Comedy,47.63,Tuesday,Afternoon,83.63,1.0,Positive,76.28701,1,54.0
332584,Funny Folks,113.2,Comedy,89.9,Tuesday,Afternoon,71.32,2.0,Neutral,65.93091,1,22.0
333110,Funny Folks,109.7,Comedy,70.79,Tuesday,Afternoon,0.0,2.0,Positive,53.30477,1,8.0
333824,Funny Folks,63.78031705338419,Comedy,86.96,Tuesday,Afternoon,0.0,0.0,Positive,52.27597,1,73.0
334512,Funny Folks,102.06,Comedy,20.93,Tuesday,Afternoon,29.35,2.0,Neutral,55.09869,1,24.0
335890,Funny Folks,14.05,Comedy,91.08,Tuesday,Afternoon,62.15,1.0,Negative,7.86794,1,21.0
338882,Funny Folks,111.24,Comedy,75.33,Tuesday,Afternoon,0.0,2.0,Neutral,62.24763,1,17.0
339946,Funny Folks,119.14,Comedy,75.98,Tuesday,Afternoon,0.0,3.0,Negative,88.57795,1,41.0
340175,Funny Folks,44.03,Comedy,56.26,Tuesday,Afternoon,87.65,3.0,Positive,33.88,1,70.0
340355,Funny Folks,35.1,Comedy,44.5,Tuesday,Afternoon,50.1,1.0,Neutral,28.29655,1,41.0
341514,Funny Folks,11.07,Comedy,77.8,Tuesday,Afternoon,54.77,0.0,Negative,10.52943,1,61.0
341844,Funny Folks,63.78031705338419,Comedy,69.82,Tuesday,Afternoon,28.02,3.0,Negative,24.7313,1,31.0
342150,Funny Folks,96.22,Comedy,23.5,Tuesday,Afternoon,91.01,0.0,Positive,89.51334,1,55.0
343279,Funny Folks,13.8,Comedy,22.45,Tuesday,Afternoon,0.0,1.0,Positive,10.29915,1,18.0
344313,Funny Folks,76.55,Comedy,81.76,Tuesday,Afternoon,0.0,1.0,Positive,52.85526,1,6.0
347562,Funny Folks,22.15,Comedy,80.42,Tuesday,Afternoon,73.06,1.0,Neutral,11.61,1,49.0
350853,Funny Folks,22.93,Comedy,54.76,Tuesday,Afternoon,12.7,1.0,Positive,17.14726,1,75.0
351854,Funny Folks,103.39,Comedy,93.84,Tuesday,Afternoon,0.0,0.0,Neutral,96.56437,1,62.0
351921,Funny Folks,11.55,Comedy,59.27,Tuesday,Afternoon,61.63,2.0,Negative,0.4851,1,100.0
353260,Funny Folks,94.81,Comedy,43.59,Tuesday,Afternoon,0.0,0.0,Positive,72.00781,1,49.0
353707,Funny Folks,47.82,Comedy,35.18,Tuesday,Afternoon,97.08,3.0,Neutral,13.94072,1,67.0
353800,Funny Folks,77.31,Comedy,87.9,Tuesday,Afternoon,9.0,0.0,Neutral,56.78556,1,15.0
354970,Funny Folks,101.75,Comedy,34.58,Tuesday,Afternoon,87.79,2.0,Negative,48.22217,1,60.0
361110,Funny Folks,99.33,Comedy,78.98,Tuesday,Afternoon,75.04,2.0,Positive,72.24269,1,45.0
361251,Funny Folks,25.48,Comedy,72.28,Tuesday,Afternoon,78.19,2.0,Positive,10.61591,1,47.0
362784,Funny Folks,42.73,Comedy,37.17,Tuesday,Afternoon,62.83,1.0,Negative,35.48226,1,18.0
363615,Funny Folks,84.73,Comedy,92.57,Tuesday,Afternoon,0.0,0.0,Positive,61.86748,1,70.0
365268,Funny Folks,116.43,Comedy,37.33,Tuesday,Afternoon,99.1,0.0,Negative,80.92238,1,90.0
365880,Funny Folks,21.07,Comedy,83.41,Tuesday,Afternoon,49.76,2.0,Neutral,4.46224,1,28.0
367365,Funny Folks,48.85,Comedy,30.57,Tuesday,Afternoon,55.19,0.0,Neutral,40.85647,1,48.0
372948,Funny Folks,81.43,Comedy,71.25,Tuesday,Afternoon,0.0,1.0,Neutral,71.75948,1,21.0
375157,Funny Folks,10.36,Comedy,44.59,Tuesday,Afternoon,43.71,1.0,Neutral,5.39,1,32.0
375415,Funny Folks,63.78031705338419,Comedy,44.17,Tuesday,Afternoon,23.19,1.0,Positive,31.56465,1,87.0
375452,Funny Folks,34.04,Comedy,61.91,Tuesday,Afternoon,95.69,1.0,Negative,29.38,1,31.0
376899,Funny Folks,25.48,Comedy,72.18,Tuesday,Afternoon,78.18,2.0,Positive,10.61591,1,47.0
377383,Funny Folks,44.95,Comedy,63.11,Tuesday,Afternoon,43.21,0.0,Positive,27.25785,1,68.0
377773,Funny Folks,63.78031705338419,Comedy,55.02,Tuesday,Afternoon,86.51,3.0,Positive,7.04775,1,43.0
379700,Funny Folks,57.39,Comedy,88.42,Tuesday,Afternoon,95.09,2.0,Negative,32.52239,1,90.0
380181,Funny Folks,58.48,Comedy,89.18,Tuesday,Afternoon,95.74,3.0,Neutral,41.06764,1,10.0
381343,Funny Folks,31.7,Comedy,39.77,Tuesday,Afternoon,65.76,1.0,Negative,18.17999,1,97.0
382577,Funny Folks,97.95,Comedy,57.95,Tuesday,Afternoon,20.64,3.0,Negative,52.07283,1,8.0
382602,Funny Folks,42.02,Comedy,71.44,Tuesday,Afternoon,0.0,0.0,Neutral,23.17188,1,5.0
384224,Funny Folks,72.54,Comedy,57.86,Tuesday,Afternoon,70.91,2.0,Positive,37.3965,1,89.0
384692,Funny Folks,56.13,Comedy,47.72,Tuesday,Afternoon,11.64,2.0,Neutral,42.34142,1,92.0
388280,Funny Folks,39.87,Comedy,26.32,Tuesday,Afternoon,40.23,2.0,Neutral,32.39618,1,11.0
388964,Funny Folks,46.2,Comedy,73.68,Tuesday,Afternoon,75.86,1.0,Positive,44.95785,1,71.0
392000,Funny Folks,105.82,Comedy,97.19,Tuesday,Afternoon,0.0,0.0,Negative,45.0203,1,88.0
393196,Funny Folks,26.09,Comedy,99.07,Tuesday,Afternoon,62.15,1.0,Negative,13.86928,1,28.0
394204,Funny Folks,82.99,Comedy,74.11,Tuesday,Afternoon,0.0,0.0,Negative,79.41587,1,47.0
394245,Funny Folks,31.87,Comedy,81.06,Tuesday,Afternoon,82.38,1.0,Negative,5.99,1,69.0
395551,Funny Folks,47.9,Comedy,77.77,Tuesday,Afternoon,78.59,1.0,Positive,34.22,1,63.0
395566,Funny Folks,12.16,Comedy,42.26,Tuesday,Afternoon,36.19,2.0,Neutral,8.10426,1,3.0
395682,Funny Folks,65.77,Comedy,57.89,Tuesday,Afternoon,71.95,2.0,Negative,61.94435,1,11.0
396274,Funny Folks,96.56,Comedy,55.53,Tuesday,Afternoon,8.52,0.0,Positive,53.94072,1,99.0
396555,Funny Folks,67.29,Comedy,68.61,Tuesday,Afternoon,76.94,2.0,Positive,38.94839,1,9.0
396632,Funny Folks,41.71,Comedy,27.01,Tuesday,Afternoon,0.0,0.0,Negative,31.44,1,68.0
396948,Funny Folks,75.54,Comedy,59.71,Tuesday,Afternoon,32.37,2.0,Positive,66.21098,1,40.0
398088,Funny Folks,119.84,Comedy,71.86,Tuesday,Afternoon,77.55,2.0,Positive,113.80825,1,43.0
398945,Funny Folks,117.3,Comedy,52.51,Tuesday,Afternoon,39.76,1.0,Positive,83.42359,1,72.0
400582,Funny Folks,35.12,Comedy,64.5,Tuesday,Afternoon,73.25,1.0,Negative,19.14983,1,42.0
401259,Funny Folks,62.54,Comedy,23.7,Tuesday,Afternoon,87.34,0.0,Negative,45.59172,1,65.0
402268,Funny Folks,47.04,Comedy,60.4,Tuesday,Afternoon,65.52,0.0,Positive,41.31703,1,10.0
403277,Funny Folks,112.67,Comedy,55.85,Tuesday,Afternoon,0.0,1.0,Negative,94.99,1,58.0
404250,Funny Folks,48.43,Comedy,28.69,Tuesday,Afternoon,32.72,2.0,Positive,29.38478,1,82.0
406010,Funny Folks,30.87,Comedy,98.43,Tuesday,Afternoon,16.29,3.0,Positive,17.7204,1,15.0
406695,Funny Folks,15.29,Comedy,72.72,Tuesday,Afternoon,32.04,2.0,Neutral,10.61301,1,92.0
407790,Funny Folks,43.25,Comedy,75.62,Tuesday,Afternoon,87.85,1.0,Positive,33.89678,1,62.0
408557,Funny Folks,67.88,Comedy,68.01,Tuesday,Afternoon,36.59,2.0,Positive,38.94839,1,78.0
409429,Funny Folks,63.78031705338419,Comedy,27.53,Tuesday,Afternoon,34.99,0.0,Neutral,33.29674,1,100.0
409434,Funny Folks,12.67,Comedy,49.74,Tuesday,Afternoon,53.41,3.0,Neutral,7.52,1,58.0
411553,Funny Folks,84.72,Comedy,35.36,Tuesday,Afternoon,65.96,0.0,Neutral,60.01008,1,15.0
411632,Funny Folks,63.78031705338419,Comedy,68.27,Tuesday,Afternoon,86.85,3.0,Neutral,25.11489,1,67.0
412014,Funny Folks,50.09,Comedy,99.34,Tuesday,Afternoon,47.94,1.0,Neutral,36.4165,1,21.0
412863,Funny Folks,5.51,Comedy,80.65,Tuesday,Afternoon,54.77,2.0,Neutral,5.31,1,82.0
413130,Funny Folks,71.71,Comedy,43.01,Tuesday,Afternoon,54.18,0.0,Positive,44.51052,1,6.0
413379,Funny Folks,11.04,Comedy,77.6,Tuesday,Afternoon,54.7,0.0,Negative,10.52943,1,61.0
414396,Funny Folks,76.87,Comedy,33.29,Tuesday,Afternoon,77.73,2.0,Neutral,37.70314,1,52.0
414533,Funny Folks,107.59,Comedy,45.03,Tuesday,Afternoon,0.0,1.0,Positive,48.21179,1,23.0
416006,Funny Folks,91.89,Comedy,87.06,Tuesday,Afternoon,39.81,0.0,Positive,50.45209,1,47.0
416430,Funny Folks,63.78031705338419,Comedy,73.06,Tuesday,Afternoon,37.01,3.0,Neutral,36.07536,1,63.0
417291,Funny Folks,13.13,Comedy,26.25,Tuesday,Afternoon,76.11,1.0,Positive,2.292,1,48.0
417827,Funny Folks,111.47,Comedy,49.8,Tuesday,Afternoon,34.77,2.0,Negative,105.12678,1,38.0
419538,Funny Folks,49.79,Comedy,79.15,Tuesday,Afternoon,98.14,3.0,Negative,35.55093,1,77.0
419847,Funny Folks,30.71,Comedy,57.68,Tuesday,Afternoon,87.94,2.0,Positive,17.22,1,63.0
422828,Funny Folks,36.36,Comedy,69.52,Tuesday,Afternoon,32.44,0.0,Positive,21.24782,1,63.0
422837,Funny Folks,15.85,Comedy,66.84,Tuesday,Afternoon,0.0,3.0,Negative,7.8369,1,10.0
426902,Funny Folks,9.71,Comedy,49.58,Tuesday,Afternoon,32.47,3.0,Negative,0.0,1,41.0
428370,Funny Folks,87.85,Comedy,47.3,Tuesday,Afternoon,2.03,1.0,Positive,62.65971,1,79.0
429699,Funny Folks,52.62,Comedy,87.4,Tuesday,Afternoon,47.72,1.0,Positive,49.69074,1,81.0
430742,Funny Folks,42.58,Comedy,47.27,Tuesday,Afternoon,16.33,0.0,Positive,29.55534,1,60.0
432488,Funny Folks,96.04,Comedy,90.5,Tuesday,Afternoon,0.0,1.0,Neutral,80.15382,1,24.0
439246,Funny Folks,68.1,Comedy,36.96,Tuesday,Afternoon,14.9,3.0,Positive,36.41627,1,97.0
439778,Funny Folks,90.65,Comedy,37.53,Tuesday,Afternoon,0.1,1.0,Positive,45.85356,1,49.0
440584,Funny Folks,116.49,Comedy,29.1,Tuesday,Afternoon,90.52,1.0,Neutral,83.4215,1,7.0
444519,Funny Folks,60.09,Comedy,57.81,Tuesday,Afternoon,32.44,0.0,Positive,28.53519,1,19.0
445302,Funny Folks,28.46,Comedy,39.21,Tuesday,Afternoon,54.66,0.0,Negative,10.34,1,1.0
445400,Funny Folks,63.78031705338419,Comedy,61.19,Tuesday,Afternoon,6.81,1.0,Neutral,67.55952,1,24.0
447263,Funny Folks,60.79,Comedy,45.69,Tuesday,Afternoon,0.0,0.0,Neutral,41.38524,1,72.0
447425,Funny Folks,80.97,Comedy,23.67,Tuesday,Afternoon,0.0,1.0,Positive,73.01549,1,80.0
447742,Funny Folks,101.29,Comedy,24.66,Tuesday,Afternoon,39.59,1.0,Negative,57.67843,1,9.0
451941,Funny Folks,47.82,Comedy,30.14,Tuesday,Afternoon,88.55,3.0,Neutral,13.94072,1,67.0
454602,Funny Folks,94.99,Comedy,29.22,Tuesday,Afternoon,26.69,1.0,Negative,70.49,1,61.0
455872,Funny Folks,63.78031705338419,Comedy,98.44,Tuesday,Afternoon,65.98,1.0,Neutral,95.03,1,23.0
457215,Funny Folks,75.96,Comedy,78.06,Tuesday,Afternoon,83.89,0.0,Neutral,36.07536,1,87.0
458139,Funny Folks,25.58,Comedy,78.99,Tuesday,Afternoon,83.33,1.0,Negative,18.01,1,57.0
458439,Funny Folks,68.06,Comedy,36.96,Tuesday,Afternoon,14.81,3.0,Positive,36.41627,1,97.0
459016,Funny Folks,94.07,Comedy,99.32,Tuesday,Afternoon,55.83,0.0,Neutral,72.07637,1,87.0
461340,Funny Folks,63.78031705338419,Comedy,51.92,Tuesday,Afternoon,6.59,1.0,Neutral,13.27693,1,100.0
461788,Funny Folks,77.63,Comedy,21.04,Tuesday,Afternoon,22.39,3.0,Negative,48.0003,1,49.0
462176,Funny Folks,82.28,Comedy,82.83,Tuesday,Afternoon,35.15,2.0,Neutral,46.92814,1,59.0
462603,Funny Folks,96.56,Comedy,55.53,Tuesday,Afternoon,8.52,0.0,Neutral,53.94072,1,63.0
463004,Funny Folks,118.46,Comedy,69.66,Tuesday,Afternoon,0.0,0.0,Negative,76.39213,1,4.0
463572,Funny Folks,109.65,Comedy,37.97,Tuesday,Afternoon,34.64,0.0,Positive,70.02656,1,82.0
463837,Funny Folks,76.92,Comedy,32.14,Tuesday,Afternoon,9.25,1.0,Negative,70.00319,1,51.0
465672,Funny Folks,27.09,Comedy,71.22,Tuesday,Afternoon,0.0,0.0,Neutral,23.17188,1,40.0
466821,Funny Folks,88.07,Comedy,68.01,Tuesday,Afternoon,36.07,2.0,Positive,38.94839,1,58.0
466865,Funny Folks,33.05,Comedy,76.05,Tuesday,Afternoon,75.77,1.0,Positive,26.28741,1,13.0
468268,Funny Folks,87.55,Comedy,94.35,Tuesday,Afternoon,52.78,2.0,Negative,50.52433,1,66.0
468325,Funny Folks,80.98,Comedy,99.08,Tuesday,Afternoon,53.76,3.0,Neutral,40.0805,1,78.0
469630,Funny Folks,30.59,Comedy,52.77,Tuesday,Afternoon,52.78,2.0,Neutral,17.44469,1,97.0
470241,Funny Folks,38.02,Comedy,53.56,Tuesday,Afternoon,25.82,0.0,Negative,31.51437,1,29.0
471580,Funny Folks,115.56,Comedy,33.22,Tuesday,Afternoon,0.0,1.0,Neutral,107.97929,1,54.0
472089,Funny Folks,29.29,Comedy,59.57,Tuesday,Afternoon,27.93,3.0,Negative,17.03499,1,63.0
472853,Funny Folks,10.91,Comedy,27.02,Tuesday,Afternoon,28.04,2.0,Positive,2.27331,1,56.0
472996,Funny Folks,114.1,Comedy,84.6,Tuesday,Afternoon,50.81,0.0,Negative,89.87485,1,67.0
478513,Funny Folks,109.16,Comedy,58.25,Tuesday,Afternoon,79.36,0.0,Neutral,90.85043,1,77.0
479956,Funny Folks,63.78031705338419,Comedy,64.64,Tuesday,Afternoon,1.49,2.0,Positive,51.15962,1,21.0
480675,Funny Folks,99.6,Comedy,71.66,Tuesday,Afternoon,52.93,2.0,Positive,53.11,1,23.0
480967,Funny Folks,103.98,Comedy,43.67,Tuesday,Afternoon,0.0,0.0,Negative,90.76223,1,25.0
481061,Funny Folks,27.14,Comedy,29.34,Tuesday,Afternoon,77.19,1.0,Negative,15.4,1,29.0
481714,Funny Folks,102.29,Comedy,89.44,Tuesday,Afternoon,46.19,0.0,Neutral,78.35051,1,75.0
484653,Funny Folks,25.47,Comedy,55.62,Tuesday,Afternoon,91.49,2.0,Positive,18.48149,1,64.0
486719,Funny Folks,66.24,Comedy,78.47,Tuesday,Afternoon,0.0,3.0,Positive,48.72209,1,10.0
487066,Funny Folks,42.64,Comedy,62.67,Tuesday,Afternoon,42.66,1.0,Negative,19.8884,1,11.0
488711,Funny Folks,113.04,Comedy,88.79,Tuesday,Afternoon,95.04,0.0,Neutral,99.91541,1,76.0
490668,Funny Folks,10.36,Comedy,38.36,Tuesday,Afternoon,76.36,1.0,Positive,6.37,1,86.0
490996,Funny Folks,63.78031705338419,Comedy,85.69,Tuesday,Afternoon,0.0,0.0,Positive,14.1238,1,79.0
491526,Funny Folks,103.71,Comedy,83.12,Tuesday,Afternoon,63.67,0.0,Neutral,88.42,1,99.0
492800,Funny Folks,90.62,Comedy,50.75,Tuesday,Afternoon,90.18,0.0,Negative,62.2958,1,42.0
493528,Funny Folks,5.51,Comedy,80.65,Tuesday,Afternoon,44.72,2.0,Negative,5.31,1,82.0
493627,Funny Folks,63.78031705338419,Comedy,51.53,Tuesday,Afternoon,35.29,3.0,Negative,6.27,1,76.0
494286,Funny Folks,52.48,Comedy,89.69,Tuesday,Afternoon,19.87,2.0,Positive,29.24771,1,84.0
497129,Funny Folks,100.86,Comedy,82.4,Tuesday,Afternoon,93.12,3.0,Neutral,87.57518,1,15.0
497489,Funny Folks,63.78031705338419,Comedy,77.69,Tuesday,Afternoon,95.14,0.0,Positive,31.27055,1,8.0
500558,Funny Folks,53.71,Comedy,59.26,Tuesday,Afternoon,95.04,1.0,Neutral,40.20113,1,72.0
509792,Funny Folks,63.78031705338419,Comedy,37.72,Tuesday,Afternoon,98.43,0.0,Neutral,41.4206,1,14.0
510044,Funny Folks,100.53,Comedy,26.51,Tuesday,Afternoon,32.92,0.0,Positive,79.03748,1,62.0
512483,Funny Folks,63.78031705338419,Comedy,39.23,Tuesday,Afternoon,56.68,3.0,Negative,16.31,1,8.0
514560,Funny Folks,107.88,Comedy,66.93,Tuesday,Afternoon,62.15,2.0,Negative,50.52433,1,66.0
515648,Funny Folks,84.56,Comedy,62.39,Tuesday,Afternoon,48.27,2.0,Negative,38.32349,1,51.0
519988,Funny Folks,48.55,Comedy,88.08,Tuesday,Afternoon,57.61,0.0,Neutral,37.94746,1,69.0
520398,Funny Folks,55.76,Comedy,54.48,Tuesday,Afternoon,51.99,1.0,Negative,50.40928,1,77.0
520776,Funny Folks,87.3,Comedy,57.7,Tuesday,Afternoon,23.8,3.0,Positive,46.65428,1,56.0
521378,Funny Folks,47.71,Comedy,47.52,Tuesday,Afternoon,48.63,0.0,Positive,29.55534,1,60.0
521616,Funny Folks,63.78031705338419,Comedy,59.19,Tuesday,Afternoon,49.43,0.0,Negative,85.32,1,38.0
523022,Funny Folks,10.67,Comedy,43.64,Tuesday,Afternoon,62.55,1.0,Positive,6.63636,1,83.0
523314,Funny Folks,105.11,Comedy,34.69,Tuesday,Afternoon,89.87,3.0,Negative,59.38,1,41.0
524648,Funny Folks,88.15,Comedy,35.07,Tuesday,Afternoon,0.0,2.0,Positive,74.55412,1,71.0
525246,Funny Folks,53.74,Comedy,59.26,Tuesday,Afternoon,21.82,1.0,Neutral,40.20113,1,37.0
525562,Funny Folks,118.28,Comedy,48.24,Tuesday,Afternoon,0.0,1.0,Positive,111.34,1,59.0
526077,Funny Folks,36.02,Comedy,91.74,Tuesday,Afternoon,0.0,0.0,Positive,31.89532,1,78.0
527404,Funny Folks,78.29,Comedy,77.92,Tuesday,Afternoon,67.96,1.0,Neutral,58.70838,1,22.0
528718,Funny Folks,28.678,Comedy,41.01,Tuesday,Afternoon,57.19,2.0,Neutral,28.67853,1,66.0
529438,Funny Folks,63.78031705338419,Comedy,96.37,Tuesday,Afternoon,0.0,3.0,Neutral,45.73918,1,70.0
531916,Funny Folks,64.35,Comedy,71.94,Tuesday,Afternoon,0.0,0.0,Negative,55.63084,1,56.0
533012,Funny Folks,71.12,Comedy,87.07,Tuesday,Afternoon,0.0,2.0,Neutral,57.62058,1,98.0
534093,Funny Folks,116.01,Comedy,92.13,Tuesday,Afternoon,0.0,1.0,Negative,72.11951,1,35.0
536314,Funny Folks,57.83,Comedy,22.45,Tuesday,Afternoon,42.82,0.0,Neutral,53.97175,1,18.0
536670,Funny Folks,104.97,Comedy,84.34,Tuesday,Afternoon,50.34,0.0,Negative,102.03,1,51.0
537756,Funny Folks,83.6,Comedy,65.15,Tuesday,Afternoon,17.7,1.0,Neutral,58.04639,1,16.0
538675,Funny Folks,103.09,Comedy,84.28,Tuesday,Afternoon,4.26,1.0,Positive,77.60895,1,1.0
540665,Funny Folks,22.56,Comedy,33.39,Tuesday,Afternoon,5.12,3.0,Negative,6.30354,1,23.0
541931,Funny Folks,30.82,Comedy,59.53,Tuesday,Afternoon,45.71,2.0,Positive,17.6,1,34.0
541948,Funny Folks,96.41,Comedy,63.55,Tuesday,Afternoon,0.0,0.0,Positive,81.96736,1,79.0
544295,Funny Folks,68.35,Comedy,84.02,Tuesday,Afternoon,0.0,0.0,Neutral,63.31788,1,17.0
544596,Funny Folks,61.8,Comedy,23.83,Tuesday,Afternoon,0.0,0.0,Neutral,51.50809,1,9.0
544804,Funny Folks,56.33,Comedy,22.73,Tuesday,Afternoon,0.0,0.0,Positive,35.95722,1,29.0
544820,Funny Folks,95.55,Comedy,45.96,Tuesday,Afternoon,72.12,0.0,Negative,55.90178,1,82.0
544899,Funny Folks,51.61,Comedy,62.12,Tuesday,Afternoon,0.0,1.0,Positive,40.31688,1,26.0
545277,Funny Folks,41.32,Comedy,79.13,Tuesday,Afternoon,0.0,0.0,Positive,23.16898,1,97.0
546257,Funny Folks,48.37,Comedy,72.97,Tuesday,Afternoon,36.99,3.0,Neutral,15.22354,1,8.0
547111,Funny Folks,97.53,Comedy,57.63,Tuesday,Afternoon,54.18,2.0,Neutral,52.01772,1,31.0
550418,Funny Folks,90.86,Comedy,78.91,Tuesday,Afternoon,0.0,0.0,Positive,81.05554,1,81.0
550444,Funny Folks,28.07,Comedy,97.45,Tuesday,Afternoon,6.74,1.0,Positive,21.48457,1,97.0
555914,Funny Folks,65.29,Comedy,38.56,Tuesday,Afternoon,81.28,2.0,Positive,51.76473,1,25.0
556402,Funny Folks,45.19,Comedy,22.01,Tuesday,Afternoon,64.24,2.0,Negative,17.8239,1,35.0
557287,Funny Folks,113.98,Comedy,29.32,Tuesday,Afternoon,0.0,0.0,Negative,64.49,1,24.0
558187,Funny Folks,104.79,Comedy,67.69,Tuesday,Afternoon,47.4,2.0,Neutral,81.26,1,43.0
559334,Funny Folks,53.83,Comedy,24.38,Tuesday,Afternoon,38.62,3.0,Neutral,25.71689,1,12.0
559819,Funny Folks,108.84,Comedy,32.66,Tuesday,Afternoon,0.0,1.0,Negative,68.56972,1,55.0
562537,Funny Folks,65.07,Comedy,49.7,Tuesday,Afternoon,85.45,0.0,Positive,44.66059,1,6.0
563132,Funny Folks,119.27,Comedy,30.78,Tuesday,Afternoon,51.86,0.0,Neutral,87.9303,1,5.0
563143,Funny Folks,42.42,Comedy,71.64,Tuesday,Afternoon,39.14,0.0,Neutral,23.17188,1,40.0
563262,Funny Folks,63.78031705338419,Comedy,51.42,Tuesday,Afternoon,6.09,1.0,Positive,67.10153,1,83.0
566150,Funny Folks,9.85,Comedy,53.5,Tuesday,Afternoon,72.02,3.0,Negative,9.50045,1,80.0
567451,Funny Folks,105.91,Comedy,84.34,Tuesday,Afternoon,20.74,0.0,Negative,102.03,1,51.0
567651,Funny Folks,9.51,Comedy,89.15,Tuesday,Afternoon,43.46,1.0,Negative,0.0,1,42.0
568588,Funny Folks,117.37,Comedy,57.33,Tuesday,Afternoon,97.02,3.0,Positive,55.4005,1,2.0
568783,Funny Folks,88.06,Comedy,66.71,Tuesday,Afternoon,0.0,2.0,Negative,65.99621,1,70.0
571335,Funny Folks,15.31,Comedy,91.71,Tuesday,Afternoon,0.0,1.0,Positive,14.24382,1,32.0
571513,Funny Folks,44.28,Comedy,53.19,Tuesday,Afternoon,2.21,3.0,Neutral,16.79901,1,20.0
572996,Funny Folks,106.78,Comedy,68.29,Tuesday,Afternoon,30.75,0.0,Negative,105.44976,1,66.0
574289,Funny Folks,71.69,Comedy,23.01,Tuesday,Afternoon,68.39,1.0,Neutral,38.54505,1,66.0
579303,Funny Folks,107.09,Comedy,54.09,Tuesday,Afternoon,0.0,3.0,Neutral,42.20473,1,16.0
579672,Funny Folks,114.7,Comedy,78.59,Tuesday,Afternoon,54.22,0.0,Positive,113.14,1,31.0
581341,Funny Folks,91.64,Comedy,61.5,Tuesday,Afternoon,86.62,2.0,Positive,74.67651,1,71.0
584493,Funny Folks,76.01,Comedy,51.06,Tuesday,Afternoon,21.2,2.0,Negative,49.451,1,68.0
584787,Funny Folks,99.44,Comedy,65.25,Tuesday,Afternoon,96.91,0.0,Negative,76.75538,1,12.0
586441,Funny Folks,14.16,Comedy,25.06,Tuesday,Afternoon,0.0,2.0,Neutral,11.61474,1,56.0
587287,Funny Folks,109.56,Comedy,68.66,Tuesday,Afternoon,82.53,0.0,Negative,47.77473,1,33.0
589071,Funny Folks,47.35,Comedy,80.7,Tuesday,Afternoon,5.66,1.0,Negative,39.94778,1,81.0
589579,Funny Folks,79.21,Comedy,78.37,Tuesday,Afternoon,62.29,3.0,Positive,45.06562,1,76.0
589609,Funny Folks,71.36,Comedy,85.54,Tuesday,Afternoon,45.54,0.0,Positive,55.43135,1,59.0
590222,Funny Folks,91.1,Comedy,45.01,Tuesday,Afternoon,24.44,0.0,Neutral,62.57058,1,35.0
591683,Funny Folks,50.41,Comedy,84.21,Tuesday,Afternoon,22.04,3.0,Negative,27.06792,1,95.0
592216,Funny Folks,57.66,Comedy,51.95,Tuesday,Afternoon,54.63,0.0,Neutral,50.34888,1,33.0
594891,Funny Folks,75.04,Comedy,62.77,Tuesday,Afternoon,41.56,0.0,Positive,44.57474,1,2.0
596565,Funny Folks,115.02,Comedy,31.72,Tuesday,Afternoon,21.25,2.0,Neutral,73.33506,1,13.0
596956,Funny Folks,63.78031705338419,Comedy,78.66,Tuesday,Afternoon,42.23,0.0,Positive,61.44311,1,23.0
597161,Funny Folks,119.59,Comedy,53.29,Tuesday,Afternoon,69.29,2.0,Neutral,93.19683,1,73.0
598383,Funny Folks,85.18,Comedy,80.59,Tuesday,Afternoon,66.12,0.0,Positive,74.08882,1,99.0
602403,Funny Folks,39.71,Comedy,66.41,Tuesday,Afternoon,40.23,2.0,Neutral,32.39618,1,91.0
604434,Funny Folks,116.92,Comedy,43.02,Tuesday,Afternoon,58.93,2.0,Positive,97.51509,1,68.0
607639,Funny Folks,5.87,Comedy,29.53,Tuesday,Afternoon,37.49,0.0,Neutral,2.36135,1,50.0
608234,Funny Folks,63.78031705338419,Comedy,63.79,Tuesday,Afternoon,29.2,1.0,Negative,28.32202,1,28.0
608290,Funny Folks,63.78031705338419,Comedy,40.29,Tuesday,Afternoon,60.12,1.0,Neutral,5.54882,1,28.0
610564,Funny Folks,63.78031705338419,Comedy,36.73,Tuesday,Afternoon,0.0,0.0,Positive,46.93636,1,39.0
611069,Funny Folks,69.16,Comedy,50.65,Tuesday,Afternoon,95.05,3.0,Neutral,42.33266,1,50.0
612281,Funny Folks,95.64,Comedy,89.1,Tuesday,Afternoon,90.32,2.0,Negative,71.77906,1,40.0
615179,Funny Folks,95.91,Comedy,68.36,Tuesday,Afternoon,0.0,1.0,Negative,53.89034,1,13.0
615703,Funny Folks,63.78031705338419,Comedy,72.4,Tuesday,Afternoon,0.0,1.0,Positive,91.05457,1,6.0
616768,Funny Folks,63.78031705338419,Comedy,91.89,Tuesday,Afternoon,69.13,1.0,Negative,47.76052,1,84.0
617352,Funny Folks,66.72,Comedy,25.79,Tuesday,Afternoon,0.0,0.0,Neutral,39.29779,1,48.0
617873,Funny Folks,90.34,Comedy,96.84,Tuesday,Afternoon,44.63,3.0,Negative,51.25483,1,61.0
618815,Funny Folks,111.42,Comedy,60.21,Tuesday,Afternoon,46.47,3.0,Neutral,67.7767,1,23.0
619951,Funny Folks,52.6,Comedy,31.89,Tuesday,Afternoon,93.89,3.0,Negative,41.4206,1,66.0
620201,Funny Folks,5.51,Comedy,56.91,Tuesday,Afternoon,44.71,1.0,Neutral,5.31,1,78.0
620409,Funny Folks,34.5,Comedy,82.73,Tuesday,Afternoon,0.49,2.0,Negative,24.87081,1,74.0
620695,Funny Folks,7.36,Comedy,20.8,Tuesday,Afternoon,28.44,1.0,Positive,7.36,1,84.0
621806,Funny Folks,63.78031705338419,Comedy,78.97,Tuesday,Afternoon,74.24,1.0,Positive,6.11,1,32.0
622976,Funny Folks,55.77,Comedy,28.8,Tuesday,Afternoon,65.71,0.0,Positive,53.82899,1,60.0
623272,Funny Folks,37.59,Comedy,27.45,Tuesday,Afternoon,0.0,3.0,Negative,22.47926,1,34.0
623332,Funny Folks,75.98,Comedy,78.06,Tuesday,Afternoon,83.89,0.0,Neutral,36.07536,1,87.0
623724,Funny Folks,35.81,Comedy,58.87,Tuesday,Afternoon,4.71,1.0,Neutral,15.89,1,84.0
624715,Funny Folks,63.78031705338419,Comedy,37.66,Tuesday,Afternoon,98.43,0.0,Neutral,41.4206,1,14.0
625219,Funny Folks,52.86,Comedy,35.67,Tuesday,Afternoon,40.84,2.0,Negative,38.55663,1,82.0
625953,Funny Folks,63.78031705338419,Comedy,28.56,Tuesday,Afternoon,74.21,0.0,Neutral,29.11,1,64.0
627567,Funny Folks,85.55,Comedy,93.11,Tuesday,Afternoon,28.57,0.0,Positive,78.91585,1,79.0
628036,Funny Folks,50.04,Comedy,68.93,Tuesday,Afternoon,0.0,2.0,Neutral,38.3808,1,89.0
631410,Funny Folks,25.24,Comedy,27.72,Tuesday,Afternoon,0.0,2.0,Negative,10.15,1,98.0
632901,Funny Folks,63.78031705338419,Comedy,60.81,Tuesday,Afternoon,0.0,2.0,Neutral,53.61144,1,77.0
637869,Funny Folks,63.78031705338419,Comedy,27.68,Tuesday,Afternoon,56.33,3.0,Negative,17.31,1,4.0
639100,Funny Folks,26.59,Comedy,22.63,Tuesday,Afternoon,11.71,1.0,Negative,20.48452,1,47.0
640421,Funny Folks,102.9,Comedy,71.87,Tuesday,Afternoon,64.23,3.0,Neutral,53.22,1,87.0
641877,Funny Folks,58.29,Comedy,30.42,Tuesday,Afternoon,0.0,2.0,Positive,28.18882,1,29.0
642068,Funny Folks,118.64,Comedy,81.59,Tuesday,Afternoon,54.84,0.0,Neutral,118.12,1,23.0
643384,Funny Folks,90.68,Comedy,60.17,Tuesday,Afternoon,89.71,1.0,Positive,83.3,1,73.0
643512,Funny Folks,52.58,Comedy,35.57,Tuesday,Afternoon,0.0,0.0,Neutral,36.01391,1,53.0
645565,Funny Folks,63.78031705338419,Comedy,20.23,Tuesday,Afternoon,56.72,3.0,Negative,16.31,1,8.0
647823,Funny Folks,22.93,Comedy,44.17,Tuesday,Afternoon,12.7,1.0,Positive,17.14726,1,75.0
649059,Funny Folks,41.66,Comedy,50.96,Tuesday,Afternoon,93.16,1.0,Negative,38.80362,1,80.0
650095,Funny Folks,29.08,Comedy,47.68,Tuesday,Afternoon,60.43,0.0,Positive,26.90204,1,63.0
650298,Funny Folks,63.78031705338419,Comedy,39.23,Tuesday,Afternoon,56.24,3.0,Negative,17.31,1,8.0
651938,Funny Folks,91.71,Comedy,81.55,Tuesday,Afternoon,0.0,2.0,Neutral,51.04464,1,4.0
652816,Funny Folks,81.54,Comedy,72.28,Tuesday,Afternoon,72.08,0.0,Negative,56.88513,1,83.0
654082,Funny Folks,5.51,Comedy,80.65,Tuesday,Afternoon,54.77,1.0,Neutral,5.31,1,82.0
655107,Funny Folks,34.4,Comedy,98.01,Tuesday,Afternoon,11.25,2.0,Positive,31.43,1,38.0
655308,Funny Folks,107.4,Comedy,79.43,Tuesday,Afternoon,58.51,0.0,Neutral,104.63,1,52.0
655356,Funny Folks,96.5,Comedy,73.83,Tuesday,Afternoon,2.68,0.0,Neutral,92.78024,1,25.0
656631,Funny Folks,116.71,Comedy,63.38,Tuesday,Afternoon,99.87,1.0,Negative,85.89686,1,2.0
658324,Funny Folks,8.87,Comedy,46.97,Tuesday,Afternoon,82.72,1.0,Positive,1.23663,1,78.0
659717,Funny Folks,11.21,Comedy,39.69,Tuesday,Afternoon,50.57,1.0,Neutral,7.85,1,49.0
659723,Funny Folks,87.68,Comedy,83.09,Tuesday,Afternoon,54.24,0.0,Positive,72.95684,1,33.0
660125,Funny Folks,63.78031705338419,Comedy,62.11,Tuesday,Afternoon,58.43,0.0,Neutral,41.4206,1,14.0
661429,Funny Folks,63.78031705338419,Comedy,47.38,Tuesday,Afternoon,46.39,0.0,Positive,32.58023,1,46.0
661562,Funny Folks,24.61,Comedy,72.25,Tuesday,Afternoon,61.26,0.0,Neutral,24.44224,1,83.0
662922,Funny Folks,63.78031705338419,Comedy,93.85,Tuesday,Afternoon,0.0,1.0,Negative,49.30706,1,94.0
663069,Funny Folks,49.41,Comedy,94.71,Tuesday,Afternoon,78.59,2.0,Positive,35.22,1,59.0
663943,Funny Folks,63.78031705338419,Comedy,80.28,Tuesday,Afternoon,61.03,3.0,Negative,61.38678,1,82.0
663953,Funny Folks,100.15,Comedy,72.13,Tuesday,Afternoon,44.53,1.0,Negative,99.16484,1,71.0
664738,Funny Folks,69.13,Comedy,54.99,Tuesday,Afternoon,83.82,1.0,Positive,50.90406,1,61.0
668070,Funny Folks,49.59,Comedy,38.56,Tuesday,Afternoon,81.98,2.0,Neutral,48.45397,1,23.0
669362,Funny Folks,19.97,Comedy,39.25,Tuesday,Afternoon,49.81,1.0,Positive,11.381,1,4.0
670018,Funny Folks,28.03,Comedy,85.03,Tuesday,Afternoon,38.5,0.0,Positive,11.7098,1,25.0
670230,Funny Folks,63.78031705338419,Comedy,31.89,Tuesday,Afternoon,27.98,2.0,Neutral,49.12803,1,18.0
672311,Funny Folks,47.96,Comedy,43.48,Tuesday,Afternoon,0.0,0.0,Positive,40.28202,1,59.0
672880,Funny Folks,93.52,Comedy,66.12,Tuesday,Afternoon,52.79,0.0,Negative,70.04133,1,12.0
672925,Funny Folks,32.29,Comedy,89.45,Tuesday,Afternoon,70.79,1.0,Positive,17.14726,1,75.0
674364,Funny Folks,47.02,Comedy,45.56,Tuesday,Afternoon,33.78,0.0,Negative,34.70178,1,18.0
676229,Funny Folks,90.08,Comedy,82.91,Tuesday,Afternoon,0.0,3.0,Neutral,55.68303,1,41.0
678162,Funny Folks,113.21,Comedy,32.53,Tuesday,Afternoon,32.27,2.0,Neutral,80.92776,1,76.0
678705,Funny Folks,21.18,Comedy,85.96,Tuesday,Afternoon,0.0,2.0,Neutral,17.80445,1,21.0
679199,Funny Folks,62.71,Comedy,55.28,Tuesday,Afternoon,0.0,3.0,Neutral,46.41644,1,45.0
679563,Funny Folks,63.78031705338419,Comedy,85.55,Tuesday,Afternoon,58.74,1.0,Neutral,95.03,1,84.0
679703,Funny Folks,67.11,Comedy,84.65,Tuesday,Afternoon,47.73,2.0,Positive,32.33066,1,13.0
682389,Funny Folks,96.51,Comedy,55.53,Tuesday,Afternoon,8.52,0.0,Positive,53.94072,1,64.0
682929,Funny Folks,112.55,Comedy,47.63,Tuesday,Afternoon,49.85,1.0,Negative,76.28701,1,54.0
686275,Funny Folks,34.62,Comedy,68.6,Tuesday,Afternoon,46.78,0.0,Neutral,22.95,1,5.0
689442,Funny Folks,53.07,Comedy,89.29,Tuesday,Afternoon,85.35,3.0,Neutral,40.66929,1,92.0
689531,Funny Folks,29.34,Comedy,75.84,Tuesday,Afternoon,31.23,2.0,Negative,11.9623,1,4.0
691275,Funny Folks,84.41,Comedy,36.41,Tuesday,Afternoon,81.2,3.0,Positive,52.90312,1,33.0
693312,Funny Folks,119.98,Comedy,93.03,Tuesday,Afternoon,59.53,2.0,Positive,112.48418,1,89.0
696535,Funny Folks,55.48,Comedy,52.52,Tuesday,Afternoon,27.39,3.0,Negative,24.51273,1,24.0
696536,Funny Folks,94.01,Comedy,60.96,Tuesday,Afternoon,19.35,2.0,Neutral,63.53221,1,79.0
698687,Funny Folks,86.71,Comedy,99.95,Tuesday,Afternoon,65.01,0.0,Positive,80.09039,1,43.0
699373,Funny Folks,105.38,Comedy,81.3,Tuesday,Afternoon,77.12,1.0,Negative,87.29221,1,91.0
700342,Funny Folks,64.23,Comedy,26.89,Tuesday,Afternoon,0.0,3.0,Negative,48.07868,1,89.0
701192,Funny Folks,116.61,Comedy,25.12,Tuesday,Afternoon,36.73,0.0,Positive,76.52683,1,12.0
701745,Funny Folks,116.26,Comedy,81.08,Tuesday,Afternoon,87.27,0.0,Neutral,103.11,1,65.0
702358,Funny Folks,85.34,Comedy,80.27,Tuesday,Afternoon,0.0,3.0,Positive,64.95,1,59.0
702711,Funny Folks,63.78031705338419,Comedy,52.26,Tuesday,Afternoon,5.16,0.0,Neutral,41.4206,1,14.0
703531,Funny Folks,115.16,Comedy,63.87,Tuesday,Afternoon,0.0,3.0,Positive,105.16011,1,74.0
704525,Funny Folks,7.36,Comedy,20.48,Tuesday,Afternoon,28.44,1.0,Positive,7.36,1,84.0
707283,Funny Folks,68.29,Comedy,97.34,Tuesday,Afternoon,14.9,3.0,Neutral,36.41627,1,97.0
707776,Funny Folks,37.67,Comedy,92.16,Tuesday,Afternoon,89.82,2.0,Neutral,24.67597,1,91.0
708472,Funny Folks,85.32,Comedy,59.69,Tuesday,Afternoon,25.15,0.0,Negative,85.32,1,38.0
709018,Funny Folks,11.7,Comedy,77.6,Tuesday,Afternoon,54.7,0.0,Negative,10.52943,1,61.0
710036,Funny Folks,73.93,Comedy,78.87,Tuesday,Afternoon,0.0,0.0,Positive,56.74153,1,47.0
711081,Funny Folks,52.36,Comedy,62.05,Tuesday,Afternoon,28.78,0.0,Positive,30.97727,1,28.0
712313,Funny Folks,81.43,Comedy,71.25,Tuesday,Afternoon,0.0,1.0,Neutral,71.75948,1,31.0
712563,Funny Folks,47.71,Comedy,47.53,Tuesday,Afternoon,96.52,0.0,Positive,29.55534,1,65.0
712607,Funny Folks,9.03,Comedy,29.03,Tuesday,Afternoon,0.0,3.0,Neutral,0.0,1,48.0
713606,Funny Folks,95.55,Comedy,21.96,Tuesday,Afternoon,78.96,1.0,Neutral,55.90178,1,13.0
713832,Funny Folks,48.38,Comedy,92.88,Tuesday,Afternoon,84.79,2.0,Positive,38.77878,1,58.0
714150,Funny Folks,31.27,Comedy,29.82,Tuesday,Afternoon,99.43,0.0,Negative,22.24,1,71.0
714153,Funny Folks,27.24,Comedy,93.13,Tuesday,Afternoon,42.69,2.0,Negative,32.95632,1,82.0
714959,Funny Folks,33.27,Comedy,95.07,Tuesday,Afternoon,0.0,1.0,Positive,14.82208,1,25.0
716075,Funny Folks,44.01,Comedy,72.99,Tuesday,Afternoon,60.68,0.0,Neutral,33.04424,1,50.0
717786,Funny Folks,95.63,Comedy,68.29,Tuesday,Afternoon,0.0,1.0,Negative,61.9003,1,33.0
720492,Funny Folks,102.86,Comedy,61.62,Tuesday,Afternoon,80.42,0.0,Negative,103.93098,1,32.0
721252,Funny Folks,75.47,Comedy,81.62,Tuesday,Afternoon,3.57,0.0,Positive,49.91398,1,90.0
722371,Funny Folks,63.78031705338419,Comedy,32.66,Tuesday,Afternoon,64.45,0.0,Neutral,26.60088,1,32.0
723341,Funny Folks,61.37,Comedy,26.52,Tuesday,Afternoon,22.12,3.0,Positive,44.15301,1,14.0
726095,Funny Folks,38.07,Comedy,38.68,Tuesday,Afternoon,92.59,1.0,Neutral,18.35359,1,41.0
726112,Funny Folks,15.85,Comedy,31.14,Tuesday,Afternoon,36.52,0.0,Neutral,7.8685,1,28.0
727431,Funny Folks,63.78031705338419,Comedy,52.58,Tuesday,Afternoon,5.16,0.0,Neutral,41.4206,1,14.0
732631,Funny Folks,93.58,Comedy,43.56,Tuesday,Afternoon,28.17,1.0,Neutral,51.91148,1,5.0
733433,Funny Folks,68.44,Comedy,59.69,Tuesday,Afternoon,44.88,1.0,Neutral,39.83602,1,27.0
733605,Funny Folks,31.61,Comedy,61.47,Tuesday,Afternoon,73.98,0.0,Negative,18.66,1,71.0
734333,Funny Folks,31.24,Comedy,26.23,Tuesday,Afternoon,0.0,1.0,Neutral,17.74,1,63.0
734822,Funny Folks,79.71,Comedy,66.82,Tuesday,Afternoon,46.81,0.0,Neutral,46.8504,1,68.0
734887,Funny Folks,91.89,Comedy,87.06,Tuesday,Afternoon,43.77,0.0,Negative,50.45209,1,47.0
738473,Funny Folks,63.78031705338419,Comedy,84.74,Tuesday,Afternoon,0.0,0.0,Neutral,51.92448,1,10.0
738774,Funny Folks,116.38,Comedy,88.98,Tuesday,Afternoon,0.0,2.0,Negative,96.65,1,27.0
740186,Funny Folks,46.52,Comedy,44.62,Tuesday,Afternoon,42.71,0.0,Positive,18.2956,1,75.0
740258,Funny Folks,91.98,Comedy,60.4,Tuesday,Afternoon,91.0,1.0,Positive,52.75739,1,29.0
744505,Funny Folks,75.7,Comedy,70.33,Tuesday,Afternoon,32.28,2.0,Neutral,53.28414,1,34.0
744533,Funny Folks,94.5,Comedy,83.82,Tuesday,Afternoon,37.4,2.0,Neutral,52.14132,1,35.0
744605,Funny Folks,102.51,Comedy,58.94,Tuesday,Afternoon,58.93,1.0,Positive,58.68,1,64.0
745323,Funny Folks,88.4,Comedy,49.6,Tuesday,Afternoon,70.08,0.0,Negative,56.74153,1,88.0
746405,Funny Folks,9.58,Comedy,46.56,Tuesday,Afternoon,65.44,2.0,Negative,5.01,1,57.0
748573,Funny Folks,18.73,Comedy,50.73,Tuesday,Afternoon,0.0,0.0,Positive,17.49723,1,20.0
753218,Funny Folks,63.78031705338419,Comedy,51.92,Tuesday,Afternoon,17.58,3.0,Negative,,0,69.0
754679,Funny Folks,101.99,Comedy,33.88,Tuesday,Afternoon,93.43,3.0,Negative,,0,44.0
756168,Funny Folks,75.43,Comedy,42.31,Tuesday,Afternoon,58.31,3.0,Negative,,0,29.0
759414,Funny Folks,63.78031705338419,Comedy,76.74,Tuesday,Afternoon,11.88,2.0,Neutral,,0,43.0
760061,Funny Folks,55.36,Comedy,89.86,Tuesday,Afternoon,0.0,3.0,Neutral,,0,54.0
760716,Funny Folks,84.24,Comedy,60.52,Tuesday,Afternoon,0.72,0.0,Positive,,0,9.0
762262,Funny Folks,13.01,Comedy,53.23,Tuesday,Afternoon,16.53,1.0,Negative,,0,64.0
763102,Funny Folks,98.32,Comedy,71.04,Tuesday,Afternoon,1.9,1.0,Negative,,0,64.0
764211,Funny Folks,5.48,Comedy,71.94,Tuesday,Afternoon,39.24,2.0,Negative,,0,40.0
764944,Funny Folks,99.71,Comedy,94.62,Tuesday,Afternoon,0.0,0.0,Negative,,0,5.0
765580,Funny Folks,42.16,Comedy,48.75,Tuesday,Afternoon,0.0,1.0,Neutral,,0,54.0
766429,Funny Folks,49.31,Comedy,23.95,Tuesday,Afternoon,0.0,0.0,Positive,,0,90.0
770474,Funny Folks,87.85,Comedy,67.63,Tuesday,Afternoon,0.0,0.0,Negative,,0,20.0
771226,Funny Folks,94.8,Comedy,53.36,Tuesday,Afternoon,69.99,0.0,Neutral,,0,22.0
774228,Funny Folks,111.11,Comedy,44.71,Tuesday,Afternoon,18.52,2.0,Neutral,,0,52.0
777107,Funny Folks,43.25,Comedy,22.85,Tuesday,Afternoon,36.47,0.0,Positive,,0,43.0
777440,Funny Folks,85.6,Comedy,79.34,Tuesday,Afternoon,79.69,0.0,Negative,,0,89.0
779653,Funny Folks,53.98,Comedy,72.74,Tuesday,Afternoon,7.69,1.0,Neutral,,0,64.0
782728,Funny Folks,15.29,Comedy,91.81,Tuesday,Afternoon,0.0,1.0,Neutral,,0,32.0
784636,Funny Folks,32.06,Comedy,51.61,Tuesday,Afternoon,9.67,3.0,Negative,,0,100.0
784702,Funny Folks,24.56,Comedy,40.21,Tuesday,Afternoon,64.77,0.0,Negative,,0,65.0
786946,Funny Folks,84.15,Comedy,36.83,Tuesday,Afternoon,83.6,2.0,Negative,,0,3.0
787011,Funny Folks,19.32,Comedy,39.71,Tuesday,Afternoon,81.43,2.0,Negative,,0,33.0
787224,Funny Folks,104.56,Comedy,93.85,Tuesday,Afternoon,0.0,0.0,Positive,,0,13.0
789618,Funny Folks,86.52,Comedy,76.37,Tuesday,Afternoon,72.1,2.0,Negative,,0,97.0
790720,Funny Folks,57.65,Comedy,78.67,Tuesday,Afternoon,0.0,3.0,Negative,,0,75.0
790826,Funny Folks,107.47,Comedy,66.17,Tuesday,Afternoon,34.86,2.0,Positive,,0,60.0
792942,Funny Folks,62.53,Comedy,94.71,Tuesday,Afternoon,67.61,0.0,Neutral,,0,2.0
794339,Funny Folks,41.18,Comedy,86.44,Tuesday,Afternoon,97.42,1.0,Positive,,0,62.0
801083,Funny Folks,7.28,Comedy,27.82,Tuesday,Afternoon,0.0,2.0,Neutral,,0,83.0
804203,Funny Folks,67.73,Comedy,36.4,Tuesday,Afternoon,51.39,3.0,Negative,,0,99.0
804317,Funny Folks,79.02,Comedy,84.45,Tuesday,Afternoon,38.55,0.0,Positive,,0,31.0
804329,Funny Folks,47.82,Comedy,30.14,Tuesday,Afternoon,8.52,0.0,Neutral,,0,67.0
804821,Funny Folks,58.17,Comedy,27.68,Tuesday,Afternoon,78.7,1.0,Neutral,,0,58.0
805027,Funny Folks,56.81,Comedy,91.07,Tuesday,Afternoon,39.72,3.0,Negative,,0,44.0
806430,Funny Folks,16.26,Comedy,41.95,Tuesday,Afternoon,0.0,0.0,Positive,,0,46.0
807965,Funny Folks,36.83,Comedy,73.99,Tuesday,Afternoon,18.99,1.0,Positive,,0,35.0
810308,Funny Folks,29.09,Comedy,43.95,Tuesday,Afternoon,4.87,2.0,Positive,,0,100.0
810658,Funny Folks,15.71,Comedy,25.46,Tuesday,Afternoon,58.63,2.0,Positive,,0,87.0
811781,Funny Folks,5.51,Comedy,44.71,Tuesday,Afternoon,55.13,2.0,Neutral,,0,82.0
811899,Funny Folks,75.41,Comedy,36.0,Tuesday,Afternoon,87.58,0.0,Neutral,,0,27.0
813816,Funny Folks,100.39,Comedy,85.54,Tuesday,Afternoon,0.0,2.0,Positive,,0,10.0
814562,Funny Folks,87.65,Comedy,68.39,Tuesday,Afternoon,92.37,0.0,Positive,,0,99.0
816504,Funny Folks,105.84,Comedy,86.29,Tuesday,Afternoon,80.79,0.0,Neutral,,0,91.0
817058,Funny Folks,7.88,Comedy,88.31,Tuesday,Afternoon,79.81,1.0,Negative,,0,34.0
822774,Funny Folks,91.18,Comedy,34.18,Tuesday,Afternoon,29.61,0.0,Positive,,0,81.0
828187,Funny Folks,7.41,Comedy,85.71,Tuesday,Afternoon,42.79,1.0,Positive,,0,8.0
831285,Funny Folks,39.68,Comedy,66.99,Tuesday,Afternoon,71.67,0.0,Negative,,0,74.0
831724,Funny Folks,63.78031705338419,Comedy,29.3,Tuesday,Afternoon,23.06,0.0,Positive,,0,88.0
835857,Funny Folks,86.9,Comedy,88.15,Tuesday,Afternoon,37.51,3.0,Neutral,,0,95.0
838079,Funny Folks,111.16,Comedy,43.22,Tuesday,Afternoon,70.4,0.0,Positive,,0,84.0
839208,Funny Folks,52.99,Comedy,22.44,Tuesday,Afternoon,29.12,3.0,Negative,,0,29.0
844605,Funny Folks,15.12,Comedy,27.09,Tuesday,Afternoon,77.18,3.0,Positive,,0,98.0
845467,Funny Folks,24.28,Comedy,25.74,Tuesday,Afternoon,22.78,3.0,Neutral,,0,84.0
846590,Funny Folks,81.13,Comedy,24.5,Tuesday,Afternoon,0.0,1.0,Negative,,0,11.0
846899,Funny Folks,39.57,Comedy,23.48,Tuesday,Afternoon,91.44,3.0,Neutral,,0,16.0
849995,Funny Folks,5.11,Comedy,57.9,Tuesday,Afternoon,0.0,1.0,Neutral,,0,49.0
850668,Funny Folks,63.78031705338419,Comedy,71.03,Tuesday,Afternoon,8.48,2.0,Neutral,,0,16.0
851551,Funny Folks,37.85,Comedy,58.76,Tuesday,Afternoon,0.0,1.0,Negative,,0,38.0
852345,Funny Folks,75.1,Comedy,57.89,Tuesday,Afternoon,71.22,2.0,Negative,,0,73.0
853840,Funny Folks,48.02,Comedy,53.44,Tuesday,Afternoon,75.25,2.0,Neutral,,0,87.0
853950,Funny Folks,48.34,Comedy,89.23,Tuesday,Afternoon,55.36,2.0,Positive,,0,52.0
854777,Funny Folks,98.64,Comedy,28.63,Tuesday,Afternoon,55.82,0.0,Neutral,,0,8.0
855376,Funny Folks,63.78031705338419,Comedy,91.86,Tuesday,Afternoon,68.1,2.0,Positive,,0,29.0
857116,Funny Folks,47.84,Comedy,25.53,Tuesday,Afternoon,65.71,1.0,Negative,,0,57.0
859851,Funny Folks,48.02,Comedy,69.6,Tuesday,Afternoon,80.23,2.0,Positive,,0,28.0
859861,Funny Folks,45.22,Comedy,53.95,Tuesday,Afternoon,35.51,1.0,Positive,,0,87.0
860584,Funny Folks,102.11,Comedy,34.44,Tuesday,Afternoon,35.45,2.0,Negative,,0,81.0
861189,Funny Folks,57.06,Comedy,60.81,Tuesday,Afternoon,21.81,1.0,Neutral,,0,37.0
863069,Funny Folks,63.78031705338419,Comedy,53.44,Tuesday,Afternoon,79.05,3.0,Neutral,,0,54.0
863964,Funny Folks,63.78031705338419,Comedy,82.4,Tuesday,Afternoon,32.75,2.0,Negative,,0,10.0
864006,Funny Folks,60.08,Comedy,39.37,Tuesday,Afternoon,47.87,0.0,Neutral,,0,19.0
865839,Funny Folks,63.78031705338419,Comedy,22.45,Tuesday,Afternoon,56.64,3.0,Positive,,0,71.0
867061,Funny Folks,107.91,Comedy,57.25,Tuesday,Afternoon,73.44,2.0,Neutral,,0,71.0
867867,Funny Folks,34.15,Comedy,67.17,Tuesday,Afternoon,23.14,1.0,Neutral,,0,62.0
868586,Funny Folks,47.38,Comedy,48.29,Tuesday,Afternoon,46.15,1.0,Positive,,0,66.0
869823,Funny Folks,45.08,Comedy,48.12,Tuesday,Afternoon,56.06,1.0,Neutral,,0,17.0
871634,Funny Folks,94.42,Comedy,82.45,Tuesday,Afternoon,84.47,3.0,Negative,,0,25.0
871677,Funny Folks,25.53,Comedy,88.12,Tuesday,Afternoon,0.0,3.0,Negative,,0,33.0
871964,Funny Folks,59.05,Comedy,83.99,Tuesday,Afternoon,0.0,2.0,Neutral,,0,93.0
873184,Funny Folks,113.38,Comedy,72.87,Tuesday,Afternoon,71.54,3.0,Positive,,0,65.0
874519,Funny Folks,80.71,Comedy,85.61,Tuesday,Afternoon,81.42,1.0,Positive,,0,43.0
875808,Funny Folks,66.73,Comedy,20.58,Tuesday,Afternoon,63.82,0.0,Positive,,0,82.0
875856,Funny Folks,77.54,Comedy,38.46,Tuesday,Afternoon,0.0,3.0,Neutral,,0,40.0
877214,Funny Folks,11.7,Comedy,77.85,Tuesday,Afternoon,54.4,0.0,Negative,,0,61.0
878263,Funny Folks,43.19,Comedy,80.28,Tuesday,Afternoon,0.0,1.0,Neutral,,0,29.0
880276,Funny Folks,66.66,Comedy,46.92,Tuesday,Afternoon,83.23,2.0,Neutral,,0,58.0
880393,Funny Folks,24.81,Comedy,84.62,Tuesday,Afternoon,98.23,3.0,Neutral,,0,84.0
881739,Funny Folks,64.38,Comedy,54.28,Tuesday,Afternoon,46.88,3.0,Neutral,,0,45.0
881742,Funny Folks,76.27,Comedy,40.14,Tuesday,Afternoon,8.35,1.0,Negative,,0,46.0
881928,Funny Folks,108.29,Comedy,74.94,Tuesday,Afternoon,52.31,3.0,Positive,,0,47.0
886532,Funny Folks,56.77,Comedy,75.76,Tuesday,Afternoon,56.23,3.0,Positive,,0,86.0
888924,Funny Folks,71.38,Comedy,77.52,Tuesday,Afternoon,2.89,0.0,Negative,,0,56.0
889833,Funny Folks,87.12,Comedy,56.95,Tuesday,Afternoon,51.77,0.0,Positive,,0,47.0
889953,Funny Folks,53.7,Comedy,82.24,Tuesday,Afternoon,24.65,3.0,Negative,,0,69.0
891023,Funny Folks,109.13,Comedy,63.14,Tuesday,Afternoon,0.0,0.0,Neutral,,0,46.0
891603,Funny Folks,89.68,Comedy,97.52,Tuesday,Afternoon,0.0,1.0,Negative,,0,9.0
893609,Funny Folks,47.7,Comedy,92.44,Tuesday,Afternoon,38.28,2.0,Negative,,0,67.0
893758,Funny Folks,61.12,Comedy,48.96,Tuesday,Afternoon,10.25,1.0,Positive,,0,27.0
893996,Funny Folks,64.69,Comedy,31.68,Tuesday,Afternoon,29.73,1.0,Negative,,0,80.0
894906,Funny Folks,47.62,Comedy,36.93,Tuesday,Afternoon,58.63,1.0,Negative,,0,63.0
895440,Funny Folks,84.26,Comedy,79.88,Tuesday,Afternoon,25.72,0.0,Neutral,,0,79.0
896114,Funny Folks,9.61,Comedy,89.81,Tuesday,Afternoon,1.54,3.0,Negative,,0,53.0
896482,Funny Folks,63.78031705338419,Comedy,52.66,Tuesday,Afternoon,64.26,0.0,Negative,,0,32.0
897138,Funny Folks,81.62,Comedy,29.49,Tuesday,Afternoon,0.0,3.0,Negative,,0,8.0
898132,Funny Folks,108.55,Comedy,98.84,Tuesday,Afternoon,68.92,1.0,Neutral,,0,23.0
899137,Funny Folks,89.97,Comedy,39.96,Tuesday,Afternoon,36.89,1.0,Positive,,0,63.0
900285,Funny Folks,63.78031705338419,Comedy,72.82,Tuesday,Afternoon,0.0,3.0,Positive,,0,17.0
902696,Funny Folks,36.03,Comedy,38.02,Tuesday,Afternoon,48.43,0.0,Negative,,0,84.0
902734,Funny Folks,79.77,Comedy,46.12,Tuesday,Afternoon,58.67,0.0,Negative,,0,37.0
903391,Funny Folks,20.8,Comedy,88.25,Tuesday,Afternoon,0.0,2.0,Positive,,0,35.0
903440,Funny Folks,63.78031705338419,Comedy,78.97,Tuesday,Afternoon,58.72,1.0,Neutral,,0,32.0
903742,Funny Folks,44.6,Comedy,60.56,Tuesday,Afternoon,60.67,2.0,Neutral,,0,15.0
907873,Funny Folks,9.86,Comedy,49.52,Tuesday,Afternoon,47.4,1.0,Neutral,,0,29.0
907988,Funny Folks,86.15,Comedy,60.09,Tuesday,Afternoon,92.15,0.0,Negative,,0,95.0
908949,Funny Folks,34.18,Comedy,66.57,Tuesday,Afternoon,91.63,3.0,Neutral,,0,3.0
909341,Funny Folks,119.97,Comedy,48.77,Tuesday,Afternoon,99.58,2.0,Positive,,0,46.0
909783,Funny Folks,47.82,Comedy,48.86,Tuesday,Afternoon,97.08,3.0,Neutral,,0,67.0
910356,Funny Folks,62.42,Comedy,73.66,Tuesday,Afternoon,75.43,0.0,Positive,,0,89.0
910635,Funny Folks,63.78031705338419,Comedy,58.79,Tuesday,Afternoon,98.67,3.0,Negative,,0,18.0
911526,Funny Folks,100.93,Comedy,84.93,Tuesday,Afternoon,58.74,0.0,Positive,,0,23.0
911768,Funny Folks,92.82,Comedy,32.46,Tuesday,Afternoon,91.19,2.0,Neutral,,0,52.0
913751,Funny Folks,119.17,Comedy,41.33,Tuesday,Afternoon,88.62,1.0,Neutral,,0,33.0
914067,Funny Folks,43.48,Comedy,31.69,Tuesday,Afternoon,0.0,2.0,Neutral,,0,43.0
914779,Funny Folks,19.46,Comedy,22.72,Tuesday,Afternoon,81.43,2.0,Negative,,0,33.0
914892,Funny Folks,96.06,Comedy,42.87,Tuesday,Afternoon,91.66,1.0,Neutral,,0,41.0
915516,Funny Folks,23.16,Comedy,43.31,Tuesday,Afternoon,17.81,3.0,Neutral,,0,27.0
916088,Funny Folks,42.14,Comedy,53.55,Tuesday,Afternoon,0.0,0.0,Neutral,,0,79.0
917464,Funny Folks,56.33,Comedy,38.79,Tuesday,Afternoon,61.19,1.0,Positive,,0,26.0
917515,Funny Folks,32.75,Comedy,32.66,Tuesday,Afternoon,64.81,0.0,Neutral,,0,32.0
921238,Funny Folks,19.62,Comedy,95.15,Tuesday,Afternoon,54.48,2.0,Neutral,,0,14.0
921354,Funny Folks,28.56,Comedy,63.39,Tuesday,Afternoon,0.0,3.0,Positive,,0,70.0
923231,Funny Folks,9.47,Comedy,63.31,Tuesday,Afternoon,43.95,1.0,Neutral,,0,74.0
923786,Funny Folks,99.44,Comedy,65.24,Tuesday,Afternoon,96.12,0.0,Negative,,0,4.0
924104,Funny Folks,99.37,Comedy,21.36,Tuesday,Afternoon,85.74,1.0,Neutral,,0,51.0
925275,Funny Folks,37.63,Comedy,91.81,Tuesday,Afternoon,0.0,3.0,Neutral,,0,3.0
925847,Funny Folks,47.91,Comedy,99.71,Tuesday,Afternoon,0.0,1.0,Neutral,,0,42.0
926212,Funny Folks,63.78031705338419,Comedy,63.7,Tuesday,Afternoon,53.37,3.0,Neutral,,0,84.0
926255,Funny Folks,19.32,Comedy,39.71,Tuesday,Afternoon,81.72,2.0,Negative,,0,46.0
927916,Funny Folks,81.82,Comedy,40.14,Tuesday,Afternoon,17.64,2.0,Positive,,0,46.0
928677,Funny Folks,63.78031705338419,Comedy,95.43,Tuesday,Afternoon,79.57,1.0,Negative,,0,60.0
930196,Funny Folks,5.47,Comedy,20.04,Tuesday,Afternoon,28.26,0.0,Neutral,,0,42.0
933188,Funny Folks,91.48,Comedy,21.9,Tuesday,Afternoon,82.59,3.0,Neutral,,0,33.0
933249,Funny Folks,97.21,Comedy,37.38,Tuesday,Afternoon,87.38,1.0,Positive,,0,44.0
933796,Funny Folks,86.4,Comedy,84.99,Tuesday,Afternoon,62.77,0.0,Positive,,0,54.0
934425,Funny Folks,108.28,Comedy,83.03,Tuesday,Afternoon,97.79,1.0,Negative,,0,71.0
936043,Funny Folks,50.03,Comedy,99.34,Tuesday,Afternoon,47.1,1.0,Neutral,,0,21.0
937981,Funny Folks,54.61,Comedy,87.69,Tuesday,Afternoon,0.0,1.0,Negative,,0,7.0
941900,Funny Folks,19.01,Comedy,73.13,Tuesday,Afternoon,86.69,1.0,Negative,,0,61.0
942284,Funny Folks,23.52,Comedy,42.66,Tuesday,Afternoon,0.0,2.0,Negative,,0,50.0
942292,Funny Folks,115.57,Comedy,70.15,Tuesday,Afternoon,0.0,3.0,Negative,,0,86.0
942832,Funny Folks,95.51,Comedy,43.79,Tuesday,Afternoon,65.16,1.0,Neutral,,0,3.0
943151,Funny Folks,26.78,Comedy,54.24,Tuesday,Afternoon,8.68,0.0,Neutral,,0,86.0
945046,Funny Folks,63.78031705338419,Comedy,60.04,Tuesday,Afternoon,8.2,1.0,Negative,,0,86.0
946705,Funny Folks,76.92,Comedy,32.14,Tuesday,Afternoon,9.92,1.0,Negative,,0,51.0
951136,Funny Folks,63.78031705338419,Comedy,77.25,Tuesday,Afternoon,0.0,2.0,Neutral,,0,1.0
953457,Funny Folks,13.24,Comedy,70.54,Tuesday,Afternoon,21.05,0.0,Neutral,,0,74.0
954961,Funny Folks,38.51,Comedy,52.55,Tuesday,Afternoon,71.66,2.0,Neutral,,0,33.0
955074,Funny Folks,13.99,Comedy,44.04,Tuesday,Afternoon,0.0,3.0,Positive,,0,44.0
955238,Funny Folks,52.09,Comedy,89.97,Tuesday,Afternoon,31.8,3.0,Positive,,0,98.0
957095,Funny Folks,105.19,Comedy,95.58,Tuesday,Afternoon,20.4,1.0,Positive,,0,18.0
957521,Funny Folks,61.48,Comedy,44.45,Tuesday,Afternoon,51.29,3.0,Neutral,,0,3.0
958014,Funny Folks,52.29,Comedy,35.18,Tuesday,Afternoon,80.85,1.0,Neutral,,0,19.0
958570,Funny Folks,63.78031705338419,Comedy,39.77,Tuesday,Afternoon,61.54,2.0,Neutral,,0,45.0
958948,Funny Folks,63.85,Comedy,55.33,Tuesday,Afternoon,46.31,3.0,Negative,,0,63.0
959032,Funny Folks,102.51,Comedy,56.5,Tuesday,Afternoon,13.46,3.0,Neutral,,0,77.0
959063,Funny Folks,92.7,Comedy,92.84,Tuesday,Afternoon,0.0,0.0,Neutral,,0,5.0
960186,Funny Folks,63.78031705338419,Comedy,44.4,Tuesday,Afternoon,22.39,1.0,Positive,,0,87.0
963293,Funny Folks,76.92,Comedy,32.14,Tuesday,Afternoon,5.92,1.0,Negative,,0,51.0
965407,Funny Folks,63.78031705338419,Comedy,81.18,Tuesday,Afternoon,0.0,1.0,Neutral,,0,80.0
966875,Funny Folks,97.91,Comedy,91.65,Tuesday,Afternoon,72.22,1.0,Negative,,0,95.0
969201,Funny Folks,16.29,Comedy,39.72,Tuesday,Afternoon,92.35,0.0,Negative,,0,74.0
970254,Funny Folks,33.42,Comedy,86.63,Tuesday,Afternoon,86.89,0.0,Positive,,0,30.0
971481,Funny Folks,25.58,Comedy,47.63,Tuesday,Afternoon,58.75,3.0,Negative,,0,77.0
972177,Funny Folks,26.98,Comedy,27.4,Tuesday,Afternoon,0.0,2.0,Neutral,,0,59.0
973237,Funny Folks,19.4,Comedy,27.94,Tuesday,Afternoon,82.14,1.0,Positive,,0,99.0
973475,Funny Folks,72.48,Comedy,49.94,Tuesday,Afternoon,50.26,3.0,Neutral,,0,32.0
974289,Funny Folks,108.41,Comedy,44.85,Tuesday,Afternoon,6.11,1.0,Positive,,0,30.0
976344,Funny Folks,84.48,Comedy,76.68,Tuesday,Afternoon,40.82,2.0,Positive,,0,90.0
980223,Funny Folks,53.14,Comedy,65.26,Tuesday,Afternoon,95.21,1.0,Neutral,,0,37.0
983871,Funny Folks,63.78031705338419,Comedy,86.72,Tuesday,Afternoon,0.0,0.0,Neutral,,0,81.0
985732,Funny Folks,32.45,Comedy,58.03,Tuesday,Afternoon,32.34,1.0,Negative,,0,93.0
989738,Funny Folks,75.89,Comedy,32.85,Tuesday,Afternoon,35.58,2.0,Neutral,,0,28.0
990669,Funny Folks,75.22,Comedy,53.8,Tuesday,Afternoon,0.0,2.0,Positive,,0,67.0
990898,Funny Folks,44.75,Comedy,32.96,Tuesday,Afternoon,55.51,1.0,Positive,,0,87.0
991578,Funny Folks,11.7,Comedy,77.85,Tuesday,Afternoon,54.24,0.0,Negative,,0,61.0
993391,Funny Folks,53.11,Comedy,71.87,Tuesday,Afternoon,83.91,3.0,Negative,,0,84.0
993995,Funny Folks,109.08,Comedy,95.86,Tuesday,Afternoon,47.86,0.0,Negative,,0,88.0
994660,Funny Folks,84.08,Comedy,65.04,Tuesday,Afternoon,39.49,1.0,Negative,,0,59.0
995065,Funny Folks,56.12,Comedy,63.14,Tuesday,Afternoon,27.86,3.0,Negative,,0,26.0
997993,Funny Folks,9.8,Comedy,25.8,Tuesday,Afternoon,46.62,2.0,Neutral,,0,95.0
999658,Funny Folks,10.59,Comedy,22.08,Tuesday,Afternoon,0.0,2.0,Negative,,0,10.0
