id,Podcast_Name,Episode_Length_minutes,Genre,Host_Popularity_percentage,Publication_Day,Publication_Time,Guest_Popularity_percentage,Number_of_Ads,Episode_Sentiment,Listening_Time_minutes,is_train,Episode_Number
791,Funny Folks,92.42,Comedy,53.34,Thursday,Morning,87.87,3.0,Positive,58.09265,1,45.0
1653,Funny Folks,83.54,Comedy,84.75,Thursday,Morning,8.85,3.0,Negative,57.27413,1,56.0
2533,Funny Folks,98.26,Comedy,28.23,Thursday,Morning,36.28,1.0,Negative,83.84,1,31.0
2856,Funny Folks,64.1691176959505,Comedy,72.02,Thursday,Morning,75.12,3.0,Neutral,57.19129,1,34.0
3241,Funny Folks,60.01,Comedy,73.54,Thursday,Morning,62.61,0.0,Positive,41.72091,1,88.0
3892,Funny Folks,50.08,Comedy,46.37,Thursday,Morning,39.45,3.0,Positive,27.86296,1,76.0
4878,Funny Folks,36.4,Comedy,83.94,Thursday,Morning,46.78,2.0,Neutral,14.82941,1,79.0
5415,Funny Folks,32.42,Comedy,58.74,Thursday,Morning,99.78,1.0,Negative,22.1548,1,82.0
6602,Funny Folks,64.1691176959505,Comedy,34.24,Thursday,Morning,92.56,3.0,Neutral,76.09712,1,73.0
7321,Funny Folks,14.76,Comedy,49.03,Thursday,Morning,45.35,2.0,Neutral,13.36687,1,43.0
8947,Funny Folks,68.07,Comedy,58.27,Thursday,Morning,67.23,2.0,Positive,55.24541,1,19.0
9571,Funny Folks,102.56,Comedy,72.37,Thursday,Morning,76.96,0.0,Negative,62.43982,1,91.0
12618,Funny Folks,91.15,Comedy,94.95,Thursday,Morning,32.74,0.0,Positive,65.39032,1,36.0
12697,Funny Folks,9.86,Comedy,49.8,Thursday,Morning,47.69,1.0,Neutral,9.86,1,28.0
16259,Funny Folks,64.1691176959505,Comedy,26.45,Thursday,Morning,45.91,0.0,Positive,18.97,1,23.0
16674,Funny Folks,69.99,Comedy,25.17,Thursday,Morning,83.07,3.0,Negative,32.13351,1,64.0
16759,Funny Folks,33.93,Comedy,73.49,Thursday,Morning,0.0,1.0,Neutral,25.08977,1,68.0
16892,Funny Folks,36.47,Comedy,31.01,Thursday,Morning,82.49,1.0,Neutral,9.15,1,100.0
17579,Funny Folks,41.81,Comedy,63.05,Thursday,Morning,24.33,3.0,Negative,31.05423,1,73.0
17621,Funny Folks,31.09,Comedy,76.55,Thursday,Morning,41.82,2.0,Positive,18.71,1,24.0
18582,Funny Folks,61.63,Comedy,98.87,Thursday,Morning,0.0,3.0,Positive,51.06966,1,74.0
19983,Funny Folks,64.1691176959505,Comedy,62.44,Thursday,Morning,7.29,1.0,Positive,41.35534,1,13.0
20864,Funny Folks,29.01,Comedy,93.57,Thursday,Morning,87.19,3.0,Positive,24.77538,1,86.0
22037,Funny Folks,9.38,Comedy,77.05,Thursday,Morning,95.69,1.0,Negative,9.38,1,79.0
23383,Funny Folks,42.74,Comedy,45.43,Thursday,Morning,28.02,0.0,Negative,36.8202,1,29.0
23543,Funny Folks,70.48,Comedy,49.82,Thursday,Morning,0.0,3.0,Neutral,46.22646,1,89.0
23944,Funny Folks,118.17,Comedy,66.17,Thursday,Morning,17.57,1.0,Negative,68.63865,1,56.0
24252,Funny Folks,106.74,Comedy,82.7,Thursday,Morning,81.78,1.0,Neutral,94.46926,1,61.0
27403,Funny Folks,37.51,Comedy,82.29,Thursday,Morning,50.16,1.0,Positive,22.86586,1,61.0
27585,Funny Folks,70.95,Comedy,88.01,Thursday,Morning,55.61,3.0,Positive,58.6402,1,52.0
27694,Funny Folks,39.87,Comedy,38.19,Thursday,Morning,96.99,1.0,Neutral,23.06,1,64.0
27819,Funny Folks,104.81,Comedy,78.93,Thursday,Morning,27.68,1.0,Positive,65.04,1,78.0
27864,Funny Folks,108.21,Comedy,32.21,Thursday,Morning,62.76,0.0,Negative,85.49537,1,29.0
29416,Funny Folks,29.06,Comedy,65.63,Thursday,Morning,24.96,1.0,Positive,21.48457,1,11.0
32107,Funny Folks,64.1691176959505,Comedy,81.08,Thursday,Morning,71.09,0.0,Positive,97.58347,1,69.0
32175,Funny Folks,95.64,Comedy,36.42,Thursday,Morning,0.0,1.0,Negative,64.828,1,17.0
32840,Funny Folks,26.82,Comedy,26.63,Thursday,Morning,99.08,2.0,Positive,14.82,1,6.0
33780,Funny Folks,102.95,Comedy,78.27,Thursday,Morning,68.99,1.0,Neutral,99.36,1,27.0
33884,Funny Folks,91.72,Comedy,81.08,Thursday,Morning,23.15,0.0,Neutral,71.58698,1,69.0
35695,Funny Folks,9.2,Comedy,50.29,Thursday,Morning,0.0,2.0,Negative,0.0,1,13.0
36049,Funny Folks,20.76,Comedy,31.39,Thursday,Morning,48.52,1.0,Negative,12.91,1,47.0
38660,Funny Folks,34.96,Comedy,98.44,Thursday,Morning,65.34,3.0,Neutral,14.37365,1,78.0
40572,Funny Folks,48.37,Comedy,57.52,Thursday,Morning,79.36,1.0,Negative,44.45763,1,99.0
43520,Funny Folks,104.74,Comedy,62.44,Thursday,Morning,35.87,1.0,Positive,79.86,1,23.0
43626,Funny Folks,64.1691176959505,Comedy,30.36,Thursday,Morning,99.69,0.0,Neutral,83.94,1,41.0
46111,Funny Folks,89.42,Comedy,78.84,Thursday,Morning,32.74,0.0,Negative,71.04,1,78.0
46605,Funny Folks,37.33,Comedy,23.08,Thursday,Morning,66.85,3.0,Positive,18.59897,1,54.0
46632,Funny Folks,72.12,Comedy,70.36,Thursday,Morning,89.76,3.0,Positive,37.49978,1,17.0
48239,Funny Folks,106.8,Comedy,87.19,Thursday,Morning,87.0,2.0,Neutral,100.54,1,73.0
49796,Funny Folks,23.12,Comedy,51.39,Thursday,Morning,41.89,2.0,Negative,21.49,1,95.0
49962,Funny Folks,11.81,Comedy,97.81,Thursday,Morning,67.43,3.0,Neutral,0.0,1,73.0
51104,Funny Folks,25.82,Comedy,39.04,Thursday,Morning,0.0,3.0,Negative,21.86651,1,79.0
51537,Funny Folks,9.41,Comedy,72.76,Thursday,Morning,30.39,3.0,Negative,5.49663,1,100.0
51637,Funny Folks,64.1691176959505,Comedy,96.98,Thursday,Morning,35.87,1.0,Neutral,79.86,1,23.0
57369,Funny Folks,69.1,Comedy,48.9,Thursday,Morning,83.14,2.0,Neutral,37.22673,1,1.0
58409,Funny Folks,103.59,Comedy,84.02,Thursday,Morning,51.91,0.0,Neutral,92.30267,1,86.0
60052,Funny Folks,34.35,Comedy,78.22,Thursday,Morning,60.9,3.0,Negative,17.12,1,4.0
61109,Funny Folks,43.54,Comedy,28.45,Thursday,Morning,80.85,3.0,Neutral,31.68,1,75.0
61921,Funny Folks,64.1691176959505,Comedy,38.64,Thursday,Morning,96.61,1.0,Positive,9.08,1,11.0
63107,Funny Folks,31.23,Lifestyle,78.79,Thursday,Morning,50.91,1.0,Positive,25.04,1,52.0
64142,Funny Folks,37.11,Comedy,73.2,Thursday,Morning,74.23,2.0,Neutral,14.0622,1,82.0
65912,Funny Folks,53.67,Comedy,38.55,Thursday,Morning,19.42,1.0,Positive,47.161,1,83.0
65958,Funny Folks,80.76,Comedy,27.49,Thursday,Morning,74.23,1.0,Negative,59.49,1,41.0
67924,Funny Folks,116.4,Comedy,60.4,Thursday,Morning,25.29,0.0,Positive,74.3,1,25.0
67950,Funny Folks,61.56,Comedy,74.11,Thursday,Morning,0.0,0.0,Negative,55.05088,1,38.0
70404,Funny Folks,113.95,Comedy,77.58,Thursday,Morning,36.6,0.0,Neutral,79.68475,1,27.0
71158,Funny Folks,116.21,Comedy,78.32,Thursday,Morning,16.05,2.0,Positive,99.03531,1,30.0
72904,Funny Folks,64.1691176959505,Comedy,78.27,Thursday,Morning,56.93,1.0,Positive,25.04,1,72.0
74391,Funny Folks,64.1691176959505,Comedy,91.38,Thursday,Morning,74.83,0.0,Neutral,10.94645,1,41.0
75030,Funny Folks,64.1691176959505,Comedy,80.21,Thursday,Morning,74.36,1.0,Neutral,5.62,1,78.0
75457,Funny Folks,48.24,Comedy,38.23,Thursday,Morning,26.57,0.0,Positive,21.08,1,81.0
75585,Funny Folks,5.69,Comedy,83.14,Thursday,Morning,43.97,1.0,Negative,0.0,1,60.0
75986,Funny Folks,105.89,Comedy,27.72,Thursday,Morning,63.96,3.0,Neutral,64.66629,1,27.0
78499,Funny Folks,31.23,Comedy,78.45,Thursday,Morning,63.78,1.0,Positive,26.04,1,38.0
78947,Funny Folks,44.7,Comedy,51.53,Thursday,Morning,56.74,1.0,Negative,17.09,1,51.0
81853,Funny Folks,62.33,Comedy,31.72,Thursday,Morning,28.38,0.0,Negative,59.34,1,32.0
82880,Funny Folks,45.11,Comedy,82.67,Thursday,Morning,71.12,1.0,Negative,44.45758,1,51.0
84380,Funny Folks,113.91,Comedy,69.89,Thursday,Morning,43.41,1.0,Negative,61.42613,1,27.0
86831,Funny Folks,105.63,Comedy,35.35,Thursday,Morning,9.59,3.0,Negative,60.79016,1,99.0
88119,Funny Folks,54.25,Comedy,26.84,Thursday,Morning,48.93,3.0,Neutral,20.97,1,75.0
89888,Funny Folks,64.1691176959505,Comedy,26.35,Thursday,Morning,48.8,1.0,Negative,24.91,1,49.0
90263,Funny Folks,101.81,Comedy,85.19,Thursday,Morning,76.09,2.0,Negative,65.50424,1,82.0
91229,Funny Folks,37.44,Comedy,69.24,Thursday,Morning,73.1,1.0,Positive,10.65607,1,84.0
91457,Funny Folks,33.92,Comedy,69.45,Thursday,Morning,55.02,0.0,Neutral,21.52545,1,57.0
91648,Funny Folks,118.17,Comedy,43.52,Thursday,Morning,0.0,3.0,Negative,61.16057,1,82.0
92418,Funny Folks,85.36,Comedy,90.66,Thursday,Morning,77.66,2.0,Positive,66.52021,1,11.0
92633,Funny Folks,64.1691176959505,Comedy,83.83,Thursday,Morning,30.52,3.0,Neutral,30.91052,1,43.0
92743,Funny Folks,19.4,Comedy,86.02,Thursday,Morning,61.11,3.0,Neutral,5.2,1,43.0
93511,Funny Folks,71.65,Comedy,23.56,Thursday,Morning,75.9,3.0,Negative,48.19107,1,4.0
93563,Funny Folks,64.1691176959505,Comedy,26.45,Thursday,Morning,42.64,0.0,Positive,29.72,1,32.0
95297,Funny Folks,79.89,Comedy,41.37,Thursday,Morning,88.67,3.0,Neutral,40.47549,1,37.0
96219,Funny Folks,98.14,Comedy,26.39,Thursday,Morning,26.69,1.0,Neutral,87.74,1,79.0
96346,Funny Folks,105.51,Comedy,95.82,Thursday,Morning,61.94,0.0,Positive,91.58637,1,36.0
97770,Funny Folks,47.82,Comedy,47.49,Thursday,Morning,41.32,0.0,Positive,32.76209,1,77.0
98400,Funny Folks,64.1691176959505,Comedy,82.49,Thursday,Morning,53.71,3.0,Negative,51.28171,1,66.0
99577,Funny Folks,55.71,Comedy,27.72,Thursday,Morning,89.45,1.0,Neutral,30.97727,1,81.0
99848,Funny Folks,64.1691176959505,Comedy,77.8,Thursday,Morning,78.07,0.0,Negative,69.47548,1,33.0
100046,Funny Folks,111.36,Comedy,79.43,Thursday,Morning,96.23,0.0,Positive,86.37,1,68.0
104489,Funny Folks,64.1691176959505,Comedy,80.41,Thursday,Morning,84.41,2.0,Neutral,73.53087,1,80.0
104805,Funny Folks,38.98,Comedy,82.09,Thursday,Morning,67.49,1.0,Negative,30.08271,1,90.0
105202,Funny Folks,64.1691176959505,Comedy,95.6,Thursday,Morning,82.16,3.0,Negative,34.01355,1,24.0
106957,Funny Folks,26.91,Comedy,52.77,Thursday,Morning,65.11,1.0,Negative,21.32597,1,53.0
107650,Funny Folks,64.1691176959505,Comedy,30.37,Thursday,Morning,91.17,1.0,Neutral,68.2807,1,59.0
110247,Funny Folks,64.1691176959505,Comedy,34.24,Thursday,Morning,17.61,2.0,Positive,76.09712,1,33.0
111079,Funny Folks,99.89,Comedy,60.09,Thursday,Morning,0.0,2.0,Negative,74.18972,1,11.0
111892,Funny Folks,64.1691176959505,Comedy,20.87,Thursday,Morning,7.09,1.0,Neutral,84.99946,1,8.0
112786,Funny Folks,83.14,Comedy,63.54,Thursday,Morning,30.75,3.0,Neutral,63.46423,1,24.0
114021,Funny Folks,75.39,Comedy,60.54,Thursday,Morning,68.1,2.0,Positive,57.28602,1,70.0
117290,Funny Folks,67.08,Comedy,60.8,Thursday,Morning,0.0,0.0,Positive,53.9133,1,45.0
117478,Funny Folks,83.86,Comedy,21.29,Thursday,Morning,45.82,0.0,Positive,59.41951,1,63.0
119874,Funny Folks,90.16,Comedy,67.9,Thursday,Morning,7.17,3.0,Neutral,46.73532,1,71.0
120711,Funny Folks,7.09,Comedy,80.68,Thursday,Morning,51.69,1.0,Neutral,5.62,1,80.0
123280,Funny Folks,90.16,Comedy,24.42,Thursday,Morning,89.57,0.0,Neutral,63.71978,1,58.0
129496,Funny Folks,90.67,Comedy,28.57,Thursday,Morning,99.42,1.0,Neutral,57.94,1,12.0
131281,Funny Folks,11.01,Comedy,97.51,Thursday,Morning,70.26,0.0,Positive,8.25807,1,99.0
131368,Funny Folks,81.32,Comedy,36.72,Thursday,Morning,0.0,0.0,Negative,63.37913,1,64.0
132955,Funny Folks,64.1691176959505,Comedy,80.36,Thursday,Morning,74.36,1.0,Neutral,26.29518,1,13.0
133214,Funny Folks,103.39,Comedy,39.02,Thursday,Morning,8.04,0.0,Neutral,77.04,1,12.0
135212,Funny Folks,16.28,Comedy,64.25,Thursday,Morning,79.71,3.0,Negative,8.3644,1,80.0
137339,Funny Folks,70.07,Comedy,22.01,Thursday,Morning,0.0,3.0,Neutral,45.58268,1,7.0
137350,Funny Folks,52.71,Comedy,68.07,Thursday,Morning,29.75,1.0,Neutral,35.33995,1,75.0
137785,Funny Folks,28.82,Comedy,24.92,Thursday,Morning,98.44,2.0,Negative,12.12351,1,36.0
138601,Funny Folks,71.77,Comedy,82.81,Thursday,Morning,73.41,3.0,Positive,44.26993,1,77.0
138626,Funny Folks,54.68,Comedy,84.29,Thursday,Morning,12.4,1.0,Positive,54.59852,1,86.0
139331,Funny Folks,114.83,Comedy,72.83,Thursday,Morning,74.63,1.0,Negative,90.3475,1,34.0
139857,Funny Folks,47.48,Comedy,47.4,Thursday,Morning,52.14,2.0,Positive,20.93,1,64.0
140686,Funny Folks,112.33,Comedy,78.93,Thursday,Morning,26.12,1.0,Negative,65.04,1,24.0
141750,Funny Folks,54.63,Comedy,74.51,Thursday,Morning,56.53,1.0,Positive,17.09,1,81.0
142487,Funny Folks,108.51,Comedy,53.62,Thursday,Morning,5.09,3.0,Neutral,49.52259,1,71.0
143086,Funny Folks,8.54,Comedy,70.72,Thursday,Morning,2.61,2.0,Neutral,6.39,1,88.0
144058,Funny Folks,72.32,Comedy,93.05,Thursday,Morning,2.16,1.0,Neutral,59.48729,1,97.0
145475,Funny Folks,63.41,Comedy,28.02,Thursday,Morning,41.4,2.0,Neutral,32.06682,1,39.0
145506,Funny Folks,61.41,Comedy,41.53,Thursday,Morning,65.71,2.0,Negative,47.40401,1,65.0
149103,Funny Folks,64.1691176959505,Comedy,21.89,Thursday,Morning,72.78,1.0,Negative,38.8287,1,32.0
150441,Funny Folks,45.32,Comedy,49.0,Thursday,Morning,38.75,1.0,Negative,33.76877,1,57.0
151005,Funny Folks,82.63,Comedy,77.63,Thursday,Morning,14.77,1.0,Positive,52.04,1,3.0
152593,Funny Folks,22.18,Comedy,88.12,Thursday,Morning,20.4,0.0,Neutral,11.48435,1,58.0
152879,Funny Folks,10.71,Comedy,52.54,Thursday,Morning,34.36,1.0,Positive,5.77,1,38.0
154308,Funny Folks,83.48,Comedy,62.19,Thursday,Morning,47.18,1.0,Neutral,79.1179,1,75.0
154533,Funny Folks,62.04,Comedy,28.23,Thursday,Morning,50.93,0.0,Neutral,58.37,1,79.0
154607,Funny Folks,64.19,Comedy,90.51,Thursday,Morning,31.19,0.0,Negative,61.42677,1,51.0
154907,Funny Folks,46.73,Comedy,79.35,Thursday,Morning,84.49,3.0,Positive,24.41856,1,48.0
155881,Funny Folks,90.52,Comedy,86.49,Thursday,Morning,58.41,1.0,Positive,84.49,1,41.0
157486,Funny Folks,39.27,Comedy,69.19,Thursday,Morning,37.96,1.0,Neutral,31.27416,1,33.0
157947,Funny Folks,117.02,Comedy,30.39,Thursday,Morning,7.52,1.0,Positive,91.46025,1,20.0
160405,Funny Folks,6.08,Comedy,47.29,Thursday,Morning,8.23,0.0,Neutral,6.08,1,35.0
160533,Funny Folks,14.35,Comedy,85.53,Thursday,Morning,89.05,3.0,Positive,3.76615,1,96.0
160551,Funny Folks,32.08,Comedy,42.67,Thursday,Morning,0.0,1.0,Positive,19.53495,1,20.0
162908,Funny Folks,73.64,Comedy,27.81,Thursday,Morning,9.55,2.0,Positive,46.04,1,54.0
163110,Funny Folks,64.1691176959505,Comedy,28.72,Thursday,Morning,0.0,1.0,Negative,65.44,1,31.0
163999,Funny Folks,98.68,Comedy,88.94,Thursday,Morning,52.68,1.0,Neutral,87.75294,1,93.0
164137,Funny Folks,17.39,Comedy,87.2,Thursday,Morning,45.71,3.0,Negative,9.56,1,63.0
164564,Funny Folks,7.15,Comedy,85.01,Thursday,Morning,43.2,1.0,Negative,0.0,1,7.0
165752,Funny Folks,98.69,Comedy,78.3,Thursday,Morning,84.64,0.0,Positive,87.84,1,51.0
166815,Funny Folks,113.75,Comedy,78.78,Thursday,Morning,26.53,1.0,Positive,65.04,1,54.0
168225,Funny Folks,19.53,Comedy,34.98,Thursday,Morning,32.02,2.0,Neutral,10.61902,1,14.0
170524,Funny Folks,96.16,Comedy,46.0,Thursday,Morning,47.39,0.0,Neutral,86.06827,1,42.0
170595,Funny Folks,64.1691176959505,Comedy,92.08,Thursday,Morning,0.0,3.0,Positive,60.23244,1,53.0
172163,Funny Folks,106.52,Comedy,57.32,Thursday,Morning,42.09,0.0,Negative,91.69218,1,71.0
173270,Funny Folks,89.43,Comedy,64.24,Thursday,Morning,94.43,1.0,Neutral,58.09653,1,30.0
173506,Funny Folks,71.28,Comedy,26.29,Thursday,Morning,57.92,1.0,Positive,60.48887,1,30.0
174632,Funny Folks,28.03,Comedy,38.99,Thursday,Morning,41.78,3.0,Negative,23.76718,1,87.0
174849,Funny Folks,97.52,Comedy,76.9,Thursday,Morning,6.75,1.0,Positive,64.73084,1,24.0
175678,Funny Folks,61.27,Comedy,71.79,Thursday,Morning,15.08,1.0,Neutral,59.75882,1,24.0
176092,Funny Folks,89.74,Comedy,37.73,Thursday,Morning,0.0,0.0,Positive,80.50248,1,33.0
177312,Funny Folks,59.84,Comedy,49.34,Thursday,Morning,4.08,3.0,Positive,27.00474,1,28.0
178135,Funny Folks,106.66,Comedy,55.15,Thursday,Morning,66.15,2.0,Negative,49.10159,1,33.0
178940,Funny Folks,93.1,Comedy,78.36,Thursday,Morning,0.0,1.0,Neutral,50.9495,1,45.0
179371,Funny Folks,94.32,Comedy,39.34,Thursday,Morning,92.12,2.0,Negative,77.36803,1,34.0
180433,Funny Folks,106.43,Comedy,33.44,Thursday,Morning,0.0,0.0,Neutral,90.7301,1,99.0
180672,Funny Folks,112.04,Comedy,92.97,Thursday,Morning,83.63,0.0,Positive,89.53418,1,60.0
181452,Funny Folks,28.76,Comedy,60.2,Thursday,Morning,0.0,3.0,Negative,20.58048,1,23.0
181573,Funny Folks,54.47,Comedy,42.51,Thursday,Morning,72.11,2.0,Negative,45.07913,1,39.0
181655,Funny Folks,86.07,Comedy,73.13,Thursday,Morning,58.17,1.0,Positive,52.79507,1,67.0
182401,Funny Folks,106.78,Comedy,31.57,Thursday,Morning,0.0,1.0,Neutral,96.93936,1,50.0
184432,Funny Folks,15.49,Comedy,60.08,Thursday,Morning,0.0,2.0,Negative,2.5687,1,51.0
185164,Funny Folks,70.52,Comedy,84.06,Thursday,Morning,98.51,1.0,Neutral,63.14848,1,33.0
185241,Funny Folks,103.59,Comedy,84.71,Thursday,Morning,73.54,0.0,Neutral,92.30267,1,83.0
186347,Funny Folks,82.36,Comedy,28.3,Thursday,Morning,55.58,1.0,Positive,53.04,1,81.0
186631,Funny Folks,21.38,Comedy,21.89,Thursday,Morning,76.03,2.0,Positive,12.82082,1,41.0
189609,Funny Folks,64.1691176959505,Comedy,56.57,Thursday,Morning,33.87,0.0,Neutral,79.15474,1,37.0
191316,Funny Folks,94.02,Comedy,34.92,Thursday,Morning,24.43,1.0,Neutral,81.49457,1,55.0
191595,Funny Folks,8.98,Comedy,47.21,Thursday,Morning,65.39,2.0,Neutral,8.98,1,52.0
193592,Funny Folks,111.2,Comedy,28.93,Thursday,Morning,51.11,1.0,Neutral,66.72022,1,28.0
196171,Funny Folks,90.81,Comedy,88.03,Thursday,Morning,67.27,0.0,Positive,71.16838,1,18.0
196368,Funny Folks,64.1691176959505,Comedy,61.05,Thursday,Morning,80.88,1.0,Positive,36.01408,1,33.0
196774,Funny Folks,106.59,Comedy,20.17,Thursday,Morning,29.69,3.0,Negative,55.82976,1,64.0
199003,Funny Folks,76.72,Comedy,44.72,Thursday,Morning,33.5,3.0,Negative,51.95791,1,68.0
199075,Funny Folks,60.91,Comedy,54.67,Thursday,Morning,91.57,0.0,Negative,51.34709,1,67.0
201135,Funny Folks,24.56,Comedy,25.41,Thursday,Morning,18.16,0.0,Neutral,10.23607,1,70.0
202649,Funny Folks,102.95,Comedy,78.59,Thursday,Morning,16.73,1.0,Positive,99.36,1,27.0
202947,Funny Folks,101.52,Comedy,58.86,Thursday,Morning,29.73,0.0,Negative,84.8162,1,13.0
203163,Funny Folks,98.68,Comedy,88.56,Thursday,Morning,0.0,1.0,Neutral,87.75294,1,93.0
204998,Funny Folks,56.61,Comedy,58.04,Thursday,Morning,0.04,0.0,Neutral,42.62993,1,82.0
206317,Funny Folks,64.1691176959505,Comedy,95.82,Thursday,Morning,0.0,2.0,Neutral,71.88778,1,29.0
207641,Funny Folks,86.04,Comedy,21.82,Thursday,Morning,19.53,2.0,Negative,78.6588,1,80.0
207689,Funny Folks,64.1691176959505,Comedy,50.16,Thursday,Morning,48.09,1.0,Positive,71.16884,1,25.0
208458,Funny Folks,11.81,Comedy,28.48,Thursday,Morning,43.26,1.0,Neutral,0.0,1,53.0
209532,Funny Folks,32.05,Comedy,29.54,Thursday,Morning,59.38,2.0,Neutral,23.67135,1,85.0
211986,Funny Folks,81.71,Comedy,62.71,Thursday,Morning,63.12,0.0,Negative,65.22092,1,15.0
212963,Funny Folks,91.7,Comedy,37.73,Thursday,Morning,2.62,0.0,Positive,80.50248,1,33.0
213555,Funny Folks,116.7,Comedy,78.41,Thursday,Morning,28.38,1.0,Positive,113.24,1,31.0
213695,Funny Folks,109.25,Comedy,77.58,Thursday,Morning,36.6,0.0,Neutral,79.68475,1,27.0
214417,Funny Folks,64.1691176959505,Comedy,66.24,Thursday,Morning,70.48,1.0,Positive,55.96278,1,46.0
214602,Funny Folks,63.77,Comedy,99.0,Thursday,Morning,5.69,0.0,Neutral,45.51758,1,39.0
214982,Funny Folks,34.31,Comedy,72.49,Thursday,Morning,60.03,2.0,Neutral,25.91,1,14.0
215583,Funny Folks,66.87,Comedy,27.66,Thursday,Morning,65.64,3.0,Positive,53.18233,1,25.0
217630,Funny Folks,117.19,Comedy,33.19,Thursday,Morning,41.81,3.0,Positive,60.91795,1,33.0
219443,Funny Folks,64.1691176959505,Comedy,39.63,Thursday,Morning,56.21,1.0,Positive,23.09,1,81.0
219818,Funny Folks,98.79,Comedy,21.23,Thursday,Morning,21.29,0.0,Positive,94.9162,1,58.0
221853,Funny Folks,88.28,Comedy,87.67,Thursday,Morning,57.58,3.0,Positive,49.7208,1,95.0
221901,Funny Folks,119.03,Comedy,92.83,Thursday,Morning,75.37,1.0,Positive,89.53415,1,91.0
222094,Funny Folks,66.92,Comedy,45.62,Thursday,Morning,58.01,3.0,Neutral,43.61566,1,85.0
222638,Funny Folks,64.1691176959505,Comedy,89.94,Thursday,Morning,0.35,0.0,Neutral,106.38931,1,89.0
223129,Funny Folks,97.9,Comedy,36.81,Thursday,Morning,25.75,0.0,Neutral,80.16229,1,19.0
227228,Funny Folks,90.16,Comedy,24.42,Thursday,Morning,89.55,0.0,Neutral,63.71978,1,65.0
227513,Funny Folks,103.28,Comedy,27.12,Thursday,Morning,8.0,2.0,Positive,84.79501,1,1.0
230014,Funny Folks,31.69,Comedy,23.69,Thursday,Morning,50.56,2.0,Neutral,22.07,1,63.0
230139,Funny Folks,103.39,Comedy,59.02,Thursday,Morning,8.04,0.0,Positive,77.04,1,12.0
231258,Funny Folks,36.02,Comedy,63.57,Thursday,Morning,0.0,1.0,Negative,30.6263,1,26.0
232900,Funny Folks,14.71,Comedy,77.41,Thursday,Morning,72.39,1.0,Negative,10.49,1,84.0
233417,Funny Folks,104.21,Comedy,34.37,Thursday,Morning,51.43,1.0,Negative,81.24422,1,80.0
234572,Funny Folks,106.09,Comedy,81.55,Thursday,Morning,50.26,1.0,Positive,92.09,1,27.0
235679,Funny Folks,9.92,Comedy,47.49,Thursday,Morning,81.64,1.0,Neutral,9.92,1,52.0
236789,Funny Folks,77.03,Comedy,80.44,Thursday,Morning,71.53,1.0,Positive,71.29313,1,24.0
238954,Funny Folks,52.67,Comedy,31.8,Thursday,Morning,61.31,0.0,Negative,37.64694,1,69.0
241326,Funny Folks,82.33,Comedy,27.63,Thursday,Morning,55.93,1.0,Positive,53.04,1,78.0
241392,Funny Folks,7.22,Comedy,85.08,Thursday,Morning,43.56,1.0,Negative,0.0,1,57.0
241472,Funny Folks,94.3,Comedy,93.4,Thursday,Morning,6.5,0.0,Positive,63.42665,1,79.0
242038,Funny Folks,64.1691176959505,Comedy,28.76,Thursday,Morning,31.74,1.0,Negative,65.44,1,24.0
243008,Funny Folks,102.14,Comedy,89.36,Thursday,Morning,71.7,2.0,Positive,70.71451,1,8.0
244796,Funny Folks,91.09,Comedy,37.73,Thursday,Morning,0.0,0.0,Positive,80.50248,1,23.0
244927,Funny Folks,108.99,Comedy,86.56,Thursday,Morning,62.18,0.0,Positive,85.05,1,72.0
245191,Funny Folks,88.97,Comedy,55.64,Thursday,Morning,87.69,1.0,Neutral,73.05739,1,9.0
245501,Funny Folks,113.91,Comedy,69.89,Thursday,Morning,19.36,1.0,Negative,61.42613,1,79.0
246434,Funny Folks,76.73,Comedy,80.28,Thursday,Morning,52.23,0.0,Positive,70.05612,1,41.0
247563,Funny Folks,87.26,Comedy,59.73,Thursday,Morning,39.49,1.0,Neutral,64.35675,1,72.0
248587,Funny Folks,116.84,Comedy,60.6,Thursday,Morning,25.29,0.0,Positive,74.3,1,25.0
250325,Funny Folks,87.65,Comedy,64.55,Thursday,Morning,74.19,2.0,Positive,80.26057,1,26.0
250714,Funny Folks,16.04,Comedy,58.58,Thursday,Morning,97.48,0.0,Positive,8.4542,1,3.0
251017,Funny Folks,33.23,Comedy,61.8,Thursday,Morning,0.0,0.0,Negative,25.91,1,69.0
251851,Funny Folks,109.43,Comedy,57.23,Thursday,Morning,37.43,1.0,Positive,88.89659,1,99.0
252071,Funny Folks,117.23,Comedy,92.97,Thursday,Morning,94.62,1.0,Neutral,112.60318,1,17.0
253486,Funny Folks,43.59,Comedy,67.17,Thursday,Morning,8.03,3.0,Positive,31.61,1,43.0
253671,Funny Folks,35.99,Comedy,38.76,Thursday,Morning,96.99,2.0,Negative,23.06,1,81.0
253782,Funny Folks,64.79,Comedy,25.17,Thursday,Morning,95.59,2.0,Neutral,30.90682,1,52.0
253846,Funny Folks,67.73,Comedy,20.2,Thursday,Morning,89.48,2.0,Positive,58.84098,1,71.0
255181,Funny Folks,6.31,Comedy,40.75,Thursday,Morning,40.61,1.0,Negative,4.33229,1,100.0
255391,Funny Folks,50.69,Comedy,63.19,Thursday,Morning,0.0,3.0,Neutral,31.31476,1,22.0
255657,Funny Folks,46.28,Comedy,61.2,Thursday,Morning,82.19,3.0,Neutral,30.24326,1,62.0
255831,Funny Folks,16.46,Comedy,69.44,Thursday,Morning,0.0,2.0,Neutral,8.46,1,84.0
257539,Funny Folks,62.77,Comedy,71.39,Thursday,Morning,87.15,1.0,Neutral,59.75882,1,24.0
257988,Funny Folks,96.77,Comedy,28.84,Thursday,Morning,5.25,0.0,Positive,75.04,1,24.0
259502,Funny Folks,25.34,Comedy,96.64,Thursday,Morning,83.55,3.0,Positive,11.32,1,87.0
261371,Funny Folks,58.87,Comedy,27.2,Thursday,Morning,45.9,3.0,Neutral,48.81059,1,11.0
262163,Funny Folks,103.39,Comedy,39.97,Thursday,Morning,8.83,0.0,Neutral,77.04,1,26.0
262975,Funny Folks,82.49,Comedy,80.74,Thursday,Morning,0.0,1.0,Neutral,60.72463,1,1.0
263681,Funny Folks,24.79,Comedy,63.16,Thursday,Morning,72.2,0.0,Positive,8.04998,1,13.0
264360,Funny Folks,64.1691176959505,Comedy,31.19,Thursday,Morning,65.36,2.0,Positive,25.85,1,53.0
264853,Funny Folks,46.04,Comedy,81.89,Thursday,Morning,0.0,1.0,Negative,22.51925,1,40.0
266580,Funny Folks,26.28,Comedy,85.7,Thursday,Morning,48.76,0.0,Neutral,17.21376,1,73.0
267702,Funny Folks,25.31,Comedy,29.43,Thursday,Morning,56.6,1.0,Neutral,23.5051,1,9.0
267781,Funny Folks,31.59,Comedy,78.72,Thursday,Morning,63.39,1.0,Positive,26.04,1,28.0
267820,Funny Folks,82.16,Comedy,38.79,Thursday,Morning,79.18,3.0,Positive,61.37214,1,75.0
269241,Funny Folks,59.64,Comedy,40.42,Thursday,Morning,59.07,3.0,Neutral,55.72771,1,39.0
269731,Funny Folks,25.1,Comedy,83.96,Thursday,Morning,0.0,0.0,Neutral,20.43281,1,28.0
269894,Funny Folks,102.95,Comedy,47.23,Thursday,Morning,16.73,1.0,Neutral,99.36,1,25.0
270196,Funny Folks,39.46,Comedy,60.39,Thursday,Morning,45.08,2.0,Neutral,37.40818,1,31.0
270887,Funny Folks,64.1691176959505,Comedy,26.52,Thursday,Morning,34.15,1.0,Negative,38.71823,1,51.0
271052,Funny Folks,114.55,Comedy,64.38,Thursday,Morning,54.53,1.0,Negative,110.29738,1,59.0
271951,Funny Folks,52.49,Comedy,66.57,Thursday,Morning,98.38,2.0,Neutral,37.40389,1,96.0
274866,Funny Folks,28.13,Comedy,59.4,Thursday,Morning,32.72,1.0,Positive,8.49,1,75.0
275587,Funny Folks,96.01,Comedy,72.34,Thursday,Morning,0.0,2.0,Negative,57.10471,1,59.0
278444,Funny Folks,54.68,Comedy,39.82,Thursday,Morning,51.32,3.0,Neutral,33.29674,1,64.0
279653,Funny Folks,42.58,Comedy,31.57,Thursday,Morning,51.63,2.0,Positive,31.36,1,72.0
282242,Funny Folks,23.19,Comedy,62.66,Thursday,Morning,88.15,1.0,Positive,22.3706,1,23.0
282480,Funny Folks,33.02,Comedy,78.79,Thursday,Morning,87.34,1.0,Neutral,25.88576,1,11.0
283842,Funny Folks,84.87,Comedy,24.68,Thursday,Morning,41.29,0.0,Negative,76.56687,1,21.0
283971,Funny Folks,53.21,Comedy,95.06,Thursday,Morning,27.06,0.0,Negative,34.45807,1,11.0
285367,Funny Folks,28.73,Comedy,57.7,Thursday,Morning,21.7,0.0,Neutral,11.541,1,46.0
285399,Funny Folks,64.1691176959505,Comedy,85.85,Thursday,Morning,51.72,1.0,Positive,18.89,1,49.0
286322,Funny Folks,69.52,Comedy,96.47,Thursday,Morning,0.0,3.0,Positive,45.81,1,33.0
286373,Funny Folks,89.34,Comedy,25.97,Thursday,Morning,71.94,0.0,Negative,69.80131,1,36.0
290025,Funny Folks,111.48,Comedy,66.76,Thursday,Morning,0.0,2.0,Negative,105.51,1,13.0
290408,Funny Folks,64.1691176959505,Comedy,21.52,Thursday,Morning,39.92,0.0,Positive,28.28021,1,1.0
291417,Funny Folks,64.1691176959505,Comedy,80.12,Thursday,Morning,74.2,1.0,Neutral,5.62,1,52.0
292049,Funny Folks,64.1691176959505,Technology,28.77,Thursday,Morning,56.98,2.0,Positive,25.04,1,51.0
293853,Funny Folks,40.02,Comedy,27.54,Thursday,Morning,64.4,0.0,Negative,32.57,1,69.0
296510,Funny Folks,81.79,Comedy,69.94,Thursday,Morning,84.02,1.0,Neutral,65.17987,1,79.0
297397,Funny Folks,115.47,Comedy,79.18,Thursday,Morning,44.77,3.0,Positive,63.64634,1,97.0
297539,Funny Folks,99.87,Comedy,79.37,Thursday,Morning,86.48,3.0,Neutral,63.66637,1,43.0
297735,Funny Folks,99.34,Comedy,38.25,Thursday,Morning,33.77,1.0,Positive,62.99494,1,22.0
297895,Funny Folks,29.04,Comedy,47.08,Thursday,Morning,46.88,0.0,Negative,18.52538,1,19.0
298708,Funny Folks,109.8,Comedy,62.27,Thursday,Morning,0.0,3.0,Negative,99.49654,1,35.0
299846,Funny Folks,25.32,Comedy,53.75,Thursday,Morning,91.86,3.0,Positive,22.02875,1,1.0
300425,Funny Folks,14.14,Comedy,38.58,Thursday,Morning,50.64,1.0,Neutral,10.06,1,24.0
300967,Funny Folks,38.25,Comedy,84.93,Thursday,Morning,0.0,2.0,Neutral,26.8725,1,51.0
302163,Funny Folks,109.39,Comedy,77.58,Thursday,Morning,36.6,0.0,Neutral,79.68475,1,27.0
305147,Funny Folks,117.61,Comedy,95.79,Thursday,Morning,75.75,1.0,Neutral,53.03079,1,83.0
305761,Funny Folks,66.29,Comedy,59.25,Thursday,Morning,0.0,1.0,Positive,62.54427,1,9.0
306310,Funny Folks,12.12,Comedy,71.45,Thursday,Morning,0.0,3.0,Negative,7.54,1,31.0
306588,Funny Folks,64.1691176959505,Comedy,32.89,Thursday,Morning,84.54,3.0,Neutral,25.71387,1,31.0
306654,Funny Folks,116.24,Comedy,64.24,Thursday,Morning,33.33,0.0,Positive,109.84006,1,37.0
306712,Funny Folks,17.68,Comedy,43.19,Thursday,Morning,69.51,1.0,Negative,4.60374,1,52.0
310655,Funny Folks,32.62,Comedy,24.66,Thursday,Morning,50.12,1.0,Positive,28.07,1,63.0
312467,Funny Folks,64.1691176959505,Comedy,87.51,Thursday,Morning,81.92,2.0,Positive,40.31037,1,89.0
312656,Funny Folks,64.1691176959505,Comedy,26.4,Thursday,Morning,86.84,0.0,Neutral,83.94,1,41.0
313307,Funny Folks,27.37,Comedy,85.67,Thursday,Morning,8.83,1.0,Neutral,15.74,1,60.0
313330,Funny Folks,95.73,Comedy,28.99,Thursday,Morning,49.57,0.0,Positive,76.04,1,38.0
314419,Funny Folks,116.3,Comedy,27.84,Thursday,Morning,10.74,0.0,Positive,75.04,1,72.0
314759,Funny Folks,108.99,Comedy,86.88,Thursday,Morning,62.87,0.0,Positive,85.05,1,72.0
315312,Funny Folks,49.99,Comedy,47.73,Thursday,Morning,72.99,3.0,Neutral,39.02,1,99.0
315496,Funny Folks,93.91,Comedy,78.97,Thursday,Morning,89.34,0.0,Neutral,61.98,1,47.0
316320,Funny Folks,10.41,Comedy,66.91,Thursday,Morning,13.41,1.0,Negative,0.0,1,99.0
316907,Funny Folks,94.32,Comedy,29.47,Thursday,Morning,29.71,2.0,Positive,91.39581,1,90.0
317243,Funny Folks,49.92,Comedy,47.72,Thursday,Morning,21.57,1.0,Neutral,49.92,1,52.0
317755,Funny Folks,32.63,Comedy,38.62,Thursday,Morning,54.76,1.0,Negative,23.04,1,48.0
318239,Funny Folks,20.71,Comedy,68.11,Thursday,Morning,0.0,1.0,Negative,2.54462,1,24.0
319439,Funny Folks,82.97,Comedy,26.12,Thursday,Morning,69.29,1.0,Neutral,62.96,1,59.0
322704,Funny Folks,6.69,Comedy,91.74,Thursday,Morning,51.31,1.0,Negative,0.0,1,31.0
323164,Funny Folks,64.1691176959505,Comedy,23.36,Thursday,Morning,48.93,1.0,Negative,29.91,1,47.0
323420,Funny Folks,54.96,Comedy,88.46,Thursday,Morning,68.48,1.0,Neutral,41.83193,1,95.0
324061,Funny Folks,12.07,Comedy,65.77,Thursday,Morning,81.38,1.0,Positive,11.85086,1,61.0
324184,Funny Folks,37.92,Comedy,71.36,Thursday,Morning,5.03,1.0,Positive,37.49978,1,60.0
325805,Funny Folks,25.11,Comedy,76.59,Thursday,Morning,83.52,1.0,Negative,19.05,1,63.0
326266,Funny Folks,64.1691176959505,Comedy,31.47,Thursday,Morning,31.57,1.0,Negative,25.91,1,99.0
327273,Funny Folks,55.77,Comedy,29.43,Thursday,Morning,99.23,2.0,Negative,28.05446,1,3.0
327335,Funny Folks,84.55,Comedy,54.18,Thursday,Morning,0.0,2.0,Positive,62.70988,1,62.0
327878,Funny Folks,69.68,Comedy,73.34,Thursday,Morning,26.35,1.0,Positive,38.43385,1,88.0
327903,Funny Folks,94.04,Comedy,55.05,Thursday,Morning,15.5,1.0,Positive,70.49,1,3.0
330557,Funny Folks,109.25,Comedy,21.32,Thursday,Morning,36.6,0.0,Neutral,79.68475,1,27.0
330622,Funny Folks,35.48,Comedy,38.19,Thursday,Morning,96.27,1.0,Negative,23.06,1,85.0
330731,Funny Folks,9.86,Comedy,49.36,Thursday,Morning,47.4,1.0,Neutral,9.86,1,23.0
331115,Funny Folks,64.1691176959505,Comedy,60.78,Thursday,Morning,60.12,2.0,Positive,36.28875,1,71.0
332552,Funny Folks,33.61,Comedy,39.77,Thursday,Morning,27.81,1.0,Positive,19.04,1,63.0
332878,Funny Folks,39.69,Comedy,38.99,Thursday,Morning,96.8,1.0,Neutral,23.06,1,68.0
333461,Funny Folks,74.83,Comedy,72.56,Thursday,Morning,40.7,1.0,Neutral,45.85963,1,35.0
333684,Funny Folks,56.98,Comedy,92.06,Thursday,Morning,43.98,3.0,Neutral,26.52,1,59.0
333883,Funny Folks,36.33,Comedy,56.48,Thursday,Morning,73.09,1.0,Negative,32.21208,1,36.0
334840,Funny Folks,82.13,Comedy,72.34,Thursday,Morning,6.31,1.0,Neutral,51.70264,1,12.0
334844,Funny Folks,113.5,Comedy,30.25,Thursday,Morning,0.0,2.0,Positive,89.27869,1,30.0
335828,Funny Folks,64.1691176959505,Comedy,86.39,Thursday,Morning,0.0,3.0,Neutral,25.0608,1,53.0
336107,Funny Folks,118.61,Comedy,45.34,Thursday,Morning,68.29,1.0,Neutral,111.96,1,53.0
336307,Funny Folks,92.09,Comedy,77.99,Thursday,Morning,44.29,1.0,Positive,61.64511,1,57.0
336497,Funny Folks,103.39,Comedy,39.73,Thursday,Morning,8.04,0.0,Neutral,77.04,1,26.0
336730,Funny Folks,36.05,Comedy,30.27,Thursday,Morning,24.39,2.0,Negative,18.57772,1,35.0
338490,Funny Folks,47.16,Comedy,54.17,Thursday,Morning,53.94,3.0,Positive,18.7448,1,93.0
344864,Funny Folks,77.03,Comedy,80.44,Thursday,Morning,72.33,1.0,Positive,71.29313,1,80.0
344893,Funny Folks,114.04,Comedy,47.59,Thursday,Morning,17.1,2.0,Positive,76.61723,1,79.0
346011,Funny Folks,74.46,Comedy,65.16,Thursday,Morning,27.19,2.0,Positive,61.0419,1,45.0
347967,Funny Folks,109.38,Comedy,46.48,Thursday,Morning,68.52,1.0,Negative,91.60646,1,62.0
348109,Funny Folks,117.76,Comedy,71.43,Thursday,Morning,0.0,3.0,Positive,69.17777,1,26.0
348294,Funny Folks,104.81,Comedy,28.99,Thursday,Morning,40.83,0.0,Positive,76.04,1,28.0
348964,Funny Folks,56.08,Comedy,56.58,Thursday,Morning,79.59,1.0,Neutral,39.94965,1,57.0
350498,Funny Folks,90.55,Comedy,37.41,Thursday,Morning,56.41,1.0,Positive,84.49,1,83.0
351168,Funny Folks,23.34,Comedy,62.11,Thursday,Morning,88.69,0.0,Positive,22.3706,1,23.0
352354,Funny Folks,114.4,Comedy,27.2,Thursday,Morning,75.97,1.0,Neutral,102.41278,1,62.0
352520,Funny Folks,112.96,Comedy,39.73,Thursday,Morning,0.0,1.0,Positive,91.16,1,32.0
355396,Funny Folks,116.07,Comedy,89.2,Thursday,Morning,15.24,0.0,Neutral,100.58,1,44.0
357286,Funny Folks,64.1691176959505,Comedy,84.24,Thursday,Morning,24.17,0.0,Neutral,28.777,1,13.0
357440,Funny Folks,65.84,Comedy,66.81,Thursday,Morning,53.24,2.0,Neutral,50.50894,1,70.0
358065,Funny Folks,35.92,Comedy,70.04,Thursday,Morning,0.0,3.0,Negative,28.11,1,63.0
358966,Funny Folks,108.99,Comedy,86.56,Thursday,Morning,62.37,0.0,Positive,85.05,1,72.0
359744,Funny Folks,95.55,Comedy,44.94,Thursday,Morning,44.29,2.0,Positive,62.23389,1,35.0
360298,Funny Folks,99.32,Comedy,75.05,Thursday,Morning,50.21,2.0,Neutral,62.28511,1,42.0
360630,Funny Folks,38.51,Comedy,60.53,Thursday,Morning,2.29,0.0,Neutral,26.80944,1,24.0
361846,Funny Folks,91.46,Comedy,30.11,Thursday,Morning,33.11,1.0,Neutral,70.95,1,86.0
364016,Funny Folks,64.1691176959505,Comedy,94.87,Thursday,Morning,29.78,0.0,Neutral,70.42851,1,37.0
364564,Funny Folks,36.27,Comedy,44.27,Thursday,Morning,85.52,0.0,Negative,18.28082,1,65.0
364941,Funny Folks,85.75,Comedy,59.03,Thursday,Morning,63.47,3.0,Negative,68.67925,1,29.0
365270,Funny Folks,28.95,Comedy,57.12,Thursday,Morning,69.55,0.0,Negative,18.25608,1,22.0
365631,Funny Folks,44.07,Comedy,78.38,Thursday,Morning,28.75,0.0,Neutral,41.13743,1,99.0
366049,Funny Folks,62.68,Comedy,70.21,Thursday,Morning,25.61,0.0,Positive,44.83768,1,46.0
366093,Funny Folks,53.81,Comedy,56.27,Thursday,Morning,0.0,1.0,Neutral,20.63445,1,29.0
367120,Funny Folks,7.98,Comedy,77.64,Thursday,Morning,0.0,0.0,Negative,5.18771,1,100.0
367234,Funny Folks,115.46,Comedy,47.43,Thursday,Morning,32.32,1.0,Negative,109.49,1,81.0
368634,Funny Folks,18.99,Comedy,47.72,Thursday,Morning,44.65,1.0,Positive,11.49,1,81.0
368701,Funny Folks,23.88,Comedy,95.32,Thursday,Morning,19.92,2.0,Neutral,23.77418,1,33.0
369101,Funny Folks,64.1691176959505,Comedy,59.84,Thursday,Morning,86.04,0.0,Negative,78.34,1,28.0
369801,Funny Folks,14.25,Comedy,54.13,Thursday,Morning,83.23,2.0,Negative,13.2,1,34.0
371275,Funny Folks,44.53,Comedy,39.66,Thursday,Morning,55.93,2.0,Positive,35.29,1,31.0
371881,Funny Folks,99.78,Comedy,92.07,Thursday,Morning,43.04,1.0,Positive,89.53415,1,61.0
372641,Funny Folks,31.63,Comedy,27.69,Thursday,Morning,98.59,2.0,Positive,26.12,1,38.0
372857,Funny Folks,48.37,Comedy,57.36,Thursday,Morning,29.1,1.0,Negative,44.45763,1,99.0
373108,Funny Folks,64.1691176959505,Comedy,60.39,Thursday,Morning,0.0,2.0,Neutral,37.40818,1,31.0
373433,Funny Folks,64.1691176959505,Comedy,38.64,Thursday,Morning,65.39,2.0,Neutral,8.98,1,32.0
374967,Funny Folks,98.81,Comedy,38.17,Thursday,Morning,0.0,1.0,Neutral,62.23465,1,44.0
375177,Funny Folks,37.52,Comedy,80.62,Thursday,Morning,65.58,1.0,Negative,24.66202,1,6.0
377302,Funny Folks,62.51,Comedy,87.05,Thursday,Morning,52.79,1.0,Positive,39.62077,1,13.0
379205,Funny Folks,64.1691176959505,Comedy,78.33,Thursday,Morning,56.98,1.0,Positive,25.04,1,51.0
379930,Funny Folks,62.51,Comedy,72.81,Thursday,Morning,86.06,2.0,Positive,34.33139,1,73.0
381998,Funny Folks,99.94,Comedy,84.05,Thursday,Morning,66.68,0.0,Positive,93.9729,1,31.0
384778,Funny Folks,90.12,Comedy,54.35,Thursday,Morning,37.16,0.0,Positive,47.33376,1,77.0
385932,Funny Folks,96.39,Comedy,99.14,Thursday,Morning,65.99,0.0,Positive,89.53418,1,60.0
386904,Funny Folks,70.11,Comedy,84.11,Thursday,Morning,0.0,3.0,Positive,62.87134,1,25.0
389941,Funny Folks,54.57,Comedy,77.14,Thursday,Morning,48.63,3.0,Positive,40.36,1,33.0
393013,Funny Folks,31.59,Comedy,78.76,Thursday,Morning,98.39,1.0,Positive,26.04,1,28.0
393852,Funny Folks,22.03,Comedy,65.26,Thursday,Morning,13.12,1.0,Negative,9.96,1,70.0
393952,Funny Folks,116.47,Comedy,49.19,Thursday,Morning,50.65,3.0,Negative,61.10001,1,74.0
394006,Funny Folks,44.49,Comedy,23.52,Thursday,Morning,13.81,0.0,Negative,35.29608,1,85.0
394490,Funny Folks,20.78,Comedy,64.99,Thursday,Morning,82.1,3.0,Positive,16.58,1,87.0
394605,Funny Folks,119.22,Comedy,94.99,Thursday,Morning,93.97,1.0,Positive,112.60318,1,92.0
395579,Funny Folks,64.1691176959505,Comedy,75.36,Thursday,Morning,82.53,0.0,Neutral,46.35595,1,100.0
399019,Funny Folks,39.87,Comedy,36.46,Thursday,Morning,51.06,1.0,Positive,23.09,1,81.0
400624,Funny Folks,49.24,Comedy,39.19,Thursday,Morning,28.86,2.0,Positive,20.71376,1,85.0
401348,Funny Folks,106.36,Comedy,86.67,Thursday,Morning,51.36,2.0,Negative,66.72022,1,60.0
401391,Funny Folks,64.1691176959505,Comedy,39.69,Thursday,Morning,44.63,0.0,Neutral,14.78,1,64.0
402221,Funny Folks,61.54,Comedy,71.73,Thursday,Morning,87.15,1.0,Neutral,59.75882,1,24.0
403161,Funny Folks,64.1691176959505,Comedy,80.36,Thursday,Morning,3.12,1.0,Neutral,5.62,1,75.0
403342,Funny Folks,70.1,Comedy,24.39,Thursday,Morning,0.0,2.0,Neutral,49.53835,1,19.0
403343,Funny Folks,16.78,Comedy,82.83,Thursday,Morning,0.0,2.0,Positive,10.58,1,88.0
404624,Funny Folks,97.84,Comedy,54.0,Thursday,Morning,97.6,0.0,Negative,68.7277,1,2.0
407150,Funny Folks,9.08,Comedy,32.12,Thursday,Morning,51.16,1.0,Negative,7.54,1,65.0
407850,Funny Folks,18.02,Comedy,47.38,Thursday,Morning,76.9,3.0,Positive,12.23139,1,26.0
408580,Funny Folks,64.1691176959505,Comedy,78.84,Thursday,Morning,0.0,3.0,Neutral,7.51377,1,33.0
410248,Funny Folks,25.57,Comedy,99.54,Thursday,Morning,84.28,3.0,Neutral,15.93575,1,48.0
410425,Funny Folks,64.1691176959505,Comedy,33.08,Thursday,Morning,0.0,0.0,Positive,73.46689,1,1.0
411920,Funny Folks,9.86,Comedy,49.36,Thursday,Morning,47.4,1.0,Neutral,9.86,1,29.0
412135,Funny Folks,63.95,Comedy,65.16,Thursday,Morning,24.32,0.0,Neutral,34.93836,1,25.0
413220,Funny Folks,52.04,Comedy,57.84,Thursday,Morning,0.0,0.0,Negative,38.02301,1,15.0
413331,Funny Folks,94.3,Comedy,83.01,Thursday,Morning,31.4,0.0,Positive,63.42665,1,79.0
413986,Funny Folks,51.99,Comedy,38.07,Thursday,Morning,96.17,1.0,Neutral,23.06,1,28.0
418302,Funny Folks,29.65,Comedy,23.94,Thursday,Morning,0.0,0.0,Neutral,22.48642,1,24.0
418583,Funny Folks,94.77,Comedy,60.05,Thursday,Morning,80.1,1.0,Positive,90.4807,1,76.0
419110,Funny Folks,30.66,Comedy,58.69,Thursday,Morning,46.3,3.0,Negative,13.5208,1,81.0
421278,Funny Folks,118.69,Comedy,78.16,Thursday,Morning,14.54,0.0,Positive,112.43,1,11.0
421672,Funny Folks,64.1691176959505,Comedy,38.99,Thursday,Morning,96.99,1.0,Neutral,23.06,1,68.0
422018,Funny Folks,56.99,Comedy,69.17,Thursday,Morning,10.24,0.0,Neutral,56.64,1,62.0
425232,Funny Folks,62.63,Comedy,46.41,Thursday,Morning,15.74,0.0,Negative,59.34,1,32.0
425663,Funny Folks,12.48,Comedy,92.2,Thursday,Morning,71.0,1.0,Negative,11.85086,1,79.0
428574,Funny Folks,80.76,Comedy,27.43,Thursday,Morning,74.23,1.0,Negative,59.49,1,41.0
429941,Funny Folks,49.7,Comedy,87.35,Thursday,Morning,31.19,1.0,Negative,40.2728,1,22.0
430110,Funny Folks,29.81,Comedy,28.03,Thursday,Morning,18.43,3.0,Neutral,5.21,1,54.0
430723,Funny Folks,12.71,Comedy,26.2,Thursday,Morning,0.0,1.0,Negative,0.0,1,33.0
431870,Funny Folks,35.93,Comedy,71.79,Thursday,Morning,29.27,2.0,Positive,35.75891,1,23.0
431945,Funny Folks,51.81,Comedy,72.79,Thursday,Morning,0.0,0.0,Positive,36.17756,1,51.0
433027,Funny Folks,47.25,Comedy,24.74,Thursday,Morning,51.32,0.0,Negative,37.495,1,65.0
434350,Funny Folks,16.28,Comedy,47.11,Thursday,Morning,0.0,3.0,Negative,8.59523,1,37.0
434641,Funny Folks,17.59,Comedy,92.25,Thursday,Morning,44.97,3.0,Negative,9.31,1,68.0
436229,Funny Folks,61.21,Comedy,65.9,Thursday,Morning,22.61,2.0,Neutral,45.75427,1,56.0
438322,Funny Folks,38.39,Comedy,36.58,Thursday,Morning,16.88,3.0,Neutral,23.96827,1,84.0
438507,Funny Folks,115.43,Comedy,47.41,Thursday,Morning,44.32,1.0,Negative,109.49,1,81.0
438943,Funny Folks,89.03,Comedy,31.05,Thursday,Morning,0.0,1.0,Positive,83.341,1,16.0
439531,Funny Folks,114.34,Comedy,71.41,Thursday,Morning,87.41,2.0,Negative,99.49545,1,2.0
439678,Funny Folks,46.9,Comedy,44.4,Thursday,Morning,63.58,0.0,Positive,19.72461,1,11.0
440657,Funny Folks,34.04,Comedy,44.01,Thursday,Morning,63.36,1.0,Negative,9.91,1,47.0
441384,Funny Folks,64.1691176959505,Comedy,52.19,Thursday,Morning,0.0,2.0,Neutral,7.47,1,78.0
442592,Funny Folks,77.68,Comedy,29.44,Thursday,Morning,70.07,0.0,Neutral,54.41868,1,35.0
443028,Funny Folks,68.12,Comedy,58.02,Thursday,Morning,12.75,3.0,Neutral,46.22646,1,65.0
444952,Funny Folks,95.81,Comedy,28.99,Thursday,Morning,49.7,0.0,Positive,76.04,1,38.0
445938,Funny Folks,64.1691176959505,Comedy,64.74,Thursday,Morning,0.0,3.0,Positive,58.34945,1,51.0
447231,Funny Folks,116.32,Comedy,99.21,Thursday,Morning,42.27,1.0,Neutral,85.85478,1,57.0
447269,Funny Folks,53.08,Comedy,79.9,Thursday,Morning,0.0,1.0,Positive,34.23,1,32.0
449273,Funny Folks,23.34,Comedy,62.11,Thursday,Morning,88.69,0.0,Positive,22.3706,1,21.0
450538,Funny Folks,101.64,Comedy,60.61,Thursday,Morning,38.71,2.0,Negative,57.4946,1,40.0
451111,Funny Folks,83.76,Comedy,36.67,Thursday,Morning,22.26,0.0,Negative,68.22508,1,31.0
451853,Funny Folks,103.57,Comedy,29.82,Thursday,Morning,63.96,3.0,Neutral,64.66629,1,56.0
452008,Funny Folks,32.05,Comedy,80.24,Thursday,Morning,50.69,0.0,Negative,9.41,1,79.0
453358,Funny Folks,113.56,Comedy,69.89,Thursday,Morning,19.27,1.0,Negative,61.42613,1,26.0
454161,Funny Folks,7.78,Comedy,92.79,Thursday,Morning,0.0,1.0,Positive,0.0,1,37.0
454730,Funny Folks,20.34,Comedy,73.95,Thursday,Morning,61.52,3.0,Negative,3.34454,1,44.0
459499,Funny Folks,64.1691176959505,Comedy,93.35,Thursday,Morning,0.0,3.0,Neutral,17.27,1,17.0
460896,Funny Folks,33.23,Comedy,73.38,Thursday,Morning,52.5,1.0,Positive,17.94,1,27.0
462324,Funny Folks,31.63,Comedy,78.72,Thursday,Morning,47.63,1.0,Negative,21.04,1,78.0
463082,Funny Folks,103.06,Comedy,85.21,Thursday,Morning,0.0,3.0,Neutral,50.52774,1,68.0
464752,Funny Folks,93.35,Comedy,30.18,Thursday,Morning,38.45,0.0,Positive,79.43706,1,81.0
466962,Funny Folks,84.99,Comedy,89.46,Thursday,Morning,0.0,1.0,Positive,82.04789,1,18.0
466977,Funny Folks,97.83,Comedy,80.11,Thursday,Morning,38.61,1.0,Positive,63.91709,1,60.0
467096,Funny Folks,64.1691176959505,Comedy,28.72,Thursday,Morning,0.0,1.0,Negative,65.44,1,27.0
468693,Funny Folks,38.78,Comedy,20.1,Thursday,Morning,52.14,0.0,Neutral,28.57648,1,52.0
469049,Funny Folks,26.18,Comedy,27.81,Thursday,Morning,72.54,1.0,Negative,25.13145,1,25.0
469422,Funny Folks,64.1691176959505,Comedy,91.26,Thursday,Morning,97.59,1.0,Positive,95.36,1,31.0
470548,Funny Folks,44.73,Comedy,93.57,Thursday,Morning,45.55,0.0,Neutral,39.30696,1,86.0
472170,Funny Folks,64.1691176959505,Comedy,24.07,Thursday,Morning,90.73,3.0,Neutral,58.12574,1,30.0
472297,Funny Folks,94.33,Comedy,24.12,Thursday,Morning,5.25,0.0,Positive,75.04,1,24.0
473420,Funny Folks,36.56,Comedy,28.77,Thursday,Morning,88.63,1.0,Negative,25.01,1,63.0
473600,Funny Folks,98.63,Comedy,26.32,Thursday,Morning,26.72,1.0,Neutral,87.74,1,29.0
473766,Funny Folks,36.43,Comedy,78.63,Thursday,Morning,48.74,1.0,Negative,25.01,1,63.0
473798,Funny Folks,102.95,Comedy,79.59,Thursday,Morning,68.11,1.0,Neutral,99.36,1,25.0
473960,Funny Folks,89.24,Comedy,52.52,Thursday,Morning,78.94,2.0,Positive,58.43877,1,41.0
474271,Funny Folks,93.0,Comedy,36.54,Thursday,Morning,0.0,2.0,Negative,56.47577,1,8.0
474455,Funny Folks,21.38,Comedy,27.47,Thursday,Morning,0.0,3.0,Positive,19.35,1,95.0
476128,Funny Folks,64.1691176959505,Comedy,69.79,Thursday,Morning,37.66,0.0,Neutral,31.27416,1,42.0
476223,Funny Folks,114.91,Comedy,54.78,Thursday,Morning,0.0,3.0,Negative,82.92412,1,10.0
476878,Funny Folks,56.88,Comedy,27.24,Thursday,Morning,0.0,3.0,Neutral,30.2665,1,22.0
477964,Funny Folks,112.83,Comedy,73.36,Thursday,Morning,0.0,0.0,Neutral,110.24,1,29.0
478133,Funny Folks,28.31,Comedy,62.9,Thursday,Morning,92.9,2.0,Negative,22.26087,1,36.0
478764,Funny Folks,29.2,Comedy,34.03,Thursday,Morning,33.53,1.0,Negative,19.81615,1,1.0
480143,Funny Folks,105.33,Comedy,93.74,Thursday,Morning,81.74,0.0,Positive,92.23015,1,90.0
480462,Funny Folks,102.95,Comedy,79.59,Thursday,Morning,16.73,1.0,Neutral,99.36,1,25.0
481104,Funny Folks,40.87,Comedy,95.72,Thursday,Morning,0.0,3.0,Neutral,22.80666,1,21.0
481923,Funny Folks,6.69,Comedy,82.45,Thursday,Morning,0.0,3.0,Neutral,0.0,1,38.0
483084,Funny Folks,72.79,Comedy,73.68,Thursday,Morning,93.83,0.0,Positive,61.56785,1,44.0
484021,Funny Folks,60.21,Comedy,76.55,Thursday,Morning,0.0,0.0,Positive,58.2992,1,63.0
484122,Funny Folks,14.32,Comedy,77.41,Thursday,Morning,54.32,1.0,Negative,10.49,1,84.0
484588,Funny Folks,104.39,Comedy,78.23,Thursday,Morning,31.21,0.0,Negative,83.34,1,32.0
484858,Funny Folks,113.48,Comedy,82.47,Thursday,Morning,50.25,0.0,Negative,79.79,1,3.0
486867,Funny Folks,19.81,Comedy,38.57,Thursday,Morning,56.39,1.0,Positive,11.09,1,81.0
487007,Funny Folks,52.63,Comedy,97.36,Thursday,Morning,5.38,2.0,Positive,36.04,1,54.0
488856,Funny Folks,31.16,Comedy,53.94,Thursday,Morning,0.0,2.0,Negative,23.95115,1,56.0
489628,Funny Folks,107.16,Comedy,79.8,Thursday,Morning,79.65,3.0,Positive,91.46025,1,28.0
491692,Funny Folks,118.41,Comedy,29.16,Thursday,Morning,32.84,1.0,Positive,110.57587,1,83.0
491891,Funny Folks,17.82,Comedy,39.21,Thursday,Morning,54.32,1.0,Negative,11.54,1,51.0
492341,Funny Folks,56.53,Comedy,64.19,Thursday,Morning,14.95,3.0,Negative,43.6864,1,42.0
494338,Funny Folks,64.1691176959505,Comedy,93.57,Thursday,Morning,93.67,0.0,Positive,14.85379,1,21.0
495269,Funny Folks,26.78,Comedy,25.56,Thursday,Morning,51.79,3.0,Negative,12.52697,1,12.0
496206,Funny Folks,88.87,Comedy,48.66,Thursday,Morning,26.11,0.0,Neutral,63.08668,1,95.0
497434,Funny Folks,97.52,Comedy,76.9,Thursday,Morning,6.75,1.0,Positive,64.73084,1,23.0
499170,Funny Folks,107.91,Comedy,57.34,Thursday,Morning,60.64,0.0,Neutral,69.17703,1,48.0
503435,Funny Folks,32.57,Comedy,66.97,Thursday,Morning,55.71,3.0,Negative,9.41,1,78.0
505567,Funny Folks,44.02,Comedy,49.03,Thursday,Morning,75.15,1.0,Negative,25.25635,1,55.0
507539,Funny Folks,110.83,Comedy,24.29,Thursday,Morning,9.49,3.0,Positive,78.0113,1,57.0
508358,Funny Folks,102.93,Comedy,96.19,Thursday,Morning,46.49,0.0,Positive,99.84,1,51.0
509350,Funny Folks,44.43,Comedy,99.71,Thursday,Morning,64.69,0.0,Negative,40.5128,1,80.0
510723,Funny Folks,111.23,Comedy,62.37,Thursday,Morning,0.0,3.0,Negative,94.485,1,27.0
510819,Funny Folks,112.6,Comedy,93.37,Thursday,Morning,4.73,1.0,Neutral,110.90228,1,92.0
511062,Funny Folks,64.1691176959505,Comedy,29.33,Thursday,Morning,0.0,0.0,Positive,31.9353,1,58.0
511175,Funny Folks,116.98,Comedy,26.41,Thursday,Morning,0.0,3.0,Neutral,67.41,1,37.0
513232,Funny Folks,19.12,Comedy,44.98,Thursday,Morning,90.37,3.0,Negative,9.56368,1,78.0
514618,Funny Folks,12.14,Comedy,96.31,Thursday,Morning,23.69,0.0,Neutral,7.0964,1,46.0
514819,Funny Folks,5.55,Comedy,46.6,Thursday,Morning,83.36,1.0,Negative,5.55,1,82.0
519490,Funny Folks,72.79,Comedy,96.56,Thursday,Morning,98.21,0.0,Neutral,50.00263,1,98.0
520227,Funny Folks,45.65,Comedy,82.08,Thursday,Morning,81.27,0.0,Positive,22.85,1,64.0
520255,Funny Folks,96.57,Comedy,40.37,Thursday,Morning,52.56,2.0,Neutral,65.91081,1,3.0
520264,Funny Folks,102.81,Comedy,28.99,Thursday,Morning,49.12,0.0,Positive,76.04,1,70.0
523331,Funny Folks,70.08,Comedy,48.66,Thursday,Morning,26.11,0.0,Neutral,63.08668,1,95.0
524684,Funny Folks,85.33,Comedy,37.0,Thursday,Morning,70.83,2.0,Positive,46.65428,1,74.0
525707,Funny Folks,64.1691176959505,Comedy,62.55,Thursday,Morning,56.12,1.0,Positive,29.04,1,28.0
526582,Funny Folks,93.75,Comedy,63.72,Thursday,Morning,39.36,3.0,Negative,57.27413,1,39.0
527309,Funny Folks,99.4,Comedy,36.67,Thursday,Morning,94.78,3.0,Positive,85.00193,1,95.0
527577,Funny Folks,82.68,Comedy,40.83,Thursday,Morning,93.03,1.0,Positive,67.9947,1,11.0
528901,Funny Folks,20.69,Comedy,47.68,Thursday,Morning,48.43,1.0,Negative,12.91,1,47.0
529055,Funny Folks,69.04,Comedy,35.58,Thursday,Morning,82.21,0.0,Positive,60.29536,1,55.0
529431,Funny Folks,23.44,Comedy,26.36,Thursday,Morning,50.6,1.0,Positive,18.97,1,99.0
530645,Funny Folks,82.33,Comedy,27.63,Thursday,Morning,55.77,1.0,Positive,53.04,1,80.0
530936,Funny Folks,98.25,Comedy,29.25,Thursday,Morning,89.55,1.0,Neutral,63.71978,1,66.0
533801,Funny Folks,13.49,Comedy,27.33,Thursday,Morning,0.0,1.0,Neutral,13.15704,1,6.0
535078,Funny Folks,107.61,Comedy,83.0,Thursday,Morning,80.48,1.0,Negative,76.97268,1,71.0
536434,Funny Folks,104.81,Comedy,28.99,Thursday,Morning,50.34,0.0,Positive,76.04,1,40.0
536635,Funny Folks,64.1691176959505,Comedy,59.26,Thursday,Morning,66.88,2.0,Positive,62.10752,1,41.0
537058,Funny Folks,64.1691176959505,Comedy,87.7,Thursday,Morning,14.61,2.0,Neutral,15.09376,1,93.0
537270,Funny Folks,79.51,Comedy,97.47,Thursday,Morning,0.0,0.0,Negative,75.39326,1,69.0
539913,Funny Folks,104.81,Comedy,53.6,Thursday,Morning,50.58,0.0,Positive,76.04,1,28.0
540191,Funny Folks,64.1691176959505,Comedy,81.5,Thursday,Morning,80.71,1.0,Negative,49.87278,1,22.0
540611,Funny Folks,6.33,Comedy,87.24,Thursday,Morning,0.0,1.0,Neutral,3.1908,1,43.0
541161,Funny Folks,101.4,Comedy,58.5,Thursday,Morning,58.71,0.0,Negative,84.8162,1,26.0
542045,Funny Folks,99.83,Comedy,96.96,Thursday,Morning,87.24,0.0,Positive,80.698,1,43.0
542061,Funny Folks,42.35,Comedy,97.09,Thursday,Morning,0.0,2.0,Neutral,34.33909,1,27.0
545818,Funny Folks,42.65,Comedy,96.39,Thursday,Morning,53.59,1.0,Positive,37.05,1,71.0
545986,Funny Folks,98.09,Comedy,32.56,Thursday,Morning,91.01,1.0,Positive,81.52511,1,57.0
547580,Funny Folks,70.9,Comedy,77.16,Thursday,Morning,0.0,3.0,Negative,68.25736,1,83.0
548130,Funny Folks,23.4,Comedy,39.65,Thursday,Morning,31.69,1.0,Positive,22.86,1,49.0
548151,Funny Folks,100.11,Comedy,37.88,Thursday,Morning,29.49,3.0,Neutral,68.15908,1,25.0
548762,Funny Folks,91.73,Comedy,31.77,Thursday,Morning,47.22,1.0,Positive,83.56,1,38.0
549512,Funny Folks,119.79,Comedy,83.47,Thursday,Morning,27.07,2.0,Neutral,73.33644,1,21.0
550408,Funny Folks,64.1691176959505,Comedy,31.93,Thursday,Morning,35.57,3.0,Negative,48.48109,1,91.0
550922,Funny Folks,64.1691176959505,Comedy,91.38,Thursday,Morning,71.78,0.0,Neutral,10.94645,1,63.0
552370,Funny Folks,31.15,Comedy,27.97,Thursday,Morning,0.0,0.0,Neutral,20.12,1,34.0
552613,Funny Folks,41.04,Comedy,53.71,Thursday,Morning,0.0,3.0,Negative,29.57993,1,9.0
552895,Funny Folks,91.69,Comedy,74.29,Thursday,Morning,36.28,0.0,Negative,76.84,1,51.0
554451,Funny Folks,111.98,Comedy,31.21,Thursday,Morning,44.21,1.0,Positive,83.56,1,38.0
556466,Funny Folks,113.91,Comedy,79.66,Thursday,Morning,19.36,1.0,Negative,61.42613,1,79.0
557608,Funny Folks,26.17,Comedy,43.59,Thursday,Morning,89.69,1.0,Positive,11.32,1,4.0
559447,Funny Folks,79.59,Comedy,77.6,Thursday,Morning,73.59,2.0,Positive,64.65903,1,48.0
560204,Funny Folks,82.16,Comedy,39.23,Thursday,Morning,41.72,1.0,Neutral,53.53294,1,69.0
562568,Funny Folks,44.02,Comedy,37.78,Thursday,Morning,7.23,2.0,Positive,35.22,1,59.0
563117,Funny Folks,37.67,Comedy,96.19,Thursday,Morning,98.59,2.0,Positive,28.85,1,63.0
563453,Funny Folks,20.8,Comedy,39.84,Thursday,Morning,51.53,1.0,Positive,15.09,1,81.0
564586,Funny Folks,30.08,Comedy,49.67,Thursday,Morning,14.81,0.0,Neutral,24.42055,1,67.0
564633,Funny Folks,44.25,Comedy,52.52,Thursday,Morning,20.1,3.0,Neutral,37.41937,1,7.0
567386,Funny Folks,8.11,Comedy,38.12,Thursday,Morning,32.49,1.0,Neutral,8.11,1,62.0
567802,Funny Folks,16.69,Comedy,80.28,Thursday,Morning,80.64,2.0,Negative,6.27,1,64.0
568468,Funny Folks,76.73,Comedy,82.36,Thursday,Morning,28.77,0.0,Positive,70.05612,1,41.0
568717,Funny Folks,113.73,Comedy,48.27,Thursday,Morning,0.0,3.0,Positive,60.99997,1,61.0
569910,Funny Folks,6.08,Comedy,38.64,Thursday,Morning,38.44,0.0,Neutral,6.08,1,35.0
570778,Funny Folks,5.64,Comedy,47.56,Thursday,Morning,87.36,3.0,Neutral,5.64,1,52.0
571447,Funny Folks,23.39,Comedy,95.7,Thursday,Morning,0.0,1.0,Neutral,10.00903,1,29.0
571771,Funny Folks,84.24,Comedy,52.73,Thursday,Morning,88.12,3.0,Negative,55.34,1,69.0
572245,Funny Folks,104.76,Comedy,96.18,Thursday,Morning,87.84,1.0,Neutral,95.36,1,31.0
572732,Funny Folks,90.52,Comedy,86.4,Thursday,Morning,56.41,1.0,Positive,84.49,1,51.0
573250,Funny Folks,16.77,Comedy,30.57,Thursday,Morning,12.28,0.0,Negative,9.15,1,51.0
574961,Funny Folks,64.1691176959505,Comedy,31.29,Thursday,Morning,49.12,1.0,Negative,25.91,1,57.0
575067,Funny Folks,55.5,Comedy,64.0,Thursday,Morning,99.82,1.0,Neutral,28.88385,1,88.0
575072,Funny Folks,29.18,Comedy,69.38,Thursday,Morning,76.22,1.0,Neutral,16.26945,1,31.0
575165,Funny Folks,113.91,Comedy,69.98,Thursday,Morning,19.56,1.0,Negative,61.42613,1,79.0
575360,Funny Folks,47.02,Comedy,69.14,Thursday,Morning,90.64,0.0,Positive,43.7801,1,77.0
575489,Funny Folks,64.1691176959505,Comedy,87.35,Thursday,Morning,48.67,2.0,Positive,18.88,1,33.0
578026,Funny Folks,116.4,Comedy,60.8,Thursday,Morning,25.29,0.0,Positive,74.3,1,25.0
578402,Funny Folks,25.52,Comedy,80.66,Thursday,Morning,99.1,1.0,Positive,10.93,1,80.0
578737,Funny Folks,58.08,Comedy,67.55,Thursday,Morning,44.87,0.0,Positive,38.05458,1,97.0
578928,Funny Folks,52.38,Comedy,27.82,Thursday,Morning,0.64,1.0,Negative,31.40276,1,36.0
579280,Funny Folks,25.35,Comedy,37.23,Thursday,Morning,40.12,2.0,Neutral,10.65607,1,69.0
579318,Funny Folks,30.71,Comedy,27.21,Thursday,Morning,95.94,1.0,Negative,21.42,1,30.0
580929,Funny Folks,44.33,Comedy,56.58,Thursday,Morning,93.72,2.0,Positive,30.77715,1,28.0
581298,Funny Folks,31.98,Comedy,69.74,Thursday,Morning,99.31,3.0,Negative,19.18,1,83.0
582386,Funny Folks,110.3,Comedy,77.24,Thursday,Morning,45.41,1.0,Positive,69.47548,1,53.0
583648,Funny Folks,53.87,Comedy,28.23,Thursday,Morning,97.14,1.0,Positive,39.91,1,70.0
583806,Funny Folks,64.1691176959505,Comedy,99.18,Thursday,Morning,0.0,0.0,Positive,61.30555,1,19.0
584272,Funny Folks,7.69,Comedy,80.64,Thursday,Morning,3.31,2.0,Neutral,5.62,1,52.0
588787,Funny Folks,25.92,Comedy,44.89,Thursday,Morning,44.71,3.0,Positive,12.52697,1,14.0
588836,Funny Folks,64.7,Comedy,93.41,Thursday,Morning,0.0,0.0,Neutral,28.55632,1,51.0
589541,Funny Folks,87.85,Comedy,87.56,Thursday,Morning,74.64,0.0,Neutral,80.26057,1,17.0
591594,Funny Folks,78.66,Comedy,95.82,Thursday,Morning,86.78,3.0,Neutral,56.65569,1,57.0
593038,Funny Folks,97.76,Comedy,36.59,Thursday,Morning,25.75,0.0,Neutral,80.16229,1,19.0
593362,Funny Folks,115.37,Comedy,86.35,Thursday,Morning,25.81,3.0,Negative,73.06,1,48.0
594909,Funny Folks,64.1691176959505,Comedy,34.53,Thursday,Morning,0.0,2.0,Neutral,40.29562,1,43.0
595081,Funny Folks,31.82,Comedy,59.38,Thursday,Morning,47.15,3.0,Neutral,19.61,1,64.0
595426,Funny Folks,64.1691176959505,Comedy,26.74,Thursday,Morning,73.36,1.0,Negative,29.91,1,47.0
595923,Funny Folks,61.93,Comedy,46.35,Thursday,Morning,83.42,0.0,Negative,37.71183,1,28.0
597933,Funny Folks,102.48,Comedy,27.85,Thursday,Morning,10.74,2.0,Positive,45.04,1,54.0
598824,Funny Folks,111.0,Comedy,48.77,Thursday,Morning,83.21,1.0,Negative,54.01,1,65.0
598834,Funny Folks,102.58,Comedy,42.23,Thursday,Morning,20.58,1.0,Negative,61.37875,1,24.0
599462,Funny Folks,14.12,Comedy,90.11,Thursday,Morning,73.68,3.0,Negative,10.08135,1,9.0
600798,Funny Folks,64.1691176959505,Comedy,97.7,Thursday,Morning,58.9,2.0,Negative,23.64495,1,51.0
601640,Funny Folks,9.29,Comedy,56.84,Thursday,Morning,63.33,2.0,Neutral,3.74722,1,67.0
602216,Funny Folks,37.4,Comedy,57.55,Thursday,Morning,4.07,0.0,Negative,17.97791,1,58.0
604282,Funny Folks,84.08,Comedy,87.74,Thursday,Morning,45.66,0.0,Neutral,57.71737,1,54.0
608760,Funny Folks,64.1691176959505,Comedy,26.69,Thursday,Morning,48.35,1.0,Neutral,7.78,1,28.0
609027,Funny Folks,99.99,Comedy,94.35,Thursday,Morning,0.0,0.0,Positive,85.0085,1,14.0
609649,Funny Folks,81.27,Comedy,96.58,Thursday,Morning,5.25,0.0,Positive,75.04,1,24.0
610177,Funny Folks,55.35,Comedy,29.13,Thursday,Morning,59.17,0.0,Positive,48.4422,1,83.0
610229,Funny Folks,80.4,Comedy,60.47,Thursday,Morning,0.0,0.0,Neutral,43.5348,1,77.0
611070,Funny Folks,29.22,Comedy,38.22,Thursday,Morning,32.73,1.0,Neutral,8.11,1,62.0
612273,Funny Folks,13.99,Comedy,59.03,Thursday,Morning,44.03,3.0,Negative,12.69652,1,5.0
612401,Funny Folks,29.77,Comedy,21.7,Thursday,Morning,39.46,0.0,Positive,28.28021,1,1.0
614192,Funny Folks,36.97,Comedy,64.57,Thursday,Morning,0.0,2.0,Neutral,27.54559,1,38.0
614382,Funny Folks,7.36,Comedy,30.01,Thursday,Morning,51.69,1.0,Neutral,5.62,1,52.0
614649,Funny Folks,31.44,Comedy,59.84,Thursday,Morning,23.73,1.0,Neutral,14.16201,1,65.0
615550,Funny Folks,36.07,Comedy,37.44,Thursday,Morning,87.3,1.0,Negative,25.01,1,63.0
617047,Funny Folks,32.75,Comedy,21.46,Thursday,Morning,18.46,0.0,Positive,28.28021,1,1.0
617347,Funny Folks,97.44,Comedy,55.72,Thursday,Morning,93.05,3.0,Neutral,68.28425,1,86.0
618081,Funny Folks,71.87,Comedy,92.62,Thursday,Morning,96.78,3.0,Positive,48.81762,1,44.0
618791,Funny Folks,38.9,Comedy,77.03,Thursday,Morning,90.53,0.0,Neutral,19.47087,1,88.0
619331,Funny Folks,51.51,Comedy,29.79,Thursday,Morning,92.06,2.0,Neutral,38.40687,1,57.0
619656,Funny Folks,22.03,Comedy,58.33,Thursday,Morning,68.91,1.0,Positive,11.7098,1,9.0
619803,Funny Folks,70.56,Comedy,38.61,Thursday,Morning,9.69,1.0,Neutral,51.38411,1,78.0
620491,Funny Folks,8.17,Comedy,26.46,Thursday,Morning,0.0,2.0,Neutral,5.82,1,12.0
620731,Funny Folks,44.17,Comedy,20.91,Thursday,Morning,93.43,0.0,Neutral,39.30696,1,86.0
621273,Funny Folks,64.1691176959505,Comedy,36.01,Thursday,Morning,5.64,0.0,Positive,22.20446,1,62.0
623480,Funny Folks,31.06,Comedy,78.48,Thursday,Morning,78.23,2.0,Neutral,10.63,1,83.0
623650,Funny Folks,30.69,Comedy,54.63,Thursday,Morning,6.32,0.0,Negative,10.24,1,24.0
624303,Funny Folks,62.26,Comedy,86.13,Thursday,Morning,31.65,1.0,Neutral,49.96,1,89.0
624767,Funny Folks,80.25,Comedy,26.27,Thursday,Morning,11.75,1.0,Positive,44.99,1,52.0
625451,Funny Folks,64.1691176959505,Comedy,36.72,Thursday,Morning,84.72,3.0,Negative,17.31,1,80.0
626031,Funny Folks,37.77,Comedy,74.03,Thursday,Morning,24.5,3.0,Neutral,15.57,1,1.0
626129,Funny Folks,98.47,Comedy,80.09,Thursday,Morning,0.0,0.0,Negative,55.52222,1,48.0
627251,Funny Folks,78.04,Comedy,79.06,Thursday,Morning,16.97,1.0,Neutral,37.7673,1,87.0
631127,Funny Folks,64.1691176959505,Comedy,59.57,Thursday,Morning,55.4,1.0,Positive,8.16,1,58.0
631212,Funny Folks,111.44,Comedy,76.31,Thursday,Morning,36.79,2.0,Positive,90.4759,1,44.0
631377,Funny Folks,114.3,Comedy,64.13,Thursday,Morning,8.15,0.0,Negative,90.05406,1,51.0
631687,Funny Folks,39.27,Comedy,66.38,Thursday,Morning,37.63,1.0,Neutral,31.27416,1,59.0
632964,Funny Folks,9.86,Comedy,29.4,Thursday,Morning,47.16,1.0,Neutral,9.86,1,29.0
633107,Funny Folks,64.1691176959505,Comedy,78.62,Thursday,Morning,54.59,1.0,Negative,23.04,1,48.0
634590,Funny Folks,39.36,Comedy,23.59,Thursday,Morning,99.87,0.0,Negative,21.46,1,72.0
636144,Funny Folks,70.19,Comedy,71.36,Thursday,Morning,76.03,1.0,Positive,37.49978,1,60.0
639872,Funny Folks,64.1691176959505,Comedy,28.59,Thursday,Morning,31.76,1.0,Negative,65.44,1,27.0
640734,Funny Folks,116.84,Comedy,52.59,Thursday,Morning,82.09,0.0,Positive,73.33644,1,72.0
641947,Funny Folks,94.83,Comedy,69.72,Thursday,Morning,0.0,2.0,Positive,75.2779,1,32.0
642470,Funny Folks,78.46,Comedy,64.37,Thursday,Morning,94.88,2.0,Neutral,66.10031,1,20.0
642500,Funny Folks,64.1691176959505,Comedy,78.57,Thursday,Morning,48.51,1.0,Positive,18.89,1,51.0
642860,Funny Folks,104.39,Comedy,31.74,Thursday,Morning,31.76,0.0,Negative,83.34,1,28.0
643442,Funny Folks,85.66,Comedy,28.84,Thursday,Morning,26.19,0.0,Negative,84.84,1,31.0
645011,Funny Folks,86.8,Comedy,67.38,Thursday,Morning,47.06,3.0,Positive,77.60895,1,50.0
646290,Funny Folks,67.55,Comedy,98.62,Thursday,Morning,90.72,1.0,Positive,56.37,1,93.0
647307,Funny Folks,89.66,Comedy,36.3,Thursday,Morning,0.0,0.0,Negative,57.18769,1,42.0
648151,Funny Folks,20.13,Comedy,29.48,Thursday,Morning,83.08,3.0,Neutral,3.75356,1,88.0
648798,Funny Folks,90.18,Comedy,64.54,Thursday,Morning,0.0,0.0,Neutral,53.3459,1,43.0
650013,Funny Folks,34.4,Comedy,48.11,Thursday,Morning,56.84,1.0,Positive,19.13,1,83.0
650960,Funny Folks,113.91,Comedy,79.66,Thursday,Morning,19.36,1.0,Negative,61.42613,1,27.0
651561,Funny Folks,113.56,Comedy,99.54,Thursday,Morning,60.79,0.0,Positive,83.03585,1,81.0
652540,Funny Folks,36.44,Comedy,26.36,Thursday,Morning,48.72,1.0,Negative,31.91,1,74.0
655870,Funny Folks,32.19,Comedy,90.95,Thursday,Morning,70.64,3.0,Negative,28.04671,1,54.0
656412,Funny Folks,64.1691176959505,Comedy,62.57,Thursday,Morning,0.0,1.0,Positive,9.16,1,81.0
657934,Funny Folks,54.12,Comedy,57.16,Thursday,Morning,80.32,3.0,Neutral,50.99635,1,28.0
658339,Funny Folks,12.34,Comedy,62.62,Thursday,Morning,41.49,1.0,Negative,10.73963,1,30.0
659427,Funny Folks,112.51,Comedy,46.79,Thursday,Morning,45.49,0.0,Negative,79.20053,1,12.0
660375,Funny Folks,58.33,Comedy,46.49,Thursday,Morning,29.85,1.0,Neutral,40.61349,1,21.0
661889,Funny Folks,68.21,Comedy,76.27,Thursday,Morning,97.56,1.0,Negative,45.72395,1,17.0
665113,Funny Folks,30.91,Comedy,33.88,Thursday,Morning,56.98,1.0,Positive,25.04,1,51.0
665825,Funny Folks,27.85,Comedy,87.35,Thursday,Morning,93.35,1.0,Negative,24.25588,1,60.0
665880,Funny Folks,62.73,Comedy,60.02,Thursday,Morning,41.75,0.0,Negative,29.63642,1,59.0
666056,Funny Folks,103.39,Comedy,96.19,Thursday,Morning,46.57,1.0,Positive,99.84,1,51.0
666369,Funny Folks,92.2,Comedy,80.86,Thursday,Morning,0.0,2.0,Neutral,47.42251,1,100.0
666704,Funny Folks,88.15,Comedy,29.4,Thursday,Morning,30.14,1.0,Neutral,86.74,1,32.0
666924,Funny Folks,32.08,Comedy,66.22,Thursday,Morning,50.69,3.0,Negative,9.41,1,79.0
666967,Funny Folks,64.1691176959505,Comedy,26.35,Thursday,Morning,48.8,1.0,Negative,24.91,1,39.0
667491,Funny Folks,28.23,Comedy,41.56,Thursday,Morning,91.17,1.0,Negative,19.39,1,77.0
667518,Funny Folks,10.15,Comedy,34.96,Thursday,Morning,78.83,0.0,Negative,7.07881,1,8.0
668315,Funny Folks,97.39,Comedy,93.32,Thursday,Morning,16.5,0.0,Positive,63.42665,1,79.0
672116,Funny Folks,39.93,Comedy,26.84,Thursday,Morning,48.25,1.0,Negative,20.97,1,23.0
673567,Funny Folks,67.68,Comedy,53.23,Thursday,Morning,5.74,2.0,Positive,36.04,1,54.0
674225,Funny Folks,65.99,Comedy,90.76,Thursday,Morning,0.0,3.0,Neutral,37.73,1,26.0
674777,Funny Folks,112.01,Comedy,73.28,Thursday,Morning,69.68,3.0,Negative,75.82,1,71.0
674800,Funny Folks,43.05,Comedy,73.16,Thursday,Morning,69.26,3.0,Neutral,33.13456,1,26.0
676838,Funny Folks,85.47,Comedy,30.93,Thursday,Morning,56.35,2.0,Negative,64.51672,1,27.0
680682,Funny Folks,92.34,Comedy,21.14,Thursday,Morning,97.74,1.0,Negative,49.82764,1,28.0
680741,Funny Folks,44.09,Comedy,47.98,Thursday,Morning,34.46,3.0,Negative,20.77369,1,34.0
681945,Funny Folks,64.1691176959505,Comedy,24.59,Thursday,Morning,50.67,1.0,Negative,19.37,1,84.0
683333,Funny Folks,90.55,Comedy,86.4,Thursday,Morning,58.41,1.0,Positive,84.49,1,35.0
684590,Funny Folks,48.34,Comedy,57.91,Thursday,Morning,96.52,0.0,Negative,44.45763,1,79.0
684960,Funny Folks,64.1691176959505,Comedy,96.25,Thursday,Morning,27.76,1.0,Negative,41.92644,1,99.0
685574,Funny Folks,118.65,Comedy,98.23,Thursday,Morning,71.81,2.0,Positive,95.39998,1,58.0
685608,Funny Folks,60.66,Comedy,64.16,Thursday,Morning,73.05,3.0,Negative,23.93643,1,89.0
686287,Funny Folks,64.1691176959505,Comedy,80.21,Thursday,Morning,51.69,1.0,Neutral,5.62,1,53.0
686531,Funny Folks,64.1691176959505,Comedy,62.86,Thursday,Morning,61.79,3.0,Neutral,51.47321,1,18.0
687319,Funny Folks,65.27,Comedy,71.73,Thursday,Morning,21.23,1.0,Neutral,59.75882,1,80.0
688541,Funny Folks,74.41,Comedy,86.58,Thursday,Morning,25.73,2.0,Neutral,54.60409,1,40.0
688906,Funny Folks,54.47,Comedy,80.77,Thursday,Morning,49.63,0.0,Positive,40.36,1,88.0
688917,Funny Folks,109.41,Comedy,27.02,Thursday,Morning,0.0,3.0,Positive,63.90297,1,52.0
689962,Funny Folks,64.1691176959505,Comedy,26.4,Thursday,Morning,84.23,0.0,Neutral,83.94,1,35.0
689986,Funny Folks,48.48,Comedy,60.38,Thursday,Morning,41.06,0.0,Negative,32.50808,1,50.0
690869,Funny Folks,24.39,Comedy,99.12,Thursday,Morning,82.69,1.0,Positive,9.15,1,80.0
692042,Funny Folks,64.1691176959505,Comedy,92.08,Thursday,Morning,0.0,2.0,Positive,18.31603,1,2.0
692703,Funny Folks,64.1691176959505,Comedy,31.45,Thursday,Morning,98.82,0.0,Neutral,25.85,1,53.0
694642,Funny Folks,86.37,Comedy,64.23,Thursday,Morning,4.6,1.0,Neutral,62.56063,1,52.0
694691,Funny Folks,113.78,Comedy,90.93,Thursday,Morning,57.75,2.0,Negative,72.92544,1,4.0
694890,Funny Folks,84.22,Comedy,40.17,Thursday,Morning,81.27,0.0,Negative,41.2334,1,4.0
695506,Funny Folks,43.74,Comedy,92.76,Thursday,Morning,95.51,1.0,Negative,34.38,1,76.0
695983,Funny Folks,115.58,Comedy,73.22,Thursday,Morning,93.05,1.0,Neutral,79.22307,1,73.0
696801,Funny Folks,64.1691176959505,Comedy,31.23,Thursday,Morning,6.4,3.0,Neutral,25.36,1,49.0
696999,Funny Folks,103.23,Comedy,78.25,Thursday,Morning,50.3,1.0,Positive,98.43,1,31.0
697251,Funny Folks,64.1691176959505,Comedy,59.27,Thursday,Morning,93.37,1.0,Positive,91.52505,1,10.0
697787,Funny Folks,64.1691176959505,Comedy,99.69,Thursday,Morning,80.69,0.0,Positive,20.27825,1,82.0
698782,Funny Folks,104.75,Comedy,84.83,Thursday,Morning,84.03,0.0,Neutral,100.47923,1,93.0
699050,Funny Folks,55.66,Comedy,48.36,Thursday,Morning,84.73,1.0,Neutral,43.24983,1,3.0
700070,Funny Folks,9.26,Comedy,81.26,Thursday,Morning,69.62,0.0,Negative,5.23888,1,11.0
701516,Funny Folks,25.4,Comedy,57.33,Thursday,Morning,12.84,2.0,Neutral,14.93,1,64.0
702322,Funny Folks,44.59,Comedy,28.57,Thursday,Morning,16.06,2.0,Neutral,35.22,1,67.0
702949,Funny Folks,64.1691176959505,Comedy,30.15,Thursday,Morning,97.8,0.0,Neutral,58.0631,1,9.0
703424,Funny Folks,64.1691176959505,Comedy,26.4,Thursday,Morning,84.84,0.0,Positive,83.94,1,32.0
704551,Funny Folks,64.19,Comedy,53.57,Thursday,Morning,31.19,0.0,Negative,61.42677,1,79.0
705205,Funny Folks,64.1691176959505,Comedy,38.62,Thursday,Morning,54.64,1.0,Negative,23.04,1,48.0
709800,Funny Folks,19.71,Comedy,65.49,Thursday,Morning,97.65,2.0,Positive,14.0,1,98.0
710575,Funny Folks,44.02,Comedy,20.91,Thursday,Morning,9.71,1.0,Positive,37.58778,1,85.0
710641,Funny Folks,24.68,Comedy,38.58,Thursday,Morning,26.72,0.0,Positive,21.08,1,51.0
711910,Funny Folks,62.56,Comedy,80.86,Thursday,Morning,24.07,0.0,Neutral,51.09535,1,20.0
712050,Funny Folks,30.18,Comedy,78.14,Thursday,Morning,50.91,1.0,Positive,25.04,1,48.0
715271,Funny Folks,64.1691176959505,Comedy,27.68,Thursday,Morning,56.84,3.0,Negative,17.31,1,80.0
716262,Funny Folks,50.2,Comedy,97.78,Thursday,Morning,83.33,3.0,Positive,32.49943,1,8.0
716357,Funny Folks,91.83,Comedy,58.66,Thursday,Morning,9.71,1.0,Positive,86.57718,1,19.0
717909,Funny Folks,111.73,Comedy,23.46,Thursday,Morning,49.08,1.0,Negative,74.37,1,39.0
718986,Funny Folks,22.15,Comedy,21.8,Thursday,Morning,29.64,1.0,Neutral,6.93499,1,70.0
720734,Funny Folks,63.16,Comedy,83.89,Thursday,Morning,0.0,0.0,Negative,51.86044,1,87.0
723908,Funny Folks,87.38,Comedy,87.95,Thursday,Morning,74.64,0.0,Neutral,80.26057,1,18.0
723913,Funny Folks,98.51,Comedy,24.42,Thursday,Morning,93.89,1.0,Neutral,63.71978,1,25.0
726619,Funny Folks,98.85,Comedy,99.81,Thursday,Morning,55.73,3.0,Negative,54.19081,1,91.0
726650,Funny Folks,106.15,Comedy,24.71,Thursday,Morning,74.22,0.0,Positive,68.46757,1,55.0
728749,Funny Folks,103.98,Comedy,39.73,Thursday,Morning,8.83,0.0,Negative,77.04,1,12.0
728849,Funny Folks,104.39,Comedy,78.29,Thursday,Morning,84.27,0.0,Positive,83.34,1,32.0
730196,Funny Folks,80.84,Comedy,76.4,Thursday,Morning,72.23,1.0,Negative,59.49,1,33.0
730702,Funny Folks,68.19,Comedy,82.35,Thursday,Morning,4.68,2.0,Positive,53.65006,1,39.0
735612,Funny Folks,52.53,Comedy,91.29,Thursday,Morning,65.18,1.0,Negative,42.99,1,76.0
735712,Funny Folks,110.97,Comedy,28.65,Thursday,Morning,23.65,1.0,Neutral,90.53497,1,33.0
736372,Funny Folks,64.1691176959505,Comedy,28.19,Thursday,Morning,0.0,1.0,Negative,65.44,1,30.0
736466,Funny Folks,32.23,Comedy,80.27,Thursday,Morning,71.44,3.0,Negative,9.41,1,79.0
737993,Funny Folks,64.1691176959505,Comedy,28.39,Thursday,Morning,0.0,1.0,Negative,65.44,1,51.0
738714,Funny Folks,31.59,Comedy,78.72,Thursday,Morning,63.78,1.0,Positive,26.04,1,28.0
740092,Funny Folks,103.78,Comedy,23.49,Thursday,Morning,0.0,1.0,Neutral,59.07692,1,74.0
740156,Funny Folks,38.09,Comedy,77.21,Thursday,Morning,54.3,0.0,Neutral,19.47087,1,88.0
740309,Funny Folks,16.21,Comedy,47.93,Thursday,Morning,96.26,2.0,Negative,10.33,1,33.0
742844,Funny Folks,23.54,Comedy,41.92,Thursday,Morning,38.49,3.0,Neutral,21.04447,1,11.0
743568,Funny Folks,116.52,Comedy,91.02,Thursday,Morning,52.3,0.0,Neutral,85.23888,1,54.0
743936,Funny Folks,62.11,Comedy,20.48,Thursday,Morning,26.59,0.0,Positive,58.37,1,31.0
744424,Funny Folks,16.71,Comedy,96.56,Thursday,Morning,94.1,3.0,Negative,10.45616,1,4.0
745034,Funny Folks,55.94,Comedy,76.69,Thursday,Morning,41.2,2.0,Negative,30.48686,1,26.0
745253,Funny Folks,47.02,Comedy,79.53,Thursday,Morning,57.6,3.0,Positive,32.25867,1,37.0
746692,Funny Folks,29.77,Comedy,83.32,Thursday,Morning,99.7,3.0,Negative,25.6419,1,46.0
746965,Funny Folks,46.11,Comedy,86.12,Thursday,Morning,31.54,1.0,Positive,37.96,1,49.0
748882,Funny Folks,67.2,Comedy,76.16,Thursday,Morning,54.7,1.0,Positive,48.91731,1,7.0
749203,Funny Folks,23.4,Comedy,28.63,Thursday,Morning,31.23,1.0,Positive,22.86,1,49.0
749666,Funny Folks,104.59,Comedy,78.29,Thursday,Morning,31.72,0.0,Negative,83.34,1,68.0
751394,Funny Folks,62.16,Comedy,46.21,Thursday,Morning,12.03,0.0,Positive,,0,69.0
752385,Funny Folks,5.83,Comedy,28.48,Thursday,Morning,67.17,1.0,Negative,,0,57.0
752437,Funny Folks,97.76,Comedy,75.8,Thursday,Morning,20.6,0.0,Neutral,,0,29.0
752483,Funny Folks,30.91,Comedy,78.79,Thursday,Morning,97.9,1.0,Positive,,0,51.0
752952,Funny Folks,39.27,Comedy,38.58,Thursday,Morning,96.14,1.0,Negative,,0,64.0
753047,Funny Folks,64.1691176959505,Comedy,32.68,Thursday,Morning,44.36,3.0,Positive,,0,48.0
753114,Funny Folks,64.1691176959505,Comedy,63.39,Thursday,Morning,81.4,1.0,Positive,,0,46.0
753817,Funny Folks,64.1691176959505,Comedy,79.43,Thursday,Morning,89.69,3.0,Negative,,0,69.0
755108,Funny Folks,9.77,Comedy,87.72,Thursday,Morning,55.46,3.0,Neutral,,0,21.0
755237,Funny Folks,44.59,Comedy,28.58,Thursday,Morning,86.16,1.0,Positive,,0,76.0
758658,Funny Folks,94.26,Comedy,23.91,Thursday,Morning,75.62,1.0,Negative,,0,68.0
758960,Funny Folks,104.76,Comedy,78.93,Thursday,Morning,27.64,1.0,Positive,,0,54.0
758983,Funny Folks,96.65,Comedy,49.65,Thursday,Morning,0.0,0.0,Positive,,0,70.0
760844,Funny Folks,54.77,Comedy,34.78,Thursday,Morning,82.62,0.0,Negative,,0,99.0
760976,Funny Folks,43.1,Comedy,38.99,Thursday,Morning,56.22,1.0,Positive,,0,51.0
762863,Funny Folks,110.51,Comedy,37.79,Thursday,Morning,23.65,1.0,Neutral,,0,33.0
764828,Funny Folks,29.77,Comedy,26.12,Thursday,Morning,54.55,3.0,Negative,,0,27.0
766171,Funny Folks,86.66,Comedy,50.62,Thursday,Morning,22.1,0.0,Positive,,0,4.0
766619,Funny Folks,45.66,Comedy,62.08,Thursday,Morning,31.54,1.0,Positive,,0,51.0
768053,Funny Folks,39.53,Comedy,37.62,Thursday,Morning,0.0,0.0,Negative,,0,22.0
769598,Funny Folks,96.94,Comedy,26.61,Thursday,Morning,96.0,0.0,Negative,,0,48.0
771511,Funny Folks,85.54,Comedy,99.4,Thursday,Morning,86.96,2.0,Neutral,,0,55.0
772816,Funny Folks,64.1691176959505,Comedy,31.55,Thursday,Morning,49.78,1.0,Negative,,0,61.0
773402,Funny Folks,111.19,Comedy,62.46,Thursday,Morning,71.47,3.0,Neutral,,0,62.0
774029,Funny Folks,38.29,Comedy,66.4,Thursday,Morning,84.59,3.0,Negative,,0,91.0
774571,Funny Folks,44.7,Comedy,39.63,Thursday,Morning,56.53,1.0,Positive,,0,81.0
774684,Funny Folks,8.54,Comedy,70.22,Thursday,Morning,0.0,2.0,Negative,,0,78.0
777313,Funny Folks,64.19,Comedy,79.57,Thursday,Morning,31.19,0.0,Positive,,0,49.0
779551,Funny Folks,52.81,Comedy,36.6,Thursday,Morning,27.19,0.0,Positive,,0,68.0
781191,Funny Folks,64.1691176959505,Comedy,39.21,Thursday,Morning,52.71,1.0,Positive,,0,81.0
781227,Funny Folks,64.1691176959505,Comedy,74.72,Thursday,Morning,0.0,1.0,Positive,,0,32.0
781750,Funny Folks,104.39,Comedy,25.79,Thursday,Morning,79.52,1.0,Negative,,0,9.0
782284,Funny Folks,64.1691176959505,Comedy,49.75,Thursday,Morning,27.64,2.0,Neutral,,0,67.0
782689,Funny Folks,46.17,Comedy,44.91,Thursday,Morning,0.0,2.0,Negative,,0,31.0
783402,Funny Folks,77.03,Comedy,80.44,Thursday,Morning,71.89,1.0,Positive,,0,58.0
783459,Funny Folks,50.61,Comedy,30.62,Thursday,Morning,48.62,2.0,Negative,,0,27.0
784518,Funny Folks,22.03,Comedy,20.67,Thursday,Morning,2.11,1.0,Negative,,0,10.0
784677,Funny Folks,12.68,Comedy,27.93,Thursday,Morning,63.75,0.0,Negative,,0,44.0
785014,Funny Folks,92.56,Comedy,84.73,Thursday,Morning,53.42,3.0,Negative,,0,49.0
786667,Funny Folks,64.1691176959505,Comedy,26.84,Thursday,Morning,73.36,1.0,Negative,,0,47.0
786876,Funny Folks,105.17,Comedy,97.66,Thursday,Morning,64.81,0.0,Positive,,0,5.0
788708,Funny Folks,77.03,Comedy,80.44,Thursday,Morning,72.19,1.0,Positive,,0,80.0
788960,Funny Folks,64.1691176959505,Comedy,95.85,Thursday,Morning,31.81,1.0,Positive,,0,51.0
789436,Funny Folks,78.58,Comedy,70.05,Thursday,Morning,26.61,3.0,Positive,,0,17.0
789540,Funny Folks,60.84,Comedy,51.73,Thursday,Morning,11.63,0.0,Negative,,0,9.0
790989,Funny Folks,28.11,Comedy,61.53,Thursday,Morning,69.83,3.0,Positive,,0,69.0
795893,Funny Folks,19.15,Comedy,41.97,Thursday,Morning,31.14,2.0,Neutral,,0,99.0
795903,Funny Folks,83.06,Comedy,71.58,Thursday,Morning,71.64,1.0,Negative,,0,81.0
796687,Funny Folks,9.08,Comedy,29.12,Thursday,Morning,55.72,1.0,Negative,,0,65.0
799527,Funny Folks,84.72,Comedy,96.33,Thursday,Morning,47.88,0.0,Positive,,0,57.0
799558,Funny Folks,95.88,Comedy,74.87,Thursday,Morning,18.11,1.0,Positive,,0,84.0
800898,Funny Folks,101.34,Comedy,66.99,Thursday,Morning,0.0,3.0,Neutral,,0,80.0
801547,Funny Folks,92.38,Comedy,57.37,Thursday,Morning,5.58,3.0,Neutral,,0,16.0
801689,Funny Folks,64.1691176959505,Comedy,26.79,Thursday,Morning,49.97,1.0,Negative,,0,99.0
803764,Funny Folks,64.1691176959505,Comedy,37.93,Thursday,Morning,48.39,1.0,Positive,,0,49.0
806491,Funny Folks,30.61,Comedy,39.41,Thursday,Morning,81.74,2.0,Negative,,0,41.0
806742,Funny Folks,34.41,Comedy,26.95,Thursday,Morning,0.0,3.0,Neutral,,0,6.0
808316,Funny Folks,10.87,Comedy,20.71,Thursday,Morning,0.0,2.0,Negative,,0,15.0
808411,Funny Folks,7.83,Comedy,47.56,Thursday,Morning,89.76,2.0,Positive,,0,54.0
808619,Funny Folks,44.49,Comedy,25.55,Thursday,Morning,89.31,0.0,Positive,,0,85.0
808956,Funny Folks,39.22,Comedy,38.07,Thursday,Morning,96.8,1.0,Negative,,0,28.0
810571,Funny Folks,76.12,Comedy,39.87,Thursday,Morning,52.23,0.0,Positive,,0,41.0
812266,Funny Folks,116.4,Comedy,25.81,Thursday,Morning,0.0,0.0,Positive,,0,25.0
812899,Funny Folks,111.39,Comedy,23.03,Thursday,Morning,0.0,1.0,Negative,,0,53.0
814069,Funny Folks,116.58,Comedy,93.0,Thursday,Morning,93.45,2.0,Negative,,0,87.0
814439,Funny Folks,9.96,Comedy,49.36,Thursday,Morning,64.84,0.0,Neutral,,0,64.0
814870,Funny Folks,8.47,Comedy,70.52,Thursday,Morning,0.0,1.0,Positive,,0,52.0
814952,Funny Folks,90.96,Comedy,26.67,Thursday,Morning,0.0,1.0,Neutral,,0,23.0
815178,Funny Folks,106.13,Comedy,98.0,Thursday,Morning,6.12,1.0,Positive,,0,8.0
816066,Funny Folks,23.55,Comedy,40.23,Thursday,Morning,50.29,2.0,Negative,,0,48.0
816187,Funny Folks,58.93,Comedy,85.29,Thursday,Morning,37.93,1.0,Neutral,,0,12.0
818787,Funny Folks,112.99,Comedy,80.27,Thursday,Morning,36.05,0.0,Positive,,0,54.0
818827,Funny Folks,48.37,Comedy,46.28,Thursday,Morning,0.0,3.0,Negative,,0,67.0
819162,Funny Folks,84.98,Comedy,29.52,Thursday,Morning,90.54,0.0,Negative,,0,56.0
819405,Funny Folks,25.11,Comedy,76.84,Thursday,Morning,43.26,1.0,Positive,,0,38.0
820223,Funny Folks,100.43,Comedy,63.0,Thursday,Morning,12.7,3.0,Neutral,,0,12.0
820589,Funny Folks,104.49,Comedy,69.41,Thursday,Morning,34.52,2.0,Positive,,0,56.0
820991,Funny Folks,53.0,Comedy,92.25,Thursday,Morning,23.03,2.0,Neutral,,0,15.0
821447,Funny Folks,103.39,Comedy,63.97,Thursday,Morning,8.04,0.0,Neutral,,0,12.0
822720,Funny Folks,64.1691176959505,Comedy,48.29,Thursday,Morning,89.72,2.0,Positive,,0,16.0
823442,Funny Folks,28.73,Comedy,77.17,Thursday,Morning,80.34,1.0,Negative,,0,41.0
823450,Funny Folks,91.08,Comedy,48.66,Thursday,Morning,23.11,0.0,Neutral,,0,95.0
824211,Funny Folks,118.73,Comedy,32.41,Thursday,Morning,98.4,1.0,Positive,,0,96.0
824546,Funny Folks,85.22,Comedy,86.78,Thursday,Morning,0.0,2.0,Negative,,0,20.0
825524,Funny Folks,21.2001117,Comedy,32.21,Thursday,Morning,98.71,2.0,Positive,,0,23.0
827038,Funny Folks,64.1691176959505,Comedy,86.62,Thursday,Morning,63.13,0.0,Positive,,0,61.0
827707,Funny Folks,39.53,Comedy,53.16,Thursday,Morning,7.86,0.0,Positive,,0,46.0
833063,Funny Folks,111.19,Comedy,62.46,Thursday,Morning,47.18,3.0,Neutral,,0,62.0
833239,Funny Folks,64.06,Comedy,99.58,Thursday,Morning,0.0,2.0,Negative,,0,84.0
833494,Funny Folks,96.93,Comedy,92.07,Thursday,Morning,43.99,1.0,Positive,,0,91.0
837383,Funny Folks,36.52,Comedy,67.41,Thursday,Morning,88.63,0.0,Negative,,0,63.0
837728,Funny Folks,64.1691176959505,Comedy,79.14,Thursday,Morning,45.12,0.0,Negative,,0,91.0
837945,Funny Folks,114.19,Comedy,69.22,Thursday,Morning,56.78,0.0,Negative,,0,81.0
839284,Funny Folks,108.92,Comedy,82.39,Thursday,Morning,0.0,3.0,Positive,,0,35.0
840170,Funny Folks,38.96,Comedy,62.7,Thursday,Morning,74.58,2.0,Neutral,,0,78.0
840227,Funny Folks,107.26,Comedy,44.85,Thursday,Morning,47.58,1.0,Negative,,0,6.0
840393,Funny Folks,43.64,Comedy,35.99,Thursday,Morning,51.41,0.0,Negative,,0,35.0
840813,Funny Folks,39.19,Comedy,72.61,Thursday,Morning,0.0,3.0,Positive,,0,10.0
841333,Funny Folks,64.1691176959505,Comedy,24.68,Thursday,Morning,51.01,1.0,Neutral,,0,52.0
843548,Funny Folks,99.61,Comedy,99.44,Thursday,Morning,76.94,1.0,Neutral,,0,43.0
844180,Funny Folks,23.84,Comedy,68.23,Thursday,Morning,0.0,0.0,Negative,,0,74.0
847441,Funny Folks,42.96,Comedy,94.22,Thursday,Morning,0.0,3.0,Positive,,0,97.0
847505,Funny Folks,19.28,Comedy,96.29,Thursday,Morning,48.69,1.0,Positive,,0,47.0
847984,Funny Folks,109.83,Comedy,38.64,Thursday,Morning,21.78,0.0,Positive,,0,12.0
849005,Funny Folks,37.61,Comedy,66.89,Thursday,Morning,56.31,3.0,Neutral,,0,69.0
849147,Funny Folks,61.79,Comedy,21.96,Thursday,Morning,0.0,2.0,Neutral,,0,41.0
849304,Funny Folks,48.18,Comedy,48.18,Thursday,Morning,72.0,3.0,Neutral,,0,99.0
850427,Funny Folks,31.59,Comedy,28.58,Thursday,Morning,65.93,1.0,Positive,,0,23.0
851468,Funny Folks,114.7,Comedy,59.14,Thursday,Morning,79.71,0.0,Positive,,0,12.0
852300,Funny Folks,47.69,Comedy,96.19,Thursday,Morning,47.77,0.0,Positive,,0,61.0
857036,Funny Folks,113.85,Comedy,73.21,Thursday,Morning,0.0,0.0,Positive,,0,50.0
858121,Funny Folks,29.31,Comedy,90.38,Thursday,Morning,38.83,0.0,Negative,,0,36.0
859328,Funny Folks,76.88,Comedy,69.03,Thursday,Morning,63.93,3.0,Positive,,0,99.0
859843,Funny Folks,91.98,Comedy,31.77,Thursday,Morning,48.26,1.0,Positive,,0,38.0
863515,Funny Folks,12.87,Comedy,23.63,Thursday,Morning,0.0,3.0,Neutral,,0,27.0
864916,Funny Folks,31.61,Comedy,78.27,Thursday,Morning,56.61,1.0,Positive,,0,78.0
867366,Funny Folks,47.59,Comedy,35.81,Thursday,Morning,48.93,1.0,Positive,,0,69.0
868262,Funny Folks,80.17,Comedy,68.3,Thursday,Morning,85.8,0.0,Neutral,,0,23.0
868701,Funny Folks,113.91,Comedy,69.89,Thursday,Morning,19.58,1.0,Negative,,0,26.0
869026,Funny Folks,103.23,Comedy,62.57,Thursday,Morning,0.0,0.0,Positive,,0,10.0
869323,Funny Folks,117.54,Comedy,88.48,Thursday,Morning,58.63,2.0,Negative,,0,52.0
870698,Funny Folks,101.23,Comedy,71.91,Thursday,Morning,98.8,3.0,Negative,,0,71.0
870894,Funny Folks,79.24,Comedy,95.92,Thursday,Morning,0.0,2.0,Negative,,0,49.0
872115,Funny Folks,64.1691176959505,Comedy,94.87,Thursday,Morning,29.94,0.0,Neutral,,0,37.0
872159,Funny Folks,31.59,Comedy,38.93,Thursday,Morning,6.08,1.0,Positive,,0,54.0
872303,Funny Folks,26.4,Comedy,29.67,Thursday,Morning,0.0,3.0,Negative,,0,84.0
872798,Funny Folks,64.1691176959505,Comedy,26.78,Thursday,Morning,48.4,1.0,Positive,,0,59.0
873254,Funny Folks,25.86,Comedy,44.31,Thursday,Morning,39.39,0.0,Negative,,0,63.0
876261,Funny Folks,23.34,Comedy,62.11,Thursday,Morning,88.68,0.0,Positive,,0,33.0
876356,Funny Folks,86.69,Comedy,93.22,Thursday,Morning,37.14,1.0,Negative,,0,30.0
878036,Funny Folks,111.98,Comedy,62.66,Thursday,Morning,35.87,1.0,Neutral,,0,23.0
878908,Funny Folks,37.08,Comedy,72.23,Thursday,Morning,0.0,1.0,Positive,,0,84.0
879877,Funny Folks,93.4,Comedy,78.42,Thursday,Morning,0.0,1.0,Neutral,,0,45.0
880263,Funny Folks,64.1691176959505,Comedy,89.7,Thursday,Morning,79.3,0.0,Positive,,0,75.0
880584,Funny Folks,37.02,Comedy,23.58,Thursday,Morning,44.18,3.0,Positive,,0,100.0
882044,Funny Folks,47.4,Comedy,35.11,Thursday,Morning,82.43,1.0,Positive,,0,69.0
882584,Funny Folks,27.39,Comedy,26.77,Thursday,Morning,71.77,1.0,Positive,,0,90.0
883977,Funny Folks,114.82,Comedy,29.25,Thursday,Morning,0.0,1.0,Neutral,,0,83.0
885786,Funny Folks,64.1691176959505,Comedy,85.23,Thursday,Morning,82.39,1.0,Positive,,0,49.0
886395,Funny Folks,114.47,Comedy,31.98,Thursday,Morning,44.41,1.0,Positive,,0,69.0
886509,Funny Folks,7.36,Comedy,53.36,Thursday,Morning,51.36,3.0,Positive,,0,62.0
887904,Funny Folks,64.1691176959505,Comedy,78.33,Thursday,Morning,56.98,1.0,Negative,,0,51.0
888791,Funny Folks,114.68,Comedy,81.59,Thursday,Morning,69.13,2.0,Positive,,0,84.0
889346,Funny Folks,38.9,Comedy,77.21,Thursday,Morning,98.79,0.0,Neutral,,0,83.0
890968,Funny Folks,5.64,Comedy,47.56,Thursday,Morning,85.36,3.0,Neutral,,0,56.0
893149,Funny Folks,99.66,Comedy,72.55,Thursday,Morning,93.57,2.0,Positive,,0,20.0
895749,Funny Folks,23.52,Comedy,62.11,Thursday,Morning,88.63,1.0,Positive,,0,23.0
895907,Funny Folks,44.7,Comedy,51.53,Thursday,Morning,56.22,1.0,Positive,,0,41.0
896155,Funny Folks,80.83,Comedy,30.63,Thursday,Morning,96.52,1.0,Positive,,0,43.0
897585,Funny Folks,13.41,Comedy,57.37,Thursday,Morning,9.37,0.0,Neutral,,0,99.0
898433,Funny Folks,38.1,Comedy,66.51,Thursday,Morning,94.13,2.0,Positive,,0,45.0
898778,Funny Folks,64.68,Comedy,73.17,Thursday,Morning,18.66,0.0,Negative,,0,76.0
899078,Funny Folks,34.44,Comedy,72.33,Thursday,Morning,36.93,1.0,Positive,,0,81.0
900325,Funny Folks,51.57,Comedy,58.52,Thursday,Morning,62.83,0.0,Positive,,0,8.0
901315,Funny Folks,48.38,Comedy,83.06,Thursday,Morning,2.43,2.0,Neutral,,0,69.0
901407,Funny Folks,56.88,Comedy,45.8,Thursday,Morning,93.05,1.0,Negative,,0,51.0
902275,Funny Folks,36.99,Comedy,26.35,Thursday,Morning,48.84,1.0,Positive,,0,74.0
902860,Funny Folks,43.62,Comedy,32.17,Thursday,Morning,51.57,3.0,Positive,,0,54.0
903365,Funny Folks,72.29,Comedy,87.49,Thursday,Morning,12.63,1.0,Positive,,0,33.0
905711,Funny Folks,64.1691176959505,Comedy,42.43,Thursday,Morning,0.0,3.0,Neutral,,0,21.0
907110,Funny Folks,116.48,Comedy,26.24,Thursday,Morning,15.57,0.0,Neutral,,0,77.0
908110,Funny Folks,116.16,Comedy,60.6,Thursday,Morning,25.29,0.0,Positive,,0,25.0
908533,Funny Folks,79.59,Comedy,46.11,Thursday,Morning,0.0,0.0,Negative,,0,59.0
910433,Funny Folks,64.1691176959505,Comedy,22.69,Thursday,Morning,31.81,3.0,Positive,,0,51.0
912223,Funny Folks,109.95,Comedy,21.72,Thursday,Morning,36.6,0.0,Neutral,,0,27.0
912659,Funny Folks,98.74,Comedy,73.3,Thursday,Morning,39.47,1.0,Neutral,,0,32.0
913423,Funny Folks,104.81,Comedy,28.84,Thursday,Morning,5.25,1.0,Positive,,0,24.0
913834,Funny Folks,61.84,Comedy,58.83,Thursday,Morning,54.66,0.0,Negative,,0,52.0
913951,Funny Folks,45.93,Comedy,90.81,Thursday,Morning,75.58,2.0,Positive,,0,58.0
915848,Funny Folks,64.1691176959505,Comedy,63.77,Thursday,Morning,35.87,1.0,Positive,,0,49.0
916309,Funny Folks,68.91,Comedy,45.39,Thursday,Morning,0.0,1.0,Neutral,,0,39.0
917725,Funny Folks,26.64,Comedy,38.23,Thursday,Morning,50.24,1.0,Negative,,0,86.0
918910,Funny Folks,64.1691176959505,Comedy,40.63,Thursday,Morning,0.0,2.0,Negative,,0,100.0
921803,Funny Folks,64.1691176959505,Comedy,83.72,Thursday,Morning,95.42,2.0,Neutral,,0,62.0
921928,Funny Folks,26.06,Comedy,41.46,Thursday,Morning,64.85,1.0,Neutral,,0,69.0
922288,Funny Folks,36.5,Comedy,76.54,Thursday,Morning,93.43,3.0,Neutral,,0,76.0
923069,Funny Folks,71.94,Comedy,27.81,Thursday,Morning,89.26,2.0,Positive,,0,31.0
923776,Funny Folks,15.83,Comedy,88.12,Thursday,Morning,67.36,1.0,Neutral,,0,76.0
924292,Funny Folks,21.43,Comedy,66.85,Thursday,Morning,93.0,3.0,Negative,,0,77.0
926388,Funny Folks,108.81,Comedy,62.67,Thursday,Morning,74.69,3.0,Neutral,,0,61.0
926722,Funny Folks,64.1691176959505,Comedy,26.35,Thursday,Morning,48.4,1.0,Positive,,0,59.0
926794,Funny Folks,60.4,Comedy,73.26,Thursday,Morning,59.26,1.0,Neutral,,0,73.0
926980,Funny Folks,30.17,Comedy,50.43,Thursday,Morning,26.52,2.0,Negative,,0,27.0
927704,Funny Folks,30.91,Comedy,27.59,Thursday,Morning,99.76,1.0,Positive,,0,51.0
927992,Funny Folks,64.1691176959505,Comedy,72.56,Thursday,Morning,0.0,3.0,Negative,,0,39.0
928166,Funny Folks,116.84,Comedy,52.55,Thursday,Morning,82.09,0.0,Positive,,0,72.0
928674,Funny Folks,64.1691176959505,Comedy,38.27,Thursday,Morning,21.57,1.0,Negative,,0,3.0
929873,Funny Folks,88.11,Comedy,95.32,Thursday,Morning,88.87,2.0,Negative,,0,28.0
930477,Funny Folks,111.68,Comedy,86.02,Thursday,Morning,31.38,1.0,Neutral,,0,35.0
933181,Funny Folks,12.24,Comedy,59.44,Thursday,Morning,72.29,1.0,Positive,,0,79.0
935901,Funny Folks,37.78,Comedy,89.48,Thursday,Morning,23.29,1.0,Positive,,0,74.0
936233,Funny Folks,49.85,Comedy,27.81,Thursday,Morning,53.56,1.0,Positive,,0,28.0
936362,Funny Folks,42.45,Comedy,65.94,Thursday,Morning,65.94,1.0,Neutral,,0,78.0
936525,Funny Folks,15.61,Comedy,39.41,Thursday,Morning,50.72,1.0,Positive,,0,51.0
937304,Funny Folks,30.65,Comedy,39.25,Thursday,Morning,62.59,1.0,Positive,,0,94.0
937360,Funny Folks,19.07,Comedy,47.53,Thursday,Morning,69.68,0.0,Positive,,0,27.0
938335,Funny Folks,110.51,Comedy,39.76,Thursday,Morning,23.13,1.0,Neutral,,0,33.0
938444,Funny Folks,49.01,Comedy,21.52,Thursday,Morning,3.28,3.0,Positive,,0,72.0
939076,Funny Folks,44.03,Comedy,67.24,Thursday,Morning,83.65,1.0,Negative,,0,5.0
939514,Funny Folks,90.94,Comedy,35.79,Thursday,Morning,0.0,0.0,Positive,,0,52.0
940795,Funny Folks,82.47552,Comedy,82.97,Thursday,Morning,52.78,1.0,Neutral,,0,29.0
941872,Funny Folks,82.33,Comedy,27.63,Thursday,Morning,55.77,1.0,Positive,,0,81.0
943040,Funny Folks,64.1691176959505,Comedy,71.38,Thursday,Morning,64.75,3.0,Neutral,,0,26.0
943917,Funny Folks,114.12,Comedy,99.41,Thursday,Morning,84.84,0.0,Negative,,0,100.0
944104,Funny Folks,78.97,Comedy,46.04,Thursday,Morning,78.07,2.0,Positive,,0,93.0
945103,Funny Folks,34.13,Comedy,27.49,Thursday,Morning,58.23,2.0,Positive,,0,80.0
945607,Funny Folks,31.37,Comedy,78.23,Thursday,Morning,50.73,1.0,Positive,,0,38.0
945880,Funny Folks,117.6,Comedy,82.33,Thursday,Morning,0.0,1.0,Positive,,0,39.0
947386,Funny Folks,113.87,Comedy,31.47,Thursday,Morning,0.0,2.0,Neutral,,0,45.0
948314,Funny Folks,77.03,Comedy,80.44,Thursday,Morning,57.79,1.0,Positive,,0,24.0
949067,Funny Folks,39.81,Comedy,78.3,Thursday,Morning,0.0,2.0,Neutral,,0,5.0
950029,Funny Folks,84.82,Comedy,30.67,Thursday,Morning,86.82,2.0,Neutral,,0,1.0
953068,Funny Folks,37.53,Comedy,53.86,Thursday,Morning,25.55,0.0,Positive,,0,90.0
953998,Funny Folks,109.08,Comedy,49.44,Thursday,Morning,21.78,0.0,Positive,,0,37.0
955612,Funny Folks,66.9,Comedy,95.14,Thursday,Morning,48.94,3.0,Negative,,0,82.0
955748,Funny Folks,81.62,Comedy,40.81,Thursday,Morning,24.84,0.0,Negative,,0,72.0
956360,Funny Folks,116.52,Comedy,31.92,Thursday,Morning,93.17,0.0,Neutral,,0,42.0
956640,Funny Folks,11.92,Comedy,24.65,Thursday,Morning,36.51,2.0,Positive,,0,100.0
959133,Funny Folks,64.1691176959505,Comedy,69.79,Thursday,Morning,37.63,1.0,Negative,,0,23.0
959444,Funny Folks,43.25,Comedy,20.85,Thursday,Morning,81.69,2.0,Neutral,,0,68.0
961239,Funny Folks,57.44,Comedy,23.52,Thursday,Morning,62.83,1.0,Positive,,0,8.0
962710,Funny Folks,82.62,Comedy,95.45,Thursday,Morning,47.07,3.0,Positive,,0,62.0
963980,Funny Folks,27.82,Comedy,75.76,Thursday,Morning,74.3,2.0,Neutral,,0,21.0
965058,Funny Folks,53.99,Comedy,56.56,Thursday,Morning,58.05,1.0,Negative,,0,63.0
966338,Funny Folks,79.83,Comedy,95.78,Thursday,Morning,13.73,3.0,Positive,,0,61.0
967008,Funny Folks,44.7,Comedy,39.41,Thursday,Morning,56.23,1.0,Positive,,0,81.0
968734,Funny Folks,47.59,Comedy,48.19,Thursday,Morning,51.86,3.0,Neutral,,0,41.0
970812,Funny Folks,32.74,Comedy,39.27,Thursday,Morning,52.86,1.0,Positive,,0,81.0
971024,Funny Folks,118.82,Comedy,25.42,Thursday,Morning,83.31,1.0,Positive,,0,32.0
971097,Funny Folks,50.99,Comedy,98.74,Thursday,Morning,73.8,3.0,Neutral,,0,52.0
971786,Funny Folks,85.26,Comedy,30.25,Thursday,Morning,0.0,3.0,Negative,,0,85.0
974486,Funny Folks,29.81,Comedy,67.69,Thursday,Morning,82.62,0.0,Negative,,0,86.0
976063,Funny Folks,79.4,Comedy,47.62,Thursday,Morning,0.0,0.0,Negative,,0,16.0
976418,Funny Folks,94.03,Comedy,27.85,Thursday,Morning,52.21,1.0,Positive,,0,29.0
976887,Funny Folks,59.38,Comedy,29.35,Thursday,Morning,14.11,0.0,Positive,,0,59.0
977479,Funny Folks,101.86,Comedy,71.27,Thursday,Morning,3.2,1.0,Positive,,0,6.0
978437,Funny Folks,97.74,Comedy,38.67,Thursday,Morning,21.68,2.0,Neutral,,0,56.0
979645,Funny Folks,32.06,Comedy,80.06,Thursday,Morning,73.54,3.0,Negative,,0,79.0
980137,Funny Folks,6.47,Comedy,46.94,Thursday,Morning,20.81,1.0,Negative,,0,4.0
983363,Funny Folks,12.67,Comedy,97.06,Thursday,Morning,81.71,1.0,Negative,,0,79.0
985445,Funny Folks,9.15,Comedy,67.71,Thursday,Morning,83.08,1.0,Positive,,0,50.0
985489,Funny Folks,78.09,Comedy,40.68,Thursday,Morning,18.89,1.0,Neutral,,0,32.0
985876,Funny Folks,19.56,Comedy,25.16,Thursday,Morning,0.0,1.0,Negative,,0,32.0
986016,Funny Folks,99.92,Comedy,51.36,Thursday,Morning,3.66,3.0,Negative,,0,71.0
991314,Funny Folks,64.1691176959505,Comedy,33.41,Thursday,Morning,90.73,0.0,Positive,,0,67.0
991741,Funny Folks,115.02,Comedy,25.58,Thursday,Morning,0.0,0.0,Positive,,0,35.0
994516,Funny Folks,56.05,Comedy,54.2,Thursday,Morning,0.0,3.0,Positive,,0,100.0
995039,Funny Folks,103.79,Comedy,53.22,Thursday,Morning,0.0,1.0,Neutral,,0,39.0
995864,Funny Folks,37.75,Comedy,29.94,Thursday,Morning,54.69,3.0,Negative,,0,34.0
996215,Funny Folks,83.74,Comedy,62.58,Thursday,Morning,79.84,3.0,Neutral,,0,31.0
996471,Funny Folks,95.13,Comedy,72.77,Thursday,Morning,0.0,1.0,Negative,,0,28.0
996877,Funny Folks,64.1691176959505,Comedy,36.02,Thursday,Morning,54.91,0.0,Negative,,0,84.0
996990,Funny Folks,45.2,Comedy,96.39,Thursday,Morning,84.54,1.0,Positive,,0,54.0
998197,Funny Folks,34.36,Comedy,73.69,Thursday,Morning,39.51,3.0,Negative,,0,1.0
999540,Funny Folks,64.1691176959505,Comedy,63.37,Thursday,Morning,0.0,2.0,Negative,,0,37.0
