id,Podcast_Name,Episode_Length_minutes,Genre,Host_Popularity_percentage,Publication_Day,Publication_Time,Guest_Popularity_percentage,Number_of_Ads,Episode_Sentiment,Listening_Time_minutes,is_train,Episode_Number
925,Digital Digest,27.18,Technology,31.4,Wednesday,Night,0.0,3.0,Negative,18.3,1,34.0
5236,Digital Digest,113.93,Technology,47.17,Wednesday,Night,40.47,0.0,Negative,86.63742,1,15.0
5688,Digital Digest,64.46,Technology,52.62,Wednesday,Night,39.79,1.0,Positive,62.63663,1,66.0
12789,Digital Digest,42.99,Technology,92.13,Wednesday,Night,80.26,2.0,Negative,27.77197,1,36.0
13989,Digital Digest,119.14,Technology,74.05,Wednesday,Night,6.52,2.0,Positive,85.43446,1,93.0
15749,Digital Digest,77.46,Technology,84.73,Wednesday,Night,47.62,1.0,Positive,75.90945,1,83.0
17952,Digital Digest,53.89,Technology,74.16,Wednesday,Night,38.29,1.0,Positive,44.89268,1,8.0
19212,Digital Digest,66.99,Technology,78.99,Wednesday,Night,20.05,2.0,Negative,46.59182,1,92.0
20678,Digital Digest,20.16,Technology,39.44,Wednesday,Night,50.53,1.0,Positive,12.88,1,35.0
21444,Digital Digest,93.82,Technology,50.62,Wednesday,Night,57.47,0.0,Negative,73.42198,1,93.0
22630,Digital Digest,92.96,Technology,68.73,Wednesday,Night,63.47,1.0,Neutral,84.56293,1,6.0
24475,Digital Digest,65.66782098070321,Technology,63.0,Wednesday,Night,0.67,1.0,Positive,67.90771,1,25.0
24496,Digital Digest,6.1,Technology,20.18,Wednesday,Night,82.23,1.0,Neutral,1.54264,1,99.0
25599,Digital Digest,79.96,Technology,89.46,Wednesday,Night,62.62,0.0,Negative,68.9486,1,24.0
26754,Digital Digest,70.86,Technology,62.07,Wednesday,Night,0.82,2.0,Positive,65.62877,1,48.0
26982,Digital Digest,8.17,Technology,79.71,Wednesday,Night,0.0,3.0,Negative,5.87,1,31.0
30599,Digital Digest,65.66782098070321,Technology,89.37,Wednesday,Night,33.8,2.0,Neutral,67.76574,1,79.0
33264,Digital Digest,111.59,Technology,48.68,Wednesday,Night,94.79,0.0,Neutral,61.48,1,31.0
34713,Digital Digest,36.94,Technology,82.52,Wednesday,Night,0.0,3.0,Negative,31.53455,1,75.0
35520,Digital Digest,71.51,Technology,67.81,Wednesday,Night,63.57,0.0,Negative,49.99511,1,35.0
37536,Digital Digest,41.73,Technology,59.84,Wednesday,Night,26.97,3.0,Negative,26.05176,1,49.0
38338,Digital Digest,33.16,Technology,77.3,Wednesday,Night,69.91,2.0,Positive,22.09451,1,77.0
39919,Digital Digest,83.46,Technology,70.59,Wednesday,Night,51.37,0.0,Neutral,73.10964,1,42.0
40519,Digital Digest,5.69,Technology,78.58,Wednesday,Night,0.0,3.0,Negative,0.0,1,29.0
41636,Digital Digest,65.66782098070321,Technology,97.61,Wednesday,Night,0.0,3.0,Neutral,18.03106,1,33.0
43141,Digital Digest,87.35,Technology,65.5,Wednesday,Night,0.0,1.0,Positive,83.95965,1,38.0
44613,Digital Digest,51.09,Technology,60.56,Wednesday,Night,15.55,2.0,Negative,32.22844,1,98.0
45019,Digital Digest,55.54,Technology,98.82,Wednesday,Night,0.0,2.0,Negative,40.73089,1,63.0
47246,Digital Digest,101.31,Technology,84.41,Wednesday,Night,60.73,3.0,Neutral,70.57617,1,94.0
47269,Digital Digest,108.59,Technology,72.05,Wednesday,Night,35.25,3.0,Positive,47.70543,1,3.0
48225,Digital Digest,75.07,Technology,75.39,Wednesday,Night,55.0,1.0,Positive,40.63533,1,67.0
48351,Digital Digest,65.66782098070321,Technology,21.36,Wednesday,Night,85.6,0.0,Neutral,54.48441,1,3.0
48391,Digital Digest,100.4,Technology,94.54,Wednesday,Night,59.9,2.0,Positive,88.05045,1,37.0
50517,Digital Digest,65.66782098070321,Technology,27.96,Wednesday,Night,20.17,1.0,Positive,47.16468,1,48.0
50535,Digital Digest,98.44,Technology,66.73,Wednesday,Night,84.55,3.0,Positive,49.20579,1,5.0
50815,Digital Digest,53.89,Technology,60.96,Wednesday,Night,91.17,1.0,Positive,48.90443,1,73.0
51834,Digital Digest,95.74,Technology,91.36,Wednesday,Night,0.0,2.0,Negative,80.83011,1,57.0
54136,Digital Digest,60.84,Technology,49.32,Wednesday,Night,74.81,2.0,Negative,35.0012,1,67.0
57870,Digital Digest,111.92,Technology,70.32,Wednesday,Night,57.92,0.0,Positive,67.57466,1,65.0
59278,Digital Digest,84.21,Technology,58.4,Wednesday,Night,34.02,1.0,Negative,53.78959,1,46.0
61286,Digital Digest,65.66782098070321,Technology,31.78,Wednesday,Night,0.0,1.0,Neutral,102.3,1,67.0
61800,Digital Digest,25.01,Technology,51.36,Wednesday,Night,88.42,3.0,Neutral,23.52,1,3.0
62070,Digital Digest,115.23,Technology,59.91,Wednesday,Night,84.03,2.0,Neutral,57.41133,1,1.0
62365,Digital Digest,39.99,Technology,35.57,Wednesday,Night,0.0,3.0,Neutral,24.3744,1,53.0
63288,Digital Digest,5.008785571,Technology,59.35,Wednesday,Night,94.34,3.0,Positive,5.0,1,40.0
65901,Digital Digest,65.66782098070321,Technology,63.39,Wednesday,Night,22.23,0.0,Neutral,61.95915,1,33.0
68296,Digital Digest,86.68,Technology,97.98,Wednesday,Night,79.4,1.0,Neutral,50.11,1,4.0
73082,Digital Digest,112.35,Technology,66.51,Wednesday,Night,55.24,3.0,Negative,84.75476,1,5.0
74261,Digital Digest,83.31,Technology,42.6,Wednesday,Night,79.78,1.0,Neutral,53.70483,1,52.0
76393,Digital Digest,10.71,Technology,53.22,Wednesday,Night,30.14,0.0,Positive,8.02753,1,87.0
77482,Digital Digest,96.47,Technology,39.74,Wednesday,Night,5.79,1.0,Neutral,84.64436,1,57.0
78859,Digital Digest,65.66782098070321,Technology,48.66,Wednesday,Night,64.64,1.0,Positive,28.15,1,42.0
79847,Digital Digest,6.11,Technology,67.82,Wednesday,Night,63.05,0.0,Neutral,3.34454,1,100.0
83231,Digital Digest,50.76,Technology,35.82,Wednesday,Night,0.0,2.0,Neutral,39.37007,1,50.0
83604,Digital Digest,101.14,Technology,82.68,Wednesday,Night,71.39,3.0,Neutral,55.04928,1,53.0
85162,Digital Digest,69.54,Technology,88.57,Wednesday,Night,0.0,1.0,Negative,43.97,1,64.0
86010,Digital Digest,76.61,Technology,81.75,Wednesday,Night,4.63,1.0,Positive,56.5769,1,58.0
86793,Digital Digest,19.93,Technology,60.11,Wednesday,Night,62.73,0.0,Negative,8.55148,1,76.0
87089,Digital Digest,83.24,Technology,61.0,Wednesday,Night,49.98,3.0,Positive,61.84793,1,63.0
88128,Digital Digest,113.2,Technology,82.09,Wednesday,Night,0.0,2.0,Positive,87.46581,1,34.0
88821,Digital Digest,58.02,Technology,43.65,Wednesday,Night,44.02,2.0,Negative,47.63544,1,93.0
91902,Digital Digest,11.32,Technology,21.32,Wednesday,Night,1.3,3.0,Positive,3.01073,1,80.0
92243,Digital Digest,27.57,Technology,38.68,Wednesday,Night,84.29,3.0,Neutral,15.24,1,51.0
92517,Digital Digest,86.41,Technology,46.78,Wednesday,Night,0.0,0.0,Neutral,65.07973,1,87.0
95110,Digital Digest,80.38,Technology,65.04,Wednesday,Night,92.56,1.0,Neutral,67.97407,1,24.0
96569,Digital Digest,102.49,Technology,37.01,Wednesday,Night,39.82,3.0,Positive,52.01628,1,19.0
97807,Digital Digest,57.12,Education,34.08,Wednesday,Night,71.12,1.0,Negative,54.60926,1,56.0
99014,Digital Digest,67.02,Technology,51.04,Wednesday,Night,0.43,0.0,Positive,62.34461,1,24.0
99168,Digital Digest,22.38,Technology,38.98,Wednesday,Night,63.74,2.0,Negative,10.23118,1,62.0
101018,Digital Digest,113.04,Technology,85.45,Wednesday,Night,0.0,3.0,Negative,73.7151,1,97.0
103967,Digital Digest,65.66782098070321,Technology,74.81,Wednesday,Night,9.95,3.0,Negative,85.34219,1,3.0
104033,Digital Digest,48.22,Technology,59.22,Wednesday,Night,25.75,0.0,Positive,28.3,1,64.0
105713,Digital Digest,50.29,Technology,32.92,Wednesday,Night,0.0,1.0,Negative,37.45585,1,89.0
106054,Digital Digest,29.07,Technology,86.49,Wednesday,Night,55.71,1.0,Neutral,18.68,1,51.0
108368,Digital Digest,19.68,Technology,54.98,Wednesday,Night,54.35,0.0,Positive,11.87184,1,74.0
108377,Digital Digest,65.66782098070321,Technology,42.53,Wednesday,Night,0.0,3.0,Negative,53.92684,1,78.0
110333,Digital Digest,10.51,Technology,72.51,Wednesday,Night,0.0,0.0,Negative,0.73034,1,41.0
112235,Digital Digest,43.2,Technology,25.56,Wednesday,Night,57.86,1.0,Negative,39.88143,1,59.0
112463,Digital Digest,97.81,Technology,48.96,Wednesday,Night,22.26,2.0,Neutral,53.03553,1,19.0
114163,Digital Digest,113.04,Technology,98.97,Wednesday,Night,60.83,3.0,Negative,102.90032,1,77.0
115990,Digital Digest,27.31,Technology,49.74,Wednesday,Night,80.98,0.0,Neutral,16.42001,1,70.0
119912,Digital Digest,65.66782098070321,Technology,63.49,Wednesday,Night,63.16,1.0,Positive,20.56282,1,59.0
119993,Digital Digest,17.3,Technology,37.65,Wednesday,Night,0.0,1.0,Neutral,11.54268,1,61.0
121392,Digital Digest,69.19,Technology,23.69,Wednesday,Night,91.77,1.0,Negative,56.40703,1,59.0
125404,Digital Digest,23.02,Technology,26.97,Wednesday,Night,51.99,0.0,Positive,22.71093,1,67.0
126826,Digital Digest,68.21,Technology,96.35,Wednesday,Night,0.0,3.0,Negative,47.8155,1,72.0
127520,Digital Digest,65.66782098070321,Technology,26.07,Wednesday,Night,22.22,0.0,Positive,35.62153,1,51.0
130829,Digital Digest,75.12,Technology,79.18,Wednesday,Night,73.12,3.0,Neutral,36.44414,1,45.0
133190,Digital Digest,79.59,Technology,87.0,Wednesday,Night,62.93,0.0,Negative,68.9486,1,65.0
134672,Digital Digest,55.94,Technology,74.72,Wednesday,Night,91.86,3.0,Positive,44.72629,1,8.0
135169,Digital Digest,111.12,Technology,94.28,Wednesday,Night,64.09,3.0,Neutral,101.14432,1,51.0
136545,Digital Digest,85.63,Technology,35.56,Wednesday,Night,0.0,0.0,Negative,63.40063,1,31.0
141562,Digital Digest,57.26,Technology,22.79,Wednesday,Night,89.16,0.0,Negative,55.79418,1,54.0
144012,Digital Digest,65.66782098070321,Technology,30.59,Wednesday,Night,83.54,0.0,Neutral,48.0,1,7.0
144116,Digital Digest,97.37,Technology,27.18,Wednesday,Night,42.84,0.0,Neutral,78.6588,1,15.0
144173,Digital Digest,67.02,Technology,51.04,Wednesday,Night,9.0,0.0,Positive,62.34461,1,48.0
145184,Digital Digest,93.98,Technology,94.12,Wednesday,Night,0.0,2.0,Negative,65.72026,1,5.0
146351,Digital Digest,82.16,Technology,56.82,Wednesday,Night,66.71,0.0,Neutral,44.43982,1,40.0
148424,Digital Digest,111.51,Technology,73.21,Wednesday,Night,25.82,1.0,Neutral,84.08765,1,79.0
148436,Digital Digest,30.22,Technology,61.85,Wednesday,Night,55.77,0.0,Positive,15.34,1,69.0
151637,Digital Digest,105.82,Technology,94.57,Wednesday,Night,25.48,0.0,Neutral,84.08765,1,79.0
153634,Digital Digest,113.99,Technology,94.22,Wednesday,Night,51.44,2.0,Positive,95.5,1,82.0
159151,Digital Digest,24.32,Technology,58.68,Wednesday,Night,0.0,0.0,Neutral,19.26607,1,86.0
159314,Digital Digest,92.81,Technology,50.4,Wednesday,Night,33.58,1.0,Neutral,86.901,1,6.0
160042,Digital Digest,10.6,Technology,44.47,Wednesday,Night,69.31,0.0,Negative,6.22,1,98.0
160244,Digital Digest,113.14,Technology,86.03,Wednesday,Night,61.94,0.0,Negative,79.1922,1,84.0
161206,Digital Digest,57.49,Technology,67.76,Wednesday,Night,82.38,3.0,Negative,29.59911,1,67.0
162029,Digital Digest,30.94,Technology,38.63,Wednesday,Night,89.71,0.0,Negative,12.24,1,63.0
164116,Digital Digest,116.61,Technology,81.23,Wednesday,Night,87.07,0.0,Positive,70.37549,1,56.0
164580,Digital Digest,79.26,Technology,38.37,Wednesday,Night,32.65,1.0,Negative,60.44551,1,77.0
164821,Digital Digest,26.02,Technology,34.32,Wednesday,Night,4.82,1.0,Positive,17.64892,1,8.0
171164,Digital Digest,102.56,Technology,60.26,Wednesday,Night,99.74,0.0,Positive,86.3612,1,67.0
171512,Digital Digest,31.27,Technology,45.97,Wednesday,Night,79.14,1.0,Negative,19.2895,1,80.0
174446,Digital Digest,112.41,Technology,46.48,Wednesday,Night,17.58,0.0,Negative,86.26124,1,6.0
174527,Digital Digest,77.46,Technology,89.25,Wednesday,Night,47.65,1.0,Neutral,75.90945,1,97.0
175725,Digital Digest,93.82,Technology,50.42,Wednesday,Night,57.76,0.0,Negative,73.42198,1,23.0
177464,Digital Digest,38.7,Technology,23.84,Wednesday,Night,9.21,1.0,Positive,18.13145,1,70.0
179949,Digital Digest,8.41,Technology,54.13,Wednesday,Night,71.79,1.0,Neutral,0.0,1,86.0
180982,Digital Digest,51.55,Technology,80.93,Wednesday,Night,0.0,3.0,Neutral,41.21752,1,38.0
181837,Digital Digest,102.16,Technology,32.66,Wednesday,Night,94.53,3.0,Neutral,67.09649,1,10.0
183387,Digital Digest,21.41,Technology,81.43,Wednesday,Night,0.0,3.0,Neutral,16.85683,1,6.0
184114,Digital Digest,92.98,Technology,76.68,Wednesday,Night,62.91,0.0,Negative,75.41531,1,40.0
184122,Digital Digest,62.18,Technology,88.12,Wednesday,Night,76.56,2.0,Neutral,49.88507,1,58.0
186326,Digital Digest,59.13,Technology,53.46,Wednesday,Night,18.46,3.0,Negative,47.23904,1,47.0
187852,Digital Digest,65.66782098070321,Technology,41.04,Wednesday,Night,28.8,1.0,Positive,5.77826,1,52.0
189317,Digital Digest,29.2,Technology,71.55,Wednesday,Night,34.83,1.0,Positive,16.15,1,52.0
189812,Digital Digest,115.86,Technology,42.27,Wednesday,Night,82.86,1.0,Positive,67.97288,1,98.0
190879,Digital Digest,66.64,Technology,61.93,Wednesday,Night,25.58,3.0,Neutral,37.49247,1,72.0
191283,Digital Digest,65.66782098070321,Technology,82.49,Wednesday,Night,68.4,0.0,Neutral,38.24797,1,27.0
194213,Digital Digest,29.12,Technology,48.83,Wednesday,Night,98.55,1.0,Positive,16.15,1,62.0
195588,Digital Digest,69.58,Technology,84.94,Wednesday,Night,0.0,0.0,Positive,49.44454,1,77.0
196172,Digital Digest,99.18,Technology,28.67,Wednesday,Night,0.0,1.0,Negative,82.54,1,67.0
196195,Digital Digest,62.26,Technology,67.19,Wednesday,Night,63.82,1.0,Neutral,20.56282,1,23.0
196396,Digital Digest,65.66782098070321,Technology,49.86,Wednesday,Night,65.12,2.0,Negative,60.01144,1,73.0
198409,Digital Digest,45.48,Technology,38.34,Wednesday,Night,0.0,2.0,Positive,41.18141,1,77.0
198562,Digital Digest,25.81,Technology,53.25,Wednesday,Night,77.69,0.0,Neutral,7.86358,1,7.0
200258,Digital Digest,20.87,Technology,33.26,Wednesday,Night,36.37,1.0,Positive,20.34694,1,96.0
201324,Digital Digest,81.68,Technology,45.41,Wednesday,Night,19.12,0.0,Positive,54.8,1,48.0
202249,Digital Digest,91.58,Technology,94.43,Wednesday,Night,55.76,0.0,Positive,62.97163,1,9.0
204734,Digital Digest,113.67,Technology,99.18,Wednesday,Night,0.0,0.0,Neutral,109.7,1,63.0
205287,Digital Digest,79.39,Technology,26.44,Wednesday,Night,0.0,0.0,Positive,65.79368,1,47.0
206456,Digital Digest,112.93,Technology,26.29,Wednesday,Night,22.4,2.0,Positive,86.93165,1,29.0
206980,Digital Digest,33.51,Technology,54.18,Wednesday,Night,31.71,2.0,Negative,16.26304,1,49.0
207180,Digital Digest,107.78,Technology,33.78,Wednesday,Night,32.83,2.0,Neutral,56.2152,1,8.0
208957,Digital Digest,59.67,Technology,26.47,Wednesday,Night,64.44,2.0,Positive,25.52,1,80.0
209238,Digital Digest,83.46,Technology,70.59,Wednesday,Night,49.17,0.0,Neutral,73.10964,1,42.0
209987,Digital Digest,47.84,Technology,98.12,Wednesday,Night,15.99,0.0,Neutral,38.07223,1,12.0
210813,Digital Digest,7.36,Technology,60.08,Wednesday,Night,38.26,3.0,Neutral,2.35357,1,35.0
211685,Digital Digest,34.13,Technology,92.21,Wednesday,Night,77.53,0.0,Negative,28.92272,1,76.0
213025,Digital Digest,23.57,Technology,34.58,Wednesday,Night,6.73,3.0,Negative,21.24,1,65.0
213265,Digital Digest,110.68,Technology,98.43,Wednesday,Night,68.08,0.0,Positive,100.84,1,78.0
213549,Digital Digest,102.76,Technology,60.39,Wednesday,Night,85.51,0.0,Positive,86.3612,1,67.0
214995,Digital Digest,97.11,Technology,33.76,Wednesday,Night,15.55,0.0,Neutral,55.93943,1,60.0
215903,Digital Digest,62.5,Technology,32.5,Wednesday,Night,92.1,2.0,Positive,56.61939,1,88.0
219748,Digital Digest,33.94,Technology,39.25,Wednesday,Night,66.48,0.0,Negative,22.32,1,7.0
225695,Digital Digest,43.13,Technology,22.96,Wednesday,Night,57.86,1.0,Negative,39.88143,1,59.0
225931,Digital Digest,33.5,Technology,76.25,Wednesday,Night,0.0,2.0,Negative,30.45415,1,91.0
226462,Digital Digest,56.04,Technology,86.75,Wednesday,Night,61.07,3.0,Neutral,41.62318,1,65.0
227156,Digital Digest,91.28,Technology,83.34,Wednesday,Night,5.16,1.0,Positive,84.43162,1,92.0
227560,Digital Digest,32.36,Technology,32.36,Wednesday,Night,52.26,0.0,Neutral,19.55804,1,31.0
229948,Digital Digest,74.62,Technology,81.27,Wednesday,Night,54.42,1.0,Neutral,70.35442,1,47.0
230492,Digital Digest,32.03,Technology,38.17,Wednesday,Night,99.43,0.0,Negative,23.47307,1,27.0
230525,Digital Digest,84.98,Technology,51.32,Wednesday,Night,27.79,2.0,Neutral,47.27513,1,46.0
231699,Digital Digest,17.9,Technology,67.07,Wednesday,Night,38.07,1.0,Neutral,11.17668,1,77.0
234472,Digital Digest,76.62,Technology,89.98,Wednesday,Night,20.9,1.0,Negative,47.28414,1,12.0
235199,Digital Digest,61.71,Technology,31.3,Wednesday,Night,42.03,0.0,Positive,26.23709,1,35.0
239653,Digital Digest,81.71,Technology,92.33,Wednesday,Night,0.0,0.0,Negative,63.44781,1,29.0
240465,Digital Digest,6.28,Technology,41.92,Wednesday,Night,56.43,0.0,Neutral,4.82354,1,32.0
240477,Digital Digest,107.93,Technology,87.9,Wednesday,Night,59.74,0.0,Positive,88.05045,1,38.0
241051,Digital Digest,65.66782098070321,Technology,41.04,Wednesday,Night,28.48,1.0,Neutral,5.77826,1,52.0
242153,Digital Digest,14.95,Technology,51.3,Wednesday,Night,57.3,1.0,Positive,11.5479,1,45.0
245118,Digital Digest,65.66782098070321,Technology,29.06,Wednesday,Night,42.65,0.0,Positive,67.75107,1,94.0
246025,Digital Digest,65.66782098070321,Technology,56.45,Wednesday,Night,55.83,2.0,Negative,20.0,1,56.0
246085,Digital Digest,60.84,Technology,92.05,Wednesday,Night,0.0,1.0,Negative,44.06041,1,34.0
246649,Digital Digest,65.66782098070321,Technology,56.49,Wednesday,Night,55.82,0.0,Positive,20.0,1,56.0
247394,Digital Digest,19.4,Technology,97.79,Wednesday,Night,0.0,1.0,Positive,17.00344,1,51.0
248490,Digital Digest,84.32,Technology,46.71,Wednesday,Night,54.43,0.0,Positive,48.63533,1,29.0
251742,Digital Digest,65.66782098070321,Technology,63.49,Wednesday,Night,63.16,1.0,Neutral,20.56282,1,85.0
253592,Digital Digest,23.52,Technology,42.07,Wednesday,Night,80.86,2.0,Neutral,20.80916,1,46.0
256708,Digital Digest,65.66782098070321,Technology,28.18,Wednesday,Night,16.23,0.0,Positive,6.94,1,33.0
257749,Digital Digest,108.26,Technology,36.05,Wednesday,Night,36.05,3.0,Negative,97.28189,1,29.0
259726,Digital Digest,97.92,Technology,45.16,Wednesday,Night,9.25,1.0,Positive,85.71611,1,11.0
262075,Digital Digest,41.37,Technology,82.53,Wednesday,Night,90.85,0.0,Neutral,22.47293,1,28.0
262216,Digital Digest,105.9,Technology,58.33,Wednesday,Night,91.9,2.0,Negative,67.1046,1,53.0
262381,Digital Digest,38.44,Technology,64.59,Wednesday,Night,9.21,1.0,Positive,18.13145,1,70.0
264310,Digital Digest,56.63,Technology,23.59,Wednesday,Night,81.21,3.0,Neutral,26.01097,1,33.0
266900,Digital Digest,32.79,Comedy,95.48,Wednesday,Night,65.98,3.0,Neutral,12.07766,1,32.0
267773,Digital Digest,77.55,Technology,45.48,Wednesday,Night,0.0,2.0,Neutral,48.62232,1,76.0
268966,Digital Digest,85.69,Technology,28.16,Wednesday,Night,96.68,1.0,Neutral,61.84073,1,89.0
270824,Digital Digest,5.25,Technology,82.5,Wednesday,Night,0.5,0.0,Negative,1.25335,1,80.0
270923,Digital Digest,60.43,Technology,86.59,Wednesday,Night,72.51,3.0,Neutral,60.43179,1,15.0
275006,Digital Digest,65.66782098070321,Technology,93.05,Wednesday,Night,69.98,0.0,Neutral,76.15661,1,68.0
277534,Digital Digest,62.33,Technology,70.68,Wednesday,Night,43.46,0.0,Negative,56.44464,1,47.0
280110,Digital Digest,67.73,Technology,37.39,Wednesday,Night,66.12,2.0,Neutral,62.15283,1,90.0
280185,Digital Digest,43.87,Technology,32.88,Wednesday,Night,0.0,1.0,Negative,39.88143,1,59.0
280193,Digital Digest,65.66782098070321,Technology,43.88,Wednesday,Night,0.0,3.0,Neutral,55.42502,1,17.0
280771,Digital Digest,116.78,Technology,59.79,Wednesday,Night,90.65,3.0,Negative,62.79274,1,4.0
282294,Digital Digest,99.51,Technology,78.46,Wednesday,Night,66.84,1.0,Neutral,87.60483,1,23.0
282537,Digital Digest,80.72,Technology,59.01,Wednesday,Night,0.0,0.0,Negative,38.39285,1,31.0
283686,Digital Digest,66.81,Technology,55.93,Wednesday,Night,98.59,2.0,Positive,51.85343,1,96.0
283855,Digital Digest,79.97,Technology,61.91,Wednesday,Night,0.0,0.0,Positive,61.346,1,10.0
284063,Digital Digest,74.08,Technology,84.11,Wednesday,Night,64.31,0.0,Positive,57.84857,1,90.0
286781,Digital Digest,108.51,Technology,35.85,Wednesday,Night,85.92,2.0,Positive,47.62811,1,27.0
286835,Digital Digest,76.49,Technology,52.72,Wednesday,Night,34.85,1.0,Negative,55.17263,1,41.0
288358,Digital Digest,38.7,Technology,23.81,Wednesday,Night,9.21,1.0,Positive,18.13145,1,61.0
291031,Digital Digest,97.42,Technology,50.79,Wednesday,Night,62.73,3.0,Neutral,65.62286,1,40.0
291345,Digital Digest,81.33,Technology,85.73,Wednesday,Night,42.81,0.0,Negative,44.8304,1,21.0
292685,Digital Digest,35.38,Technology,86.52,Wednesday,Night,79.52,2.0,Neutral,26.61483,1,43.0
293675,Digital Digest,115.65,Technology,81.75,Wednesday,Night,84.65,1.0,Negative,67.9794,1,44.0
294385,Digital Digest,65.66782098070321,Technology,35.85,Wednesday,Night,3.11,2.0,Neutral,23.32109,1,71.0
297704,Digital Digest,116.05,Technology,64.94,Wednesday,Night,19.9,2.0,Neutral,91.81855,1,22.0
299508,Digital Digest,108.62,Technology,70.5,Wednesday,Night,76.49,1.0,Neutral,88.29187,1,65.0
301763,Digital Digest,107.02,Technology,23.7,Wednesday,Night,93.06,0.0,Positive,67.75296,1,31.0
302538,Digital Digest,36.35,Technology,39.14,Wednesday,Night,34.21,1.0,Neutral,7.19229,1,97.0
302936,Digital Digest,22.2,Technology,69.57,Wednesday,Night,93.19,1.0,Positive,10.42025,1,93.0
303244,Digital Digest,91.32,Technology,43.05,Wednesday,Night,86.45,0.0,Positive,57.94521,1,99.0
303773,Digital Digest,102.05,Technology,73.06,Wednesday,Night,84.71,3.0,Neutral,73.1002,1,92.0
304824,Digital Digest,87.85,Technology,62.64,Wednesday,Night,62.37,0.0,Positive,77.06441,1,9.0
304827,Digital Digest,65.66782098070321,Technology,37.18,Wednesday,Night,63.16,1.0,Positive,20.56282,1,23.0
305156,Digital Digest,102.09,Technology,71.18,Wednesday,Night,5.05,0.0,Positive,93.02372,1,26.0
305752,Digital Digest,29.26,Technology,54.96,Wednesday,Night,60.6,3.0,Negative,17.61543,1,69.0
306249,Digital Digest,30.02,Technology,94.62,Wednesday,Night,0.0,3.0,Positive,28.777,1,1.0
307906,Digital Digest,53.61,Technology,30.96,Wednesday,Night,42.71,0.0,Neutral,20.80968,1,42.0
308153,Digital Digest,97.95,Technology,26.46,Wednesday,Night,38.38,3.0,Positive,77.06441,1,9.0
308259,Digital Digest,69.92,Technology,96.53,Wednesday,Night,0.0,2.0,Negative,40.90132,1,77.0
309700,Digital Digest,106.41,Technology,58.31,Wednesday,Night,72.19,1.0,Negative,86.26124,1,85.0
309895,Digital Digest,89.38,Technology,55.54,Wednesday,Night,22.95,0.0,Negative,45.39862,1,41.0
310873,Digital Digest,107.97,Technology,54.84,Wednesday,Night,59.9,0.0,Positive,88.05045,1,37.0
310890,Digital Digest,65.66782098070321,Technology,50.58,Wednesday,Night,99.18,2.0,Neutral,8.71,1,91.0
313162,Digital Digest,21.07,Technology,30.4,Wednesday,Night,86.19,0.0,Neutral,17.80866,1,76.0
315096,Digital Digest,39.15,Technology,76.08,Wednesday,Night,57.41,2.0,Negative,12.88,1,86.0
318427,Digital Digest,33.78,Technology,92.59,Wednesday,Night,39.77,0.0,Positive,26.19614,1,85.0
318528,Digital Digest,51.67,Technology,58.34,Wednesday,Night,19.3,3.0,Neutral,33.32,1,93.0
318852,Digital Digest,53.89,Technology,24.2,Wednesday,Night,92.32,1.0,Positive,48.90443,1,73.0
319221,Digital Digest,79.96,Technology,89.46,Wednesday,Night,25.8,0.0,Negative,68.9486,1,87.0
319542,Digital Digest,32.33,Technology,53.21,Wednesday,Night,79.52,0.0,Positive,23.23763,1,59.0
319783,Digital Digest,13.24,Technology,81.33,Wednesday,Night,95.01,2.0,Neutral,3.24472,1,27.0
321428,Digital Digest,67.02,Technology,50.62,Wednesday,Night,23.19,0.0,Positive,62.34461,1,24.0
324360,Digital Digest,65.66782098070321,Technology,59.01,Wednesday,Night,16.57,1.0,Neutral,55.96897,1,87.0
326367,Digital Digest,93.54,Technology,34.56,Wednesday,Night,0.0,0.0,Negative,70.00977,1,63.0
329946,Digital Digest,32.47,Technology,30.24,Wednesday,Night,48.68,0.0,Neutral,20.88863,1,42.0
331972,Digital Digest,64.91,Technology,82.5,Wednesday,Night,65.28,2.0,Positive,64.55911,1,41.0
332012,Digital Digest,77.37,Technology,40.02,Wednesday,Night,0.0,0.0,Neutral,59.15808,1,94.0
334940,Digital Digest,86.42,Technology,93.26,Wednesday,Night,0.0,3.0,Neutral,62.38444,1,83.0
335374,Digital Digest,63.57,Technology,36.19,Wednesday,Night,99.79,1.0,Positive,36.15,1,62.0
336805,Digital Digest,102.76,Technology,85.31,Wednesday,Night,77.42,0.0,Positive,86.3612,1,65.0
336810,Digital Digest,48.59,Technology,68.35,Wednesday,Night,0.0,0.0,Neutral,40.66277,1,38.0
338133,Digital Digest,102.52,Technology,60.39,Wednesday,Night,77.42,0.0,Positive,86.3612,1,64.0
340167,Digital Digest,48.44,Technology,29.7,Wednesday,Night,36.44,0.0,Positive,42.09343,1,39.0
340392,Digital Digest,91.71,Technology,98.68,Wednesday,Night,12.18,1.0,Neutral,72.97299,1,47.0
341685,Digital Digest,79.46,Technology,87.05,Wednesday,Night,62.03,0.0,Negative,68.9486,1,60.0
341893,Digital Digest,106.23,Technology,29.51,Wednesday,Night,86.07,2.0,Positive,75.59,1,63.0
341980,Digital Digest,109.02,Technology,38.82,Wednesday,Night,64.23,0.0,Negative,56.88384,1,62.0
343276,Digital Digest,46.25,Technology,57.41,Wednesday,Night,41.33,0.0,Negative,33.35642,1,19.0
346906,Digital Digest,65.66782098070321,Technology,60.3,Wednesday,Night,65.27,0.0,Positive,22.34468,1,94.0
348651,Digital Digest,52.96,Technology,25.94,Wednesday,Night,68.47,0.0,Neutral,52.9149,1,98.0
349459,Digital Digest,58.0,Technology,73.51,Wednesday,Night,19.23,3.0,Positive,52.95701,1,19.0
349631,Digital Digest,97.47,Technology,25.82,Wednesday,Night,67.55,0.0,Negative,73.42198,1,93.0
349918,Digital Digest,31.75,Technology,86.11,Wednesday,Night,6.11,0.0,Negative,24.24,1,63.0
350071,Digital Digest,54.69,Technology,86.59,Wednesday,Night,51.69,2.0,Negative,38.45,1,82.0
350882,Digital Digest,65.66782098070321,Technology,70.83,Wednesday,Night,0.0,0.0,Neutral,77.29678,1,67.0
352008,Digital Digest,96.56,Technology,92.49,Wednesday,Night,87.5,1.0,Positive,79.54551,1,14.0
352734,Digital Digest,25.06,Technology,97.35,Wednesday,Night,29.75,0.0,Positive,14.41892,1,90.0
353144,Digital Digest,71.3,Technology,48.07,Wednesday,Night,70.45,0.0,Neutral,61.44551,1,78.0
357969,Digital Digest,49.41,Technology,20.7,Wednesday,Night,27.43,0.0,Neutral,42.09343,1,33.0
358890,Digital Digest,92.07,Technology,23.67,Wednesday,Night,4.12,2.0,Negative,67.42397,1,100.0
360117,Digital Digest,53.2,Technology,24.99,Wednesday,Night,93.77,1.0,Positive,48.90443,1,73.0
360734,Digital Digest,30.57,Technology,76.68,Wednesday,Night,6.84,1.0,Negative,21.24,1,65.0
362734,Digital Digest,104.23,Technology,84.86,Wednesday,Night,97.98,2.0,Neutral,68.15908,1,82.0
363205,Digital Digest,102.32,Technology,75.24,Wednesday,Night,88.8,0.0,Neutral,69.30266,1,58.0
363715,Digital Digest,38.7,Technology,23.8,Wednesday,Night,9.21,1.0,Positive,18.13145,1,37.0
364028,Digital Digest,35.06,Technology,41.45,Wednesday,Night,62.53,2.0,Negative,23.65194,1,49.0
365275,Digital Digest,52.44,Technology,43.91,Wednesday,Night,57.55,2.0,Negative,36.56811,1,14.0
366972,Digital Digest,53.39,Technology,60.13,Wednesday,Night,0.0,0.0,Negative,43.63528,1,20.0
367459,Digital Digest,34.72,Technology,27.92,Wednesday,Night,82.87,3.0,Neutral,28.31151,1,22.0
367656,Digital Digest,65.66782098070321,Technology,63.07,Wednesday,Night,43.03,3.0,Positive,63.02195,1,59.0
370809,Digital Digest,50.24,Technology,88.6,Wednesday,Night,13.25,1.0,Neutral,33.09404,1,1.0
370953,Digital Digest,53.89,Technology,38.94,Wednesday,Night,0.0,0.0,Positive,44.89268,1,8.0
373169,Digital Digest,69.31,Technology,32.43,Wednesday,Night,0.0,1.0,Neutral,58.09653,1,10.0
373481,Digital Digest,30.22,Technology,46.87,Wednesday,Night,55.84,0.0,Positive,15.34,1,3.0
373982,Digital Digest,77.37,Technology,57.37,Wednesday,Night,62.85,0.0,Negative,68.9486,1,89.0
377208,Digital Digest,65.66782098070321,Technology,76.8,Wednesday,Night,52.45,0.0,Positive,24.16,1,65.0
381475,Digital Digest,53.61,Lifestyle,28.37,Wednesday,Night,42.45,0.0,Neutral,20.80968,1,46.0
382363,Digital Digest,14.0,Technology,52.06,Wednesday,Night,63.02,3.0,Negative,2.75793,1,80.0
383408,Digital Digest,91.87,Technology,25.31,Wednesday,Night,0.0,2.0,Neutral,91.08395,1,47.0
384051,Digital Digest,60.84,Technology,32.59,Wednesday,Night,74.81,3.0,Negative,35.0012,1,67.0
384609,Digital Digest,91.22,Technology,24.04,Wednesday,Night,93.69,2.0,Negative,63.60969,1,58.0
385323,Digital Digest,109.3,Technology,93.67,Wednesday,Night,84.65,3.0,Negative,63.62667,1,12.0
385943,Digital Digest,22.97,Technology,40.66,Wednesday,Night,0.0,0.0,Neutral,10.79746,1,85.0
386061,Digital Digest,94.66,Technology,61.54,Wednesday,Night,69.97,1.0,Neutral,57.11113,1,69.0
386684,Digital Digest,79.46,Technology,53.49,Wednesday,Night,98.39,0.0,Positive,72.12801,1,34.0
389014,Digital Digest,29.58,Technology,63.27,Wednesday,Night,0.0,2.0,Positive,15.82895,1,41.0
389873,Digital Digest,48.69,Technology,72.18,Wednesday,Night,63.29,0.0,Positive,28.3,1,59.0
393778,Digital Digest,57.05,Technology,25.07,Wednesday,Night,19.15,0.0,Neutral,47.66101,1,19.0
395692,Digital Digest,109.96,Technology,56.27,Wednesday,Night,82.12,0.0,Negative,84.24043,1,85.0
395907,Digital Digest,65.66782098070321,Technology,41.04,Wednesday,Night,28.01,1.0,Positive,5.77826,1,52.0
397229,Digital Digest,17.9,Technology,67.07,Wednesday,Night,33.57,1.0,Neutral,11.17668,1,77.0
399645,Digital Digest,119.49,Technology,22.55,Wednesday,Night,72.79,0.0,Positive,71.5181,1,50.0
401457,Digital Digest,91.73,Technology,33.68,Wednesday,Night,52.57,1.0,Neutral,71.37162,1,85.0
401477,Digital Digest,107.85,Technology,94.54,Wednesday,Night,59.61,2.0,Positive,88.05045,1,37.0
402184,Digital Digest,65.47,Technology,87.22,Wednesday,Night,91.49,2.0,Positive,41.58992,1,91.0
403526,Digital Digest,116.0,Technology,94.71,Wednesday,Night,16.57,0.0,Positive,90.305,1,36.0
404092,Digital Digest,65.66782098070321,Technology,37.07,Wednesday,Night,0.0,3.0,Positive,85.44105,1,92.0
404840,Digital Digest,62.36,Technology,79.6,Wednesday,Night,82.24,1.0,Neutral,53.74908,1,90.0
408447,Digital Digest,29.97,Technology,55.15,Wednesday,Night,66.98,2.0,Neutral,16.7797,1,37.0
409610,Digital Digest,69.19,Technology,23.69,Wednesday,Night,35.65,1.0,Negative,56.40703,1,59.0
409774,Digital Digest,102.09,Technology,71.51,Wednesday,Night,4.01,0.0,Positive,93.02372,1,26.0
411174,Digital Digest,81.11,Technology,33.04,Wednesday,Night,95.04,1.0,Neutral,67.97407,1,24.0
412977,Digital Digest,54.13,Technology,65.97,Wednesday,Night,8.84,3.0,Negative,33.46084,1,30.0
415475,Digital Digest,109.52,Technology,88.01,Wednesday,Night,85.78,0.0,Positive,89.03018,1,100.0
419491,Digital Digest,57.31,Technology,25.16,Wednesday,Night,77.48,3.0,Positive,40.02606,1,29.0
420556,Digital Digest,35.66,Technology,60.15,Wednesday,Night,14.6,1.0,Negative,24.40128,1,81.0
423139,Digital Digest,14.19,Technology,48.31,Wednesday,Night,81.38,1.0,Negative,0.73034,1,41.0
424650,Digital Digest,93.59,Technology,87.05,Wednesday,Night,84.43,0.0,Positive,73.67115,1,90.0
426230,Digital Digest,20.16,Technology,39.63,Wednesday,Night,50.48,0.0,Negative,12.88,1,38.0
431431,Digital Digest,40.29,Technology,78.57,Wednesday,Night,0.0,3.0,Neutral,33.89324,1,90.0
433844,Digital Digest,78.54,Technology,34.68,Wednesday,Night,4.65,3.0,Positive,62.30405,1,29.0
434103,Digital Digest,65.66782098070321,Technology,94.82,Wednesday,Night,59.28,2.0,Positive,46.75643,1,57.0
434550,Digital Digest,50.81,Technology,23.87,Wednesday,Night,79.75,0.0,Positive,35.60914,1,37.0
434750,Digital Digest,84.17,Technology,28.12,Wednesday,Night,0.0,2.0,Negative,64.78435,1,12.0
435005,Digital Digest,20.08,Technology,74.36,Wednesday,Night,26.36,2.0,Negative,13.57881,1,58.0
435068,Digital Digest,40.11,Technology,68.68,Wednesday,Night,56.17,1.0,Neutral,38.87226,1,93.0
439255,Digital Digest,23.51,Technology,38.03,Wednesday,Night,13.03,0.0,Negative,23.47307,1,75.0
440552,Digital Digest,31.53,Technology,58.68,Wednesday,Night,6.41,0.0,Negative,12.28,1,6.0
441047,Digital Digest,83.98,Technology,86.18,Wednesday,Night,40.92,0.0,Neutral,58.32566,1,71.0
441223,Digital Digest,65.66782098070321,Technology,64.49,Wednesday,Night,68.06,0.0,Neutral,40.43196,1,81.0
441232,Digital Digest,8.69,Technology,31.01,Wednesday,Night,53.72,0.0,Negative,7.75,1,63.0
443163,Digital Digest,17.85,Technology,62.88,Wednesday,Night,95.38,1.0,Neutral,8.73459,1,93.0
446952,Digital Digest,81.68,Technology,48.37,Wednesday,Night,39.62,1.0,Positive,62.63663,1,66.0
447644,Digital Digest,65.66782098070321,Technology,30.56,Wednesday,Night,98.12,0.0,Negative,44.11321,1,87.0
447958,Digital Digest,98.98,Technology,21.9,Wednesday,Night,73.02,3.0,Neutral,82.62211,1,59.0
449277,Digital Digest,117.56,Technology,87.78,Wednesday,Night,92.73,2.0,Negative,60.59711,1,67.0
452725,Digital Digest,33.69,Technology,28.02,Wednesday,Night,0.0,1.0,Neutral,19.51657,1,86.0
453381,Digital Digest,106.3,Technology,88.12,Wednesday,Night,8.08,1.0,Neutral,90.76223,1,2.0
456619,Digital Digest,80.7,Technology,82.23,Wednesday,Night,9.7,0.0,Neutral,57.09946,1,1.0
457682,Digital Digest,6.96,Technology,31.74,Wednesday,Night,39.01,3.0,Positive,2.01504,1,27.0
460678,Digital Digest,108.43,Technology,27.72,Wednesday,Night,43.49,3.0,Neutral,55.69,1,33.0
462537,Digital Digest,30.74,Technology,28.71,Wednesday,Night,65.84,2.0,Positive,13.5,1,45.0
464822,Digital Digest,29.02,Technology,90.82,Wednesday,Night,12.66,0.0,Positive,14.40084,1,67.0
466727,Digital Digest,75.06,Technology,75.39,Wednesday,Night,55.51,1.0,Positive,40.63533,1,42.0
467740,Digital Digest,75.0,Technology,23.24,Wednesday,Night,15.02,1.0,Positive,59.62123,1,48.0
468815,Digital Digest,102.81,Technology,99.23,Wednesday,Night,0.0,0.0,Neutral,65.72376,1,48.0
469191,Digital Digest,53.92,Technology,60.96,Wednesday,Night,93.83,0.0,Positive,48.90443,1,73.0
470038,Digital Digest,85.51,Technology,55.82,Wednesday,Night,88.58,3.0,Positive,47.63544,1,26.0
471051,Digital Digest,81.69,Technology,20.3,Wednesday,Night,42.93,0.0,Positive,37.5323,1,75.0
472585,Digital Digest,112.7,Technology,71.46,Wednesday,Night,82.58,1.0,Neutral,86.26124,1,6.0
473449,Digital Digest,52.41,Technology,75.99,Wednesday,Night,97.81,3.0,Neutral,39.53683,1,20.0
474619,Digital Digest,53.89,Technology,69.19,Wednesday,Night,92.65,1.0,Positive,48.90443,1,73.0
474966,Digital Digest,115.31,Technology,55.86,Wednesday,Night,26.61,2.0,Neutral,88.63242,1,30.0
481399,Digital Digest,86.02,Technology,75.85,Wednesday,Night,59.78,2.0,Neutral,74.88033,1,56.0
482700,Digital Digest,33.45,Technology,26.45,Wednesday,Night,56.48,2.0,Negative,16.55,1,8.0
485045,Digital Digest,86.0,Technology,34.24,Wednesday,Night,72.11,0.0,Negative,63.4112,1,1.0
485204,Digital Digest,8.71,Technology,48.09,Wednesday,Night,53.32,2.0,Positive,2.33487,1,20.0
485429,Digital Digest,119.78,Technology,49.09,Wednesday,Night,0.0,0.0,Negative,87.93462,1,40.0
487656,Digital Digest,46.59,Technology,50.17,Wednesday,Night,0.0,0.0,Negative,36.36983,1,85.0
489463,Digital Digest,64.96,Technology,56.27,Wednesday,Night,0.0,0.0,Negative,36.70192,1,8.0
489914,Digital Digest,116.34,Technology,82.28,Wednesday,Night,27.67,1.0,Positive,67.4,1,19.0
490733,Digital Digest,69.99,Technology,61.01,Wednesday,Night,71.81,0.0,Neutral,66.40605,1,71.0
491920,Digital Digest,9.26,Technology,34.23,Wednesday,Night,80.71,3.0,Negative,9.26,1,63.0
492050,Digital Digest,28.21,Technology,82.07,Wednesday,Night,52.13,0.0,Positive,17.40203,1,67.0
493555,Digital Digest,17.45,Technology,41.65,Wednesday,Night,89.1,3.0,Positive,3.57257,1,3.0
495877,Digital Digest,75.05,Technology,96.07,Wednesday,Night,0.0,1.0,Negative,51.06966,1,73.0
496352,Digital Digest,38.7,Technology,23.59,Wednesday,Night,9.21,1.0,Positive,18.13145,1,54.0
497136,Digital Digest,23.06,Technology,90.44,Wednesday,Night,88.58,1.0,Neutral,7.86247,1,81.0
497884,Digital Digest,79.79,Technology,40.29,Wednesday,Night,96.43,3.0,Positive,51.71,1,89.0
498112,Digital Digest,37.9,Technology,62.9,Wednesday,Night,38.91,0.0,Positive,22.34468,1,94.0
498206,Digital Digest,9.12,Technology,65.77,Wednesday,Night,32.74,0.0,Neutral,7.33003,1,73.0
501177,Digital Digest,7.43,Technology,51.18,Wednesday,Night,51.77,1.0,Positive,5.4,1,79.0
501507,Digital Digest,29.02,Technology,74.52,Wednesday,Night,99.79,1.0,Positive,16.15,1,52.0
501786,Digital Digest,118.98,Technology,27.6,Wednesday,Night,24.65,1.0,Positive,115.83,1,86.0
502291,Digital Digest,35.59,Technology,56.45,Wednesday,Night,65.52,0.0,Negative,19.0,1,82.0
504421,Digital Digest,65.66782098070321,Technology,86.35,Wednesday,Night,91.51,0.0,Positive,44.8304,1,11.0
505557,Digital Digest,65.66782098070321,Technology,29.09,Wednesday,Night,0.0,2.0,Positive,55.82402,1,30.0
505568,Digital Digest,91.67,Technology,77.51,Wednesday,Night,34.15,0.0,Neutral,68.80238,1,17.0
505643,Digital Digest,53.46,Technology,34.96,Wednesday,Night,48.68,1.0,Positive,36.93,1,69.0
505787,Digital Digest,32.45,Technology,61.04,Wednesday,Night,0.0,0.0,Positive,18.4,1,69.0
506199,Digital Digest,116.98,Technology,28.89,Wednesday,Night,0.0,3.0,Positive,78.86,1,8.0
507434,Digital Digest,65.66782098070321,True Crime,63.0,Wednesday,Night,0.32,1.0,Positive,67.90771,1,62.0
507886,Digital Digest,67.24,Technology,82.89,Wednesday,Night,22.82,0.0,Negative,59.01645,1,42.0
508085,Digital Digest,43.1,Technology,22.88,Wednesday,Night,57.86,1.0,Negative,39.88143,1,59.0
508126,Digital Digest,90.76,Technology,91.05,Wednesday,Night,0.0,1.0,Negative,67.25506,1,8.0
511269,Digital Digest,32.58,Technology,48.66,Wednesday,Night,55.27,0.0,Positive,28.15,1,23.0
515195,Digital Digest,69.05,Technology,35.46,Wednesday,Night,85.27,0.0,Positive,47.62811,1,95.0
516429,Digital Digest,63.6,Technology,94.79,Wednesday,Night,26.31,3.0,Neutral,41.27207,1,66.0
517579,Digital Digest,9.95,Technology,30.92,Wednesday,Night,33.48,2.0,Neutral,1.47492,1,90.0
518020,Digital Digest,11.1,Technology,85.71,Wednesday,Night,74.23,0.0,Negative,1.39287,1,92.0
519861,Digital Digest,94.51,Technology,67.53,Wednesday,Night,7.44,1.0,Negative,55.04934,1,96.0
519928,Digital Digest,30.49,Technology,90.32,Wednesday,Night,86.49,0.0,Positive,21.08,1,70.0
522170,Digital Digest,14.94,Technology,60.43,Wednesday,Night,47.55,1.0,Neutral,5.58895,1,91.0
522571,Digital Digest,65.66782098070321,Technology,45.51,Wednesday,Night,0.0,0.0,Positive,66.1179,1,43.0
523277,Digital Digest,94.08,Technology,50.44,Wednesday,Night,22.79,0.0,Positive,71.5181,1,50.0
524181,Digital Digest,83.47,Technology,49.26,Wednesday,Night,39.61,2.0,Positive,73.42127,1,99.0
525314,Digital Digest,67.07,Technology,57.44,Wednesday,Night,2.73,2.0,Negative,55.4005,1,7.0
526141,Digital Digest,86.24,Technology,41.76,Wednesday,Night,67.24,0.0,Negative,66.95589,1,36.0
526588,Digital Digest,76.78,Technology,72.19,Wednesday,Night,84.05,1.0,Positive,71.11282,1,37.0
529185,Digital Digest,96.56,Technology,82.91,Wednesday,Night,0.0,0.0,Neutral,85.20227,1,61.0
529932,Digital Digest,72.65,Technology,86.5,Wednesday,Night,84.43,0.0,Neutral,48.1705,1,9.0
530331,Digital Digest,112.41,Technology,76.44,Wednesday,Night,43.8,3.0,Neutral,66.74625,1,48.0
532495,Digital Digest,96.89,Technology,86.96,Wednesday,Night,0.0,3.0,Positive,78.67027,1,3.0
533219,Digital Digest,84.67,Technology,22.77,Wednesday,Night,13.33,0.0,Neutral,79.44153,1,99.0
536244,Digital Digest,91.57,Technology,62.97,Wednesday,Night,10.34,1.0,Positive,88.9814,1,64.0
537133,Digital Digest,67.7,Technology,69.35,Wednesday,Night,18.59,2.0,Neutral,50.98132,1,85.0
537781,Digital Digest,56.8,Technology,61.47,Wednesday,Night,20.24,3.0,Negative,22.37517,1,50.0
538132,Digital Digest,65.01,Technology,48.27,Wednesday,Night,44.44,0.0,Negative,53.67542,1,71.0
540494,Digital Digest,107.11,Technology,64.39,Wednesday,Night,28.24,2.0,Negative,57.69343,1,90.0
542140,Digital Digest,36.06,Technology,82.18,Wednesday,Night,64.51,2.0,Negative,25.59852,1,62.0
544862,Digital Digest,97.97,Technology,33.99,Wednesday,Night,23.04,3.0,Neutral,54.89987,1,41.0
545371,Digital Digest,98.86,Technology,82.51,Wednesday,Night,1.47,0.0,Positive,91.55573,1,29.0
545696,Digital Digest,65.66782098070321,Technology,30.43,Wednesday,Night,95.43,3.0,Positive,7.47297,1,84.0
547619,Digital Digest,61.97,Technology,24.66,Wednesday,Night,95.05,1.0,Negative,42.09671,1,33.0
548147,Digital Digest,53.88,Technology,84.65,Wednesday,Night,97.69,3.0,Positive,18.03405,1,34.0
548552,Digital Digest,103.71,Technology,57.63,Wednesday,Night,61.03,0.0,Neutral,95.20637,1,70.0
552499,Digital Digest,75.3,Technology,70.69,Wednesday,Night,55.81,1.0,Positive,40.63533,1,42.0
552658,Digital Digest,38.77,Technology,55.54,Wednesday,Night,13.51,0.0,Positive,27.89929,1,53.0
554035,Digital Digest,107.78,Technology,26.4,Wednesday,Night,0.0,3.0,Neutral,72.79427,1,61.0
556476,Digital Digest,65.66782098070321,Technology,26.49,Wednesday,Night,85.38,1.0,Positive,18.68,1,31.0
556916,Digital Digest,17.18,Technology,24.45,Wednesday,Night,86.03,2.0,Positive,11.99157,1,74.0
557162,Digital Digest,105.57,Technology,60.62,Wednesday,Night,0.0,0.0,Positive,92.94428,1,78.0
557671,Digital Digest,53.89,Technology,60.96,Wednesday,Night,20.91,1.0,Positive,48.90443,1,73.0
558673,Digital Digest,53.89,Technology,24.2,Wednesday,Night,97.08,1.0,Positive,48.90443,1,73.0
559372,Digital Digest,64.54,Technology,41.65,Wednesday,Night,73.3,3.0,Neutral,29.86662,1,61.0
559693,Digital Digest,94.99,Technology,79.71,Wednesday,Night,0.0,2.0,Negative,63.70877,1,79.0
559858,Digital Digest,67.87,Technology,76.39,Wednesday,Night,84.94,1.0,Negative,53.91942,1,62.0
560562,Digital Digest,50.59,Technology,25.38,Wednesday,Night,0.0,0.0,Positive,39.9,1,8.0
560855,Digital Digest,40.91,Technology,59.57,Wednesday,Night,92.92,1.0,Neutral,25.58123,1,6.0
562317,Digital Digest,53.89,Technology,60.96,Wednesday,Night,97.08,1.0,Positive,48.90443,1,73.0
562395,Digital Digest,116.84,Technology,41.16,Wednesday,Night,0.0,0.0,Neutral,90.16679,1,70.0
563778,Digital Digest,77.9904765,Technology,45.2,Wednesday,Night,45.11,3.0,Positive,77.1,1,8.0
563818,Digital Digest,106.81,Technology,63.12,Wednesday,Night,93.1,1.0,Negative,85.40302,1,65.0
566722,Digital Digest,42.73,Technology,59.38,Wednesday,Night,0.0,0.0,Positive,27.20086,1,31.0
567559,Digital Digest,72.64,Technology,31.04,Wednesday,Night,8.41,1.0,Neutral,39.24,1,31.0
569928,Digital Digest,55.59,Technology,43.15,Wednesday,Night,0.0,0.0,Positive,48.92955,1,81.0
577652,Digital Digest,117.31,Technology,77.92,Wednesday,Night,66.53,0.0,Negative,98.16333,1,85.0
578754,Digital Digest,65.66782098070321,Technology,85.04,Wednesday,Night,22.12,2.0,Positive,35.62153,1,4.0
579212,Digital Digest,32.88,Technology,51.85,Wednesday,Night,0.0,0.0,Positive,18.4,1,65.0
580317,Digital Digest,65.66782098070321,Technology,34.63,Wednesday,Night,64.18,0.0,Negative,61.70941,1,9.0
580714,Digital Digest,31.46,Technology,20.49,Wednesday,Night,86.08,2.0,Neutral,17.54051,1,55.0
583976,Digital Digest,94.33,Technology,62.78,Wednesday,Night,94.57,1.0,Negative,55.86926,1,80.0
585691,Digital Digest,108.98,Technology,29.76,Wednesday,Night,41.23,1.0,Neutral,62.83229,1,24.0
587325,Digital Digest,63.91,Technology,29.74,Wednesday,Night,92.42,1.0,Neutral,25.58123,1,6.0
587882,Digital Digest,40.38,Technology,29.81,Wednesday,Night,68.24,1.0,Positive,38.86461,1,62.0
589423,Digital Digest,50.34,Technology,62.26,Wednesday,Night,31.31,0.0,Positive,35.24343,1,37.0
593289,Digital Digest,68.59,Technology,60.13,Wednesday,Night,0.0,0.0,Negative,43.63528,1,20.0
594300,Digital Digest,67.93,Technology,48.01,Wednesday,Night,90.48,1.0,Positive,52.6381,1,55.0
595439,Digital Digest,33.73,Technology,44.65,Wednesday,Night,47.98,2.0,Negative,9.66,1,95.0
596890,Digital Digest,80.98,Technology,74.77,Wednesday,Night,10.85,3.0,Negative,43.26357,1,98.0
597433,Digital Digest,23.51,Technology,38.03,Wednesday,Night,7.37,0.0,Negative,23.47307,1,75.0
598391,Digital Digest,24.58,Technology,78.85,Wednesday,Night,54.59,1.0,Negative,12.04,1,63.0
598484,Digital Digest,76.24,Technology,69.35,Wednesday,Night,0.0,0.0,Negative,53.65457,1,78.0
599139,Digital Digest,30.9,Technology,66.26,Wednesday,Night,0.0,2.0,Negative,18.4697,1,77.0
599871,Digital Digest,69.58,Technology,90.87,Wednesday,Night,66.27,1.0,Negative,68.92765,1,52.0
600170,Digital Digest,94.65,Technology,27.27,Wednesday,Night,0.0,3.0,Positive,59.94,1,71.0
602481,Digital Digest,69.22,Technology,38.82,Wednesday,Night,58.11,0.0,Negative,56.88384,1,62.0
603708,Digital Digest,28.84,Technology,29.83,Wednesday,Night,94.54,1.0,Negative,19.24,1,27.0
604131,Digital Digest,77.77,Technology,71.39,Wednesday,Night,11.88,3.0,Positive,47.07054,1,25.0
604294,Digital Digest,71.22,Technology,23.69,Wednesday,Night,35.65,1.0,Negative,56.40703,1,59.0
612554,Digital Digest,114.63,Technology,48.52,Wednesday,Night,55.78,3.0,Positive,102.23,1,31.0
613816,Digital Digest,38.44,Technology,64.59,Wednesday,Night,9.8,1.0,Positive,18.13145,1,77.0
615642,Digital Digest,51.95,Technology,31.95,Wednesday,Night,59.12,3.0,Neutral,16.11683,1,29.0
615760,Digital Digest,117.83,Technology,33.03,Wednesday,Night,78.0,3.0,Positive,65.97959,1,73.0
616715,Digital Digest,65.66782098070321,Technology,71.69,Wednesday,Night,93.87,2.0,Positive,53.88,1,81.0
616822,Digital Digest,11.92,Technology,47.68,Wednesday,Night,0.0,0.0,Positive,2.26212,1,67.0
619179,Digital Digest,48.58,Technology,72.75,Wednesday,Night,54.78,1.0,Neutral,44.80645,1,1.0
622697,Digital Digest,109.29,Technology,20.15,Wednesday,Night,63.4,0.0,Neutral,78.38268,1,6.0
625336,Digital Digest,83.95,Technology,35.13,Wednesday,Night,7.23,0.0,Negative,47.65384,1,43.0
626918,Digital Digest,90.25,Technology,81.49,Wednesday,Night,9.59,3.0,Neutral,71.40752,1,34.0
628382,Digital Digest,75.0,Technology,23.2,Wednesday,Night,15.03,1.0,Positive,59.62123,1,69.0
629171,Digital Digest,96.89,Technology,64.36,Wednesday,Night,47.19,1.0,Negative,76.90042,1,74.0
629193,Digital Digest,106.04,Technology,52.96,Wednesday,Night,74.04,0.0,Negative,97.29583,1,92.0
629296,Digital Digest,71.59,Technology,54.93,Wednesday,Night,94.33,3.0,Neutral,58.49117,1,32.0
629829,Digital Digest,32.06,Technology,34.69,Wednesday,Night,56.27,1.0,Positive,16.55,1,8.0
630890,Digital Digest,88.14,Technology,70.65,Wednesday,Night,15.12,0.0,Neutral,79.26656,1,4.0
631679,Digital Digest,67.08,Technology,95.64,Wednesday,Night,17.95,2.0,Neutral,33.73771,1,64.0
631824,Digital Digest,111.0,Technology,81.86,Wednesday,Night,20.49,1.0,Neutral,87.25661,1,64.0
632604,Digital Digest,64.91,Technology,88.89,Wednesday,Night,0.0,0.0,Neutral,32.11,1,75.0
634395,Digital Digest,18.73,Technology,34.82,Wednesday,Night,2.66,2.0,Neutral,8.19,1,33.0
634898,Digital Digest,30.35,Technology,60.37,Wednesday,Night,0.0,3.0,Positive,16.95922,1,2.0
635638,Digital Digest,61.77,Technology,34.59,Wednesday,Night,77.03,0.0,Positive,26.23709,1,17.0
639096,Digital Digest,44.01,Technology,51.04,Wednesday,Night,94.33,3.0,Neutral,18.17202,1,42.0
639425,Digital Digest,114.98,Technology,49.72,Wednesday,Night,44.53,2.0,Neutral,102.11432,1,20.0
639592,Digital Digest,119.49,Technology,22.44,Wednesday,Night,77.44,0.0,Positive,71.5181,1,50.0
640560,Digital Digest,65.66782098070321,Technology,24.72,Wednesday,Night,0.0,2.0,Negative,38.00165,1,49.0
641887,Digital Digest,37.98,Technology,38.01,Wednesday,Night,2.68,0.0,Negative,23.47307,1,75.0
642973,Digital Digest,106.78,Technology,52.88,Wednesday,Night,97.66,0.0,Positive,80.60583,1,57.0
644612,Digital Digest,105.98,Technology,96.59,Wednesday,Night,19.85,0.0,Positive,87.3,1,2.0
645519,Digital Digest,65.66782098070321,Technology,48.66,Wednesday,Night,57.44,0.0,Positive,28.15,1,42.0
647595,Digital Digest,32.58,Technology,36.99,Wednesday,Night,55.27,3.0,Positive,28.15,1,24.0
648357,Digital Digest,67.13,Technology,51.81,Wednesday,Night,23.61,0.0,Positive,62.34461,1,48.0
651296,Digital Digest,96.37,Technology,92.33,Wednesday,Night,89.66,1.0,Neutral,88.68054,1,30.0
651609,Digital Digest,10.42,Technology,71.02,Wednesday,Night,40.12,0.0,Negative,2.5584,1,8.0
652084,Digital Digest,65.66782098070321,Technology,41.04,Wednesday,Night,29.66,1.0,Negative,5.77826,1,52.0
655689,Digital Digest,24.22,Technology,80.75,Wednesday,Night,28.73,2.0,Negative,10.19825,1,58.0
659975,Digital Digest,66.36,Technology,39.71,Wednesday,Night,95.29,3.0,Neutral,30.94767,1,33.0
665534,Digital Digest,6.9,Technology,63.51,Wednesday,Night,54.04,3.0,Positive,6.28,1,62.0
669530,Digital Digest,65.66782098070321,Technology,55.29,Wednesday,Night,76.93,3.0,Negative,44.2652,1,76.0
669532,Digital Digest,114.48,Technology,48.66,Wednesday,Night,84.17,1.0,Negative,79.86917,1,67.0
669850,Digital Digest,83.99,Technology,95.73,Wednesday,Night,75.81,0.0,Neutral,70.8144,1,60.0
669926,Digital Digest,64.71,Technology,48.02,Wednesday,Night,59.56,2.0,Negative,33.59092,1,38.0
671835,Digital Digest,9.08,Technology,82.34,Wednesday,Night,0.0,3.0,Positive,2.05079,1,78.0
673693,Digital Digest,61.9,Technology,29.24,Wednesday,Night,0.0,3.0,Negative,31.84144,1,50.0
674814,Digital Digest,66.28,Technology,81.79,Wednesday,Night,19.72,3.0,Positive,42.63442,1,70.0
675808,Digital Digest,27.4,Technology,76.68,Wednesday,Night,73.68,1.0,Negative,21.24,1,78.0
676483,Digital Digest,53.9,Technology,55.82,Wednesday,Night,12.82,0.0,Neutral,24.22254,1,74.0
681117,Digital Digest,76.98,Technology,92.61,Wednesday,Night,61.51,1.0,Negative,44.18803,1,29.0
681662,Digital Digest,91.05,Technology,43.06,Wednesday,Night,94.45,0.0,Positive,57.94521,1,11.0
682730,Digital Digest,64.91,Technology,28.96,Wednesday,Night,0.0,3.0,Negative,61.6612,1,73.0
683632,Digital Digest,65.66782098070321,Technology,75.81,Wednesday,Night,31.41,1.0,Positive,66.9,1,38.0
684406,Digital Digest,63.41,Technology,41.09,Wednesday,Night,6.2,3.0,Neutral,34.17875,1,41.0
689269,Digital Digest,94.62,Technology,91.22,Wednesday,Night,20.66,1.0,Neutral,75.17965,1,81.0
690495,Digital Digest,32.45,Technology,61.04,Wednesday,Night,0.0,0.0,Positive,18.4,1,40.0
692127,Digital Digest,65.66782098070321,Technology,84.66,Wednesday,Night,0.0,2.0,Negative,57.96762,1,12.0
693219,Digital Digest,15.94,Technology,29.84,Wednesday,Night,59.72,2.0,Positive,7.77384,1,62.0
695138,Digital Digest,77.54,Technology,38.34,Wednesday,Night,44.78,2.0,Neutral,37.52634,1,67.0
696372,Digital Digest,93.15,Technology,36.51,Wednesday,Night,77.71,0.0,Positive,85.31998,1,77.0
696534,Digital Digest,65.66782098070321,Technology,35.8,Wednesday,Night,0.0,1.0,Positive,81.77845,1,70.0
697835,Digital Digest,65.66782098070321,Technology,56.49,Wednesday,Night,55.83,2.0,Negative,20.0,1,56.0
698471,Digital Digest,111.39,Technology,20.69,Wednesday,Night,90.31,2.0,Positive,82.85308,1,37.0
699088,Digital Digest,65.66782098070321,Technology,63.39,Wednesday,Night,88.97,2.0,Negative,42.06,1,98.0
701366,Digital Digest,24.58,Technology,24.65,Wednesday,Night,0.0,2.0,Negative,21.337,1,72.0
704161,Digital Digest,69.22,Technology,20.34,Wednesday,Night,58.1,0.0,Negative,56.88384,1,62.0
704866,Digital Digest,54.44,Technology,49.98,Wednesday,Night,78.14,0.0,Positive,41.60252,1,22.0
705816,Digital Digest,92.16,Technology,42.41,Wednesday,Night,13.01,1.0,Positive,82.82426,1,34.0
706367,Digital Digest,31.55,Technology,35.88,Wednesday,Night,34.04,3.0,Neutral,17.44754,1,14.0
706458,Digital Digest,19.91,Technology,53.25,Wednesday,Night,0.0,0.0,Negative,4.62869,1,62.0
707134,Digital Digest,21.1,Technology,64.11,Wednesday,Night,41.1,0.0,Negative,18.20757,1,32.0
707254,Digital Digest,99.22,Technology,94.69,Wednesday,Night,93.18,1.0,Positive,73.04546,1,77.0
711701,Digital Digest,66.89,Technology,53.72,Wednesday,Night,98.71,2.0,Negative,50.14583,1,30.0
712761,Digital Digest,43.1,Technology,32.93,Wednesday,Night,75.52,1.0,Negative,39.88143,1,59.0
714717,Digital Digest,47.48,Technology,97.15,Wednesday,Night,54.61,2.0,Positive,38.35627,1,71.0
715292,Digital Digest,67.09,Technology,35.26,Wednesday,Night,86.27,2.0,Positive,47.62811,1,27.0
715422,Digital Digest,53.07,Technology,28.9,Wednesday,Night,38.03,1.0,Positive,44.89268,1,8.0
715449,Digital Digest,15.13,Technology,34.25,Wednesday,Night,3.4,1.0,Positive,2.51917,1,1.0
716707,Digital Digest,116.38,Technology,69.73,Wednesday,Night,47.98,1.0,Positive,84.55989,1,42.0
717196,Digital Digest,23.51,Technology,38.02,Wednesday,Night,7.77,0.0,Negative,23.47307,1,75.0
718295,Digital Digest,37.27,Technology,38.36,Wednesday,Night,9.56,0.0,Negative,23.47307,1,75.0
718573,Digital Digest,43.13,Technology,25.93,Wednesday,Night,0.0,1.0,Negative,39.88143,1,59.0
719029,Digital Digest,30.11,Technology,48.83,Wednesday,Night,98.57,2.0,Positive,15.15,1,21.0
720715,Digital Digest,65.66782098070321,Technology,86.63,Wednesday,Night,0.0,1.0,Negative,10.03877,1,94.0
724162,Digital Digest,34.91,Technology,26.69,Wednesday,Night,95.82,3.0,Neutral,21.59,1,57.0
724655,Digital Digest,88.29,Technology,89.52,Wednesday,Night,0.0,0.0,Neutral,51.21841,1,67.0
725453,Digital Digest,108.59,Technology,85.39,Wednesday,Night,35.92,3.0,Positive,47.70543,1,9.0
725780,Digital Digest,48.44,Technology,59.72,Wednesday,Night,4.22,0.0,Positive,28.3,1,68.0
726394,Digital Digest,68.87,Technology,73.7,Wednesday,Night,58.87,3.0,Neutral,48.15707,1,28.0
728588,Digital Digest,116.35,Technology,99.2,Wednesday,Night,63.76,1.0,Positive,84.55989,1,46.0
728608,Digital Digest,82.96,Technology,96.3,Wednesday,Night,38.28,1.0,Positive,53.85,1,29.0
728823,Digital Digest,99.04,Technology,83.16,Wednesday,Night,23.04,1.0,Negative,72.02744,1,64.0
729438,Digital Digest,34.4,Technology,27.68,Wednesday,Night,0.0,2.0,Negative,23.65,1,69.0
731222,Digital Digest,116.85,Technology,31.44,Wednesday,Night,49.03,0.0,Neutral,87.57295,1,11.0
731707,Digital Digest,90.64,Technology,82.91,Wednesday,Night,2.81,2.0,Negative,38.95869,1,92.0
731757,Digital Digest,93.22,Technology,50.62,Wednesday,Night,57.1,0.0,Negative,73.42198,1,93.0
731930,Digital Digest,65.66782098070321,Technology,77.5,Wednesday,Night,28.43,3.0,Neutral,72.37653,1,75.0
732868,Digital Digest,6.73,Technology,82.14,Wednesday,Night,13.02,1.0,Neutral,0.86402,1,85.0
733181,Digital Digest,114.56,Technology,32.66,Wednesday,Night,69.96,2.0,Neutral,68.77742,1,15.0
735765,Digital Digest,98.64,Technology,24.59,Wednesday,Night,22.3,0.0,Positive,68.8022,1,80.0
736877,Digital Digest,115.31,Technology,77.06,Wednesday,Night,35.73,2.0,Positive,65.683,1,48.0
737087,Digital Digest,71.0,Technology,93.39,Wednesday,Night,0.0,1.0,Negative,40.28056,1,100.0
740884,Digital Digest,108.27,Technology,22.5,Wednesday,Night,60.01,0.0,Neutral,87.48703,1,71.0
741721,Digital Digest,34.73,Technology,62.52,Wednesday,Night,58.87,1.0,Positive,20.63115,1,79.0
742223,Digital Digest,97.93,Technology,49.31,Wednesday,Night,48.96,1.0,Negative,40.97,1,99.0
744148,Digital Digest,91.5,Technology,73.41,Wednesday,Night,9.32,2.0,Neutral,78.99161,1,78.0
746098,Digital Digest,21.07,Technology,42.07,Wednesday,Night,42.71,0.0,Neutral,20.80916,1,16.0
746582,Digital Digest,81.42,Technology,32.02,Wednesday,Night,79.27,2.0,Negative,65.18051,1,72.0
746718,Digital Digest,45.54,Technology,46.65,Wednesday,Night,82.74,0.0,Negative,43.90701,1,99.0
747669,Digital Digest,58.76,Technology,80.05,Wednesday,Night,91.63,1.0,Neutral,55.21208,1,3.0
749839,Digital Digest,115.32,Technology,83.62,Wednesday,Night,43.82,3.0,Neutral,68.30351,1,18.0
751115,Digital Digest,12.2,Technology,60.55,Wednesday,Night,60.21,0.0,Negative,,0,99.0
753837,Digital Digest,17.02,Technology,30.97,Wednesday,Night,5.62,1.0,Negative,,0,72.0
754133,Digital Digest,57.56,Technology,24.49,Wednesday,Night,50.09,2.0,Positive,,0,27.0
754354,Digital Digest,70.95,Technology,88.56,Wednesday,Night,0.0,2.0,Positive,,0,31.0
754683,Digital Digest,105.78,Technology,83.42,Wednesday,Night,64.84,2.0,Negative,,0,60.0
754994,Digital Digest,86.41,Technology,97.44,Wednesday,Night,73.12,1.0,Positive,,0,18.0
758353,Digital Digest,80.02,Technology,84.53,Wednesday,Night,0.0,3.0,Negative,,0,79.0
758642,Digital Digest,43.06,Technology,25.93,Wednesday,Night,57.86,1.0,Negative,,0,59.0
760070,Digital Digest,75.96,Technology,42.06,Wednesday,Night,8.82,1.0,Neutral,,0,53.0
761032,Digital Digest,23.84,Technology,84.63,Wednesday,Night,6.11,1.0,Negative,,0,78.0
763687,Digital Digest,13.01,Technology,36.52,Wednesday,Night,75.19,2.0,Neutral,,0,83.0
766583,Digital Digest,59.59,Technology,81.7,Wednesday,Night,34.67,2.0,Positive,,0,36.0
767861,Digital Digest,98.05,Technology,92.41,Wednesday,Night,5.95,0.0,Positive,,0,26.0
767886,Digital Digest,102.66,Technology,48.29,Wednesday,Night,0.0,1.0,Neutral,,0,99.0
768194,Digital Digest,111.7,Technology,70.45,Wednesday,Night,16.23,1.0,Neutral,,0,88.0
768756,Digital Digest,14.19,Technology,48.27,Wednesday,Night,75.81,1.0,Negative,,0,41.0
769042,Digital Digest,16.88,Technology,65.27,Wednesday,Night,40.46,3.0,Neutral,,0,2.0
769160,Digital Digest,39.03,Technology,38.73,Wednesday,Night,38.58,3.0,Neutral,,0,87.0
770352,Digital Digest,28.94,Technology,59.28,Wednesday,Night,0.0,0.0,Positive,,0,89.0
771660,Digital Digest,67.06,Technology,51.41,Wednesday,Night,23.83,0.0,Positive,,0,48.0
774678,Digital Digest,29.03,Technology,69.49,Wednesday,Night,69.95,3.0,Negative,,0,42.0
775564,Digital Digest,23.45,Technology,20.68,Wednesday,Night,0.57,0.0,Neutral,,0,11.0
776416,Digital Digest,35.79,Technology,65.7,Wednesday,Night,93.12,2.0,Neutral,,0,75.0
777867,Digital Digest,66.17,Technology,52.6,Wednesday,Night,93.68,0.0,Neutral,,0,69.0
779011,Digital Digest,56.41,Technology,55.2,Wednesday,Night,35.25,3.0,Positive,,0,9.0
781753,Digital Digest,18.35,Technology,67.07,Wednesday,Night,49.35,0.0,Neutral,,0,77.0
785278,Digital Digest,60.48,Technology,64.17,Wednesday,Night,52.05,1.0,Neutral,,0,47.0
788073,Digital Digest,47.46,Technology,88.45,Wednesday,Night,0.67,1.0,Neutral,,0,72.0
788254,Digital Digest,22.23,Technology,56.52,Wednesday,Night,73.59,0.0,Negative,,0,90.0
788626,Digital Digest,32.3,Technology,36.44,Wednesday,Night,6.59,0.0,Negative,,0,63.0
788884,Digital Digest,28.75,Technology,29.53,Wednesday,Night,84.19,3.0,Neutral,,0,92.0
788950,Digital Digest,104.11,Technology,85.76,Wednesday,Night,30.6,1.0,Neutral,,0,57.0
789757,Digital Digest,58.34,Technology,90.7,Wednesday,Night,10.59,2.0,Negative,,0,70.0
790425,Digital Digest,17.9,Technology,67.07,Wednesday,Night,33.35,1.0,Neutral,,0,77.0
795501,Digital Digest,63.8,Technology,80.3,Wednesday,Night,97.11,0.0,Positive,,0,89.0
795548,Digital Digest,48.69,Technology,59.4,Wednesday,Night,29.71,0.0,Negative,,0,64.0
798805,Digital Digest,103.65,Technology,38.58,Wednesday,Night,0.71,0.0,Neutral,,0,100.0
799768,Digital Digest,18.73,Technology,28.21,Wednesday,Night,48.16,0.0,Neutral,,0,71.0
804503,Digital Digest,92.4,Technology,46.07,Wednesday,Night,67.13,0.0,Positive,,0,28.0
806486,Digital Digest,75.5,Technology,77.06,Wednesday,Night,33.75,0.0,Negative,,0,76.0
807483,Digital Digest,67.02,Technology,50.2,Wednesday,Night,0.48,0.0,Positive,,0,24.0
807850,Digital Digest,96.15,Technology,94.18,Wednesday,Night,79.59,0.0,Neutral,,0,31.0
813774,Digital Digest,113.16,Technology,61.16,Wednesday,Night,81.78,1.0,Negative,,0,49.0
815857,Digital Digest,97.71,Technology,47.3,Wednesday,Night,11.52,3.0,Neutral,,0,81.0
816214,Digital Digest,65.66782098070321,Technology,22.51,Wednesday,Night,42.94,3.0,Neutral,,0,61.0
816743,Digital Digest,34.57,Technology,51.87,Wednesday,Night,79.14,2.0,Negative,,0,73.0
816749,Digital Digest,83.31,Technology,42.6,Wednesday,Night,69.57,1.0,Neutral,,0,52.0
817011,Digital Digest,65.66782098070321,Technology,63.32,Wednesday,Night,0.0,1.0,Positive,,0,99.0
817282,Digital Digest,51.23,Technology,76.33,Wednesday,Night,94.5,3.0,Neutral,,0,75.0
817683,Digital Digest,59.49,Technology,98.0,Wednesday,Night,0.0,2.0,Positive,,0,3.0
819205,Digital Digest,119.93,Technology,60.84,Wednesday,Night,54.64,0.0,Positive,,0,20.0
823435,Digital Digest,30.78,Technology,43.62,Wednesday,Night,12.97,1.0,Negative,,0,72.0
824411,Digital Digest,83.31,Technology,88.03,Wednesday,Night,79.57,2.0,Negative,,0,12.0
825125,Digital Digest,81.11,Technology,71.54,Wednesday,Night,0.0,0.0,Neutral,,0,65.0
826015,Digital Digest,119.49,Technology,50.44,Wednesday,Night,73.75,0.0,Positive,,0,97.0
826420,Digital Digest,91.74,Technology,27.58,Wednesday,Night,0.0,2.0,Neutral,,0,35.0
826872,Digital Digest,65.66782098070321,Technology,98.0,Wednesday,Night,87.19,0.0,Neutral,,0,21.0
827906,Digital Digest,66.63,Technology,95.5,Wednesday,Night,72.47,0.0,Positive,,0,89.0
829113,Digital Digest,84.01,Technology,60.26,Wednesday,Night,0.0,2.0,Positive,,0,11.0
829297,Digital Digest,63.54,Technology,88.59,Wednesday,Night,10.18,2.0,Negative,,0,70.0
833184,Digital Digest,106.06,Technology,80.68,Wednesday,Night,29.35,0.0,Positive,,0,7.0
833769,Digital Digest,91.4,Technology,48.94,Wednesday,Night,89.48,1.0,Negative,,0,92.0
835092,Digital Digest,44.03,Technology,36.01,Wednesday,Night,42.69,1.0,Negative,,0,65.0
835230,Digital Digest,43.79,Technology,59.97,Wednesday,Night,73.96,0.0,Neutral,,0,7.0
835589,Digital Digest,96.4,Technology,97.1,Wednesday,Night,28.73,1.0,Positive,,0,48.0
835925,Digital Digest,20.16,Technology,39.63,Wednesday,Night,50.48,1.0,Positive,,0,39.0
837634,Digital Digest,9.04,Technology,98.24,Wednesday,Night,42.15,2.0,Positive,,0,70.0
838171,Digital Digest,31.4,Technology,28.58,Wednesday,Night,14.68,1.0,Positive,,0,6.0
838635,Digital Digest,45.19,Technology,89.44,Wednesday,Night,5.04,0.0,Neutral,,0,23.0
840506,Digital Digest,74.73,Technology,60.61,Wednesday,Night,9.15,0.0,Neutral,,0,59.0
841259,Digital Digest,86.49,Technology,24.22,Wednesday,Night,0.0,1.0,Positive,,0,64.0
841871,Digital Digest,26.57,Technology,90.81,Wednesday,Night,52.11,0.0,Neutral,,0,21.0
844106,Digital Digest,38.7,Technology,23.54,Wednesday,Night,9.21,1.0,Positive,,0,70.0
846345,Digital Digest,73.37,Technology,27.37,Wednesday,Night,9.27,0.0,Negative,,0,67.0
846481,Digital Digest,65.66782098070321,Technology,56.18,Wednesday,Night,70.67,3.0,Negative,,0,7.0
846972,Digital Digest,109.72,Technology,60.23,Wednesday,Night,86.91,0.0,Negative,,0,79.0
847121,Digital Digest,23.98,Technology,25.16,Wednesday,Night,0.0,1.0,Neutral,,0,43.0
849323,Digital Digest,44.07,Technology,53.1,Wednesday,Night,88.08,0.0,Neutral,,0,35.0
849836,Digital Digest,98.27,Technology,72.08,Wednesday,Night,14.05,0.0,Positive,,0,80.0
850156,Digital Digest,70.87,Technology,73.16,Wednesday,Night,83.23,3.0,Neutral,,0,52.0
851282,Digital Digest,96.08,Technology,75.33,Wednesday,Night,0.0,1.0,Neutral,,0,65.0
852258,Digital Digest,117.96,Technology,77.92,Wednesday,Night,83.92,0.0,Negative,,0,85.0
852601,Digital Digest,78.83,Technology,31.75,Wednesday,Night,85.98,1.0,Negative,,0,31.0
852649,Digital Digest,95.64,Technology,48.15,Wednesday,Night,95.3,2.0,Positive,,0,72.0
853504,Digital Digest,119.59,Technology,60.01,Wednesday,Night,0.0,1.0,Positive,,0,9.0
856975,Digital Digest,31.25,Technology,60.75,Wednesday,Night,3.18,1.0,Negative,,0,86.0
857107,Digital Digest,108.59,Technology,85.39,Wednesday,Night,35.1,3.0,Positive,,0,9.0
860195,Digital Digest,33.28,Technology,26.72,Wednesday,Night,56.59,2.0,Negative,,0,8.0
862040,Digital Digest,94.08,Technology,44.05,Wednesday,Night,46.14,3.0,Negative,,0,8.0
862325,Digital Digest,42.04,Technology,56.58,Wednesday,Night,61.53,0.0,Neutral,,0,69.0
864458,Digital Digest,84.77,Technology,82.34,Wednesday,Night,90.85,2.0,Neutral,,0,85.0
865250,Digital Digest,53.89,Technology,24.2,Wednesday,Night,20.91,1.0,Positive,,0,73.0
868055,Digital Digest,21.74,Technology,82.67,Wednesday,Night,0.0,2.0,Negative,,0,69.0
868423,Digital Digest,36.11,Technology,36.14,Wednesday,Night,38.91,1.0,Neutral,,0,93.0
870833,Digital Digest,6.3,Technology,96.1,Wednesday,Night,38.41,2.0,Neutral,,0,82.0
872728,Digital Digest,98.85,Technology,87.6,Wednesday,Night,50.49,2.0,Neutral,,0,29.0
875894,Digital Digest,23.57,Technology,59.63,Wednesday,Night,81.4,1.0,Negative,,0,65.0
876656,Digital Digest,86.22,Technology,81.92,Wednesday,Night,23.23,1.0,Positive,,0,58.0
877280,Digital Digest,109.03,Technology,41.95,Wednesday,Night,76.47,3.0,Positive,,0,61.0
881450,Digital Digest,52.71,Technology,48.56,Wednesday,Night,29.71,3.0,Neutral,,0,7.0
882104,Digital Digest,50.61,Technology,38.49,Wednesday,Night,0.0,1.0,Positive,,0,4.0
882764,Digital Digest,83.53,Technology,59.28,Wednesday,Night,18.8,1.0,Positive,,0,76.0
884908,Digital Digest,104.97,Technology,27.73,Wednesday,Night,74.39,0.0,Neutral,,0,74.0
886443,Digital Digest,107.85,Technology,87.09,Wednesday,Night,59.61,0.0,Positive,,0,40.0
887015,Digital Digest,15.42,Technology,36.81,Wednesday,Night,53.86,0.0,Positive,,0,73.0
889186,Digital Digest,48.33,Technology,59.96,Wednesday,Night,48.49,0.0,Negative,,0,76.0
890269,Digital Digest,102.07,Technology,71.21,Wednesday,Night,87.53,0.0,Negative,,0,4.0
891703,Digital Digest,66.46,Lifestyle,61.01,Wednesday,Night,83.82,3.0,Neutral,,0,31.0
891736,Digital Digest,40.27,Technology,47.34,Wednesday,Night,1.03,0.0,Neutral,,0,36.0
893726,Digital Digest,44.25,Technology,81.01,Wednesday,Night,41.88,2.0,Neutral,,0,22.0
895341,Digital Digest,44.07,Technology,64.89,Wednesday,Night,17.08,0.0,Neutral,,0,36.0
895803,Digital Digest,77.5,Technology,58.46,Wednesday,Night,38.2,3.0,Positive,,0,46.0
897910,Digital Digest,5.83,Technology,47.1,Wednesday,Night,24.94,3.0,Negative,,0,72.0
898241,Digital Digest,69.67,Technology,88.31,Wednesday,Night,91.4,1.0,Negative,,0,51.0
898895,Digital Digest,64.23,Technology,24.23,Wednesday,Night,76.05,2.0,Positive,,0,7.0
901142,Digital Digest,95.66,Technology,90.84,Wednesday,Night,47.98,3.0,Positive,,0,73.0
902347,Digital Digest,108.86,Technology,49.86,Wednesday,Night,3.34,3.0,Neutral,,0,64.0
904462,Digital Digest,96.54,Technology,69.78,Wednesday,Night,24.59,1.0,Neutral,,0,43.0
907298,Digital Digest,48.58,Technology,71.34,Wednesday,Night,24.19,0.0,Neutral,,0,14.0
909053,Digital Digest,10.36,Technology,38.47,Wednesday,Night,0.0,2.0,Neutral,,0,59.0
910943,Digital Digest,65.66782098070321,Technology,65.24,Wednesday,Night,95.38,3.0,Positive,,0,78.0
911443,Digital Digest,53.08,Technology,42.65,Wednesday,Night,0.0,3.0,Neutral,,0,50.0
911909,Digital Digest,78.05,Technology,78.76,Wednesday,Night,56.31,3.0,Negative,,0,7.0
914489,Digital Digest,12.13,Technology,46.68,Wednesday,Night,73.3,1.0,Negative,,0,40.0
914569,Digital Digest,41.4,Technology,75.23,Wednesday,Night,0.0,3.0,Neutral,,0,78.0
915698,Digital Digest,86.92,Technology,53.2,Wednesday,Night,61.05,1.0,Negative,,0,45.0
916312,Digital Digest,105.19,Technology,27.21,Wednesday,Night,19.08,2.0,Neutral,,0,24.0
918712,Digital Digest,15.33,Technology,90.3,Wednesday,Night,36.93,3.0,Positive,,0,55.0
919514,Digital Digest,26.69,Technology,46.95,Wednesday,Night,78.5,1.0,Negative,,0,54.0
921266,Digital Digest,36.19,Technology,72.0,Wednesday,Night,0.0,0.0,Neutral,,0,90.0
922001,Digital Digest,30.94,Technology,78.67,Wednesday,Night,89.71,0.0,Negative,,0,63.0
922185,Digital Digest,72.81,Technology,87.44,Wednesday,Night,66.1,0.0,Positive,,0,24.0
927753,Digital Digest,117.52,Technology,86.23,Wednesday,Night,56.37,1.0,Negative,,0,24.0
929207,Digital Digest,119.49,Technology,50.44,Wednesday,Night,77.34,0.0,Positive,,0,25.0
934214,Digital Digest,16.53,Technology,31.61,Wednesday,Night,5.21,3.0,Positive,,0,24.0
935106,Digital Digest,65.66782098070321,Technology,23.46,Wednesday,Night,1.99,1.0,Negative,,0,87.0
936093,Digital Digest,95.51,Technology,56.51,Wednesday,Night,59.72,3.0,Negative,,0,72.0
936723,Digital Digest,112.41,Technology,56.44,Wednesday,Night,74.14,1.0,Negative,,0,6.0
938012,Digital Digest,95.83,Technology,70.72,Wednesday,Night,9.44,2.0,Neutral,,0,2.0
941835,Digital Digest,37.60028873,Technology,66.05,Wednesday,Night,51.75,0.0,Negative,,0,58.0
942737,Digital Digest,107.52,Technology,37.67,Wednesday,Night,10.68,0.0,Positive,,0,29.0
944109,Digital Digest,38.73,Technology,21.54,Wednesday,Night,97.8,2.0,Neutral,,0,46.0
945752,Digital Digest,98.14,Technology,34.76,Wednesday,Night,51.71,0.0,Neutral,,0,98.0
946242,Digital Digest,41.72,Technology,57.95,Wednesday,Night,1.86,0.0,Positive,,0,1.0
946790,Digital Digest,65.66782098070321,Technology,25.97,Wednesday,Night,26.07,0.0,Neutral,,0,79.0
948698,Digital Digest,88.16,Technology,29.04,Wednesday,Night,83.45,3.0,Negative,,0,3.0
950298,Digital Digest,37.57,Technology,38.06,Wednesday,Night,7.28,0.0,Negative,,0,75.0
951089,Digital Digest,95.43,Technology,87.25,Wednesday,Night,52.84,1.0,Positive,,0,20.0
953294,Digital Digest,43.13,Technology,59.97,Wednesday,Night,49.32,1.0,Neutral,,0,3.0
953912,Digital Digest,65.66782098070321,Technology,64.39,Wednesday,Night,69.45,1.0,Positive,,0,23.0
954576,Digital Digest,83.68,Technology,60.13,Wednesday,Night,0.0,0.0,Negative,,0,20.0
954692,Digital Digest,31.59,Technology,80.84,Wednesday,Night,0.0,0.0,Positive,,0,80.0
956553,Digital Digest,71.19,Technology,23.69,Wednesday,Night,81.2,1.0,Negative,,0,59.0
956578,Digital Digest,53.61,Technology,53.29,Wednesday,Night,42.71,0.0,Neutral,,0,46.0
960768,Digital Digest,30.11,Technology,61.85,Wednesday,Night,48.29,0.0,Positive,,0,69.0
962517,Digital Digest,101.38,Technology,52.52,Wednesday,Night,55.2,1.0,Neutral,,0,36.0
964252,Digital Digest,52.52,Technology,20.72,Wednesday,Night,98.71,1.0,Neutral,,0,67.0
967320,Digital Digest,118.28,Technology,44.06,Wednesday,Night,48.77,0.0,Neutral,,0,65.0
967555,Digital Digest,34.41,Technology,59.42,Wednesday,Night,92.65,1.0,Neutral,,0,6.0
967765,Digital Digest,81.47,Technology,21.46,Wednesday,Night,30.97,0.0,Neutral,,0,14.0
970586,Digital Digest,39.15,Technology,48.18,Wednesday,Night,5.05,3.0,Negative,,0,8.0
971210,Digital Digest,109.67,Technology,42.48,Wednesday,Night,0.0,1.0,Neutral,,0,94.0
971555,Digital Digest,64.2,Technology,85.95,Wednesday,Night,35.27,3.0,Positive,,0,35.0
973934,Digital Digest,19.39,Technology,94.71,Wednesday,Night,78.2,0.0,Negative,,0,46.0
974225,Digital Digest,119.06,Technology,84.56,Wednesday,Night,79.02,1.0,Negative,,0,18.0
975117,Digital Digest,106.49,Technology,57.07,Wednesday,Night,74.95,3.0,Positive,,0,23.0
975424,Digital Digest,107.39,Technology,40.06,Wednesday,Night,99.51,2.0,Negative,,0,97.0
975698,Digital Digest,98.89,Technology,56.53,Wednesday,Night,0.0,0.0,Negative,,0,97.0
977387,Digital Digest,117.91,Technology,52.23,Wednesday,Night,0.0,0.0,Negative,,0,73.0
977607,Digital Digest,66.29,Technology,24.27,Wednesday,Night,49.23,2.0,Positive,,0,7.0
978191,Digital Digest,108.96,Technology,36.63,Wednesday,Night,61.03,0.0,Neutral,,0,57.0
979556,Digital Digest,71.97,Technology,36.6,Wednesday,Night,81.36,2.0,Neutral,,0,61.0
979903,Digital Digest,35.13,Technology,34.56,Wednesday,Night,82.92,1.0,Positive,,0,35.0
983612,Digital Digest,49.81,Technology,71.81,Wednesday,Night,49.81,2.0,Negative,,0,71.0
983619,Digital Digest,71.62,Technology,23.69,Wednesday,Night,81.2,1.0,Negative,,0,59.0
984983,Digital Digest,117.06,Technology,61.74,Wednesday,Night,44.16,3.0,Positive,,0,48.0
985341,Digital Digest,113.56,Technology,48.52,Wednesday,Night,0.0,1.0,Positive,,0,47.0
987056,Digital Digest,95.42,Technology,68.11,Wednesday,Night,38.69,1.0,Positive,,0,55.0
987670,Digital Digest,67.53,Technology,98.96,Wednesday,Night,96.77,0.0,Positive,,0,60.0
990093,Digital Digest,78.81,Technology,74.17,Wednesday,Night,93.27,2.0,Negative,,0,12.0
990165,Digital Digest,92.62,Technology,99.4,Wednesday,Night,85.36,0.0,Positive,,0,79.0
993638,Digital Digest,44.07,Technology,64.89,Wednesday,Night,88.59,2.0,Neutral,,0,35.0
994559,Digital Digest,76.32,Technology,32.95,Wednesday,Night,88.51,2.0,Neutral,,0,32.0
995625,Digital Digest,13.65,Technology,67.07,Wednesday,Night,49.57,1.0,Neutral,,0,77.0
999182,Digital Digest,65.66782098070321,Technology,28.53,Wednesday,Night,58.61,2.0,Neutral,,0,36.0
