id,Podcast_Name,Episode_Length_minutes,Genre,Host_Popularity_percentage,Publication_Day,Publication_Time,Guest_Popularity_percentage,Number_of_Ads,Episode_Sentiment,Listening_Time_minutes,is_train,Episode_Number
2344,Digital Digest,107.98,Technology,56.29,Thursday,Night,81.31,0.0,Neutral,52.93637,1,8.0
6374,Digital Digest,49.93,Technology,76.74,Thursday,Night,56.29,2.0,Positive,34.03,1,63.0
9635,Digital Digest,95.38,Technology,74.36,Thursday,Night,85.04,2.0,Neutral,46.81522,1,1.0
9927,Digital Digest,62.265639099999994,Technology,94.91,Thursday,Night,45.71,0.0,Negative,47.13957,1,18.0
10634,Digital Digest,15.81,Technology,39.55,Thursday,Night,33.9,0.0,Neutral,10.82,1,84.0
10732,Digital Digest,28.69,Technology,30.49,Thursday,Night,34.59,2.0,Positive,8.89,1,49.0
11145,Digital Digest,62.66,Technology,39.27,Thursday,Night,18.99,1.0,Positive,31.05,1,57.0
12145,Digital Digest,62.265639099999994,Technology,49.84,Thursday,Night,47.38,2.0,Neutral,8.78,1,85.0
12534,Digital Digest,103.98,Technology,97.14,Thursday,Night,87.29,0.0,Positive,58.24,1,16.0
14192,Digital Digest,14.76,Technology,94.58,Thursday,Night,35.67,1.0,Negative,13.30745,1,59.0
14696,Digital Digest,49.78,Technology,56.57,Thursday,Night,63.78,2.0,Positive,34.03,1,63.0
14769,Digital Digest,6.82,Technology,38.14,Thursday,Night,64.14,1.0,Neutral,6.78,1,84.0
14995,Digital Digest,65.67,Technology,32.03,Thursday,Night,0.0,2.0,Positive,38.83066,1,16.0
15808,Digital Digest,62.265639099999994,Technology,58.77,Thursday,Night,9.68,0.0,Neutral,28.31572,1,21.0
17692,Digital Digest,62.265639099999994,Technology,39.47,Thursday,Night,8.59,1.0,Neutral,39.24,1,31.0
18591,Digital Digest,24.97,Technology,39.36,Thursday,Night,84.61,0.0,Positive,12.03,1,47.0
19545,Digital Digest,62.265639099999994,Technology,68.44,Thursday,Night,60.87,3.0,Neutral,68.56873,1,31.0
22163,Digital Digest,68.63,Technology,81.85,Thursday,Night,56.01,2.0,Positive,36.05,1,54.0
23553,Digital Digest,86.26,Technology,93.96,Thursday,Night,36.66,3.0,Negative,46.39574,1,87.0
23622,Digital Digest,44.61,Technology,38.03,Thursday,Night,99.76,1.0,Positive,28.05,1,63.0
25572,Digital Digest,22.02,Technology,46.27,Thursday,Night,8.9,1.0,Positive,12.41055,1,20.0
26331,Digital Digest,16.0,Technology,51.3,Thursday,Night,10.37,0.0,Negative,7.09324,1,4.0
28772,Digital Digest,85.01,Technology,55.82,Thursday,Night,0.0,3.0,Neutral,47.63544,1,26.0
28902,Digital Digest,101.62,Technology,74.26,Thursday,Night,42.03,1.0,Neutral,77.45691,1,3.0
30623,Digital Digest,62.85,Technology,82.21,Thursday,Night,59.51,0.0,Neutral,41.62923,1,76.0
34297,Digital Digest,84.56,Technology,32.62,Thursday,Night,64.62,2.0,Neutral,80.60236,1,99.0
34464,Digital Digest,62.265639099999994,Technology,95.07,Thursday,Night,72.65,0.0,Positive,61.27458,1,35.0
35445,Digital Digest,116.0,Technology,45.42,Thursday,Night,73.32,3.0,Negative,115.78,1,50.0
37500,Digital Digest,62.265639099999994,Technology,58.73,Thursday,Night,9.68,0.0,Neutral,28.31572,1,21.0
40539,Digital Digest,69.05,Technology,47.18,Thursday,Night,94.62,2.0,Positive,46.68883,1,52.0
40890,Digital Digest,72.44,Technology,86.85,Thursday,Night,14.68,0.0,Positive,48.48,1,31.0
40904,Digital Digest,44.7,Technology,90.33,Thursday,Night,87.86,2.0,Positive,30.62529,1,70.0
41754,Digital Digest,8.89,Technology,68.99,Thursday,Night,27.21,3.0,Neutral,2.74607,1,31.0
45752,Digital Digest,62.265639099999994,Technology,33.42,Thursday,Night,0.0,2.0,Negative,71.53852,1,11.0
50246,Digital Digest,69.53,Technology,78.59,Thursday,Night,56.98,2.0,Positive,43.01,1,68.0
51372,Digital Digest,9.7,Technology,58.61,Thursday,Night,81.57,0.0,Negative,9.7,1,13.0
52966,Digital Digest,7.38,Technology,80.49,Thursday,Night,0.0,1.0,Neutral,5.46,1,90.0
53073,Digital Digest,25.03,Technology,61.47,Thursday,Night,7.92,1.0,Positive,9.77,1,3.0
53147,Digital Digest,96.02,Technology,26.44,Thursday,Night,0.0,1.0,Positive,80.53233,1,89.0
53316,Digital Digest,54.13,Technology,71.73,Thursday,Night,95.29,3.0,Neutral,19.33015,1,72.0
55440,Digital Digest,29.55,Technology,84.65,Thursday,Night,17.03,3.0,Negative,22.70281,1,22.0
58829,Digital Digest,53.08,Technology,26.61,Thursday,Night,65.72,1.0,Neutral,41.00392,1,78.0
59842,Digital Digest,62.265639099999994,Technology,24.58,Thursday,Night,0.0,1.0,Negative,45.44578,1,46.0
62398,Digital Digest,112.9,Technology,58.25,Thursday,Night,57.12,2.0,Positive,54.48873,1,21.0
62645,Digital Digest,62.265639099999994,Technology,27.01,Thursday,Night,23.36,1.0,Neutral,55.34431,1,47.0
63743,Digital Digest,81.29,Technology,28.23,Thursday,Night,97.8,1.0,Neutral,57.01,1,23.0
64773,Digital Digest,9.09,Technology,43.75,Thursday,Night,85.65,2.0,Positive,6.35498,1,85.0
64845,Digital Digest,29.71,Technology,96.71,Thursday,Night,50.48,0.0,Positive,24.88,1,67.0
65087,Digital Digest,69.27,Technology,72.15,Thursday,Night,72.82,0.0,Positive,36.26291,1,53.0
66048,Digital Digest,119.25,Technology,35.24,Thursday,Night,0.0,2.0,Negative,81.9161,1,6.0
73297,Digital Digest,103.4,Technology,91.03,Thursday,Night,71.26,0.0,Neutral,93.41,1,80.0
75970,Digital Digest,32.4,Technology,49.33,Thursday,Night,95.51,1.0,Positive,18.13,1,38.0
76325,Digital Digest,55.63,Technology,56.27,Thursday,Night,99.29,1.0,Positive,28.05,1,63.0
77906,Digital Digest,10.41,Technology,49.86,Thursday,Night,69.29,0.0,Negative,9.79,1,64.0
78977,Digital Digest,62.265639099999994,Technology,47.19,Thursday,Night,0.0,1.0,Neutral,10.71528,1,20.0
80558,Digital Digest,62.265639099999994,Technology,61.6,Thursday,Night,50.16,1.0,Neutral,5.46,1,90.0
81321,Digital Digest,79.71,Technology,55.91,Thursday,Night,85.04,2.0,Negative,46.48566,1,31.0
82123,Digital Digest,23.04,Technology,58.94,Thursday,Night,0.0,3.0,Positive,19.68089,1,48.0
82774,Digital Digest,37.28,Technology,50.56,Thursday,Night,27.01,3.0,Positive,35.70181,1,25.0
83263,Digital Digest,20.1,Technology,58.31,Thursday,Night,99.1,3.0,Neutral,16.39267,1,26.0
85413,Digital Digest,20.46,Technology,69.52,Thursday,Night,53.96,1.0,Negative,10.66452,1,19.0
85518,Digital Digest,118.91,Technology,81.45,Thursday,Night,43.0,2.0,Negative,116.05,1,81.0
85773,Digital Digest,52.75,Technology,92.37,Thursday,Night,18.58,0.0,Positive,44.03,1,65.0
86669,Digital Digest,107.26,Technology,99.09,Thursday,Night,0.0,2.0,Negative,80.93564,1,69.0
87836,Digital Digest,71.33,Technology,45.15,Thursday,Night,0.0,1.0,Negative,41.07246,1,41.0
90252,Digital Digest,56.36,Technology,28.74,Thursday,Night,0.0,1.0,Negative,43.85921,1,79.0
91208,Digital Digest,62.265639099999994,Technology,64.36,Thursday,Night,21.41,0.0,Positive,45.49758,1,52.0
92204,Digital Digest,17.7,Technology,27.98,Thursday,Night,98.49,1.0,Negative,9.42,1,78.0
94050,Digital Digest,10.72,Technology,46.14,Thursday,Night,60.16,1.0,Negative,5.79,1,60.0
95072,Digital Digest,28.3,Technology,42.26,Thursday,Night,93.24,0.0,Positive,19.47706,1,67.0
95161,Digital Digest,79.07,Technology,23.17,Thursday,Night,98.25,2.0,Neutral,55.98151,1,13.0
97580,Digital Digest,107.69,Technology,54.02,Thursday,Night,88.09,3.0,Positive,73.0371,1,38.0
97747,Digital Digest,54.78,Technology,70.65,Thursday,Night,0.0,2.0,Neutral,17.29945,1,18.0
98133,Digital Digest,92.91,Technology,77.22,Thursday,Night,43.26,1.0,Neutral,46.03658,1,58.0
98787,Digital Digest,16.49,Technology,50.07,Thursday,Night,94.84,0.0,Positive,5.85671,1,21.0
99368,Digital Digest,52.96,Technology,47.57,Thursday,Night,0.0,0.0,Positive,48.6356,1,32.0
102038,Digital Digest,87.66,Technology,26.69,Thursday,Night,30.73,0.0,Positive,71.12,1,83.0
102155,Digital Digest,47.48,Technology,48.85,Thursday,Night,91.25,2.0,Negative,27.77456,1,26.0
102375,Digital Digest,44.1,Technology,59.1,Thursday,Night,90.39,3.0,Negative,36.71728,1,73.0
102631,Digital Digest,30.92,Technology,71.43,Thursday,Night,0.0,2.0,Negative,20.92,1,31.0
103433,Digital Digest,52.12,Technology,77.29,Thursday,Night,11.74,3.0,Positive,38.71454,1,89.0
103875,Digital Digest,33.54,Technology,78.75,Thursday,Night,29.73,0.0,Negative,22.66,1,69.0
104596,Digital Digest,99.02,Technology,96.88,Thursday,Night,13.73,0.0,Positive,96.25218,1,44.0
105268,Digital Digest,62.66,Technology,39.83,Thursday,Night,52.56,1.0,Negative,31.05,1,61.0
105548,Digital Digest,98.14,Technology,22.72,Thursday,Night,86.37,2.0,Positive,57.33461,1,54.0
105558,Digital Digest,96.01,Technology,59.01,Thursday,Night,56.98,1.0,Negative,72.49,1,51.0
105585,Digital Digest,42.65,Technology,48.19,Thursday,Night,55.93,2.0,Negative,32.05,1,28.0
105604,Digital Digest,27.21,Technology,60.07,Thursday,Night,0.0,2.0,Negative,9.46285,1,70.0
106080,Digital Digest,99.54,Technology,89.7,Thursday,Night,20.26,1.0,Neutral,97.40499,1,42.0
106216,Digital Digest,107.04,Technology,63.23,Thursday,Night,43.23,3.0,Neutral,83.91,1,76.0
107358,Digital Digest,60.42,Technology,23.48,Thursday,Night,57.17,1.0,Neutral,48.94127,1,100.0
108422,Digital Digest,75.9,Technology,35.51,Thursday,Night,0.0,2.0,Neutral,56.35362,1,2.0
108475,Digital Digest,103.35,Technology,48.03,Thursday,Night,0.0,2.0,Positive,63.46878,1,12.0
108694,Digital Digest,34.14,Technology,31.14,Thursday,Night,45.8,0.0,Positive,31.10267,1,44.0
108702,Digital Digest,110.64,Technology,82.7,Thursday,Night,38.95,0.0,Neutral,84.22561,1,47.0
109921,Digital Digest,101.58,Technology,87.98,Thursday,Night,0.0,0.0,Negative,100.49,1,71.0
110499,Digital Digest,56.75,Technology,35.47,Thursday,Night,0.0,3.0,Neutral,31.70025,1,38.0
110799,Digital Digest,91.69,Technology,65.26,Thursday,Night,39.04,1.0,Negative,52.55162,1,65.0
110801,Digital Digest,43.1,Technology,94.76,Thursday,Night,67.27,1.0,Negative,20.65106,1,13.0
111967,Digital Digest,70.62,Technology,92.27,Thursday,Night,79.1,0.0,Neutral,59.26084,1,86.0
113137,Digital Digest,83.73,Technology,23.59,Thursday,Night,46.91,0.0,Negative,75.8164,1,53.0
113581,Digital Digest,37.27,Technology,28.49,Thursday,Night,83.87,0.0,Negative,23.709,1,27.0
114646,Digital Digest,62.265639099999994,Technology,33.09,Thursday,Night,9.71,3.0,Neutral,89.39395,1,86.0
115130,Digital Digest,106.93,Technology,59.36,Thursday,Night,34.64,1.0,Positive,104.92,1,54.0
117460,Digital Digest,67.62,Technology,74.52,Thursday,Night,0.0,1.0,Positive,31.42154,1,38.0
118948,Digital Digest,62.265639099999994,Technology,66.28,Thursday,Night,30.64,3.0,Positive,25.77768,1,37.0
119096,Digital Digest,55.72,Technology,52.48,Thursday,Night,16.33,1.0,Positive,44.25123,1,87.0
120106,Digital Digest,64.39,Technology,98.11,Thursday,Night,93.71,3.0,Negative,45.85963,1,17.0
122749,Digital Digest,35.97,Technology,45.68,Thursday,Night,60.31,3.0,Neutral,19.3487,1,20.0
123685,Digital Digest,119.25,Technology,35.25,Thursday,Night,0.0,0.0,Negative,81.9161,1,20.0
124203,Digital Digest,71.07,Technology,29.49,Thursday,Night,40.49,2.0,Positive,63.86654,1,78.0
124585,Digital Digest,102.05,Technology,73.61,Thursday,Night,0.0,3.0,Positive,73.1002,1,92.0
124862,Digital Digest,47.26,Technology,41.53,Thursday,Night,15.41,3.0,Neutral,28.57564,1,13.0
126304,Digital Digest,64.57,Technology,89.73,Thursday,Night,5.9,1.0,Positive,53.57892,1,75.0
126309,Digital Digest,117.3,Technology,49.09,Thursday,Night,41.5,3.0,Positive,93.27129,1,17.0
127415,Digital Digest,62.265639099999994,Technology,26.84,Thursday,Night,50.58,1.0,Neutral,25.98,1,72.0
128034,Digital Digest,26.68,Technology,35.61,Thursday,Night,34.78,0.0,Neutral,26.67756,1,74.0
128942,Digital Digest,42.93,Technology,26.68,Thursday,Night,55.82,1.0,Neutral,34.2045,1,59.0
130004,Digital Digest,42.22,Technology,48.83,Thursday,Night,97.51,1.0,Negative,32.05,1,28.0
130426,Digital Digest,57.44,Technology,87.72,Thursday,Night,4.19,1.0,Positive,44.25123,1,79.0
131536,Digital Digest,62.265639099999994,Technology,35.9,Thursday,Night,31.44,2.0,Neutral,35.6259,1,85.0
135779,Digital Digest,83.55,Technology,66.85,Thursday,Night,94.44,3.0,Negative,46.25,1,59.0
139229,Digital Digest,27.49,Technology,83.03,Thursday,Night,0.0,2.0,Neutral,17.74842,1,67.0
140845,Digital Digest,53.93,Technology,91.85,Thursday,Night,56.37,2.0,Positive,36.05,1,28.0
140986,Digital Digest,32.31,Technology,34.48,Thursday,Night,36.8,1.0,Negative,27.90422,1,67.0
142450,Digital Digest,9.86,Technology,49.8,Thursday,Night,47.4,1.0,Neutral,9.86,1,29.0
143707,Digital Digest,71.62,Technology,21.17,Thursday,Night,0.0,1.0,Neutral,38.26572,1,15.0
146845,Digital Digest,75.05,Technology,49.72,Thursday,Night,51.54,1.0,Positive,73.90767,1,54.0
147063,Digital Digest,31.4,Technology,95.58,Thursday,Night,82.39,3.0,Negative,30.35563,1,42.0
147347,Digital Digest,97.45,Technology,82.24,Thursday,Night,73.29,2.0,Negative,81.9161,1,20.0
147532,Digital Digest,26.67,Technology,83.65,Thursday,Night,50.02,1.0,Negative,13.63266,1,4.0
148967,Digital Digest,107.5,Technology,50.2,Thursday,Night,3.69,0.0,Positive,65.43734,1,54.0
149810,Digital Digest,52.82,Technology,47.57,Thursday,Night,0.0,0.0,Neutral,48.6356,1,32.0
152224,Digital Digest,114.22,Technology,47.66,Thursday,Night,19.9,1.0,Negative,102.20542,1,69.0
153204,Digital Digest,11.08,Technology,65.49,Thursday,Night,59.2,2.0,Negative,8.38621,1,83.0
154190,Digital Digest,52.93,Technology,63.0,Thursday,Night,95.6,3.0,Positive,35.30068,1,72.0
154711,Digital Digest,53.73,Technology,78.59,Thursday,Night,18.29,1.0,Negative,36.25,1,66.0
155417,Digital Digest,15.07,Technology,39.41,Thursday,Night,50.58,1.0,Negative,12.07,1,78.0
155740,Digital Digest,78.42,Technology,35.73,Thursday,Night,35.9,1.0,Negative,55.08325,1,96.0
158011,Digital Digest,58.7,Technology,82.28,Thursday,Night,0.0,1.0,Neutral,35.61441,1,74.0
158331,Digital Digest,18.73,Technology,22.76,Thursday,Night,18.79,0.0,Negative,7.06218,1,9.0
159516,Digital Digest,119.51,Technology,31.25,Thursday,Night,96.93,1.0,Positive,88.43323,1,99.0
163900,Digital Digest,7.88,Technology,38.69,Thursday,Night,48.44,1.0,Positive,7.88,1,65.0
164396,Digital Digest,97.68,Technology,36.69,Thursday,Night,69.84,1.0,Positive,48.96,1,31.0
165156,Digital Digest,22.97,Technology,71.34,Thursday,Night,0.0,3.0,Neutral,10.41306,1,65.0
165697,Digital Digest,18.11,Technology,81.11,Thursday,Night,72.39,1.0,Positive,11.49,1,77.0
172895,Digital Digest,62.265639099999994,Technology,60.79,Thursday,Night,26.77,0.0,Neutral,24.41287,1,50.0
172954,Digital Digest,83.72,Technology,40.63,Thursday,Night,0.0,0.0,Negative,52.26648,1,66.0
173363,Digital Digest,96.16,Technology,74.87,Thursday,Night,30.24,0.0,Neutral,71.82,1,88.0
174283,Digital Digest,82.3,Technology,46.27,Thursday,Night,53.56,2.0,Positive,36.05,1,71.0
175188,Digital Digest,53.69,Technology,97.93,Thursday,Night,53.56,0.0,Positive,36.05,1,71.0
175744,Digital Digest,67.72,Technology,87.87,Thursday,Night,79.25,0.0,Negative,50.24374,1,88.0
176400,Digital Digest,102.41,Technology,63.84,Thursday,Night,54.66,3.0,Negative,63.4102,1,37.0
177958,Digital Digest,108.98,Technology,39.74,Thursday,Night,25.97,3.0,Neutral,65.25273,1,5.0
179538,Digital Digest,26.32,Technology,51.32,Thursday,Night,25.07,0.0,Neutral,22.68767,1,46.0
180198,Digital Digest,119.88,Technology,98.65,Thursday,Night,96.19,2.0,Neutral,110.85636,1,86.0
180400,Digital Digest,32.63,Technology,78.84,Thursday,Night,96.04,1.0,Negative,18.06,1,38.0
180528,Digital Digest,65.92,Technology,59.74,Thursday,Night,1.57,2.0,Negative,51.93576,1,41.0
181456,Digital Digest,9.81,Technology,84.58,Thursday,Night,19.69,0.0,Positive,1.45749,1,18.0
182625,Digital Digest,21.1,Technology,64.31,Thursday,Night,41.1,0.0,Neutral,18.20757,1,34.0
186758,Digital Digest,32.32,Technology,85.14,Thursday,Night,79.41,1.0,Negative,27.60267,1,2.0
187638,Digital Digest,62.265639099999994,Technology,80.65,Thursday,Night,56.02,1.0,Positive,5.46,1,90.0
188609,Digital Digest,8.31,Technology,88.02,Thursday,Night,67.74,1.0,Negative,0.0,1,27.0
195909,Digital Digest,85.86,Technology,58.54,Thursday,Night,37.44,0.0,Neutral,59.43081,1,40.0
196325,Digital Digest,100.58,Technology,78.96,Thursday,Night,13.14,0.0,Neutral,80.25428,1,35.0
197712,Digital Digest,88.26,Technology,93.85,Thursday,Night,64.66,2.0,Positive,67.38233,1,31.0
198910,Digital Digest,62.265639099999994,Technology,41.97,Thursday,Night,29.5,1.0,Positive,28.74493,1,96.0
200943,Digital Digest,24.65,Technology,89.17,Thursday,Night,2.49,1.0,Negative,13.71933,1,8.0
201982,Digital Digest,21.26,Technology,26.6,Thursday,Night,0.0,2.0,Negative,16.45,1,39.0
202387,Digital Digest,118.91,Technology,81.75,Thursday,Night,59.23,0.0,Negative,116.05,1,81.0
202637,Digital Digest,62.48,Technology,79.81,Thursday,Night,88.68,1.0,Negative,49.24,1,32.0
202681,Digital Digest,52.48,Technology,88.85,Thursday,Night,0.0,1.0,Neutral,32.09281,1,7.0
203722,Digital Digest,107.81,Technology,59.7,Thursday,Night,0.0,1.0,Neutral,58.4,1,59.0
204036,Digital Digest,62.265639099999994,Technology,26.07,Thursday,Night,7.07,0.0,Positive,35.62153,1,4.0
204148,Digital Digest,40.77,Technology,96.19,Thursday,Night,86.78,2.0,Neutral,30.63,1,33.0
204155,Digital Digest,62.265639099999994,Technology,34.31,Thursday,Night,12.99,1.0,Negative,105.06125,1,59.0
204178,Digital Digest,7.38,Technology,35.23,Thursday,Night,0.0,1.0,Positive,5.46,1,90.0
205187,Digital Digest,89.38,Technology,82.57,Thursday,Night,0.0,0.0,Positive,70.90028,1,7.0
207011,Digital Digest,9.08,Technology,72.41,Thursday,Night,10.67,0.0,Negative,6.46188,1,93.0
207771,Digital Digest,35.18,Technology,66.68,Thursday,Night,26.9,2.0,Negative,31.3898,1,20.0
209332,Digital Digest,28.2,Technology,42.13,Thursday,Night,11.2,0.0,Negative,11.69146,1,5.0
209624,Digital Digest,23.16,Technology,64.59,Thursday,Night,72.23,3.0,Negative,10.52283,1,64.0
212208,Digital Digest,5.73,Technology,80.47,Thursday,Night,76.5,0.0,Neutral,1.25335,1,79.0
212323,Digital Digest,9.41,Technology,72.97,Thursday,Night,0.0,0.0,Negative,6.46188,1,93.0
212776,Digital Digest,40.28,Technology,34.63,Thursday,Night,32.72,2.0,Negative,23.19507,1,49.0
215548,Digital Digest,34.24,Technology,28.48,Thursday,Night,87.3,0.0,Negative,23.709,1,30.0
217198,Digital Digest,47.89,Technology,89.91,Thursday,Night,0.0,0.0,Positive,32.51858,1,98.0
217347,Digital Digest,70.2,Technology,63.47,Thursday,Night,0.0,2.0,Neutral,54.88932,1,59.0
217663,Digital Digest,62.265639099999994,Technology,23.28,Thursday,Night,0.0,0.0,Positive,61.87446,1,30.0
218207,Digital Digest,62.265639099999994,Technology,40.16,Thursday,Night,66.94,1.0,Positive,10.274,1,38.0
219998,Digital Digest,62.265639099999994,Technology,77.09,Thursday,Night,66.22,2.0,Negative,67.27,1,83.0
222780,Digital Digest,73.97,Technology,59.56,Thursday,Night,55.53,2.0,Positive,36.05,1,71.0
223466,Digital Digest,44.46,Technology,32.57,Thursday,Night,88.46,2.0,Negative,27.9882,1,22.0
223951,Digital Digest,31.23,Technology,28.98,Thursday,Night,50.91,1.0,Positive,25.04,1,72.0
226617,Digital Digest,71.2,Technology,23.69,Thursday,Night,35.65,1.0,Negative,56.40703,1,59.0
227897,Digital Digest,28.94,Technology,82.41,Thursday,Night,12.52,0.0,Positive,23.24,1,2.0
228866,Digital Digest,78.79,Technology,92.76,Thursday,Night,50.88,1.0,Negative,46.0,1,80.0
229151,Digital Digest,58.9,Technology,85.73,Thursday,Night,0.0,2.0,Positive,26.56881,1,50.0
229178,Digital Digest,62.265639099999994,Technology,60.72,Thursday,Night,47.59,0.0,Positive,9.89,1,81.0
229404,Digital Digest,62.265639099999994,Technology,68.66,Thursday,Night,0.0,1.0,Negative,58.44209,1,64.0
229582,Digital Digest,48.6,Technology,78.28,Thursday,Night,56.09,1.0,Positive,33.04,1,54.0
230078,Digital Digest,17.48,Technology,64.99,Thursday,Night,4.29,2.0,Positive,13.10745,1,88.0
230352,Digital Digest,62.265639099999994,Technology,59.35,Thursday,Night,95.48,0.0,Neutral,81.68,1,31.0
231232,Digital Digest,62.66,Technology,36.83,Thursday,Night,52.98,1.0,Positive,31.05,1,57.0
231766,Digital Digest,80.14,Technology,87.79,Thursday,Night,31.59,2.0,Neutral,73.3172,1,67.0
232762,Digital Digest,61.79,Technology,33.78,Thursday,Night,82.93,1.0,Positive,43.80741,1,96.0
233438,Digital Digest,46.93,Technology,28.24,Thursday,Night,22.03,2.0,Neutral,22.26087,1,13.0
234908,Digital Digest,109.59,Technology,82.86,Thursday,Night,24.09,0.0,Negative,99.27849,1,71.0
235378,Digital Digest,54.64,Technology,54.72,Thursday,Night,84.69,0.0,Positive,40.16992,1,42.0
237725,Digital Digest,10.91,Technology,60.03,Thursday,Night,78.84,2.0,Neutral,3.84407,1,36.0
237802,Digital Digest,62.29,Technology,40.43,Thursday,Night,82.38,0.0,Negative,49.86701,1,51.0
238151,Digital Digest,97.28,Technology,26.92,Thursday,Night,21.96,3.0,Neutral,83.40223,1,22.0
238512,Digital Digest,62.81,Technology,98.28,Thursday,Night,85.04,0.0,Positive,32.77623,1,88.0
241996,Digital Digest,18.11,Technology,71.39,Thursday,Night,65.11,1.0,Positive,11.49,1,81.0
243406,Digital Digest,110.6,Technology,48.14,Thursday,Night,61.07,2.0,Neutral,86.24366,1,75.0
243914,Digital Digest,53.89,Technology,86.25,Thursday,Night,0.0,0.0,Negative,38.87537,1,97.0
244535,Digital Digest,80.93,Technology,50.84,Thursday,Night,55.93,0.0,Neutral,45.66393,1,70.0
245235,Digital Digest,103.98,Technology,78.23,Thursday,Night,87.34,0.0,Positive,58.24,1,16.0
248334,Digital Digest,62.265639099999994,Technology,29.6,Thursday,Night,48.93,0.0,Positive,18.97,1,49.0
249304,Digital Digest,57.59,Technology,78.58,Thursday,Night,28.98,2.0,Neutral,30.91553,1,97.0
250477,Digital Digest,100.44,Technology,80.91,Thursday,Night,81.73,1.0,Neutral,95.25,1,68.0
250826,Digital Digest,107.47,Technology,64.36,Thursday,Night,98.34,3.0,Positive,58.66343,1,99.0
251084,Digital Digest,31.7,Technology,34.85,Thursday,Night,24.78,0.0,Negative,23.65367,1,3.0
251745,Digital Digest,24.84,Technology,44.29,Thursday,Night,58.93,0.0,Neutral,15.07,1,83.0
252386,Digital Digest,62.265639099999994,Technology,81.34,Thursday,Night,89.16,1.0,Negative,46.67791,1,99.0
252748,Digital Digest,28.57,Technology,39.14,Thursday,Night,23.88,2.0,Positive,8.89,1,52.0
255327,Digital Digest,53.94,Technology,56.57,Thursday,Night,93.19,2.0,Positive,34.03,1,63.0
255658,Digital Digest,13.98,Technology,95.93,Thursday,Night,55.42,2.0,Neutral,4.37368,1,52.0
256303,Digital Digest,113.85,Technology,36.73,Thursday,Night,54.69,0.0,Positive,108.6764,1,31.0
257378,Digital Digest,91.22,Technology,92.65,Thursday,Night,94.69,2.0,Positive,75.79442,1,79.0
259014,Digital Digest,79.62,Technology,41.65,Thursday,Night,0.0,0.0,Negative,52.26648,1,66.0
259057,Digital Digest,62.265639099999994,Technology,40.43,Thursday,Night,86.2,0.0,Neutral,48.5423,1,70.0
260474,Digital Digest,30.71,Technology,59.81,Thursday,Night,95.4,0.0,Negative,12.24,1,63.0
261797,Digital Digest,98.0,Technology,25.29,Thursday,Night,0.0,2.0,Neutral,94.51693,1,65.0
262341,Digital Digest,9.51,Technology,63.12,Thursday,Night,0.0,0.0,Negative,6.23553,1,93.0
262620,Digital Digest,9.23,Technology,68.63,Thursday,Night,70.56,3.0,Neutral,5.90722,1,46.0
264023,Digital Digest,62.265639099999994,Technology,60.39,Thursday,Night,32.12,0.0,Negative,71.52019,1,53.0
264960,Digital Digest,82.29,Technology,93.26,Thursday,Night,18.58,0.0,Negative,44.03,1,65.0
265407,Digital Digest,70.91,Technology,30.57,Thursday,Night,84.67,3.0,Positive,53.68019,1,77.0
265708,Digital Digest,62.265639099999994,Technology,27.68,Thursday,Night,90.84,1.0,Negative,45.96,1,85.0
269961,Digital Digest,52.56,Technology,25.23,Thursday,Night,63.47,2.0,Positive,28.31151,1,52.0
271809,Digital Digest,36.67,Technology,94.96,Thursday,Night,0.0,3.0,Negative,30.51,1,3.0
272345,Digital Digest,24.96,Technology,28.63,Thursday,Night,0.0,0.0,Negative,20.9176,1,65.0
274814,Digital Digest,101.86,Technology,28.98,Thursday,Night,57.08,0.0,Positive,98.04,1,28.0
275529,Digital Digest,62.265639099999994,Technology,53.15,Thursday,Night,0.0,0.0,Negative,16.39267,1,45.0
275728,Digital Digest,80.86,Technology,71.95,Thursday,Night,0.0,0.0,Neutral,49.53,1,89.0
276576,Digital Digest,51.67,Technology,36.72,Thursday,Night,11.49,3.0,Neutral,36.39672,1,65.0
278391,Digital Digest,46.7,Technology,25.7,Thursday,Night,54.7,2.0,Negative,39.93112,1,51.0
280330,Digital Digest,8.86,Technology,39.44,Thursday,Night,47.39,2.0,Neutral,8.86,1,58.0
281904,Digital Digest,44.36,Technology,67.82,Thursday,Night,24.6,0.0,Neutral,38.88859,1,97.0
282572,Digital Digest,52.96,Technology,25.26,Thursday,Night,63.72,2.0,Positive,28.31151,1,55.0
283397,Digital Digest,97.99,Technology,27.28,Thursday,Night,30.78,1.0,Positive,48.96,1,31.0
288935,Digital Digest,83.57,Technology,29.93,Thursday,Night,4.77,2.0,Positive,56.65541,1,93.0
289089,Digital Digest,103.56,Technology,71.81,Thursday,Night,53.32,3.0,Neutral,63.89731,1,58.0
291184,Digital Digest,109.27,Technology,81.92,Thursday,Night,0.0,1.0,Positive,84.60907,1,58.0
293355,Digital Digest,49.88,Technology,47.92,Thursday,Night,0.0,0.0,Neutral,48.6356,1,32.0
293666,Digital Digest,34.14,Technology,30.87,Thursday,Night,14.81,0.0,Positive,31.10267,1,31.0
297148,Digital Digest,80.21,Technology,43.23,Thursday,Night,54.28,3.0,Neutral,61.31287,1,92.0
297243,Digital Digest,62.265639099999994,Technology,78.58,Thursday,Night,11.36,2.0,Positive,45.52787,1,21.0
299236,Digital Digest,27.88,Technology,42.74,Thursday,Night,54.15,2.0,Positive,19.4282,1,5.0
301511,Digital Digest,52.06,Technology,61.98,Thursday,Night,56.71,0.0,Positive,31.42,1,75.0
301884,Digital Digest,103.98,Technology,85.71,Thursday,Night,28.97,0.0,Positive,58.24,1,4.0
304932,Digital Digest,20.56,Technology,76.63,Thursday,Night,46.18,2.0,Positive,13.05,1,38.0
308871,Digital Digest,80.11,Technology,35.23,Thursday,Night,91.09,1.0,Neutral,62.88919,1,96.0
309438,Digital Digest,62.265639099999994,Technology,52.26,Thursday,Night,34.02,3.0,Neutral,33.43809,1,31.0
310695,Digital Digest,115.73,Technology,34.68,Thursday,Night,42.67,2.0,Positive,61.59225,1,2.0
310752,Digital Digest,49.26,Technology,67.86,Thursday,Night,58.18,0.0,Positive,44.04233,1,8.0
310778,Digital Digest,82.29,Technology,26.38,Thursday,Night,9.58,0.0,Positive,44.03,1,65.0
311444,Digital Digest,32.43,Technology,29.72,Thursday,Night,32.28,3.0,Negative,7.00408,1,77.0
313173,Digital Digest,45.62,Technology,56.63,Thursday,Night,99.29,1.0,Positive,28.05,1,63.0
315164,Digital Digest,62.265639099999994,Technology,92.12,Thursday,Night,55.1,2.0,Neutral,73.12717,1,49.0
315196,Digital Digest,62.265639099999994,Technology,88.32,Thursday,Night,39.23,1.0,Positive,73.66765,1,37.0
315881,Digital Digest,44.24,Technology,24.0,Thursday,Night,22.64,0.0,Neutral,18.06037,1,3.0
318010,Digital Digest,21.41,Technology,32.92,Thursday,Night,0.0,1.0,Neutral,19.90444,1,74.0
318023,Digital Digest,89.38,Technology,82.57,Thursday,Night,0.0,0.0,Positive,70.90028,1,28.0
318357,Digital Digest,112.23,Technology,94.41,Thursday,Night,94.24,1.0,Positive,49.94764,1,89.0
321306,Digital Digest,23.07,Technology,42.07,Thursday,Night,80.86,0.0,Neutral,20.80916,1,16.0
321957,Digital Digest,112.77,Technology,58.36,Thursday,Night,90.75,1.0,Negative,88.57,1,14.0
322184,Digital Digest,81.41,Technology,80.51,Thursday,Night,67.95,3.0,Positive,61.84626,1,22.0
322266,Digital Digest,111.87,Technology,96.37,Thursday,Night,91.51,0.0,Negative,71.8146,1,84.0
322809,Digital Digest,24.29,Technology,47.64,Thursday,Night,0.0,2.0,Positive,16.85424,1,82.0
324816,Digital Digest,24.02,Technology,74.79,Thursday,Night,89.23,1.0,Neutral,18.02222,1,93.0
325947,Digital Digest,83.15,Technology,81.76,Thursday,Night,51.95,2.0,Neutral,53.32501,1,50.0
326373,Digital Digest,15.35,Technology,65.4,Thursday,Night,60.42,2.0,Positive,0.73461,1,75.0
328287,Digital Digest,114.88,Technology,94.34,Thursday,Night,58.88,1.0,Positive,103.98,1,54.0
328687,Digital Digest,9.23,Technology,68.63,Thursday,Night,70.69,3.0,Neutral,5.90722,1,46.0
328769,Digital Digest,88.21,Technology,59.91,Thursday,Night,66.71,1.0,Neutral,58.4,1,59.0
331981,Digital Digest,31.59,Technology,38.77,Thursday,Night,63.39,1.0,Positive,26.04,1,28.0
332311,Digital Digest,33.3,Technology,82.5,Thursday,Night,66.98,0.0,Negative,20.2544,1,79.0
333168,Digital Digest,107.92,Technology,92.43,Thursday,Night,92.57,1.0,Neutral,71.24197,1,47.0
333399,Digital Digest,62.265639099999994,Technology,44.24,Thursday,Night,0.0,2.0,Positive,30.82181,1,24.0
338450,Digital Digest,78.06,Technology,47.37,Thursday,Night,91.28,0.0,Negative,43.80278,1,89.0
340726,Digital Digest,50.63,Technology,44.97,Thursday,Night,86.01,0.0,Negative,27.05586,1,98.0
342062,Digital Digest,83.31,Technology,88.03,Thursday,Night,28.57,2.0,Negative,65.07973,1,12.0
343046,Digital Digest,12.12,Technology,76.67,Thursday,Night,0.0,2.0,Negative,7.85,1,96.0
343692,Digital Digest,62.265639099999994,Technology,30.69,Thursday,Night,99.18,2.0,Neutral,8.71,1,91.0
345046,Digital Digest,51.21,Technology,76.34,Thursday,Night,75.84,1.0,Neutral,30.09225,1,7.0
346907,Digital Digest,25.86,Technology,54.81,Thursday,Night,46.52,3.0,Positive,7.61728,1,91.0
347003,Digital Digest,96.49,Technology,88.42,Thursday,Night,50.47,0.0,Negative,80.10861,1,73.0
350009,Digital Digest,57.92,Technology,23.14,Thursday,Night,85.47,0.0,Neutral,34.31001,1,57.0
350316,Digital Digest,62.265639099999994,Technology,36.69,Thursday,Night,94.28,0.0,Negative,5.89145,1,67.0
350876,Digital Digest,101.37,Technology,86.82,Thursday,Night,64.24,1.0,Neutral,61.18067,1,5.0
351144,Digital Digest,82.29,Technology,96.59,Thursday,Night,18.91,0.0,Positive,44.03,1,54.0
355444,Digital Digest,32.29,Technology,92.2,Thursday,Night,15.12,3.0,Positive,28.23446,1,88.0
358326,Digital Digest,17.99,Technology,73.15,Thursday,Night,86.42,0.0,Positive,3.68258,1,49.0
359199,Digital Digest,54.96,Technology,65.81,Thursday,Night,65.97,3.0,Negative,18.23511,1,13.0
360642,Digital Digest,59.34,Technology,77.77,Thursday,Night,0.0,2.0,Negative,27.98701,1,65.0
369254,Digital Digest,9.23,Technology,68.63,Thursday,Night,70.65,3.0,Neutral,5.90722,1,46.0
369713,Digital Digest,107.74,Technology,23.11,Thursday,Night,0.0,0.0,Neutral,81.1612,1,50.0
371053,Digital Digest,96.11,Technology,21.79,Thursday,Night,12.68,1.0,Negative,85.46878,1,78.0
372771,Digital Digest,53.61,Technology,28.37,Thursday,Night,42.71,0.0,Neutral,20.80968,1,46.0
375863,Digital Digest,107.8,Technology,88.35,Thursday,Night,35.87,1.0,Positive,73.66765,1,37.0
378745,Digital Digest,28.57,Technology,49.72,Thursday,Night,23.88,2.0,Positive,8.89,1,91.0
379135,Digital Digest,16.62,Technology,79.6,Thursday,Night,50.92,0.0,Neutral,12.07,1,3.0
380083,Digital Digest,107.19,Technology,25.41,Thursday,Night,12.2,2.0,Neutral,58.49076,1,11.0
382467,Digital Digest,60.77,Technology,83.69,Thursday,Night,12.09,1.0,Neutral,60.37718,1,29.0
383350,Digital Digest,107.2,Technology,96.33,Thursday,Night,85.51,3.0,Positive,69.79466,1,8.0
385946,Digital Digest,100.67,Technology,35.81,Thursday,Night,30.64,3.0,Negative,80.65745,1,20.0
386065,Digital Digest,28.71,Technology,59.28,Thursday,Night,70.67,1.0,Neutral,13.63266,1,72.0
386115,Digital Digest,29.25,Technology,85.75,Thursday,Night,0.0,0.0,Negative,24.20003,1,29.0
391232,Digital Digest,62.265639099999994,Technology,56.04,Thursday,Night,32.28,1.0,Positive,8.49,1,52.0
391973,Digital Digest,104.92,Technology,59.62,Thursday,Night,66.68,1.0,Positive,104.92,1,54.0
393796,Digital Digest,62.265639099999994,Technology,49.52,Thursday,Night,65.57,0.0,Neutral,8.79,1,87.0
393907,Digital Digest,10.39,Technology,91.54,Thursday,Night,81.26,1.0,Positive,6.27503,1,100.0
393969,Digital Digest,100.44,Technology,96.73,Thursday,Night,94.75,0.0,Negative,57.76657,1,24.0
397018,Digital Digest,93.54,Technology,92.43,Thursday,Night,0.0,1.0,Positive,73.49155,1,53.0
403436,Digital Digest,14.25,Technology,72.13,Thursday,Night,75.16,1.0,Neutral,1.84687,1,54.0
404843,Digital Digest,53.69,Technology,96.18,Thursday,Night,2.27,1.0,Positive,33.45,1,11.0
405036,Digital Digest,106.83,Technology,63.64,Thursday,Night,34.52,1.0,Positive,104.92,1,54.0
406646,Digital Digest,79.62,Technology,40.62,Thursday,Night,0.0,0.0,Negative,52.26648,1,66.0
406729,Digital Digest,49.83,Technology,28.78,Thursday,Night,0.0,1.0,Positive,24.70262,1,23.0
407665,Digital Digest,45.89,Technology,60.48,Thursday,Night,84.94,3.0,Negative,27.5683,1,77.0
408931,Digital Digest,62.265639099999994,Technology,27.68,Thursday,Night,90.84,1.0,Neutral,45.96,1,75.0
410421,Digital Digest,13.97,Technology,59.4,Thursday,Night,88.22,2.0,Positive,12.79,1,24.0
415330,Digital Digest,73.12,Technology,98.84,Thursday,Night,56.53,2.0,Positive,36.05,1,54.0
415403,Digital Digest,45.68,Technology,74.28,Thursday,Night,4.9,1.0,Positive,17.59,1,81.0
417105,Digital Digest,31.7,Technology,34.42,Thursday,Night,28.33,0.0,Negative,23.65367,1,1.0
419931,Digital Digest,17.38,Technology,92.34,Thursday,Night,0.26,2.0,Positive,9.03232,1,19.0
420630,Digital Digest,101.68,Technology,40.0,Thursday,Night,47.15,3.0,Positive,86.36232,1,79.0
421230,Digital Digest,13.13,Technology,42.17,Thursday,Night,4.03,0.0,Negative,3.13648,1,69.0
421642,Digital Digest,119.62,Technology,96.64,Thursday,Night,46.44,0.0,Negative,77.9071,1,24.0
421726,Digital Digest,100.14,Technology,32.22,Thursday,Night,21.94,0.0,Neutral,54.54244,1,26.0
421889,Digital Digest,10.72,Technology,46.14,Thursday,Night,55.08,1.0,Negative,5.79,1,60.0
421961,Digital Digest,31.47,Technology,42.18,Thursday,Night,0.0,1.0,Neutral,19.57301,1,73.0
422570,Digital Digest,51.95,Technology,28.83,Thursday,Night,25.54,2.0,Positive,30.87103,1,51.0
423665,Digital Digest,112.68,Technology,20.33,Thursday,Night,47.23,1.0,Negative,57.309,1,71.0
426127,Digital Digest,106.81,Technology,42.89,Thursday,Night,47.58,2.0,Neutral,93.71617,1,45.0
428135,Digital Digest,71.26,Technology,72.74,Thursday,Night,56.34,1.0,Positive,37.42451,1,7.0
429634,Digital Digest,65.91,Technology,54.29,Thursday,Night,74.19,0.0,Positive,61.59314,1,37.0
429815,Digital Digest,63.95,Technology,36.55,Thursday,Night,3.18,1.0,Positive,36.97,1,21.0
430264,Digital Digest,68.84,Technology,80.91,Thursday,Night,53.63,2.0,Positive,36.05,1,28.0
434793,Digital Digest,116.82,Technology,89.7,Thursday,Night,17.53,1.0,Neutral,78.1564,1,36.0
436917,Digital Digest,101.02,Technology,51.47,Thursday,Night,20.99,1.0,Negative,74.3436,1,89.0
438737,Digital Digest,15.29,Technology,33.25,Thursday,Night,0.0,3.0,Positive,11.69595,1,37.0
438996,Digital Digest,31.56,Technology,38.33,Thursday,Night,98.39,1.0,Positive,26.04,1,38.0
439421,Digital Digest,20.27,Technology,26.41,Thursday,Night,35.67,3.0,Negative,20.0,1,86.0
441983,Digital Digest,86.91,Technology,43.77,Thursday,Night,59.57,3.0,Neutral,47.47179,1,61.0
442163,Digital Digest,23.53,Technology,42.07,Thursday,Night,42.71,1.0,Neutral,20.80916,1,46.0
443668,Digital Digest,104.92,Technology,78.68,Thursday,Night,33.99,1.0,Positive,104.92,1,54.0
443799,Digital Digest,89.93,Technology,60.42,Thursday,Night,41.7,2.0,Negative,47.26967,1,61.0
444599,Digital Digest,47.06,Technology,84.31,Thursday,Night,83.68,3.0,Positive,38.06342,1,96.0
447147,Digital Digest,36.26,Technology,66.35,Thursday,Night,56.05,3.0,Neutral,25.57566,1,100.0
447414,Digital Digest,49.92,Technology,49.52,Thursday,Night,95.71,1.0,Positive,27.90422,1,6.0
450237,Digital Digest,110.99,Technology,20.62,Thursday,Night,72.77,1.0,Neutral,94.51693,1,43.0
451270,Digital Digest,35.37,Technology,34.24,Thursday,Night,70.01,0.0,Positive,35.0,1,32.0
452448,Digital Digest,90.96,Technology,78.39,Thursday,Night,89.62,1.0,Negative,63.03,1,24.0
454081,Digital Digest,52.96,Technology,25.59,Thursday,Night,63.14,1.0,Positive,28.31151,1,73.0
454588,Digital Digest,83.53,Technology,86.11,Thursday,Night,94.73,3.0,Negative,46.25,1,69.0
455734,Digital Digest,89.26,Technology,50.62,Thursday,Night,99.79,0.0,Neutral,80.60236,1,99.0
456298,Digital Digest,62.265639099999994,Technology,62.09,Thursday,Night,82.49,3.0,Positive,18.69985,1,46.0
456345,Digital Digest,62.265639099999994,Technology,92.1,Thursday,Night,70.87,1.0,Positive,80.42861,1,80.0
458595,Digital Digest,118.91,Technology,81.45,Thursday,Night,0.0,2.0,Negative,116.05,1,81.0
459027,Digital Digest,90.99,Technology,82.55,Thursday,Night,31.77,1.0,Negative,63.38,1,98.0
463037,Digital Digest,107.86,Technology,73.53,Thursday,Night,10.53,0.0,Negative,86.23548,1,82.0
463178,Digital Digest,34.11,Technology,29.93,Thursday,Night,0.0,3.0,Positive,27.01,1,87.0
464160,Digital Digest,23.53,Technology,42.07,Thursday,Night,42.71,0.0,Neutral,20.80916,1,16.0
466418,Digital Digest,52.56,Technology,25.26,Thursday,Night,63.72,2.0,Positive,28.31151,1,52.0
470138,Digital Digest,29.9,Technology,71.6,Thursday,Night,0.0,0.0,Negative,29.47,1,20.0
470394,Digital Digest,52.99,Technology,76.77,Thursday,Night,56.34,2.0,Positive,34.03,1,63.0
470677,Digital Digest,92.16,Technology,92.15,Thursday,Night,0.0,1.0,Neutral,61.61084,1,45.0
472705,Digital Digest,80.25,Technology,46.37,Thursday,Night,66.52,3.0,Negative,62.00886,1,42.0
474747,Digital Digest,34.51,Technology,73.59,Thursday,Night,63.84,0.0,Negative,18.4,1,7.0
474978,Digital Digest,62.265639099999994,Technology,80.65,Thursday,Night,56.51,1.0,Positive,5.46,1,90.0
475426,Digital Digest,109.17,Technology,88.35,Thursday,Night,28.62,1.0,Positive,73.66765,1,37.0
476134,Digital Digest,62.265639099999994,Technology,39.19,Thursday,Night,18.99,1.0,Positive,31.05,1,77.0
476614,Digital Digest,62.38,Technology,63.54,Thursday,Night,8.77,0.0,Neutral,47.14047,1,43.0
477655,Digital Digest,62.265639099999994,Technology,78.23,Thursday,Night,52.16,1.0,Positive,17.89,1,81.0
478748,Digital Digest,75.05,Technology,23.23,Thursday,Night,51.54,0.0,Negative,73.90767,1,54.0
479601,Digital Digest,15.27,Technology,34.81,Thursday,Night,9.01,0.0,Neutral,7.94216,1,77.0
480122,Digital Digest,84.27,Technology,78.7,Thursday,Night,20.39,1.0,Positive,81.64815,1,53.0
480984,Digital Digest,41.24,Technology,65.48,Thursday,Night,23.12,3.0,Positive,26.34575,1,65.0
482108,Digital Digest,96.03,Technology,64.0,Thursday,Night,96.52,0.0,Positive,55.25531,1,11.0
482893,Digital Digest,14.73,Technology,31.73,Thursday,Night,50.88,1.0,Positive,10.48,1,31.0
484578,Digital Digest,34.24,Technology,83.67,Thursday,Night,72.09,1.0,Negative,23.709,1,52.0
486662,Digital Digest,49.11,Technology,72.65,Thursday,Night,11.91,0.0,Positive,39.53692,1,8.0
486696,Digital Digest,102.97,Technology,73.98,Thursday,Night,0.0,2.0,Positive,60.93667,1,66.0
487273,Digital Digest,97.68,Technology,86.74,Thursday,Night,65.78,1.0,Positive,48.96,1,31.0
487728,Digital Digest,31.23,Technology,26.72,Thursday,Night,65.77,0.0,Positive,17.36,1,80.0
487885,Digital Digest,93.57,Technology,36.65,Thursday,Night,0.0,2.0,Neutral,62.2522,1,6.0
489509,Digital Digest,62.265639099999994,Technology,31.23,Thursday,Night,8.68,0.0,Neutral,39.24,1,31.0
493011,Digital Digest,86.87,Technology,86.61,Thursday,Night,64.59,1.0,Neutral,70.65673,1,29.0
494006,Digital Digest,97.45,Technology,35.16,Thursday,Night,86.25,2.0,Negative,81.9161,1,80.0
494812,Digital Digest,64.58,Technology,82.34,Thursday,Night,8.23,0.0,Negative,61.59961,1,21.0
497033,Digital Digest,119.1,Technology,59.29,Thursday,Night,59.12,3.0,Neutral,75.87271,1,81.0
499498,Digital Digest,116.74,Technology,58.66,Thursday,Night,78.73,1.0,Positive,104.23,1,47.0
499863,Digital Digest,62.265639099999994,Technology,59.27,Thursday,Night,62.98,0.0,Neutral,34.02055,1,44.0
503307,Digital Digest,21.65,Technology,69.86,Thursday,Night,61.54,3.0,Positive,9.40205,1,32.0
504245,Digital Digest,88.55,Technology,58.7,Thursday,Night,38.26,1.0,Neutral,71.23432,1,61.0
504599,Digital Digest,119.91,Technology,81.45,Thursday,Night,59.23,2.0,Negative,116.05,1,81.0
506080,Digital Digest,104.92,Technology,47.37,Thursday,Night,34.59,1.0,Positive,104.92,1,54.0
506476,Digital Digest,59.2,Technology,89.83,Thursday,Night,34.17,0.0,Neutral,55.80939,1,92.0
507574,Digital Digest,119.52,Technology,27.02,Thursday,Night,0.0,3.0,Positive,92.46508,1,40.0
507964,Digital Digest,114.43,Technology,81.38,Thursday,Night,50.85,0.0,Positive,112.68,1,31.0
508028,Digital Digest,111.97,Technology,95.63,Thursday,Night,0.0,2.0,Positive,105.36834,1,58.0
509438,Digital Digest,15.81,Technology,39.1,Thursday,Night,33.9,0.0,Neutral,10.82,1,64.0
511716,Digital Digest,62.33,Technology,52.66,Thursday,Night,18.58,2.0,Positive,44.03,1,65.0
513540,Digital Digest,28.73,Technology,42.2,Thursday,Night,84.76,0.0,Negative,20.9295,1,82.0
513770,Digital Digest,30.04,Technology,40.43,Thursday,Night,93.71,2.0,Negative,25.1,1,36.0
514853,Digital Digest,72.15,Technology,80.16,Thursday,Night,28.69,3.0,Negative,42.16011,1,28.0
515057,Digital Digest,60.6,Technology,74.68,Thursday,Night,54.59,3.0,Neutral,41.92,1,68.0
516788,Digital Digest,62.265639099999994,Technology,26.47,Thursday,Night,54.32,2.0,Negative,14.17,1,84.0
517341,Digital Digest,41.22,Technology,23.47,Thursday,Night,82.84,2.0,Neutral,17.63011,1,30.0
518460,Digital Digest,42.6,Technology,27.28,Thursday,Night,53.76,1.0,Negative,33.04,1,54.0
519058,Digital Digest,86.66,Technology,62.89,Thursday,Night,59.93,0.0,Positive,74.82617,1,69.0
520657,Digital Digest,20.2,Technology,87.67,Thursday,Night,92.53,0.0,Neutral,11.76071,1,4.0
520844,Digital Digest,114.32,Technology,24.81,Thursday,Night,78.21,3.0,Neutral,60.99997,1,17.0
521339,Digital Digest,82.32,Technology,88.02,Thursday,Night,0.0,0.0,Neutral,64.901,1,77.0
523184,Digital Digest,110.4,Technology,66.28,Thursday,Night,43.7,2.0,Neutral,93.12528,1,63.0
523192,Digital Digest,7.38,Technology,80.65,Thursday,Night,56.51,1.0,Positive,5.46,1,50.0
523226,Digital Digest,105.52,Technology,50.2,Thursday,Night,6.08,0.0,Positive,65.43734,1,54.0
523991,Digital Digest,102.83,Technology,48.19,Thursday,Night,50.44,0.0,Positive,100.88,1,1.0
525000,Digital Digest,62.265639099999994,Technology,62.92,Thursday,Night,56.06,0.0,Neutral,5.1915,1,82.0
525183,Digital Digest,62.265639099999994,Technology,58.37,Thursday,Night,9.72,0.0,Neutral,28.31572,1,21.0
525528,Digital Digest,87.66,Technology,26.78,Thursday,Night,30.73,0.0,Positive,71.12,1,19.0
526859,Digital Digest,118.71,Technology,81.35,Thursday,Night,53.44,0.0,Neutral,116.05,1,81.0
527229,Digital Digest,62.265639099999994,Technology,56.83,Thursday,Night,65.65,0.0,Negative,20.0,1,56.0
527352,Digital Digest,114.2,Technology,27.81,Thursday,Night,54.05,1.0,Negative,63.0379,1,46.0
527643,Digital Digest,94.17,Technology,35.67,Thursday,Night,0.81,1.0,Positive,50.18764,1,17.0
528004,Digital Digest,79.01,Technology,81.41,Thursday,Night,89.4,0.0,Negative,43.22897,1,35.0
528128,Digital Digest,62.265639099999994,Technology,71.18,Thursday,Night,94.18,2.0,Neutral,88.24452,1,93.0
528562,Digital Digest,75.81,Technology,84.06,Thursday,Night,79.07,1.0,Neutral,73.71447,1,64.0
528679,Digital Digest,95.59,Technology,71.21,Thursday,Night,27.81,0.0,Positive,73.00412,1,41.0
531555,Digital Digest,59.61,Technology,23.0,Thursday,Night,70.5,1.0,Positive,50.96347,1,88.0
532915,Digital Digest,57.35,Technology,23.87,Thursday,Night,40.59,0.0,Neutral,55.80977,1,78.0
533430,Digital Digest,93.44,Technology,47.07,Thursday,Night,97.07,2.0,Positive,71.95493,1,61.0
535828,Digital Digest,34.24,Technology,28.49,Thursday,Night,83.23,1.0,Negative,23.709,1,30.0
536228,Digital Digest,10.72,Technology,50.94,Thursday,Night,55.4,1.0,Negative,5.79,1,52.0
537079,Digital Digest,51.65,Technology,76.67,Thursday,Night,56.9,1.0,Negative,33.01,1,63.0
537578,Digital Digest,109.06,Technology,74.06,Thursday,Night,86.28,0.0,Negative,77.9071,1,24.0
537651,Digital Digest,7.69,Technology,91.78,Thursday,Night,5.68,0.0,Negative,7.16492,1,83.0
538084,Digital Digest,62.265639099999994,Technology,24.0,Thursday,Night,0.0,2.0,Negative,71.78754,1,26.0
540155,Digital Digest,18.39,Technology,38.23,Thursday,Night,80.28,2.0,Neutral,3.95375,1,86.0
542067,Digital Digest,62.67,Technology,86.11,Thursday,Night,18.68,1.0,Negative,49.24,1,32.0
542947,Digital Digest,119.89,Technology,58.27,Thursday,Night,0.0,2.0,Positive,90.91083,1,66.0
543339,Digital Digest,104.44,Technology,49.23,Thursday,Night,48.26,3.0,Neutral,66.94622,1,85.0
543862,Digital Digest,68.7,Technology,20.5,Thursday,Night,39.16,0.0,Negative,53.89084,1,38.0
545136,Digital Digest,42.63,Technology,48.2,Thursday,Night,97.2,2.0,Negative,32.05,1,28.0
545742,Digital Digest,12.7,Technology,32.29,Thursday,Night,80.84,1.0,Positive,10.79,1,64.0
546159,Digital Digest,62.265639099999994,Technology,63.41,Thursday,Night,3.33,2.0,Neutral,18.3,1,24.0
547902,Digital Digest,111.98,Technology,59.99,Thursday,Night,8.8,0.0,Negative,50.50766,1,35.0
550932,Digital Digest,62.265639099999994,Technology,86.18,Thursday,Night,69.97,1.0,Neutral,45.96,1,75.0
551325,Digital Digest,57.37,Technology,52.14,Thursday,Night,4.19,0.0,Positive,44.25123,1,86.0
554569,Digital Digest,62.265639099999994,Technology,86.22,Thursday,Night,26.41,2.0,Negative,67.27,1,83.0
555123,Digital Digest,61.79,Technology,46.53,Thursday,Night,0.0,2.0,Neutral,45.02218,1,31.0
556110,Digital Digest,95.55,Technology,80.04,Thursday,Night,75.31,2.0,Neutral,78.8041,1,90.0
556851,Digital Digest,105.81,Technology,56.62,Thursday,Night,42.71,3.0,Negative,84.8361,1,78.0
557994,Digital Digest,37.02,Technology,88.52,Thursday,Night,0.0,2.0,Negative,23.65281,1,85.0
558467,Digital Digest,62.265639099999994,Technology,49.13,Thursday,Night,0.0,3.0,Negative,20.31044,1,88.0
558867,Digital Digest,116.85,Technology,68.45,Thursday,Night,0.0,1.0,Positive,89.26471,1,50.0
558968,Digital Digest,89.93,Technology,59.03,Thursday,Night,1.35,3.0,Neutral,43.44097,1,70.0
559390,Digital Digest,60.36,Technology,78.21,Thursday,Night,0.0,1.0,Positive,38.25,1,66.0
560221,Digital Digest,62.265639099999994,Technology,61.13,Thursday,Night,56.96,1.0,Positive,5.46,1,90.0
560493,Digital Digest,88.97,Technology,66.1,Thursday,Night,7.35,3.0,Positive,47.06407,1,77.0
561288,Digital Digest,57.97,Technology,86.58,Thursday,Night,87.52,0.0,Neutral,53.37517,1,45.0
561752,Digital Digest,48.3,Technology,26.18,Thursday,Night,79.29,3.0,Negative,35.1945,1,18.0
562112,Digital Digest,10.72,Technology,50.97,Thursday,Night,85.27,1.0,Negative,5.79,1,64.0
563086,Digital Digest,54.83,Technology,96.33,Thursday,Night,31.33,0.0,Neutral,41.12925,1,43.0
563242,Digital Digest,53.69,Technology,98.91,Thursday,Night,56.43,2.0,Positive,36.05,1,28.0
568132,Digital Digest,58.29,Technology,72.11,Thursday,Night,82.17,0.0,Neutral,39.13789,1,79.0
568207,Digital Digest,69.87,Technology,69.86,Thursday,Night,86.81,2.0,Positive,42.80444,1,93.0
568541,Digital Digest,89.38,Technology,82.53,Thursday,Night,0.0,0.0,Positive,70.90028,1,27.0
568817,Digital Digest,53.84,Technology,76.74,Thursday,Night,56.09,2.0,Positive,34.03,1,63.0
569225,Digital Digest,67.02,Technology,82.78,Thursday,Night,32.77,0.0,Neutral,61.59961,1,24.0
571889,Digital Digest,62.265639099999994,Technology,22.63,Thursday,Night,0.0,0.0,Positive,38.66522,1,76.0
572074,Digital Digest,94.38,Technology,71.94,Thursday,Night,29.57,1.0,Neutral,82.97197,1,11.0
573009,Digital Digest,18.13,Technology,44.61,Thursday,Night,80.84,2.0,Negative,6.27,1,32.0
573537,Digital Digest,115.19,Technology,47.31,Thursday,Night,90.86,1.0,Neutral,103.95,1,52.0
576898,Digital Digest,100.18,Technology,52.19,Thursday,Night,0.0,1.0,Negative,57.65272,1,9.0
577383,Digital Digest,27.16,Technology,24.37,Thursday,Night,68.1,3.0,Negative,13.97344,1,19.0
579950,Digital Digest,10.69,Technology,88.72,Thursday,Night,4.48,2.0,Negative,1.38313,1,37.0
580916,Digital Digest,34.41,Technology,79.56,Thursday,Night,0.0,3.0,Positive,27.85097,1,98.0
584543,Digital Digest,113.68,Technology,57.3,Thursday,Night,43.64,1.0,Neutral,61.66136,1,62.0
586818,Digital Digest,39.96,Technology,97.4,Thursday,Night,73.4,1.0,Negative,26.45,1,68.0
587079,Digital Digest,87.66,Technology,26.69,Thursday,Night,30.73,0.0,Positive,71.12,1,22.0
588669,Digital Digest,30.23,Technology,38.68,Thursday,Night,91.49,2.0,Negative,15.26,1,52.0
590248,Digital Digest,100.6,Technology,33.87,Thursday,Night,50.35,1.0,Neutral,95.56189,1,6.0
591355,Digital Digest,18.11,Technology,39.8,Thursday,Night,68.99,0.0,Negative,10.26,1,24.0
592296,Digital Digest,60.83,Technology,49.03,Thursday,Night,19.12,1.0,Positive,26.67014,1,10.0
592698,Digital Digest,62.265639099999994,Technology,33.46,Thursday,Night,33.43,0.0,Positive,108.25981,1,70.0
593133,Digital Digest,62.265639099999994,Technology,98.18,Thursday,Night,79.76,1.0,Neutral,66.91941,1,78.0
593452,Digital Digest,70.82,Technology,38.68,Thursday,Night,53.31,0.0,Neutral,48.13789,1,79.0
594990,Digital Digest,103.94,Technology,93.57,Thursday,Night,63.59,0.0,Positive,66.77814,1,78.0
595270,Digital Digest,52.88,Technology,27.0,Thursday,Night,0.0,2.0,Negative,36.33712,1,8.0
596221,Digital Digest,75.05,Technology,43.77,Thursday,Night,51.59,0.0,Positive,73.90767,1,54.0
596609,Digital Digest,110.99,Technology,78.53,Thursday,Night,5.8,0.0,Negative,81.35,1,68.0
600116,Digital Digest,32.89,Technology,71.09,Thursday,Night,0.0,2.0,Positive,28.65065,1,45.0
601255,Digital Digest,44.92,Technology,26.3,Thursday,Night,53.58,1.0,Positive,33.04,1,28.0
601388,Digital Digest,16.82,Technology,26.09,Thursday,Night,77.07,0.0,Neutral,9.45109,1,43.0
601563,Digital Digest,52.41,Technology,42.6,Thursday,Night,44.41,3.0,Negative,34.02437,1,19.0
604293,Digital Digest,29.02,Technology,45.52,Thursday,Night,80.58,0.0,Neutral,23.67209,1,83.0
607551,Digital Digest,34.78,Technology,98.15,Thursday,Night,56.16,3.0,Positive,19.4,1,19.0
608708,Digital Digest,62.265639099999994,Technology,46.87,Thursday,Night,0.0,2.0,Negative,45.10938,1,46.0
609562,Digital Digest,62.265639099999994,Technology,60.72,Thursday,Night,47.79,1.0,Positive,9.89,1,81.0
610238,Digital Digest,62.265639099999994,Technology,31.19,Thursday,Night,78.59,0.0,Negative,25.85,1,53.0
610351,Digital Digest,20.14,Technology,39.45,Thursday,Night,64.26,0.0,Neutral,10.29644,1,85.0
610663,Digital Digest,78.36,Technology,36.44,Thursday,Night,81.51,1.0,Negative,60.254,1,46.0
610674,Digital Digest,62.265639099999994,Technology,96.85,Thursday,Night,72.84,2.0,Positive,46.63273,1,10.0
610774,Digital Digest,17.33,Technology,68.23,Thursday,Night,6.18,2.0,Negative,10.55119,1,59.0
610981,Digital Digest,55.72,Technology,31.69,Thursday,Night,4.19,1.0,Positive,44.25123,1,89.0
611462,Digital Digest,62.265639099999994,Technology,63.76,Thursday,Night,97.79,1.0,Negative,41.25,1,61.0
612059,Digital Digest,62.265639099999994,Technology,59.88,Thursday,Night,23.84,1.0,Positive,52.81257,1,99.0
612096,Digital Digest,62.265639099999994,Technology,72.89,Thursday,Night,83.52,0.0,Negative,20.709,1,72.0
613236,Digital Digest,85.62,Technology,82.78,Thursday,Night,64.12,0.0,Negative,61.59961,1,21.0
615338,Digital Digest,104.92,Technology,47.69,Thursday,Night,33.57,1.0,Positive,104.92,1,54.0
616040,Digital Digest,31.37,Technology,78.79,Thursday,Night,63.78,1.0,Positive,26.04,1,28.0
621498,Digital Digest,82.39,Technology,49.09,Thursday,Night,43.17,3.0,Positive,65.92062,1,23.0
622351,Digital Digest,62.265639099999994,Technology,58.52,Thursday,Night,0.0,3.0,Positive,23.41,1,31.0
624413,Digital Digest,119.46,Technology,34.96,Thursday,Night,8.78,1.0,Positive,58.83436,1,6.0
625417,Digital Digest,6.09,Technology,31.64,Thursday,Night,90.63,0.0,Negative,2.88137,1,86.0
626299,Digital Digest,33.98,Technology,96.76,Thursday,Night,70.27,1.0,Negative,14.77,1,75.0
626913,Digital Digest,69.99,Technology,74.9,Thursday,Night,44.03,3.0,Positive,49.10287,1,53.0
628469,Digital Digest,31.57,Technology,62.6,Thursday,Night,28.62,1.0,Negative,24.04,1,63.0
630557,Digital Digest,62.265639099999994,Technology,31.57,Thursday,Night,13.81,2.0,Neutral,39.06658,1,58.0
631306,Digital Digest,93.84,Technology,73.69,Thursday,Night,0.0,1.0,Negative,88.77715,1,63.0
633172,Digital Digest,50.37,Technology,55.72,Thursday,Night,80.24,2.0,Positive,20.35878,1,15.0
633299,Digital Digest,82.56,Technology,53.56,Thursday,Night,74.42,3.0,Positive,72.10442,1,9.0
633324,Digital Digest,62.265639099999994,Technology,49.57,Thursday,Night,99.18,2.0,Neutral,8.71,1,75.0
634389,Digital Digest,36.94,Technology,38.56,Thursday,Night,0.0,1.0,Negative,18.71233,1,37.0
635514,Digital Digest,60.37,Technology,36.74,Thursday,Night,50.0,2.0,Positive,43.6925,1,86.0
636667,Digital Digest,34.5,Technology,89.4,Thursday,Night,71.33,3.0,Neutral,27.79,1,43.0
636767,Digital Digest,62.34,Technology,36.79,Thursday,Night,18.91,0.0,Positive,44.03,1,53.0
638407,Digital Digest,53.21,Technology,33.78,Thursday,Night,0.0,0.0,Negative,38.72955,1,46.0
639259,Digital Digest,76.99,Technology,26.23,Thursday,Night,0.0,0.0,Neutral,72.46,1,59.0
640063,Digital Digest,62.95,Technology,30.14,Thursday,Night,5.96,0.0,Neutral,47.14047,1,45.0
640470,Digital Digest,37.47,Technology,63.0,Thursday,Night,48.04,3.0,Neutral,24.54024,1,51.0
642348,Digital Digest,8.89,Technology,65.87,Thursday,Night,44.21,2.0,Positive,0.73461,1,76.0
643845,Digital Digest,94.53,Technology,32.47,Thursday,Night,21.57,2.0,Positive,39.40584,1,49.0
643882,Digital Digest,62.265639099999994,Technology,88.25,Thursday,Night,34.51,0.0,Positive,53.02443,1,11.0
644161,Digital Digest,91.28,Technology,65.65,Thursday,Night,16.91,1.0,Positive,72.38031,1,19.0
644168,Digital Digest,106.81,Technology,80.3,Thursday,Night,57.81,3.0,Negative,68.82369,1,14.0
645886,Digital Digest,50.26,Technology,56.57,Thursday,Night,97.59,2.0,Positive,34.03,1,63.0
646020,Digital Digest,62.265639099999994,Technology,29.95,Thursday,Night,0.0,1.0,Negative,38.52182,1,93.0
646685,Digital Digest,71.79,Technology,21.72,Thursday,Night,0.0,3.0,Negative,29.4901,1,81.0
647380,Digital Digest,8.9,Technology,45.21,Thursday,Night,56.58,1.0,Negative,8.9,1,55.0
648687,Digital Digest,96.84,Technology,64.23,Thursday,Night,63.12,2.0,Negative,49.89431,1,75.0
649489,Digital Digest,68.81,Technology,37.31,Thursday,Night,58.72,1.0,Positive,36.99,1,51.0
649988,Digital Digest,106.83,Technology,63.64,Thursday,Night,34.52,1.0,Positive,104.92,1,30.0
651732,Digital Digest,69.64,Technology,52.13,Thursday,Night,33.8,2.0,Positive,50.05512,1,87.0
651783,Digital Digest,17.57,Technology,70.46,Thursday,Night,18.62,3.0,Neutral,12.37474,1,46.0
653947,Digital Digest,62.265639099999994,Technology,33.69,Thursday,Night,0.0,0.0,Positive,89.9592,1,68.0
654423,Digital Digest,95.81,Technology,80.68,Thursday,Night,23.67,1.0,Negative,84.20822,1,58.0
655178,Digital Digest,62.265639099999994,Technology,39.53,Thursday,Night,47.99,0.0,Positive,9.89,1,91.0
655776,Digital Digest,107.76,Technology,62.93,Thursday,Night,50.31,3.0,Negative,85.19566,1,35.0
656729,Digital Digest,104.92,Technology,78.84,Thursday,Night,63.69,1.0,Positive,104.92,1,54.0
657343,Digital Digest,112.57,Technology,60.34,Thursday,Night,0.0,2.0,Neutral,61.32623,1,63.0
657864,Digital Digest,10.35,Technology,70.44,Thursday,Night,53.73,1.0,Negative,5.55457,1,33.0
658979,Digital Digest,87.85,Technology,72.43,Thursday,Night,83.23,3.0,Negative,52.92733,1,46.0
659362,Digital Digest,62.265639099999994,Technology,62.86,Thursday,Night,73.42,3.0,Negative,18.71025,1,13.0
659548,Digital Digest,115.31,Technology,25.63,Thursday,Night,0.0,2.0,Positive,87.44642,1,42.0
662199,Digital Digest,102.26,Technology,61.77,Thursday,Night,41.78,0.0,Positive,67.05827,1,81.0
663027,Digital Digest,58.93,Technology,24.44,Thursday,Night,54.85,0.0,Neutral,42.05872,1,59.0
663736,Digital Digest,62.265639099999994,Technology,90.29,Thursday,Night,0.0,0.0,Neutral,65.21552,1,86.0
664941,Digital Digest,90.24,Technology,25.17,Thursday,Night,3.39,3.0,Negative,49.60177,1,15.0
665597,Digital Digest,68.61,Technology,98.59,Thursday,Night,53.56,2.0,Positive,36.05,1,54.0
667451,Digital Digest,119.61,Technology,22.44,Thursday,Night,72.79,0.0,Positive,71.5181,1,25.0
668498,Digital Digest,62.265639099999994,Technology,88.35,Thursday,Night,35.87,1.0,Positive,73.66765,1,37.0
669671,Digital Digest,68.84,Technology,97.93,Thursday,Night,53.56,2.0,Positive,36.05,1,84.0
672314,Digital Digest,62.33,Technology,39.83,Thursday,Night,62.83,1.0,Positive,31.05,1,61.0
673317,Digital Digest,32.03,Technology,38.65,Thursday,Night,7.33,0.0,Negative,23.47307,1,75.0
675864,Digital Digest,62.265639099999994,Technology,28.04,Thursday,Night,0.0,0.0,Positive,89.9592,1,68.0
679384,Digital Digest,34.14,Technology,31.57,Thursday,Night,54.69,0.0,Positive,31.10267,1,31.0
679437,Digital Digest,49.78,Technology,37.65,Thursday,Night,1.68,2.0,Neutral,18.41415,1,79.0
679479,Digital Digest,33.47,Technology,23.77,Thursday,Night,0.0,1.0,Neutral,14.34,1,97.0
679538,Digital Digest,73.51,Technology,49.99,Thursday,Night,62.61,0.0,Neutral,59.67123,1,35.0
680669,Digital Digest,39.2,Technology,83.6,Thursday,Night,75.38,2.0,Positive,37.33289,1,74.0
685071,Digital Digest,18.99,Technology,47.41,Thursday,Night,44.39,1.0,Positive,11.49,1,81.0
686021,Digital Digest,97.38,Technology,82.49,Thursday,Night,73.3,2.0,Negative,81.9161,1,20.0
686602,Digital Digest,52.41,Technology,31.65,Thursday,Night,63.72,2.0,Positive,28.31151,1,52.0
686840,Digital Digest,113.88,Technology,48.39,Thursday,Night,0.0,2.0,Neutral,65.79439,1,33.0
688180,Digital Digest,25.06,Technology,99.11,Thursday,Night,1.33,0.0,Positive,13.93784,1,8.0
689404,Digital Digest,32.93,Technology,96.63,Thursday,Night,48.23,2.0,Positive,32.88,1,35.0
690876,Digital Digest,83.31,Technology,88.03,Thursday,Night,78.3,2.0,Negative,65.07973,1,12.0
691313,Digital Digest,59.07,Technology,84.87,Thursday,Night,88.08,2.0,Neutral,37.16373,1,27.0
691628,Digital Digest,42.6,Technology,38.83,Thursday,Night,56.61,1.0,Negative,23.04,1,78.0
691980,Digital Digest,45.36,Technology,91.74,Thursday,Night,69.66,3.0,Negative,28.42,1,61.0
692161,Digital Digest,107.06,Technology,92.43,Thursday,Night,92.91,1.0,Neutral,71.24197,1,47.0
692645,Digital Digest,62.265639099999994,Technology,90.48,Thursday,Night,1.44,0.0,Positive,99.06398,1,35.0
692782,Digital Digest,62.51,Technology,67.49,Thursday,Night,46.49,2.0,Neutral,40.14932,1,44.0
694615,Digital Digest,115.5,Technology,82.59,Thursday,Night,73.97,0.0,Positive,70.90028,1,34.0
697222,Digital Digest,47.83,Technology,62.32,Thursday,Night,0.0,2.0,Neutral,47.07844,1,38.0
698126,Digital Digest,34.67,Technology,46.8,Thursday,Night,0.0,2.0,Negative,18.13,1,23.0
698787,Digital Digest,16.63,Technology,58.97,Thursday,Night,20.92,1.0,Negative,12.07,1,84.0
700165,Digital Digest,109.16,Technology,67.69,Thursday,Night,82.47,1.0,Neutral,74.75496,1,91.0
703046,Digital Digest,105.94,Technology,91.82,Thursday,Night,0.43,1.0,Negative,91.70905,1,48.0
703505,Digital Digest,24.56,Technology,39.69,Thursday,Night,65.54,1.0,Negative,13.30745,1,55.0
703956,Digital Digest,30.29,Technology,24.77,Thursday,Night,48.45,1.0,Neutral,22.20948,1,70.0
704399,Digital Digest,45.66,Technology,45.32,Thursday,Night,97.79,0.0,Neutral,34.33671,1,28.0
704864,Digital Digest,28.73,Technology,61.99,Thursday,Night,42.82,1.0,Positive,20.73616,1,16.0
705018,Digital Digest,99.34,Technology,59.47,Thursday,Night,2.98,2.0,Neutral,80.92789,1,98.0
706379,Digital Digest,102.09,Technology,33.99,Thursday,Night,73.19,2.0,Negative,54.10412,1,16.0
706848,Digital Digest,100.96,Technology,81.55,Thursday,Night,97.83,1.0,Neutral,95.25,1,32.0
707076,Digital Digest,62.265639099999994,Technology,82.08,Thursday,Night,32.08,1.0,Negative,66.76203,1,34.0
707236,Digital Digest,53.84,Technology,76.74,Thursday,Night,27.38,2.0,Positive,34.03,1,63.0
707417,Digital Digest,104.92,Technology,47.69,Thursday,Night,33.26,1.0,Positive,104.92,1,54.0
710887,Digital Digest,108.74,Technology,43.81,Thursday,Night,61.16,1.0,Positive,89.11172,1,70.0
711368,Digital Digest,39.74,Technology,27.4,Thursday,Night,28.04,2.0,Positive,34.02,1,73.0
712893,Digital Digest,52.85,Technology,31.25,Thursday,Night,63.72,2.0,Positive,28.31151,1,73.0
713679,Digital Digest,87.66,Technology,26.68,Thursday,Night,30.73,0.0,Positive,71.12,1,22.0
714471,Digital Digest,104.92,Technology,47.59,Thursday,Night,66.68,1.0,Positive,104.92,1,54.0
715184,Digital Digest,62.265639099999994,Technology,26.45,Thursday,Night,83.07,3.0,Negative,47.60015,1,40.0
716319,Digital Digest,53.26,Technology,35.12,Thursday,Night,8.82,0.0,Negative,47.65384,1,37.0
718683,Digital Digest,109.82,Technology,38.11,Thursday,Night,55.02,0.0,Negative,56.88384,1,22.0
721872,Digital Digest,98.78,Technology,92.4,Thursday,Night,28.61,0.0,Negative,85.45865,1,75.0
721958,Digital Digest,60.39,Technology,44.64,Thursday,Night,88.63,3.0,Positive,49.11176,1,45.0
722218,Digital Digest,106.74,Technology,59.65,Thursday,Night,63.68,1.0,Positive,104.92,1,30.0
722638,Digital Digest,94.42,Technology,34.5,Thursday,Night,8.41,0.0,Positive,52.41485,1,58.0
722895,Digital Digest,24.97,Technology,39.36,Thursday,Night,84.61,0.0,Positive,12.03,1,84.0
722909,Digital Digest,52.8,Technology,20.83,Thursday,Night,57.68,1.0,Neutral,34.2045,1,9.0
723942,Digital Digest,7.99,Technology,35.28,Thursday,Night,50.36,0.0,Positive,7.89,1,96.0
724226,Digital Digest,62.265639099999994,Technology,74.62,Thursday,Night,88.97,0.0,Positive,9.93211,1,64.0
726330,Digital Digest,107.88,Technology,63.59,Thursday,Night,85.13,1.0,Positive,85.40302,1,91.0
726349,Digital Digest,97.7,Technology,35.17,Thursday,Night,37.93,3.0,Positive,73.73406,1,9.0
727251,Digital Digest,72.91,Technology,47.68,Thursday,Night,0.0,0.0,Neutral,48.6356,1,32.0
730093,Digital Digest,104.92,Technology,78.64,Thursday,Night,33.99,1.0,Positive,104.92,1,54.0
730580,Digital Digest,68.81,Technology,26.81,Thursday,Night,58.18,1.0,Positive,36.99,1,41.0
732226,Digital Digest,108.57,Technology,34.81,Thursday,Night,76.0,2.0,Positive,97.4525,1,38.0
733473,Digital Digest,43.14,Technology,70.91,Thursday,Night,0.0,3.0,Positive,16.97434,1,56.0
733510,Digital Digest,57.35,Technology,23.87,Thursday,Night,34.35,0.0,Neutral,55.80977,1,92.0
733607,Digital Digest,53.61,Technology,30.96,Thursday,Night,42.71,0.0,Neutral,20.80968,1,46.0
734917,Digital Digest,81.54,Technology,54.28,Thursday,Night,16.01,0.0,Positive,78.85811,1,77.0
735326,Digital Digest,40.14,Technology,34.96,Thursday,Night,56.11,2.0,Neutral,26.33237,1,76.0
739932,Digital Digest,27.88,Technology,49.31,Thursday,Night,94.42,1.0,Positive,24.98965,1,55.0
740848,Digital Digest,24.68,Technology,62.68,Thursday,Night,0.0,3.0,Positive,18.60668,1,56.0
743451,Digital Digest,62.265639099999994,Technology,48.68,Thursday,Night,84.24,1.0,Positive,20.32,1,31.0
746882,Digital Digest,62.265639099999994,Technology,31.29,Thursday,Night,47.64,1.0,Neutral,25.98,1,67.0
747628,Digital Digest,60.24,Technology,38.63,Thursday,Night,0.0,1.0,Neutral,38.25,1,59.0
747679,Digital Digest,16.33,Technology,96.59,Thursday,Night,91.44,3.0,Negative,4.78274,1,57.0
747767,Digital Digest,37.14,Technology,80.71,Thursday,Night,48.45,1.0,Neutral,22.20948,1,71.0
748810,Digital Digest,20.67,Technology,71.23,Thursday,Night,0.0,2.0,Negative,10.68,1,80.0
749164,Digital Digest,71.03,Technology,62.84,Thursday,Night,23.65,0.0,Negative,55.22,1,33.0
749328,Digital Digest,30.23,Technology,38.58,Thursday,Night,86.58,0.0,Negative,15.26,1,52.0
750049,Digital Digest,13.56,Technology,80.81,Thursday,Night,37.78,3.0,Negative,,0,10.0
753489,Digital Digest,116.72,Technology,94.77,Thursday,Night,14.09,2.0,Positive,,0,3.0
753899,Digital Digest,76.07,Technology,75.15,Thursday,Night,53.85,3.0,Negative,,0,53.0
757575,Digital Digest,88.75,Technology,86.25,Thursday,Night,0.0,1.0,Neutral,,0,61.0
757671,Digital Digest,19.53,Technology,95.23,Thursday,Night,0.0,1.0,Positive,,0,19.0
757973,Digital Digest,10.72,Technology,50.97,Thursday,Night,65.28,1.0,Negative,,0,60.0
763974,Digital Digest,79.45,Technology,44.85,Thursday,Night,47.16,3.0,Neutral,,0,50.0
764320,Digital Digest,107.2,Technology,88.35,Thursday,Night,39.39,1.0,Positive,,0,37.0
767377,Digital Digest,104.75,Technology,81.75,Thursday,Night,9.14,1.0,Positive,,0,2.0
772102,Digital Digest,10.79,Technology,25.35,Thursday,Night,63.08,2.0,Negative,,0,26.0
772184,Digital Digest,17.57,Technology,31.73,Thursday,Night,18.62,2.0,Neutral,,0,77.0
773422,Digital Digest,62.48,Technology,79.39,Thursday,Night,82.68,1.0,Negative,,0,32.0
773827,Digital Digest,52.29,Technology,26.77,Thursday,Night,56.94,2.0,Positive,,0,63.0
774459,Digital Digest,35.98,Technology,90.48,Thursday,Night,0.0,1.0,Neutral,,0,79.0
775566,Digital Digest,80.17,Technology,36.5,Thursday,Night,9.78,2.0,Negative,,0,29.0
775746,Digital Digest,94.39,Technology,51.46,Thursday,Night,17.21,3.0,Neutral,,0,10.0
776633,Digital Digest,10.72,Technology,46.14,Thursday,Night,55.4,1.0,Negative,,0,60.0
778671,Digital Digest,31.14,Technology,32.77,Thursday,Night,42.5,0.0,Negative,,0,76.0
784387,Digital Digest,37.7,Technology,25.25,Thursday,Night,63.73,2.0,Positive,,0,52.0
784467,Digital Digest,62.06,Technology,31.74,Thursday,Night,58.04,0.0,Negative,,0,50.0
784654,Digital Digest,25.22,Technology,21.89,Thursday,Night,88.14,0.0,Negative,,0,82.0
787315,Digital Digest,19.3,Technology,86.53,Thursday,Night,0.0,3.0,Positive,,0,76.0
789243,Digital Digest,27.32,Technology,96.62,Thursday,Night,25.26,1.0,Neutral,,0,51.0
789998,Digital Digest,62.265639099999994,Technology,80.65,Thursday,Night,56.51,2.0,Neutral,,0,89.0
790056,Digital Digest,107.26,Technology,67.24,Thursday,Night,0.0,2.0,Neutral,,0,67.0
790295,Digital Digest,53.61,Technology,63.31,Thursday,Night,42.71,0.0,Neutral,,0,42.0
790693,Digital Digest,62.66,Technology,39.21,Thursday,Night,18.99,1.0,Positive,,0,77.0
792795,Digital Digest,62.265639099999994,Technology,59.44,Thursday,Night,0.0,0.0,Positive,,0,85.0
794910,Digital Digest,83.41,Technology,80.56,Thursday,Night,75.06,2.0,Negative,,0,51.0
795597,Digital Digest,43.09,Technology,92.9,Thursday,Night,94.51,0.0,Negative,,0,63.0
797047,Digital Digest,34.25,Technology,83.67,Thursday,Night,83.71,1.0,Negative,,0,27.0
797211,Digital Digest,65.73,Technology,56.13,Thursday,Night,29.39,1.0,Negative,,0,16.0
797378,Digital Digest,43.79,Technology,81.5,Thursday,Night,0.0,1.0,Neutral,,0,33.0
799414,Digital Digest,116.72,Technology,94.22,Thursday,Night,0.0,1.0,Negative,,0,18.0
799648,Digital Digest,18.84,Technology,44.71,Thursday,Night,79.78,3.0,Positive,,0,48.0
803903,Digital Digest,52.48,Technology,92.07,Thursday,Night,0.0,1.0,Neutral,,0,91.0
804104,Digital Digest,54.85,Technology,29.39,Thursday,Night,0.0,0.0,Neutral,,0,34.0
804532,Digital Digest,45.63,Technology,26.3,Thursday,Night,53.76,1.0,Positive,,0,54.0
805750,Digital Digest,36.17,Technology,44.61,Thursday,Night,0.0,3.0,Neutral,,0,63.0
805793,Digital Digest,94.64,Technology,29.43,Thursday,Night,67.33,3.0,Negative,,0,81.0
806233,Digital Digest,103.23,Technology,28.13,Thursday,Night,61.3,1.0,Positive,,0,58.0
807499,Digital Digest,42.27,Technology,48.3,Thursday,Night,53.56,1.0,Negative,,0,57.0
808813,Digital Digest,62.59,Technology,79.39,Thursday,Night,88.68,3.0,Negative,,0,32.0
809078,Digital Digest,117.78,Technology,27.14,Thursday,Night,75.15,3.0,Neutral,,0,100.0
809853,Digital Digest,29.71,Technology,87.43,Thursday,Night,50.47,2.0,Neutral,,0,67.0
810130,Digital Digest,98.85,Technology,45.66,Thursday,Night,0.0,1.0,Positive,,0,76.0
810338,Digital Digest,75.05,Technology,43.73,Thursday,Night,51.31,1.0,Negative,,0,54.0
811392,Digital Digest,57.65,Technology,67.18,Thursday,Night,85.31,0.0,Negative,,0,17.0
812444,Digital Digest,98.56,Technology,90.3,Thursday,Night,0.0,0.0,Positive,,0,95.0
812624,Digital Digest,27.32,Technology,96.57,Thursday,Night,25.56,0.0,Neutral,,0,71.0
813115,Digital Digest,30.04,Technology,78.43,Thursday,Night,3.72,2.0,Negative,,0,32.0
815961,Digital Digest,55.28,Technology,24.28,Thursday,Night,64.98,3.0,Neutral,,0,83.0
816669,Digital Digest,62.265639099999994,Technology,95.93,Thursday,Night,72.65,0.0,Positive,,0,65.0
817515,Digital Digest,62.265639099999994,Technology,27.68,Thursday,Night,90.14,1.0,Neutral,,0,85.0
819386,Digital Digest,62.265639099999994,Technology,51.44,Thursday,Night,94.78,0.0,Negative,,0,49.0
819831,Digital Digest,62.265639099999994,Technology,92.27,Thursday,Night,49.03,1.0,Positive,,0,72.0
821152,Digital Digest,7.38,Technology,80.65,Thursday,Night,0.0,1.0,Positive,,0,80.0
821811,Digital Digest,62.265639099999994,Technology,52.39,Thursday,Night,49.03,1.0,Positive,,0,83.0
824426,Digital Digest,104.75,Technology,71.2,Thursday,Night,9.3,1.0,Negative,,0,14.0
824442,Digital Digest,23.16,Technology,86.57,Thursday,Night,0.0,1.0,Neutral,,0,49.0
824547,Digital Digest,9.23,Technology,68.63,Thursday,Night,70.59,3.0,Neutral,,0,46.0
825064,Digital Digest,36.82,Technology,39.27,Thursday,Night,99.25,3.0,Negative,,0,86.0
825578,Digital Digest,31.23,Technology,66.76,Thursday,Night,93.45,1.0,Negative,,0,23.0
827101,Digital Digest,58.13,Technology,21.59,Thursday,Night,89.81,3.0,Positive,,0,73.0
828809,Digital Digest,26.78,Technology,24.17,Thursday,Night,99.01,1.0,Negative,,0,78.0
829043,Digital Digest,45.45,Technology,30.27,Thursday,Night,83.22,1.0,Negative,,0,69.0
829738,Digital Digest,17.76,Technology,60.86,Thursday,Night,36.11,2.0,Positive,,0,51.0
831311,Digital Digest,62.265639099999994,Technology,51.79,Thursday,Night,0.0,2.0,Negative,,0,53.0
831447,Digital Digest,90.35,Technology,23.48,Thursday,Night,87.8,1.0,Neutral,,0,100.0
832626,Digital Digest,34.14,Technology,31.14,Thursday,Night,14.84,0.0,Positive,,0,41.0
835065,Digital Digest,62.265639099999994,Technology,52.28,Thursday,Night,78.28,1.0,Negative,,0,52.0
840114,Digital Digest,62.265639099999994,Technology,69.52,Thursday,Night,47.56,0.0,Positive,,0,81.0
846953,Digital Digest,106.3,Technology,88.67,Thursday,Night,88.04,3.0,Neutral,,0,87.0
847631,Digital Digest,117.23,Technology,45.21,Thursday,Night,0.0,2.0,Positive,,0,42.0
847773,Digital Digest,62.265639099999994,Technology,96.24,Thursday,Night,87.93,1.0,Positive,,0,89.0
848454,Digital Digest,17.73,Technology,62.89,Thursday,Night,95.38,0.0,Positive,,0,72.0
849946,Digital Digest,21.79,Technology,54.98,Thursday,Night,0.0,3.0,Positive,,0,76.0
850095,Digital Digest,92.29,Technology,81.35,Thursday,Night,41.22,0.0,Positive,,0,18.0
851871,Digital Digest,27.42,Technology,53.43,Thursday,Night,27.32,0.0,Negative,,0,4.0
853347,Digital Digest,69.45,Technology,41.66,Thursday,Night,69.71,1.0,Positive,,0,63.0
855299,Digital Digest,119.66,Technology,38.44,Thursday,Night,86.25,1.0,Neutral,,0,76.0
856209,Digital Digest,99.05,Technology,85.61,Thursday,Night,0.0,0.0,Neutral,,0,52.0
856876,Digital Digest,112.62,Technology,92.13,Thursday,Night,10.98,0.0,Neutral,,0,92.0
858906,Digital Digest,114.09,Technology,64.4,Thursday,Night,64.5,0.0,Neutral,,0,80.0
859124,Digital Digest,23.73,Technology,45.04,Thursday,Night,5.6,3.0,Negative,,0,59.0
860148,Digital Digest,62.265639099999994,Technology,32.99,Thursday,Night,0.0,1.0,Positive,,0,61.0
860483,Digital Digest,62.265639099999994,Technology,63.31,Thursday,Night,69.12,0.0,Negative,,0,67.0
861728,Digital Digest,53.81,Technology,27.83,Thursday,Night,95.74,2.0,Neutral,,0,22.0
866297,Digital Digest,42.92,Technology,20.57,Thursday,Night,6.39,3.0,Positive,,0,81.0
868919,Digital Digest,64.85,Technology,37.4,Thursday,Night,8.23,0.0,Negative,,0,21.0
869476,Digital Digest,73.06,Technology,45.51,Thursday,Night,29.17,1.0,Positive,,0,38.0
871451,Digital Digest,99.65,Technology,37.15,Thursday,Night,0.0,0.0,Neutral,,0,69.0
873940,Digital Digest,62.265639099999994,Technology,86.91,Thursday,Night,58.53,1.0,Neutral,,0,31.0
874864,Digital Digest,13.01,Technology,65.87,Thursday,Night,8.61,2.0,Positive,,0,66.0
875420,Digital Digest,81.1,Technology,86.73,Thursday,Night,29.7,0.0,Positive,,0,8.0
875730,Digital Digest,61.53,Technology,93.68,Thursday,Night,0.0,2.0,Negative,,0,77.0
875964,Digital Digest,60.42,Technology,23.48,Thursday,Night,87.16,1.0,Neutral,,0,100.0
876224,Digital Digest,62.265639099999994,Technology,35.74,Thursday,Night,79.78,2.0,Neutral,,0,80.0
876374,Digital Digest,73.1072949,Technology,20.01,Thursday,Night,50.11,1.0,Neutral,,0,99.0
877608,Digital Digest,18.11,Technology,80.43,Thursday,Night,65.11,1.0,Positive,,0,81.0
879380,Digital Digest,105.97,Technology,28.63,Thursday,Night,90.84,1.0,Negative,,0,85.0
879491,Digital Digest,47.84,Technology,59.56,Thursday,Night,58.77,1.0,Negative,,0,24.0
880272,Digital Digest,29.81,Technology,97.37,Thursday,Night,34.32,3.0,Positive,,0,96.0
880603,Digital Digest,104.73,Technology,28.74,Thursday,Night,88.72,3.0,Neutral,,0,34.0
881141,Digital Digest,62.17,Technology,87.86,Thursday,Night,69.14,2.0,Positive,,0,54.0
881393,Digital Digest,44.98,Technology,66.89,Thursday,Night,0.0,3.0,Neutral,,0,71.0
881833,Digital Digest,39.59,Technology,39.56,Thursday,Night,44.65,0.0,Negative,,0,34.0
882958,Digital Digest,33.53,Technology,58.33,Thursday,Night,64.12,2.0,Negative,,0,24.0
883777,Digital Digest,20.16,Technology,39.63,Thursday,Night,50.48,1.0,Negative,,0,86.0
884523,Digital Digest,56.01,Technology,32.88,Thursday,Night,0.0,0.0,Negative,,0,99.0
886127,Digital Digest,114.23,Technology,72.17,Thursday,Night,93.25,0.0,Positive,,0,33.0
888768,Digital Digest,88.12,Technology,92.76,Thursday,Night,17.65,2.0,Negative,,0,98.0
890302,Digital Digest,67.3,Technology,78.06,Thursday,Night,99.87,0.0,Neutral,,0,30.0
893840,Digital Digest,66.36,Technology,37.22,Thursday,Night,0.0,1.0,Positive,,0,23.0
894172,Digital Digest,62.265639099999994,Technology,31.84,Thursday,Night,47.64,0.0,Neutral,,0,72.0
894296,Digital Digest,62.265639099999994,Technology,97.74,Thursday,Night,60.68,0.0,Neutral,,0,19.0
894747,Digital Digest,64.09,Technology,94.73,Thursday,Night,90.96,1.0,Negative,,0,7.0
894776,Digital Digest,20.16,Technology,39.44,Thursday,Night,50.48,1.0,Positive,,0,39.0
895130,Digital Digest,62.265639099999994,Technology,60.69,Thursday,Night,53.35,0.0,Negative,,0,38.0
897559,Digital Digest,42.17,Technology,77.84,Thursday,Night,56.29,3.0,Positive,,0,26.0
899244,Digital Digest,88.07,Technology,48.37,Thursday,Night,87.19,1.0,Neutral,,0,28.0
900247,Digital Digest,112.86,Technology,37.16,Thursday,Night,24.58,0.0,Neutral,,0,46.0
901120,Digital Digest,104.67,Technology,36.06,Thursday,Night,11.85,3.0,Neutral,,0,93.0
902604,Digital Digest,17.25,Technology,43.35,Thursday,Night,0.84,1.0,Positive,,0,69.0
903507,Digital Digest,38.88,Technology,70.87,Thursday,Night,60.07,1.0,Positive,,0,100.0
905675,Digital Digest,62.265639099999994,Technology,39.27,Thursday,Night,73.69,2.0,Negative,,0,19.0
908306,Digital Digest,88.03,Technology,56.12,Thursday,Night,43.88,2.0,Positive,,0,59.0
908699,Digital Digest,47.64,Technology,20.4,Thursday,Night,65.09,0.0,Negative,,0,26.0
908735,Digital Digest,31.42,Technology,70.06,Thursday,Night,88.41,0.0,Negative,,0,81.0
909233,Digital Digest,62.265639099999994,Technology,45.96,Thursday,Night,0.0,0.0,Neutral,,0,40.0
909624,Digital Digest,81.35,Technology,94.89,Thursday,Night,99.78,0.0,Positive,,0,89.0
910096,Digital Digest,34.24,Technology,83.67,Thursday,Night,72.82,0.0,Negative,,0,30.0
914471,Digital Digest,119.91,Technology,81.45,Thursday,Night,30.9,2.0,Neutral,,0,81.0
915060,Digital Digest,62.265639099999994,Technology,69.81,Thursday,Night,0.0,2.0,Positive,,0,5.0
915589,Digital Digest,62.265639099999994,Technology,60.72,Thursday,Night,80.84,1.0,Positive,,0,83.0
916104,Digital Digest,104.92,Technology,59.65,Thursday,Night,33.36,1.0,Neutral,,0,34.0
920548,Digital Digest,62.66,Technology,39.83,Thursday,Night,18.99,1.0,Negative,,0,57.0
921233,Digital Digest,9.41,Technology,46.97,Thursday,Night,0.0,0.0,Negative,,0,92.0
922144,Digital Digest,62.265639099999994,Technology,52.1,Thursday,Night,56.43,2.0,Negative,,0,68.0
922147,Digital Digest,69.19,Technology,23.69,Thursday,Night,81.76,1.0,Negative,,0,59.0
925273,Digital Digest,52.85,Technology,25.26,Thursday,Night,72.28,2.0,Positive,,0,52.0
925383,Digital Digest,30.01,Technology,24.09,Thursday,Night,97.64,0.0,Positive,,0,88.0
926382,Digital Digest,64.08,Technology,42.09,Thursday,Night,78.76,1.0,Positive,,0,91.0
927629,Digital Digest,62.265639099999994,Technology,36.83,Thursday,Night,18.99,1.0,Negative,,0,61.0
931777,Digital Digest,75.88,Technology,32.57,Thursday,Night,39.82,3.0,Neutral,,0,73.0
932124,Digital Digest,43.25,Technology,48.23,Thursday,Night,54.81,3.0,Neutral,,0,76.0
932348,Digital Digest,44.87,Technology,38.56,Thursday,Night,0.0,3.0,Positive,,0,38.0
933144,Digital Digest,62.265639099999994,Technology,39.52,Thursday,Night,77.51,1.0,Negative,,0,52.0
934724,Digital Digest,62.265639099999994,Technology,49.04,Thursday,Night,25.39,1.0,Negative,,0,25.0
935123,Digital Digest,53.68,Technology,83.53,Thursday,Night,20.06,0.0,Neutral,,0,9.0
939327,Digital Digest,84.93,Technology,26.29,Thursday,Night,69.48,3.0,Negative,,0,19.0
941374,Digital Digest,116.4,Technology,28.31,Thursday,Night,30.39,0.0,Negative,,0,46.0
941682,Digital Digest,84.73,Technology,23.17,Thursday,Night,89.07,1.0,Positive,,0,23.0
941697,Digital Digest,84.11,Technology,93.11,Thursday,Night,0.0,1.0,Negative,,0,71.0
943838,Digital Digest,34.27,Technology,86.96,Thursday,Night,86.08,1.0,Negative,,0,71.0
945104,Digital Digest,107.11,Technology,88.35,Thursday,Night,19.69,1.0,Positive,,0,37.0
945283,Digital Digest,7.84,Technology,30.49,Thursday,Night,50.65,0.0,Positive,,0,64.0
945364,Digital Digest,76.22,Technology,26.72,Thursday,Night,0.0,0.0,Positive,,0,4.0
945639,Digital Digest,61.63,Technology,64.03,Thursday,Night,40.98,0.0,Neutral,,0,83.0
945883,Digital Digest,16.89,Technology,26.35,Thursday,Night,0.0,1.0,Neutral,,0,59.0
946052,Digital Digest,105.81,Technology,60.89,Thursday,Night,91.49,2.0,Negative,,0,18.0
946412,Digital Digest,115.42,Technology,31.3,Thursday,Night,0.0,1.0,Negative,,0,43.0
947015,Digital Digest,24.56,Technology,36.06,Thursday,Night,84.29,1.0,Negative,,0,59.0
947637,Digital Digest,61.7,Technology,31.7,Thursday,Night,15.15,2.0,Negative,,0,72.0
948146,Digital Digest,62.265639099999994,Technology,35.67,Thursday,Night,87.4,2.0,Negative,,0,59.0
948662,Digital Digest,48.95,Technology,39.99,Thursday,Night,42.76,0.0,Negative,,0,30.0
950832,Digital Digest,51.85,Technology,82.11,Thursday,Night,67.66,3.0,Negative,,0,15.0
951186,Digital Digest,62.265639099999994,Technology,92.71,Thursday,Night,50.88,1.0,Negative,,0,38.0
951537,Digital Digest,102.97,Technology,71.21,Thursday,Night,27.81,0.0,Negative,,0,41.0
954948,Digital Digest,104.91,Technology,70.98,Thursday,Night,23.76,0.0,Neutral,,0,60.0
958489,Digital Digest,112.18,Technology,82.35,Thursday,Night,0.0,3.0,Negative,,0,49.0
960666,Digital Digest,79.42,Technology,96.6,Thursday,Night,0.0,2.0,Negative,,0,38.0
964119,Digital Digest,67.67,Technology,40.29,Thursday,Night,4.86,2.0,Positive,,0,37.0
965057,Digital Digest,16.01,Technology,85.75,Thursday,Night,0.0,2.0,Negative,,0,65.0
965371,Digital Digest,48.55,Technology,47.28,Thursday,Night,47.77,1.0,Negative,,0,34.0
966613,Digital Digest,10.06,Technology,39.55,Thursday,Night,0.0,0.0,Neutral,,0,96.0
967204,Digital Digest,75.29,Technology,92.1,Thursday,Night,38.54,1.0,Positive,,0,86.0
969608,Digital Digest,62.66,True Crime,36.83,Thursday,Night,68.41,1.0,Positive,,0,11.0
970048,Digital Digest,26.99,Technology,46.74,Thursday,Night,98.78,3.0,Negative,,0,69.0
970529,Digital Digest,68.18,Technology,51.56,Thursday,Night,62.92,2.0,Positive,,0,27.0
971442,Digital Digest,110.43,Technology,48.93,Thursday,Night,49.04,1.0,Negative,,0,32.0
971644,Digital Digest,37.59,Technology,51.81,Thursday,Night,22.99,0.0,Neutral,,0,85.0
971696,Digital Digest,7.38,Technology,40.97,Thursday,Night,56.51,1.0,Positive,,0,90.0
972081,Digital Digest,86.98,Technology,68.58,Thursday,Night,53.01,3.0,Positive,,0,68.0
972694,Digital Digest,102.45,Technology,95.46,Thursday,Night,6.89,2.0,Neutral,,0,59.0
973349,Digital Digest,17.46,Technology,33.16,Thursday,Night,96.63,1.0,Negative,,0,94.0
973879,Digital Digest,52.68,Technology,63.57,Thursday,Night,95.48,3.0,Negative,,0,63.0
974420,Digital Digest,114.57,Technology,72.56,Thursday,Night,28.1,0.0,Negative,,0,22.0
975233,Digital Digest,31.23,Technology,78.79,Thursday,Night,56.8,1.0,Positive,,0,51.0
975934,Digital Digest,62.265639099999994,Technology,35.27,Thursday,Night,0.0,3.0,Positive,,0,1.0
976036,Digital Digest,115.19,Technology,24.44,Thursday,Night,23.37,3.0,Neutral,,0,51.0
976749,Digital Digest,25.52,Technology,24.07,Thursday,Night,47.0,0.0,Negative,,0,36.0
978459,Digital Digest,62.265639099999994,Technology,49.82,Thursday,Night,12.99,1.0,Negative,,0,59.0
978916,Digital Digest,78.37,Technology,59.56,Thursday,Night,53.56,2.0,Positive,,0,28.0
979560,Digital Digest,56.36,Technology,48.08,Thursday,Night,48.28,1.0,Neutral,,0,41.0
980023,Digital Digest,72.53,Technology,86.79,Thursday,Night,26.29,0.0,Neutral,,0,31.0
981491,Digital Digest,77.21,Technology,36.14,Thursday,Night,48.17,0.0,Neutral,,0,99.0
984464,Digital Digest,83.65,Technology,23.59,Thursday,Night,47.19,0.0,Negative,,0,12.0
984901,Digital Digest,60.29,Technology,32.99,Thursday,Night,0.0,0.0,Positive,,0,67.0
985423,Digital Digest,66.36,Technology,37.68,Thursday,Night,0.0,1.0,Positive,,0,42.0
989251,Digital Digest,20.56,Technology,76.63,Thursday,Night,46.56,1.0,Positive,,0,38.0
989713,Digital Digest,34.76,Technology,35.85,Thursday,Night,0.0,2.0,Neutral,,0,96.0
992183,Digital Digest,62.265639099999994,Technology,49.75,Thursday,Night,73.53,2.0,Negative,,0,55.0
992739,Digital Digest,36.23,Technology,84.81,Thursday,Night,18.44,0.0,Positive,,0,9.0
993751,Digital Digest,52.96,Technology,25.26,Thursday,Night,98.14,2.0,Positive,,0,52.0
998220,Digital Digest,23.98,Technology,30.24,Thursday,Night,0.0,3.0,Negative,,0,1.0
998303,Digital Digest,87.73,Technology,86.4,Thursday,Night,50.57,1.0,Negative,,0,23.0
999780,Digital Digest,53.68,Technology,83.53,Thursday,Night,20.06,2.0,Neutral,,0,9.0
