id,Podcast_Name,Episode_Length_minutes,Genre,Host_Popularity_percentage,Publication_Day,Publication_Time,Guest_Popularity_percentage,Number_of_Ads,Episode_Sentiment,Listening_Time_minutes,is_train,Episode_Number
439,Digital Digest,33.87,Technology,56.02,Friday,Night,82.42,0.0,Neutral,19.80948,1,42.0
1047,Digital Digest,80.33,Technology,31.91,Friday,Night,0.0,2.0,Neutral,67.28,1,85.0
2867,Digital Digest,96.84,Technology,84.7,Friday,Night,9.19,2.0,Positive,60.85153,1,66.0
3630,Digital Digest,25.83,Technology,36.5,Friday,Night,0.0,3.0,Positive,11.33718,1,19.0
9890,Digital Digest,51.46,Technology,42.81,Friday,Night,72.51,2.0,Positive,43.46247,1,21.0
11864,Digital Digest,47.14,Technology,61.88,Friday,Night,30.93,3.0,Negative,20.90605,1,89.0
12690,Digital Digest,93.54,Technology,79.33,Friday,Night,12.01,3.0,Positive,81.54058,1,86.0
15420,Digital Digest,18.28,Technology,21.14,Friday,Night,51.4,3.0,Positive,7.14688,1,63.0
15906,Digital Digest,72.53,Technology,68.17,Friday,Night,7.18,3.0,Neutral,55.19004,1,5.0
16225,Digital Digest,80.68,Technology,42.79,Friday,Night,0.0,0.0,Negative,49.41503,1,100.0
17300,Digital Digest,22.99,Technology,45.25,Friday,Night,73.59,0.0,Negative,7.59913,1,90.0
18588,Digital Digest,64.66,Technology,55.85,Friday,Night,0.0,3.0,Negative,38.63512,1,28.0
20847,Digital Digest,14.22,Technology,39.81,Friday,Night,87.17,2.0,Negative,0.54033,1,14.0
21113,Digital Digest,89.35,Technology,60.43,Friday,Night,21.51,1.0,Negative,69.70115,1,96.0
21851,Digital Digest,94.92,Technology,96.0,Friday,Night,64.44,1.0,Negative,66.87964,1,42.0
24849,Digital Digest,112.41,Technology,56.44,Friday,Night,17.58,0.0,Negative,86.26124,1,6.0
27922,Digital Digest,30.57,Technology,56.58,Friday,Night,0.0,0.0,Neutral,29.7003,1,16.0
32590,Digital Digest,99.53,Technology,72.7,Friday,Night,13.19,2.0,Neutral,80.49715,1,48.0
33733,Digital Digest,29.02,Technology,86.52,Friday,Night,60.24,3.0,Positive,18.45,1,3.0
34874,Digital Digest,26.85,Technology,33.45,Friday,Night,47.77,0.0,Positive,24.57902,1,72.0
34991,Digital Digest,63.35316431818181,Technology,55.79,Friday,Night,29.27,0.0,Neutral,31.40393,1,38.0
35107,Digital Digest,53.44,Technology,42.59,Friday,Night,72.51,2.0,Positive,43.46247,1,47.0
36868,Digital Digest,33.3,Technology,61.47,Friday,Night,77.94,0.0,Negative,21.6884,1,14.0
37956,Digital Digest,103.87,Technology,45.55,Friday,Night,37.34,0.0,Neutral,66.81387,1,34.0
38530,Digital Digest,31.68,Technology,62.94,Friday,Night,84.29,1.0,Negative,19.15,1,62.0
41964,Digital Digest,68.15,Technology,41.17,Friday,Night,7.9,1.0,Positive,56.53353,1,74.0
42711,Digital Digest,63.35316431818181,Technology,46.29,Friday,Night,0.0,0.0,Negative,36.26404,1,34.0
43485,Digital Digest,76.72,Technology,54.14,Friday,Night,0.0,1.0,Negative,41.72,1,27.0
43564,Digital Digest,63.35316431818181,Technology,49.27,Friday,Night,0.0,0.0,Negative,66.0025,1,62.0
46123,Digital Digest,28.73,Technology,72.25,Friday,Night,0.0,2.0,Neutral,14.59077,1,98.0
48196,Digital Digest,41.66,Technology,21.73,Friday,Night,0.0,1.0,Negative,29.33,1,46.0
49506,Digital Digest,40.26,Technology,45.29,Friday,Night,68.32,2.0,Neutral,38.557,1,61.0
49763,Digital Digest,64.43,Technology,37.88,Friday,Night,22.12,1.0,Negative,52.90457,1,76.0
54738,Digital Digest,110.41,Technology,76.25,Friday,Night,81.93,3.0,Neutral,84.06095,1,10.0
56672,Digital Digest,40.73,Technology,85.02,Friday,Night,98.88,2.0,Negative,23.65281,1,20.0
58368,Digital Digest,17.19,Technology,85.79,Friday,Night,7.18,1.0,Positive,10.26137,1,27.0
58459,Digital Digest,46.96,Technology,58.81,Friday,Night,68.55,3.0,Positive,23.37497,1,52.0
59412,Digital Digest,42.81,Technology,24.05,Friday,Night,5.08,3.0,Positive,32.06549,1,95.0
59707,Digital Digest,15.64,Technology,89.26,Friday,Night,23.15,1.0,Negative,9.32794,1,20.0
59799,Digital Digest,32.29,Technology,20.23,Friday,Night,12.63,0.0,Neutral,27.9036,1,19.0
60099,Digital Digest,63.35316431818181,Technology,24.72,Friday,Night,56.6,0.0,Neutral,17.02884,1,86.0
60745,Digital Digest,34.15,Technology,38.33,Friday,Night,0.0,1.0,Neutral,16.66933,1,38.0
60999,Digital Digest,24.1,Technology,72.85,Friday,Night,0.0,1.0,Positive,19.04549,1,1.0
62527,Digital Digest,58.03,Technology,90.65,Friday,Night,0.0,3.0,Neutral,31.97,1,55.0
65180,Digital Digest,77.27,Technology,47.76,Friday,Night,15.89,1.0,Negative,68.60037,1,83.0
66338,Digital Digest,74.73,Technology,93.43,Friday,Night,93.86,0.0,Positive,56.25572,1,94.0
67423,Digital Digest,14.23,Technology,98.09,Friday,Night,42.46,1.0,Negative,1.96984,1,47.0
69635,Digital Digest,106.69,Technology,51.68,Friday,Night,81.79,2.0,Negative,69.72,1,31.0
70023,Digital Digest,38.27,Technology,63.01,Friday,Night,86.42,1.0,Negative,36.08757,1,56.0
75955,Digital Digest,33.06,Technology,54.26,Friday,Night,18.92,1.0,Positive,32.03091,1,42.0
76204,Digital Digest,53.71,Technology,95.99,Friday,Night,33.25,3.0,Neutral,33.25283,1,98.0
78295,Digital Digest,17.7,Technology,40.29,Friday,Night,30.42,2.0,Neutral,9.47247,1,93.0
79543,Digital Digest,92.96,Technology,28.5,Friday,Night,79.09,1.0,Positive,92.1106,1,3.0
80263,Digital Digest,36.61,Technology,97.91,Friday,Night,97.59,2.0,Negative,32.05,1,56.0
82737,Digital Digest,111.63,Technology,56.31,Friday,Night,76.04,2.0,Positive,61.05586,1,58.0
84096,Digital Digest,92.33,Technology,50.85,Friday,Night,2.48,1.0,Neutral,55.70879,1,37.0
84180,Digital Digest,35.8,Technology,50.4,Friday,Night,0.0,1.0,Positive,29.4362,1,90.0
85437,Digital Digest,51.86,Technology,88.84,Friday,Night,25.92,0.0,Neutral,31.48283,1,59.0
86568,Digital Digest,116.13,Technology,25.12,Friday,Night,12.73,3.0,Negative,75.5636,1,77.0
86576,Digital Digest,63.35316431818181,Technology,95.23,Friday,Night,53.1,1.0,Positive,62.97967,1,57.0
86746,Digital Digest,33.81,Technology,56.65,Friday,Night,38.86,0.0,Neutral,19.80948,1,34.0
87433,Digital Digest,26.71,Technology,33.0,Friday,Night,53.32,0.0,Positive,24.57902,1,73.0
88281,Digital Digest,47.43,Technology,89.84,Friday,Night,0.0,0.0,Positive,23.97816,1,10.0
90424,Digital Digest,74.85,Technology,60.17,Friday,Night,22.03,1.0,Positive,54.57838,1,76.0
90866,Digital Digest,90.31,Technology,72.68,Friday,Night,77.47,0.0,Neutral,78.71665,1,63.0
92161,Digital Digest,94.64,Technology,64.7,Friday,Night,46.07,0.0,Positive,74.9929,1,59.0
95307,Digital Digest,106.79,Technology,96.44,Friday,Night,32.23,1.0,Negative,66.87964,1,62.0
100968,Digital Digest,63.35316431818181,Technology,48.9,Friday,Night,87.53,1.0,Positive,29.02,1,63.0
101199,Digital Digest,116.74,Technology,58.73,Friday,Night,54.08,1.0,Positive,104.23,1,32.0
103128,Digital Digest,55.13,Technology,28.13,Friday,Night,8.58,0.0,Negative,44.19566,1,87.0
107021,Digital Digest,23.22,Technology,29.27,Friday,Night,42.58,1.0,Neutral,20.59213,1,70.0
108190,Digital Digest,90.0,Technology,33.09,Friday,Night,54.16,1.0,Negative,78.45793,1,93.0
120840,Digital Digest,66.92,Technology,38.23,Friday,Night,38.72,0.0,Positive,62.0766,1,96.0
122397,Digital Digest,47.94,Technology,60.22,Friday,Night,58.17,3.0,Negative,29.81,1,88.0
123416,Digital Digest,13.67,Technology,40.52,Friday,Night,0.0,2.0,Neutral,6.79449,1,32.0
124279,Digital Digest,14.62,Technology,82.21,Friday,Night,0.0,1.0,Positive,7.4554,1,35.0
124665,Digital Digest,82.88,Technology,42.81,Friday,Night,72.51,3.0,Positive,43.46247,1,23.0
125024,Digital Digest,113.74,Technology,41.66,Friday,Night,0.0,2.0,Negative,70.23213,1,31.0
126026,Digital Digest,66.49,Technology,29.7,Friday,Night,62.55,0.0,Neutral,51.80213,1,24.0
126112,Digital Digest,63.35316431818181,Technology,27.36,Friday,Night,0.0,1.0,Positive,84.9625,1,96.0
127263,Digital Digest,9.65,Technology,66.59,Friday,Night,90.36,1.0,Positive,9.65504,1,36.0
127311,Digital Digest,47.81,Technology,89.31,Friday,Night,26.3,0.0,Negative,21.97833,1,78.0
127390,Digital Digest,31.53,Technology,80.71,Friday,Night,58.78,0.0,Positive,31.23,1,28.0
127406,Digital Digest,41.26,Technology,44.69,Friday,Night,89.5,3.0,Negative,12.84,1,35.0
128919,Digital Digest,63.35316431818181,Technology,45.66,Friday,Night,84.88,0.0,Negative,15.50741,1,83.0
129002,Digital Digest,63.35316431818181,Technology,47.59,Friday,Night,95.83,3.0,Negative,79.59733,1,34.0
129718,Digital Digest,53.94,Technology,38.2,Friday,Night,0.0,3.0,Neutral,43.0534,1,72.0
130538,Digital Digest,37.33,Technology,36.1,Friday,Night,56.06,0.0,Negative,31.3377,1,89.0
131063,Digital Digest,63.35316431818181,Technology,53.8,Friday,Night,34.99,1.0,Positive,95.2019,1,65.0
131351,Digital Digest,45.0,Technology,74.29,Friday,Night,80.31,1.0,Neutral,38.8882,1,10.0
131459,Digital Digest,46.2,Technology,44.75,Friday,Night,97.82,2.0,Negative,22.22695,1,85.0
132248,Digital Digest,47.15,Technology,55.96,Friday,Night,29.91,0.0,Neutral,31.40393,1,38.0
134394,Digital Digest,84.82,Technology,92.53,Friday,Night,0.0,3.0,Positive,61.65813,1,12.0
136160,Digital Digest,29.46,Technology,55.69,Friday,Night,35.69,2.0,Negative,25.67119,1,90.0
136462,Digital Digest,9.73,Technology,86.4,Friday,Night,22.24,2.0,Negative,3.34965,1,21.0
137252,Digital Digest,49.93,Technology,56.27,Friday,Night,87.53,2.0,Positive,34.03,1,63.0
138847,Digital Digest,106.69,Technology,91.79,Friday,Night,0.0,2.0,Positive,104.41,1,60.0
139500,Digital Digest,45.57,Technology,21.79,Friday,Night,0.0,1.0,Neutral,28.17757,1,19.0
145024,Digital Digest,84.67,Technology,97.31,Friday,Night,27.62,3.0,Negative,59.18717,1,4.0
150609,Digital Digest,90.26,Technology,27.94,Friday,Night,23.29,3.0,Negative,59.5127,1,36.0
150679,Digital Digest,63.35316431818181,Technology,99.74,Friday,Night,50.56,2.0,Neutral,27.93355,1,49.0
151595,Digital Digest,14.16,Technology,34.79,Friday,Night,79.0,0.0,Negative,3.09541,1,43.0
153019,Digital Digest,9.65,Technology,66.36,Friday,Night,0.0,1.0,Neutral,9.65504,1,36.0
153434,Digital Digest,60.5,Technology,81.97,Friday,Night,73.18,3.0,Neutral,29.09,1,31.0
157110,Digital Digest,78.46,Technology,47.55,Friday,Night,27.36,1.0,Positive,57.70085,1,63.0
157303,Digital Digest,29.13,Technology,66.66,Friday,Night,30.67,1.0,Neutral,28.03,1,6.0
160572,Digital Digest,85.37,Technology,27.49,Friday,Night,43.68,1.0,Negative,60.36067,1,8.0
161457,Digital Digest,74.01,Technology,60.28,Friday,Night,82.91,2.0,Negative,41.86763,1,72.0
162228,Digital Digest,63.35316431818181,Technology,69.61,Friday,Night,79.84,0.0,Positive,18.67012,1,87.0
162969,Digital Digest,19.12,Technology,86.57,Friday,Night,95.81,0.0,Positive,15.32127,1,96.0
163599,Digital Digest,79.41,Technology,81.11,Friday,Night,5.24,2.0,Negative,37.85107,1,96.0
165366,Digital Digest,24.39,Technology,78.94,Friday,Night,0.0,3.0,Positive,10.17421,1,53.0
166007,Digital Digest,53.66,Technology,57.84,Friday,Night,82.67,0.0,Negative,43.07833,1,73.0
169514,Digital Digest,101.87,Technology,47.11,Friday,Night,47.73,2.0,Positive,61.79579,1,75.0
172200,Digital Digest,26.69,Technology,61.63,Friday,Night,53.31,0.0,Negative,24.93379,1,26.0
172541,Digital Digest,63.35316431818181,Technology,26.68,Friday,Night,27.41,1.0,Positive,22.03,1,63.0
172552,Digital Digest,78.55,Technology,36.51,Friday,Night,51.78,2.0,Neutral,56.72703,1,60.0
172564,Digital Digest,9.67,Technology,35.23,Friday,Night,95.64,2.0,Negative,9.67,1,19.0
172925,Digital Digest,84.56,Technology,27.08,Friday,Night,0.0,3.0,Neutral,40.35614,1,38.0
174529,Digital Digest,63.35316431818181,Technology,52.08,Friday,Night,91.56,2.0,Negative,67.90733,1,24.0
176122,Digital Digest,7.34,Technology,95.81,Friday,Night,87.02,2.0,Positive,0.75783,1,72.0
176638,Digital Digest,41.26,Technology,89.83,Friday,Night,0.0,2.0,Negative,33.97666,1,24.0
178120,Digital Digest,28.36,Technology,32.68,Friday,Night,16.59,1.0,Neutral,19.06675,1,70.0
178414,Digital Digest,53.26,Technology,72.99,Friday,Night,64.1,1.0,Neutral,29.18989,1,87.0
178601,Digital Digest,37.43,Technology,40.34,Friday,Night,19.0,2.0,Positive,30.95,1,56.0
179630,Digital Digest,13.84,Technology,64.05,Friday,Night,71.13,0.0,Negative,3.41194,1,89.0
182534,Digital Digest,20.69,Technology,66.65,Friday,Night,0.0,3.0,Neutral,4.59005,1,10.0
182976,Digital Digest,103.69,Technology,60.18,Friday,Night,76.64,1.0,Neutral,78.81279,1,59.0
185180,Digital Digest,41.87,Technology,69.09,Friday,Night,41.29,3.0,Positive,28.93168,1,26.0
185589,Digital Digest,86.02,Technology,30.14,Friday,Night,30.68,1.0,Neutral,60.01373,1,70.0
185610,Digital Digest,40.83,Technology,60.82,Friday,Night,59.75,2.0,Negative,19.65701,1,68.0
186505,Digital Digest,100.87,Technology,30.81,Friday,Night,93.82,1.0,Positive,83.51863,1,38.0
188793,Digital Digest,44.89,Technology,28.85,Friday,Night,15.11,0.0,Neutral,30.45,1,51.0
189009,Digital Digest,60.92,Technology,25.55,Friday,Night,32.79,2.0,Neutral,40.93451,1,58.0
192780,Digital Digest,5.47,Technology,71.29,Friday,Night,22.07,1.0,Neutral,3.19987,1,83.0
193594,Digital Digest,95.31,Technology,83.35,Friday,Night,97.79,0.0,Neutral,87.08343,1,81.0
196283,Digital Digest,42.45,Technology,64.68,Friday,Night,95.22,0.0,Negative,29.40061,1,1.0
196966,Digital Digest,28.43,Technology,32.43,Friday,Night,74.96,0.0,Neutral,26.22174,1,16.0
197197,Digital Digest,83.62,Technology,42.66,Friday,Night,72.81,2.0,Positive,43.46247,1,57.0
198296,Digital Digest,63.35316431818181,Technology,20.25,Friday,Night,0.0,3.0,Neutral,27.0791,1,93.0
198551,Digital Digest,68.83,Technology,80.61,Friday,Night,0.0,0.0,Negative,48.48,1,75.0
200212,Digital Digest,48.18,Technology,42.85,Friday,Night,50.16,0.0,Neutral,46.41046,1,21.0
200710,Digital Digest,14.32,Technology,25.32,Friday,Night,6.81,1.0,Positive,11.34284,1,49.0
202234,Digital Digest,102.13,Technology,70.05,Friday,Night,0.0,1.0,Positive,100.65085,1,70.0
202657,Digital Digest,112.4,Technology,95.88,Friday,Night,96.26,2.0,Negative,83.89726,1,88.0
203161,Digital Digest,61.11,Technology,43.05,Friday,Night,0.0,1.0,Neutral,54.32311,1,42.0
203280,Digital Digest,55.97,Technology,59.22,Friday,Night,52.84,1.0,Neutral,30.87433,1,77.0
204276,Digital Digest,116.83,Technology,40.06,Friday,Night,47.71,0.0,Positive,103.42232,1,15.0
209703,Digital Digest,43.8,Technology,95.47,Friday,Night,15.79,0.0,Positive,34.90388,1,92.0
211423,Digital Digest,107.14,Technology,63.31,Friday,Night,20.9,2.0,Negative,85.52048,1,25.0
211607,Digital Digest,85.73,Technology,57.7,Friday,Night,41.49,2.0,Neutral,37.21515,1,91.0
212343,Digital Digest,66.28,Technology,34.93,Friday,Night,40.24,0.0,Neutral,53.17637,1,80.0
218472,Digital Digest,10.09,Technology,46.23,Friday,Night,60.16,1.0,Negative,5.79,1,60.0
218898,Digital Digest,116.78,Technology,60.99,Friday,Night,12.18,1.0,Neutral,114.54,1,56.0
220193,Digital Digest,62.4,Technology,40.42,Friday,Night,82.27,0.0,Negative,49.86701,1,51.0
220233,Digital Digest,32.58,Technology,48.56,Friday,Night,78.44,2.0,Negative,20.52312,1,89.0
220802,Digital Digest,114.89,Technology,28.37,Friday,Night,0.0,2.0,Negative,79.86917,1,5.0
224988,Digital Digest,88.99,Technology,86.7,Friday,Night,1.51,0.0,Positive,60.85153,1,61.0
227523,Digital Digest,17.01,Technology,39.12,Friday,Night,0.0,1.0,Neutral,8.33955,1,29.0
228400,Digital Digest,47.78,Technology,78.24,Friday,Night,66.93,1.0,Positive,34.18989,1,61.0
228783,Digital Digest,62.57,Technology,76.8,Friday,Night,32.33,0.0,Positive,53.95713,1,30.0
229205,Digital Digest,87.55,Technology,27.85,Friday,Night,40.28,1.0,Neutral,51.35293,1,92.0
229222,Digital Digest,66.41,Technology,25.61,Friday,Night,7.13,3.0,Positive,47.34164,1,48.0
232027,Digital Digest,52.94,Technology,89.94,Friday,Night,87.94,1.0,Positive,49.65783,1,27.0
232574,Digital Digest,83.93,Technology,66.59,Friday,Night,72.27,2.0,Positive,43.46247,1,44.0
232828,Digital Digest,77.31,Technology,48.96,Friday,Night,92.6,3.0,Negative,57.5172,1,85.0
233035,Digital Digest,66.54,Technology,29.7,Friday,Night,62.55,0.0,Neutral,51.80213,1,24.0
233043,Digital Digest,81.97,Technology,38.15,Friday,Night,73.25,0.0,Neutral,51.59529,1,63.0
234420,Digital Digest,8.95,Technology,82.7,Friday,Night,25.0,0.0,Positive,1.25335,1,69.0
238452,Digital Digest,62.56,Technology,80.98,Friday,Night,5.17,0.0,Negative,40.27,1,33.0
240053,Digital Digest,56.56,Technology,56.73,Friday,Night,0.0,3.0,Neutral,34.56646,1,59.0
240492,Digital Digest,63.35316431818181,Technology,39.56,Friday,Night,89.35,2.0,Positive,55.34431,1,30.0
240631,Digital Digest,63.35316431818181,Technology,58.53,Friday,Night,4.15,2.0,Neutral,34.17968,1,87.0
245277,Digital Digest,42.63,Technology,48.23,Friday,Night,97.4,1.0,Negative,32.05,1,38.0
247153,Digital Digest,22.43,Technology,29.2,Friday,Night,0.0,1.0,Negative,9.89,1,81.0
248399,Digital Digest,36.82,Technology,36.99,Friday,Night,26.79,1.0,Positive,24.45,1,83.0
248912,Digital Digest,29.02,Technology,48.9,Friday,Night,63.91,1.0,Positive,29.02,1,63.0
250027,Digital Digest,50.24,Technology,25.59,Friday,Night,0.0,0.0,Negative,29.9,1,87.0
251063,Digital Digest,98.58,Technology,64.74,Friday,Night,33.13,2.0,Negative,51.70501,1,97.0
251242,Digital Digest,63.35316431818181,Technology,41.28,Friday,Night,2.08,0.0,Positive,67.90733,1,24.0
253682,Digital Digest,63.66,Technology,66.78,Friday,Night,88.67,2.0,Neutral,52.73995,1,72.0
254419,Digital Digest,93.75,Technology,32.53,Friday,Night,89.57,2.0,Negative,78.00151,1,54.0
255975,Digital Digest,60.07,Technology,94.83,Friday,Night,63.61,0.0,Neutral,53.53191,1,65.0
256285,Digital Digest,63.35316431818181,Technology,36.28,Friday,Night,27.8,1.0,Positive,22.03,1,63.0
257022,Digital Digest,28.94,Technology,20.15,Friday,Night,0.0,3.0,Positive,20.05852,1,53.0
257688,Digital Digest,63.35316431818181,Technology,93.99,Friday,Night,0.0,2.0,Neutral,53.80325,1,3.0
257709,Digital Digest,99.83,Technology,42.59,Friday,Night,12.73,0.0,Negative,78.86722,1,55.0
257911,Digital Digest,112.51,Technology,59.17,Friday,Night,24.03,3.0,Neutral,62.55227,1,54.0
257976,Digital Digest,59.81,Technology,72.78,Friday,Night,0.09,2.0,Negative,35.58823,1,4.0
259537,Digital Digest,35.8,Technology,74.79,Friday,Night,63.23,3.0,Negative,11.97,1,59.0
259807,Digital Digest,37.18,Technology,59.44,Friday,Night,25.66,0.0,Positive,28.3,1,83.0
261568,Digital Digest,63.35316431818181,Technology,96.67,Friday,Night,52.79,0.0,Negative,32.79,1,29.0
263017,Digital Digest,63.35316431818181,Technology,71.76,Friday,Night,0.0,3.0,Negative,55.80953,1,32.0
263311,Digital Digest,44.28,Technology,65.0,Friday,Night,38.23,0.0,Positive,38.27091,1,87.0
263811,Digital Digest,47.46,Technology,54.59,Friday,Night,2.49,1.0,Neutral,42.78244,1,64.0
263934,Digital Digest,109.67,Technology,38.56,Friday,Night,45.13,3.0,Positive,55.43135,1,94.0
264536,Digital Digest,100.83,Technology,26.37,Friday,Night,32.97,1.0,Positive,89.03063,1,70.0
265885,Digital Digest,75.66,Technology,68.65,Friday,Night,50.75,0.0,Neutral,58.10966,1,44.0
266657,Digital Digest,98.92,Technology,38.39,Friday,Night,84.63,3.0,Positive,60.1405,1,46.0
267357,Digital Digest,94.08,Technology,96.99,Friday,Night,0.0,1.0,Negative,92.79,1,24.0
268431,Digital Digest,85.73,Technology,96.37,Friday,Night,99.61,1.0,Neutral,49.96353,1,57.0
270383,Digital Digest,109.39,Technology,70.86,Friday,Night,95.72,0.0,Neutral,66.56947,1,83.0
272899,Digital Digest,88.76,Technology,84.39,Friday,Night,24.79,3.0,Neutral,47.87078,1,16.0
275662,Digital Digest,52.01,Technology,56.9,Friday,Night,0.0,2.0,Positive,37.03043,1,85.0
277158,Digital Digest,118.02,Technology,87.6,Friday,Night,63.76,1.0,Negative,99.17,1,94.0
278249,Digital Digest,72.65,Technology,50.4,Friday,Night,92.63,0.0,Neutral,69.41034,1,28.0
279026,Digital Digest,109.2,Technology,88.67,Friday,Night,0.95,1.0,Positive,100.878,1,15.0
281189,Digital Digest,93.63,Technology,33.16,Friday,Night,73.42,0.0,Positive,71.94659,1,47.0
284775,Digital Digest,86.71,Technology,62.11,Friday,Night,75.13,2.0,Negative,53.56641,1,83.0
289676,Digital Digest,63.35316431818181,Technology,65.64,Friday,Night,0.0,1.0,Neutral,40.66979,1,60.0
292631,Digital Digest,20.67,Technology,94.94,Friday,Night,0.0,1.0,Positive,15.15,1,44.0
295032,Digital Digest,8.72,Technology,97.79,Friday,Night,27.67,2.0,Positive,2.36084,1,15.0
295293,Digital Digest,63.35316431818181,Technology,25.89,Friday,Night,78.69,2.0,Positive,38.65983,1,61.0
298486,Digital Digest,94.73,Technology,99.59,Friday,Night,69.39,1.0,Negative,78.7668,1,70.0
299715,Digital Digest,93.9,Technology,71.3,Friday,Night,0.0,3.0,Positive,57.87565,1,47.0
301580,Digital Digest,9.03,Technology,26.47,Friday,Night,0.0,0.0,Negative,8.35789,1,78.0
304766,Digital Digest,9.67,Technology,35.93,Friday,Night,97.47,2.0,Negative,9.67,1,64.0
305558,Digital Digest,6.77,Technology,28.91,Friday,Night,96.4,3.0,Neutral,6.77,1,64.0
305922,Digital Digest,60.01,Technology,52.31,Friday,Night,20.79,1.0,Neutral,25.32228,1,24.0
308248,Digital Digest,78.76,Technology,72.05,Friday,Night,69.39,2.0,Neutral,57.85684,1,72.0
308946,Digital Digest,93.1,Technology,55.85,Friday,Night,78.31,0.0,Negative,51.64589,1,12.0
309556,Digital Digest,119.66,Technology,40.33,Friday,Night,60.32,2.0,Positive,57.64294,1,40.0
310618,Digital Digest,107.04,Technology,85.16,Friday,Night,81.29,1.0,Positive,94.65353,1,21.0
312037,Digital Digest,54.54,Technology,30.52,Friday,Night,11.69,2.0,Positive,42.86481,1,81.0
312715,Digital Digest,119.62,Technology,88.15,Friday,Night,96.86,2.0,Positive,115.61113,1,61.0
315184,Digital Digest,85.7,Technology,35.48,Friday,Night,26.56,0.0,Neutral,44.99255,1,73.0
317042,Digital Digest,42.55,Technology,55.63,Friday,Night,29.91,0.0,Neutral,31.40393,1,38.0
317076,Digital Digest,29.62,Technology,30.51,Friday,Night,69.72,0.0,Neutral,26.21173,1,33.0
317888,Digital Digest,62.59,Technology,38.94,Friday,Night,82.17,1.0,Positive,54.57877,1,37.0
319503,Digital Digest,73.61,Technology,29.79,Friday,Night,34.26,0.0,Neutral,49.15204,1,33.0
321698,Digital Digest,102.83,Technology,31.76,Friday,Night,0.0,3.0,Neutral,58.32901,1,2.0
322959,Digital Digest,64.64,Technology,25.92,Friday,Night,31.57,1.0,Neutral,45.36286,1,19.0
324603,Digital Digest,113.56,Technology,48.52,Friday,Night,0.0,3.0,Positive,102.23,1,47.0
326427,Digital Digest,106.79,Technology,96.89,Friday,Night,64.88,1.0,Negative,66.87964,1,62.0
326656,Digital Digest,107.04,Technology,85.86,Friday,Night,29.58,1.0,Positive,94.65353,1,81.0
328385,Digital Digest,98.25,Technology,97.13,Friday,Night,36.95,1.0,Negative,96.43397,1,97.0
334831,Digital Digest,26.78,Technology,22.21,Friday,Night,57.54,0.0,Negative,24.93379,1,26.0
336288,Digital Digest,32.01,Technology,80.71,Friday,Night,58.67,0.0,Negative,31.23,1,8.0
336781,Digital Digest,36.82,Technology,36.99,Friday,Night,26.29,1.0,Neutral,24.45,1,83.0
338514,Digital Digest,18.79,Technology,38.79,Friday,Night,4.21,0.0,Positive,15.3772,1,6.0
348524,Digital Digest,101.78,Technology,60.75,Friday,Night,43.11,1.0,Positive,60.01104,1,35.0
349123,Digital Digest,63.35316431818181,Technology,47.25,Friday,Night,9.75,1.0,Negative,80.58748,1,31.0
350198,Digital Digest,75.72,Technology,76.72,Friday,Night,6.07,1.0,Positive,66.54,1,52.0
352841,Digital Digest,59.15,Technology,27.05,Friday,Night,46.66,2.0,Negative,42.44216,1,83.0
357818,Digital Digest,76.42,Technology,84.71,Friday,Night,6.9,0.0,Positive,62.26029,1,31.0
357819,Digital Digest,62.72,Technology,70.79,Friday,Night,72.84,0.0,Negative,36.59701,1,8.0
358077,Digital Digest,118.82,Technology,94.79,Friday,Night,0.0,2.0,Negative,115.36,1,61.0
359727,Digital Digest,109.81,Technology,34.57,Friday,Night,3.3,0.0,Negative,53.89546,1,47.0
361783,Digital Digest,12.93,Technology,94.47,Friday,Night,4.13,2.0,Positive,5.40789,1,12.0
362255,Digital Digest,36.33,Technology,69.13,Friday,Night,0.0,1.0,Neutral,22.06056,1,14.0
363912,Digital Digest,39.65,Technology,71.78,Friday,Night,67.17,2.0,Neutral,12.92,1,61.0
366292,Digital Digest,46.55,Technology,76.56,Friday,Night,0.0,1.0,Negative,31.94534,1,49.0
369326,Digital Digest,116.01,Technology,66.65,Friday,Night,0.0,3.0,Negative,101.93491,1,64.0
369468,Digital Digest,72.44,Technology,49.37,Friday,Night,91.42,0.0,Neutral,69.41034,1,28.0
371024,Digital Digest,63.35316431818181,Technology,34.65,Friday,Night,0.0,2.0,Positive,42.07877,1,90.0
372383,Digital Digest,50.72,Technology,50.72,Friday,Night,0.0,3.0,Negative,47.68765,1,49.0
373316,Digital Digest,42.78,Technology,26.77,Friday,Night,58.74,2.0,Negative,32.03,1,63.0
375119,Digital Digest,23.6,Technology,92.23,Friday,Night,92.06,0.0,Positive,18.51939,1,8.0
375459,Digital Digest,119.87,Technology,55.29,Friday,Night,82.82,2.0,Neutral,71.24064,1,1.0
375817,Digital Digest,31.53,Technology,38.66,Friday,Night,84.59,0.0,Negative,31.23,1,28.0
376567,Digital Digest,36.99,Technology,76.06,Friday,Night,16.84,1.0,Neutral,31.97,1,24.0
377707,Digital Digest,16.69,Technology,57.53,Friday,Night,82.03,0.0,Positive,8.45453,1,90.0
380578,Digital Digest,74.74,Technology,45.17,Friday,Night,15.62,1.0,Negative,64.43176,1,74.0
380798,Digital Digest,101.12,Technology,79.08,Friday,Night,84.05,0.0,Negative,74.91337,1,61.0
381901,Digital Digest,40.94,Technology,28.19,Friday,Night,42.38,0.0,Neutral,30.63,1,34.0
386157,Digital Digest,18.2,Technology,22.79,Friday,Night,29.88,0.0,Neutral,12.92444,1,100.0
387635,Digital Digest,61.84,Technology,44.25,Friday,Night,60.82,0.0,Positive,29.40061,1,1.0
389901,Digital Digest,40.14,Technology,89.98,Friday,Night,36.72,1.0,Neutral,31.80433,1,88.0
392318,Digital Digest,24.71,Technology,49.43,Friday,Night,31.02,0.0,Negative,18.9,1,19.0
393162,Digital Digest,8.54,Technology,88.56,Friday,Night,88.97,0.0,Neutral,7.95722,1,33.0
394255,Digital Digest,82.99,Technology,84.12,Friday,Night,0.0,2.0,Positive,68.52962,1,19.0
394639,Digital Digest,9.4,Technology,92.27,Friday,Night,3.51,1.0,Neutral,6.59,1,1.0
399200,Digital Digest,107.88,Technology,32.53,Friday,Night,82.96,2.0,Negative,53.4318,1,50.0
400687,Digital Digest,54.85,Technology,79.83,Friday,Night,79.39,0.0,Negative,41.559,1,54.0
401682,Digital Digest,97.45,Technology,85.59,Friday,Night,0.0,0.0,Positive,85.65526,1,26.0
404086,Digital Digest,49.93,Technology,56.27,Friday,Night,93.19,2.0,Positive,34.03,1,63.0
405510,Digital Digest,96.81,Technology,86.81,Friday,Night,80.28,3.0,Neutral,86.34804,1,54.0
405599,Digital Digest,63.13,Technology,98.28,Friday,Night,5.96,0.0,Neutral,47.14047,1,23.0
405606,Digital Digest,63.35316431818181,Technology,92.42,Friday,Night,2.08,2.0,Negative,67.90733,1,44.0
406071,Digital Digest,62.99,Technology,52.44,Friday,Night,73.06,2.0,Neutral,41.06764,1,82.0
410693,Digital Digest,98.3,Technology,52.47,Friday,Night,89.76,0.0,Neutral,95.43515,1,70.0
411697,Digital Digest,114.25,Technology,95.7,Friday,Night,89.71,1.0,Negative,71.02783,1,32.0
419458,Digital Digest,9.67,Technology,35.93,Friday,Night,95.64,1.0,Negative,9.67,1,79.0
419545,Digital Digest,38.02,Technology,94.31,Friday,Night,0.43,2.0,Neutral,34.10921,1,2.0
420966,Digital Digest,86.14,Technology,36.34,Friday,Night,86.27,0.0,Negative,59.9068,1,36.0
421826,Digital Digest,62.29,Technology,40.14,Friday,Night,9.69,0.0,Negative,49.86701,1,82.0
422079,Digital Digest,12.85,Technology,55.69,Friday,Night,0.0,3.0,Negative,8.64,1,61.0
423052,Digital Digest,35.78,Technology,58.9,Friday,Night,0.0,2.0,Positive,18.28176,1,98.0
423128,Digital Digest,9.44,Technology,43.44,Friday,Night,89.29,1.0,Neutral,2.90758,1,89.0
426935,Digital Digest,49.32,Technology,56.81,Friday,Night,52.78,1.0,Negative,31.54511,1,70.0
427417,Digital Digest,114.56,Technology,84.31,Friday,Night,17.33,1.0,Neutral,60.89547,1,95.0
427490,Digital Digest,63.35316431818181,Technology,36.11,Friday,Night,55.84,2.0,Negative,31.27,1,33.0
427631,Digital Digest,99.78,Technology,90.5,Friday,Night,70.95,1.0,Neutral,60.43179,1,61.0
432504,Digital Digest,74.05,Technology,28.11,Friday,Night,21.06,1.0,Positive,70.8788,1,61.0
434579,Digital Digest,42.82,Technology,56.68,Friday,Night,82.1,0.0,Neutral,19.80948,1,34.0
436492,Digital Digest,63.35316431818181,Technology,86.58,Friday,Night,0.0,2.0,Positive,102.3,1,82.0
437644,Digital Digest,114.88,Technology,69.57,Friday,Night,64.71,0.0,Positive,54.3823,1,55.0
440156,Digital Digest,64.76,Technology,60.76,Friday,Night,0.0,2.0,Neutral,43.92558,1,88.0
440653,Digital Digest,17.85,Technology,39.66,Friday,Night,28.13,0.0,Neutral,6.29,1,42.0
444226,Digital Digest,52.87,Technology,71.14,Friday,Night,78.08,0.0,Positive,46.86139,1,78.0
445174,Digital Digest,115.38,Technology,51.49,Friday,Night,46.02,0.0,Positive,62.69094,1,71.0
445529,Digital Digest,62.57,Technology,26.08,Friday,Night,93.77,0.0,Positive,49.6818,1,49.0
447515,Digital Digest,44.02,Technology,56.5,Friday,Night,58.0,2.0,Negative,38.01,1,76.0
447612,Digital Digest,60.66,Technology,37.77,Friday,Night,30.28,1.0,Positive,52.15268,1,24.0
450460,Digital Digest,114.48,Technology,25.84,Friday,Night,11.68,1.0,Negative,107.4,1,59.0
454202,Digital Digest,114.98,Technology,47.42,Friday,Night,51.93,1.0,Positive,108.98,1,31.0
455992,Digital Digest,115.19,Technology,80.91,Friday,Night,97.14,1.0,Neutral,95.25,1,64.0
456641,Digital Digest,91.48,Technology,71.23,Friday,Night,63.95,3.0,Positive,80.21212,1,64.0
456709,Digital Digest,115.03,Technology,24.59,Friday,Night,0.0,2.0,Neutral,80.5854,1,89.0
458266,Digital Digest,96.68,Technology,81.68,Friday,Night,97.0,0.0,Positive,64.58,1,68.0
458473,Digital Digest,96.22,Technology,33.78,Friday,Night,85.41,2.0,Positive,58.53161,1,60.0
461220,Digital Digest,6.77,Technology,28.91,Friday,Night,32.84,3.0,Neutral,6.77,1,84.0
461303,Digital Digest,50.75,Technology,26.77,Friday,Night,95.93,2.0,Negative,32.03,1,63.0
462069,Digital Digest,88.26,Technology,27.17,Friday,Night,29.31,1.0,Neutral,72.32,1,31.0
463191,Digital Digest,68.45,Technology,71.12,Friday,Night,10.65,0.0,Neutral,39.88257,1,97.0
463541,Digital Digest,42.65,Technology,38.03,Friday,Night,97.51,1.0,Negative,32.05,1,57.0
464659,Digital Digest,63.35316431818181,Technology,48.82,Friday,Night,89.35,1.0,Negative,57.5172,1,85.0
466014,Digital Digest,108.23,Technology,72.38,Friday,Night,0.0,1.0,Positive,99.16841,1,44.0
466738,Digital Digest,29.62,Technology,30.44,Friday,Night,69.72,0.0,Neutral,26.21173,1,33.0
469849,Digital Digest,106.09,Technology,96.08,Friday,Night,61.53,1.0,Positive,73.81402,1,23.0
469967,Digital Digest,37.08,Technology,80.02,Friday,Night,22.1,3.0,Negative,16.17271,1,4.0
470500,Digital Digest,85.57,Technology,92.91,Friday,Night,27.0,0.0,Neutral,67.35,1,12.0
474294,Digital Digest,68.93,Technology,36.32,Friday,Night,3.21,0.0,Negative,60.92411,1,32.0
475259,Digital Digest,20.98,Technology,50.78,Friday,Night,66.82,2.0,Positive,12.6724,1,6.0
476201,Digital Digest,78.22,Technology,26.11,Friday,Night,8.22,1.0,Neutral,45.36095,1,11.0
478019,Digital Digest,63.35316431818181,Technology,36.57,Friday,Night,0.0,3.0,Neutral,59.95315,1,58.0
478049,Digital Digest,53.34,Technology,27.19,Friday,Night,98.49,1.0,Negative,34.67,1,69.0
481653,Digital Digest,86.28,Technology,81.22,Friday,Night,9.55,0.0,Positive,71.92914,1,6.0
482399,Digital Digest,56.29,Technology,38.71,Friday,Night,17.51,3.0,Neutral,30.94767,1,94.0
482854,Digital Digest,116.6,Technology,49.42,Friday,Night,79.93,0.0,Negative,70.20785,1,84.0
483222,Digital Digest,103.03,Technology,37.76,Friday,Night,65.16,0.0,Positive,69.08979,1,22.0
488593,Digital Digest,9.67,Technology,35.23,Friday,Night,97.34,2.0,Negative,9.67,1,64.0
488658,Digital Digest,96.08,Technology,22.99,Friday,Night,54.69,3.0,Negative,72.31,1,24.0
490079,Digital Digest,28.3,Technology,28.3,Friday,Night,51.42,0.0,Negative,19.39,1,8.0
492665,Digital Digest,49.38,Technology,33.78,Friday,Night,28.97,1.0,Neutral,37.03006,1,42.0
492759,Digital Digest,102.23,Technology,86.59,Friday,Night,18.48,2.0,Positive,78.72645,1,97.0
493656,Digital Digest,62.56,Technology,28.49,Friday,Night,5.08,0.0,Negative,40.27,1,33.0
494127,Digital Digest,70.25,Technology,93.23,Friday,Night,7.0,3.0,Positive,57.92186,1,9.0
495800,Digital Digest,102.58,Technology,82.22,Friday,Night,71.75,2.0,Positive,75.10033,1,87.0
496075,Digital Digest,89.42,Technology,24.71,Friday,Night,38.76,1.0,Negative,67.04185,1,70.0
499748,Digital Digest,83.16,Technology,25.47,Friday,Night,55.69,3.0,Positive,63.04579,1,98.0
501043,Digital Digest,111.44,Technology,39.05,Friday,Night,0.0,1.0,Positive,99.26235,1,70.0
501398,Digital Digest,31.69,Technology,27.43,Friday,Night,58.7,3.0,Positive,12.63,1,69.0
501981,Digital Digest,38.32,Technology,62.54,Friday,Night,2.0,2.0,Negative,34.72318,1,94.0
502035,Digital Digest,63.35316431818181,Technology,40.24,Friday,Night,86.65,0.0,Neutral,48.5423,1,70.0
502431,Digital Digest,91.71,Technology,63.81,Friday,Night,0.0,0.0,Positive,74.35411,1,23.0
503857,Digital Digest,62.29,Technology,40.42,Friday,Night,54.71,0.0,Negative,49.86701,1,82.0
503863,Digital Digest,33.81,Technology,56.02,Friday,Night,38.82,0.0,Neutral,19.80948,1,34.0
510510,Digital Digest,88.72,Technology,82.16,Friday,Night,0.0,3.0,Positive,71.73283,1,71.0
510539,Digital Digest,102.5,Technology,86.35,Friday,Night,99.64,0.0,Neutral,78.7668,1,35.0
512008,Digital Digest,63.35316431818181,Technology,48.69,Friday,Night,0.35,0.0,Positive,42.78,1,64.0
513224,Digital Digest,40.21,Technology,20.79,Friday,Night,93.2,3.0,Positive,25.07624,1,91.0
517356,Digital Digest,47.89,Technology,88.24,Friday,Night,0.0,3.0,Negative,42.60315,1,19.0
517390,Digital Digest,36.02,Technology,24.71,Friday,Night,0.0,2.0,Neutral,21.19875,1,90.0
517445,Digital Digest,66.89,Technology,29.58,Friday,Night,89.71,0.0,Neutral,51.80213,1,24.0
517639,Digital Digest,9.65,Technology,66.48,Friday,Night,91.25,1.0,Positive,9.65504,1,36.0
517789,Digital Digest,24.92,Technology,35.33,Friday,Night,8.33,0.0,Neutral,21.91584,1,8.0
518255,Digital Digest,8.71,Technology,67.37,Friday,Night,78.43,1.0,Positive,2.42021,1,63.0
518523,Digital Digest,89.02,Technology,48.92,Friday,Night,7.4,0.0,Positive,52.25507,1,39.0
518866,Digital Digest,37.19,Technology,45.9,Friday,Night,16.53,0.0,Negative,37.18732,1,17.0
519542,Digital Digest,16.31,Technology,39.47,Friday,Night,0.0,2.0,Neutral,11.20741,1,55.0
519593,Digital Digest,40.01,Technology,48.63,Friday,Night,79.36,0.0,Positive,25.83794,1,13.0
520949,Digital Digest,31.55,Technology,69.73,Friday,Night,0.0,0.0,Positive,31.55556,1,79.0
521252,Digital Digest,49.31,Technology,56.31,Friday,Night,0.0,2.0,Negative,33.17274,1,22.0
521972,Digital Digest,42.69,Technology,91.56,Friday,Night,0.0,2.0,Neutral,41.00029,1,5.0
524826,Digital Digest,94.68,Technology,70.62,Friday,Night,72.62,3.0,Neutral,62.27164,1,12.0
525017,Digital Digest,38.4,Technology,93.94,Friday,Night,0.0,3.0,Neutral,28.31534,1,100.0
525239,Digital Digest,5.5,Technology,70.93,Friday,Night,37.84,3.0,Negative,0.07284,1,8.0
525593,Digital Digest,25.81,Technology,67.8,Friday,Night,52.22,3.0,Neutral,10.97,1,14.0
527750,Digital Digest,42.63,Technology,48.1,Friday,Night,97.2,2.0,Negative,32.05,1,56.0
529777,Digital Digest,116.14,Technology,74.58,Friday,Night,0.0,1.0,Neutral,110.06464,1,77.0
530029,Digital Digest,93.61,Technology,91.62,Friday,Night,40.59,1.0,Positive,76.94133,1,14.0
533443,Digital Digest,94.04,Technology,29.16,Friday,Night,0.0,3.0,Negative,53.81,1,71.0
535738,Digital Digest,67.14,Technology,32.07,Friday,Night,97.81,3.0,Positive,55.09235,1,67.0
536388,Digital Digest,74.56,Technology,42.14,Friday,Night,72.56,2.0,Positive,43.46247,1,47.0
537236,Digital Digest,53.26,Technology,72.99,Friday,Night,72.1,1.0,Neutral,29.18989,1,87.0
537885,Digital Digest,92.04,Technology,53.16,Friday,Night,14.87,1.0,Negative,86.445,1,27.0
538200,Digital Digest,69.69,Technology,72.18,Friday,Night,95.1,0.0,Neutral,38.01221,1,69.0
538873,Digital Digest,47.02,Technology,54.49,Friday,Night,2.49,0.0,Positive,42.78244,1,31.0
539540,Digital Digest,53.26,Technology,72.99,Friday,Night,65.95,1.0,Neutral,29.18989,1,87.0
540830,Digital Digest,63.35316431818181,Technology,63.97,Friday,Night,30.29,0.0,Neutral,10.65814,1,43.0
541966,Digital Digest,25.83,Technology,26.6,Friday,Night,25.82,2.0,Negative,24.62,1,84.0
542154,Digital Digest,97.17,Technology,98.35,Friday,Night,17.85,0.0,Negative,85.51737,1,24.0
542423,Digital Digest,51.59,Technology,42.58,Friday,Night,72.51,0.0,Positive,43.46247,1,47.0
543467,Digital Digest,38.07,Technology,48.99,Friday,Night,86.83,2.0,Positive,16.12,1,47.0
544199,Digital Digest,39.67,Technology,35.67,Friday,Night,56.06,3.0,Negative,31.3377,1,89.0
548181,Digital Digest,111.46,Technology,88.45,Friday,Night,9.69,3.0,Negative,62.31544,1,12.0
550930,Digital Digest,63.35316431818181,Technology,42.29,Friday,Night,78.65,0.0,Positive,15.03,1,8.0
551518,Digital Digest,101.58,Technology,81.28,Friday,Night,87.62,2.0,Negative,77.87497,1,98.0
551644,Digital Digest,115.61,Technology,74.83,Friday,Night,23.86,0.0,Positive,66.46684,1,40.0
551781,Digital Digest,57.13,Technology,45.96,Friday,Night,24.12,0.0,Positive,36.21725,1,59.0
560819,Digital Digest,73.11,Technology,95.31,Friday,Night,0.0,1.0,Positive,40.47549,1,5.0
561326,Digital Digest,9.67,Technology,35.93,Friday,Night,94.99,2.0,Negative,9.67,1,19.0
561610,Digital Digest,104.23,Technology,40.39,Friday,Night,0.0,2.0,Positive,77.80634,1,31.0
561815,Digital Digest,13.95,Technology,60.39,Friday,Night,64.16,3.0,Negative,11.36888,1,57.0
562505,Digital Digest,71.64,Technology,30.57,Friday,Night,32.73,2.0,Positive,58.15771,1,64.0
563498,Digital Digest,69.45,Technology,68.45,Friday,Night,56.33,0.0,Negative,40.75257,1,46.0
564993,Digital Digest,96.33,Technology,94.59,Friday,Night,0.0,2.0,Negative,46.75285,1,32.0
566652,Digital Digest,41.98,Technology,53.82,Friday,Night,73.76,1.0,Negative,29.91719,1,86.0
566801,Digital Digest,82.5,Technology,41.54,Friday,Night,73.66,1.0,Neutral,55.88187,1,35.0
566966,Digital Digest,26.01,Technology,42.78,Friday,Night,13.14,3.0,Positive,22.04054,1,78.0
567038,Digital Digest,82.84,Technology,24.19,Friday,Night,59.95,0.0,Positive,40.33394,1,98.0
567867,Digital Digest,63.35316431818181,Technology,63.49,Friday,Night,60.55,2.0,Neutral,18.32258,1,50.0
567911,Digital Digest,54.85,Technology,32.57,Friday,Night,79.49,0.0,Negative,41.559,1,54.0
569078,Digital Digest,88.99,Technology,86.7,Friday,Night,1.93,0.0,Positive,60.85153,1,61.0
569531,Digital Digest,97.91,Technology,47.33,Friday,Night,71.9,1.0,Negative,89.61824,1,18.0
569750,Digital Digest,59.35,Technology,44.48,Friday,Night,12.4,2.0,Neutral,42.76318,1,58.0
571173,Digital Digest,44.42,Technology,88.17,Friday,Night,82.82,2.0,Negative,34.33139,1,87.0
571881,Digital Digest,83.46,Technology,70.46,Friday,Night,0.0,0.0,Negative,73.10964,1,69.0
572500,Digital Digest,63.35316431818181,Technology,48.69,Friday,Night,14.3,0.0,Positive,42.78,1,32.0
576870,Digital Digest,63.35316431818181,Technology,54.29,Friday,Night,0.0,2.0,Neutral,9.91624,1,3.0
577769,Digital Digest,86.5,Technology,80.37,Friday,Night,28.27,0.0,Negative,66.70051,1,12.0
577807,Digital Digest,31.53,Technology,80.91,Friday,Night,84.29,0.0,Negative,31.23,1,32.0
578678,Digital Digest,118.77,Technology,99.69,Friday,Night,29.35,0.0,Positive,112.8,1,67.0
580358,Digital Digest,115.97,Technology,89.6,Friday,Night,29.51,1.0,Positive,98.3251,1,98.0
580382,Digital Digest,63.35316431818181,Technology,71.78,Friday,Night,79.7,3.0,Positive,66.65557,1,46.0
581465,Digital Digest,73.02,Technology,58.87,Friday,Night,32.8,3.0,Negative,49.52679,1,5.0
582421,Digital Digest,119.56,Technology,87.44,Friday,Night,36.38,0.0,Negative,88.08967,1,57.0
583877,Digital Digest,87.55,Technology,51.73,Friday,Night,93.46,0.0,Positive,61.88095,1,96.0
584952,Digital Digest,100.61,Technology,70.92,Friday,Night,0.0,2.0,Positive,47.82,1,29.0
585660,Digital Digest,119.66,Technology,95.8,Friday,Night,36.75,0.0,Negative,88.08967,1,57.0
586064,Digital Digest,107.5,Technology,68.07,Friday,Night,96.06,3.0,Neutral,46.09257,1,7.0
586085,Digital Digest,9.65,Technology,66.48,Friday,Night,0.0,1.0,Neutral,9.65504,1,36.0
587062,Digital Digest,62.29,Technology,60.4,Friday,Night,82.71,0.0,Negative,49.86701,1,82.0
588434,Digital Digest,81.01,Technology,88.93,Friday,Night,23.1,3.0,Negative,65.12208,1,47.0
589647,Digital Digest,86.35,Technology,81.44,Friday,Night,82.78,3.0,Positive,67.42,1,89.0
593307,Digital Digest,77.62,Technology,90.02,Friday,Night,63.23,0.0,Negative,44.00111,1,80.0
594561,Digital Digest,84.79,Technology,51.45,Friday,Night,48.26,1.0,Negative,74.71647,1,26.0
596529,Digital Digest,63.35316431818181,Technology,22.23,Friday,Night,58.01,3.0,Negative,30.31,1,32.0
598132,Digital Digest,119.66,Technology,87.16,Friday,Night,36.38,0.0,Negative,88.08967,1,57.0
600373,Digital Digest,41.92,Technology,58.41,Friday,Night,19.42,3.0,Positive,29.3002,1,63.0
601797,Digital Digest,25.31,Technology,66.57,Friday,Night,19.99,1.0,Positive,16.32,1,94.0
603826,Digital Digest,69.91,Technology,29.66,Friday,Night,32.95,1.0,Positive,67.50885,1,26.0
604206,Digital Digest,10.69,Technology,70.65,Friday,Night,0.0,1.0,Neutral,8.06622,1,54.0
604641,Digital Digest,10.43,Technology,35.06,Friday,Night,0.0,2.0,Positive,2.40837,1,60.0
605075,Digital Digest,63.35316431818181,Technology,66.0,Friday,Night,50.42,0.0,Positive,45.1816,1,45.0
609068,Digital Digest,31.53,Technology,28.56,Friday,Night,84.27,0.0,Negative,31.23,1,8.0
610062,Digital Digest,6.77,Technology,28.91,Friday,Night,8.69,3.0,Neutral,6.77,1,64.0
610618,Digital Digest,29.97,Technology,32.58,Friday,Night,48.84,0.0,Positive,26.93,1,63.0
613298,Digital Digest,50.09,Technology,80.02,Friday,Night,72.44,0.0,Positive,48.51325,1,63.0
613497,Digital Digest,63.35316431818181,Technology,78.01,Friday,Night,84.24,1.0,Negative,72.89178,1,86.0
614403,Digital Digest,98.27,Technology,56.61,Friday,Night,78.53,0.0,Negative,94.01,1,65.0
614854,Digital Digest,51.15,Technology,42.91,Friday,Night,72.91,0.0,Positive,43.46247,1,21.0
620513,Digital Digest,24.52,Technology,25.57,Friday,Night,0.0,3.0,Neutral,16.51,1,10.0
620836,Digital Digest,63.35316431818181,Technology,96.71,Friday,Night,47.16,0.0,Positive,33.78,1,23.0
622542,Digital Digest,8.54,Technology,93.81,Friday,Night,0.0,3.0,Neutral,7.95722,1,33.0
622573,Digital Digest,47.53,Technology,29.47,Friday,Night,18.15,1.0,Neutral,38.98,1,67.0
623402,Digital Digest,41.64,Technology,29.83,Friday,Night,29.9,0.0,Positive,34.25147,1,43.0
625897,Digital Digest,20.66,Technology,76.43,Friday,Night,59.05,1.0,Negative,15.17,1,52.0
626258,Digital Digest,31.68,Technology,85.74,Friday,Night,58.83,2.0,Positive,16.1,1,35.0
626436,Digital Digest,36.27,Technology,30.67,Friday,Night,0.0,2.0,Positive,10.54308,1,30.0
627715,Digital Digest,44.15,Technology,81.89,Friday,Night,81.86,3.0,Neutral,21.42415,1,27.0
627842,Digital Digest,111.97,Technology,22.89,Friday,Night,24.35,0.0,Negative,111.5746,1,18.0
629831,Digital Digest,88.46,Technology,71.86,Friday,Night,97.11,0.0,Negative,58.37,1,29.0
629842,Digital Digest,74.72,Technology,20.23,Friday,Night,4.68,2.0,Neutral,48.54962,1,27.0
629932,Digital Digest,90.0,Technology,60.4,Friday,Night,0.0,0.0,Negative,63.36311,1,58.0
631112,Digital Digest,72.82,Technology,76.87,Friday,Night,56.06,1.0,Negative,49.17,1,32.0
633243,Digital Digest,35.92,Technology,23.5,Friday,Night,98.49,0.0,Negative,28.21868,1,98.0
635644,Digital Digest,49.46,Technology,68.58,Friday,Night,35.9,2.0,Neutral,35.91941,1,79.0
636442,Digital Digest,56.26,Technology,82.88,Friday,Night,99.82,3.0,Negative,34.29146,1,59.0
638095,Digital Digest,102.75,Technology,65.73,Friday,Night,92.68,1.0,Neutral,77.66363,1,97.0
638977,Digital Digest,82.13,Technology,86.47,Friday,Night,0.0,2.0,Negative,57.25051,1,73.0
639364,Digital Digest,118.46,Technology,98.62,Friday,Night,60.86,0.0,Neutral,63.00846,1,53.0
640262,Digital Digest,71.24,Technology,70.93,Friday,Night,0.0,3.0,Neutral,59.27804,1,83.0
640511,Digital Digest,115.37,Technology,74.47,Friday,Night,50.4,0.0,Negative,93.85399,1,75.0
641010,Digital Digest,54.78,Technology,36.69,Friday,Night,29.23,1.0,Neutral,32.99,1,6.0
641603,Digital Digest,47.59,Technology,42.4,Friday,Night,0.0,0.0,Positive,30.8,1,23.0
642486,Digital Digest,104.36,Technology,58.96,Friday,Night,65.26,2.0,Negative,76.89245,1,13.0
643321,Digital Digest,26.91,Technology,36.9,Friday,Night,51.4,1.0,Positive,14.64,1,91.0
644514,Digital Digest,30.61,Technology,64.23,Friday,Night,93.19,2.0,Positive,10.50285,1,36.0
645690,Digital Digest,79.69,Technology,82.36,Friday,Night,0.0,3.0,Negative,54.88612,1,7.0
647665,Digital Digest,54.03,Technology,57.19,Friday,Night,0.72,0.0,Positive,25.51413,1,19.0
652088,Digital Digest,9.67,Technology,28.72,Friday,Night,0.0,2.0,Negative,9.67,1,19.0
653796,Digital Digest,95.28,Technology,72.82,Friday,Night,87.0,1.0,Neutral,94.0214,1,25.0
655955,Digital Digest,88.96,Technology,86.64,Friday,Night,10.6,1.0,Neutral,60.60575,1,58.0
656100,Digital Digest,115.58,Technology,42.4,Friday,Night,86.1,0.0,Neutral,98.37011,1,66.0
656737,Digital Digest,72.31,Technology,25.07,Friday,Night,0.0,0.0,Positive,70.10915,1,62.0
657695,Digital Digest,67.96,Technology,64.31,Friday,Night,10.0,3.0,Positive,34.77713,1,53.0
659461,Digital Digest,11.41,Technology,97.79,Friday,Night,82.47,1.0,Negative,0.0,1,33.0
659477,Digital Digest,17.44,Technology,42.23,Friday,Night,18.23,0.0,Negative,11.69595,1,82.0
661198,Digital Digest,113.79,Technology,24.76,Friday,Night,30.22,2.0,Negative,75.54779,1,86.0
661383,Digital Digest,31.53,Technology,28.27,Friday,Night,95.59,0.0,Negative,31.23,1,8.0
661518,Digital Digest,119.45,Technology,38.68,Friday,Night,8.14,2.0,Neutral,56.92077,1,88.0
664577,Digital Digest,63.66,Technology,68.79,Friday,Night,22.03,1.0,Positive,54.57838,1,76.0
665728,Digital Digest,36.68,Technology,28.72,Friday,Night,57.91,1.0,Positive,24.45,1,83.0
666159,Digital Digest,104.93,Technology,88.59,Friday,Night,0.0,0.0,Positive,101.83724,1,62.0
669558,Digital Digest,8.31,Technology,34.21,Friday,Night,0.0,0.0,Negative,6.04,1,63.0
670719,Digital Digest,59.2,Technology,23.55,Friday,Night,34.17,0.0,Neutral,55.80939,1,92.0
674529,Digital Digest,53.94,Technology,42.46,Friday,Night,72.51,0.0,Positive,43.46247,1,47.0
675193,Digital Digest,55.04,Technology,89.95,Friday,Night,0.0,3.0,Positive,42.09129,1,77.0
675645,Digital Digest,91.5,Technology,36.61,Friday,Night,0.0,2.0,Negative,62.14531,1,72.0
677534,Digital Digest,63.35316431818181,Technology,38.08,Friday,Night,81.59,0.0,Positive,21.28,1,33.0
678632,Digital Digest,50.98,Technology,26.23,Friday,Night,58.55,2.0,Negative,32.03,1,63.0
678846,Digital Digest,58.96,Technology,24.19,Friday,Night,0.0,2.0,Neutral,30.06279,1,68.0
679195,Digital Digest,18.92,Technology,34.21,Friday,Night,90.85,3.0,Positive,3.66188,1,35.0
680084,Digital Digest,55.03,Technology,21.24,Friday,Night,76.99,3.0,Negative,51.37736,1,21.0
681376,Digital Digest,62.33,Technology,56.47,Friday,Night,71.48,2.0,Neutral,39.54748,1,2.0
681763,Digital Digest,89.4,Technology,49.44,Friday,Night,0.0,1.0,Neutral,67.81764,1,4.0
682315,Digital Digest,91.62,Technology,77.73,Friday,Night,82.91,2.0,Positive,90.67984,1,22.0
682589,Digital Digest,63.35316431818181,Technology,99.74,Friday,Night,50.66,2.0,Negative,27.93355,1,74.0
683560,Digital Digest,111.18,Technology,76.77,Friday,Night,79.08,3.0,Positive,94.44552,1,76.0
684626,Digital Digest,63.35316431818181,Technology,52.66,Friday,Night,74.03,0.0,Positive,49.26987,1,54.0
684753,Digital Digest,69.86,Technology,30.78,Friday,Night,95.13,2.0,Negative,50.94562,1,66.0
685996,Digital Digest,63.35316431818181,Technology,67.48,Friday,Night,99.36,3.0,Positive,5.55606,1,9.0
686938,Digital Digest,117.59,Technology,34.63,Friday,Night,8.52,2.0,Positive,82.91328,1,40.0
689489,Digital Digest,76.27,Technology,51.56,Friday,Night,16.97,2.0,Negative,43.45164,1,3.0
689550,Digital Digest,12.11,Technology,76.55,Friday,Night,68.51,1.0,Positive,9.97722,1,96.0
692409,Digital Digest,79.96,Technology,88.63,Friday,Night,62.24,0.0,Neutral,68.9486,1,89.0
693844,Digital Digest,30.36,Technology,24.71,Friday,Night,0.0,1.0,Neutral,27.60726,1,16.0
695301,Digital Digest,69.35,Technology,63.04,Friday,Night,0.0,2.0,Negative,42.27547,1,33.0
695639,Digital Digest,35.34,Technology,36.1,Friday,Night,56.06,0.0,Negative,31.3377,1,89.0
696635,Digital Digest,88.07,Technology,45.58,Friday,Night,67.06,1.0,Positive,60.94769,1,9.0
696779,Digital Digest,103.87,Technology,45.55,Friday,Night,37.84,0.0,Neutral,66.81387,1,34.0
698644,Digital Digest,53.78,Technology,72.99,Friday,Night,64.1,1.0,Neutral,29.18989,1,87.0
698864,Digital Digest,13.31,Technology,40.04,Friday,Night,75.2,2.0,Positive,10.00424,1,3.0
699828,Digital Digest,93.75,Technology,95.8,Friday,Night,11.09,0.0,Negative,90.51905,1,92.0
704620,Digital Digest,116.21,Technology,34.94,Friday,Night,22.89,1.0,Positive,109.42188,1,35.0
705335,Digital Digest,105.48,Technology,96.07,Friday,Night,5.01,0.0,Neutral,95.95356,1,8.0
706333,Digital Digest,63.35316431818181,Technology,84.68,Friday,Night,29.78,2.0,Positive,19.09929,1,82.0
706812,Digital Digest,37.4,Technology,78.57,Friday,Night,77.94,0.0,Negative,21.6884,1,14.0
709451,Digital Digest,9.67,Technology,80.21,Friday,Night,95.64,2.0,Negative,9.67,1,19.0
711759,Digital Digest,113.93,Technology,22.06,Friday,Night,46.85,0.0,Positive,83.06833,1,21.0
713726,Digital Digest,54.79,Technology,93.1,Friday,Night,75.48,1.0,Neutral,54.76105,1,12.0
713733,Digital Digest,6.82,Technology,49.8,Friday,Night,58.14,1.0,Neutral,6.78,1,85.0
715125,Digital Digest,113.69,Technology,81.61,Friday,Night,55.93,1.0,Positive,102.23,1,47.0
715627,Digital Digest,78.62,Technology,70.42,Friday,Night,64.64,3.0,Negative,62.27164,1,3.0
715685,Digital Digest,31.53,Technology,80.71,Friday,Night,58.79,0.0,Neutral,31.23,1,8.0
716623,Digital Digest,86.34,Technology,70.51,Friday,Night,64.65,3.0,Negative,62.27164,1,12.0
718568,Digital Digest,39.67,Technology,36.1,Friday,Night,56.07,0.0,Negative,31.3377,1,89.0
719010,Digital Digest,53.88,Technology,88.01,Friday,Night,34.28,3.0,Negative,18.03405,1,34.0
720551,Digital Digest,16.09,Technology,58.07,Friday,Night,59.73,1.0,Negative,7.4029,1,79.0
720574,Digital Digest,23.33,Technology,21.89,Friday,Night,6.17,1.0,Positive,12.07,1,79.0
720895,Digital Digest,94.4,Technology,64.02,Friday,Night,94.88,3.0,Neutral,55.25531,1,62.0
720917,Digital Digest,57.81,Technology,40.69,Friday,Night,48.61,0.0,Neutral,42.39549,1,94.0
721515,Digital Digest,113.65,Technology,36.74,Friday,Night,87.76,2.0,Positive,91.7265,1,7.0
722061,Digital Digest,45.19,Technology,81.53,Friday,Night,0.0,1.0,Neutral,26.16145,1,78.0
723256,Digital Digest,47.86,Technology,89.04,Friday,Night,13.95,1.0,Negative,38.93761,1,4.0
725049,Digital Digest,17.26,Technology,85.79,Friday,Night,7.18,1.0,Positive,10.26137,1,27.0
727199,Digital Digest,60.07,Technology,64.54,Friday,Night,88.91,1.0,Neutral,58.09347,1,65.0
728006,Digital Digest,96.19,Technology,33.42,Friday,Night,43.55,3.0,Positive,57.93399,1,12.0
728040,Digital Digest,78.86,Technology,20.81,Friday,Night,42.74,2.0,Neutral,39.35321,1,6.0
729076,Digital Digest,53.21,Technology,38.29,Friday,Night,0.0,1.0,Positive,44.89268,1,11.0
729815,Digital Digest,72.43,Technology,30.84,Friday,Night,50.73,0.0,Neutral,76.135,1,37.0
730094,Digital Digest,110.98,Technology,78.36,Friday,Night,45.87,3.0,Negative,61.9,1,13.0
732757,Digital Digest,47.46,Technology,54.49,Friday,Night,2.49,0.0,Positive,42.78244,1,63.0
732928,Digital Digest,76.49,Technology,52.67,Friday,Night,34.72,1.0,Negative,55.17263,1,83.0
733112,Digital Digest,88.99,Technology,86.7,Friday,Night,1.97,0.0,Positive,60.85153,1,61.0
733187,Digital Digest,54.81,Technology,71.97,Friday,Night,53.71,0.0,Negative,49.2173,1,21.0
736663,Digital Digest,63.35316431818181,Technology,45.13,Friday,Night,53.66,1.0,Positive,15.44799,1,27.0
736701,Digital Digest,66.49,Technology,27.14,Friday,Night,93.17,0.0,Neutral,51.80213,1,24.0
738744,Digital Digest,42.63,Technology,48.97,Friday,Night,97.2,2.0,Negative,32.05,1,57.0
741626,Digital Digest,48.95,Technology,78.79,Friday,Night,56.83,1.0,Negative,41.07,1,78.0
745217,Digital Digest,104.35,Technology,64.0,Friday,Night,62.34,0.0,Neutral,91.90009,1,72.0
745744,Digital Digest,61.65,Technology,90.55,Friday,Night,86.06,3.0,Neutral,40.90132,1,57.0
747763,Digital Digest,71.19,Technology,20.69,Friday,Night,22.28,3.0,Positive,67.51889,1,25.0
748173,Digital Digest,54.85,Technology,32.73,Friday,Night,79.52,0.0,Negative,41.559,1,84.0
748456,Digital Digest,66.63,Technology,95.93,Friday,Night,38.75,0.0,Negative,62.0766,1,24.0
755625,Digital Digest,29.65,Technology,28.82,Friday,Night,58.67,1.0,Positive,,0,28.0
756153,Digital Digest,62.67,Technology,94.66,Friday,Night,74.05,0.0,Positive,,0,54.0
756946,Digital Digest,116.79,Technology,69.69,Friday,Night,86.18,2.0,Negative,,0,91.0
762385,Digital Digest,63.35316431818181,Technology,73.1,Friday,Night,16.19,3.0,Neutral,,0,3.0
763726,Digital Digest,82.56,Technology,23.38,Friday,Night,0.0,0.0,Neutral,,0,77.0
764624,Digital Digest,9.64,Technology,84.11,Friday,Night,0.0,1.0,Neutral,,0,93.0
765006,Digital Digest,44.6,Technology,69.27,Friday,Night,0.0,1.0,Positive,,0,63.0
765028,Digital Digest,66.56,Technology,48.14,Friday,Night,85.34,1.0,Positive,,0,61.0
766097,Digital Digest,63.35316431818181,Technology,80.91,Friday,Night,81.73,1.0,Neutral,,0,32.0
767192,Digital Digest,66.17,Technology,57.63,Friday,Night,6.18,3.0,Positive,,0,22.0
767293,Digital Digest,74.61,Technology,62.97,Friday,Night,0.0,2.0,Positive,,0,30.0
767389,Digital Digest,9.67,Technology,80.21,Friday,Night,95.99,2.0,Negative,,0,19.0
769399,Digital Digest,79.54,Technology,24.87,Friday,Night,9.3,1.0,Positive,,0,77.0
773753,Digital Digest,63.35316431818181,Technology,81.71,Friday,Night,0.0,3.0,Neutral,,0,80.0
773790,Digital Digest,57.0,Technology,68.11,Friday,Night,82.86,1.0,Positive,,0,9.0
774185,Digital Digest,63.35316431818181,Technology,36.6,Friday,Night,68.33,1.0,Negative,,0,64.0
775258,Digital Digest,64.59,Technology,63.55,Friday,Night,82.44,3.0,Positive,,0,12.0
775384,Digital Digest,105.04,Technology,94.78,Friday,Night,5.1,1.0,Positive,,0,27.0
780665,Digital Digest,87.02,Technology,38.56,Friday,Night,32.25,2.0,Positive,,0,82.0
784557,Digital Digest,53.89,Technology,42.26,Friday,Night,72.51,0.0,Positive,,0,47.0
785489,Digital Digest,63.35316431818181,Technology,38.41,Friday,Night,18.11,3.0,Positive,,0,63.0
786577,Digital Digest,26.4,Technology,74.58,Friday,Night,38.7,0.0,Positive,,0,82.0
786975,Digital Digest,42.72,Technology,48.18,Friday,Night,45.71,2.0,Positive,,0,2.0
788733,Digital Digest,30.02,Technology,63.49,Friday,Night,49.93,1.0,Negative,,0,84.0
789869,Digital Digest,76.4,Technology,65.29,Friday,Night,91.0,0.0,Neutral,,0,84.0
791496,Digital Digest,39.13,Technology,90.79,Friday,Night,90.41,2.0,Positive,,0,77.0
791801,Digital Digest,69.78,Technology,56.71,Friday,Night,7.36,2.0,Neutral,,0,34.0
792541,Digital Digest,93.42,Technology,55.32,Friday,Night,29.69,2.0,Negative,,0,49.0
797236,Digital Digest,94.45,Technology,45.83,Friday,Night,0.0,1.0,Neutral,,0,15.0
797398,Digital Digest,88.99,Technology,91.0,Friday,Night,9.92,0.0,Positive,,0,61.0
798781,Digital Digest,88.95,Technology,75.95,Friday,Night,24.99,3.0,Neutral,,0,25.0
800456,Digital Digest,49.23,Technology,95.72,Friday,Night,15.79,0.0,Negative,,0,92.0
800526,Digital Digest,63.35316431818181,Technology,29.64,Friday,Night,16.19,2.0,Neutral,,0,70.0
801219,Digital Digest,39.39,Technology,31.5,Friday,Night,69.84,0.0,Negative,,0,83.0
804767,Digital Digest,14.25,Technology,21.75,Friday,Night,79.07,3.0,Negative,,0,3.0
805176,Digital Digest,63.35316431818181,Technology,36.63,Friday,Night,17.97,2.0,Positive,,0,63.0
806521,Digital Digest,100.43,Technology,79.93,Friday,Night,54.88,1.0,Neutral,,0,73.0
807789,Digital Digest,21.8,Technology,36.16,Friday,Night,63.43,1.0,Neutral,,0,91.0
807815,Digital Digest,39.9,Technology,28.19,Friday,Night,42.78,0.0,Neutral,,0,23.0
807888,Digital Digest,99.69,Technology,77.81,Friday,Night,75.95,2.0,Positive,,0,1.0
808613,Digital Digest,109.32,Technology,41.28,Friday,Night,2.08,2.0,Negative,,0,24.0
808808,Digital Digest,94.44,Technology,96.57,Friday,Night,28.3,1.0,Negative,,0,62.0
809545,Digital Digest,111.79,Technology,86.49,Friday,Night,39.69,0.0,Negative,,0,61.0
810436,Digital Digest,36.78,Technology,38.73,Friday,Night,56.8,1.0,Negative,,0,63.0
810736,Digital Digest,9.67,Technology,80.23,Friday,Night,97.1,2.0,Negative,,0,19.0
813221,Digital Digest,114.89,Technology,28.47,Friday,Night,5.73,2.0,Negative,,0,13.0
813267,Digital Digest,59.55,Technology,68.87,Friday,Night,0.0,3.0,Negative,,0,82.0
815357,Digital Digest,23.79,Technology,51.87,Friday,Night,41.29,1.0,Positive,,0,13.0
817206,Digital Digest,105.89,Technology,36.74,Friday,Night,86.92,0.0,Neutral,,0,38.0
817229,Digital Digest,88.42,Technology,23.24,Friday,Night,48.02,3.0,Positive,,0,55.0
818569,Digital Digest,33.98,Technology,93.0,Friday,Night,70.98,0.0,Positive,,0,31.0
820784,Digital Digest,83.33,Technology,35.01,Friday,Night,32.61,1.0,Negative,,0,56.0
820934,Digital Digest,72.99,Technology,96.77,Friday,Night,68.06,3.0,Negative,,0,64.0
821576,Digital Digest,43.25,Technology,72.13,Friday,Night,0.0,2.0,Positive,,0,1.0
824237,Digital Digest,19.33,Technology,40.14,Friday,Night,0.0,0.0,Neutral,,0,78.0
824262,Digital Digest,9.67,Technology,35.88,Friday,Night,47.31,2.0,Negative,,0,29.0
825218,Digital Digest,61.69,Technology,58.66,Friday,Night,45.04,1.0,Positive,,0,34.0
825392,Digital Digest,118.6,Technology,32.57,Friday,Night,84.64,0.0,Positive,,0,8.0
826741,Digital Digest,71.19,Business,20.69,Friday,Night,22.28,3.0,Positive,,0,50.0
831246,Digital Digest,90.08,Technology,72.68,Friday,Night,78.14,0.0,Neutral,,0,94.0
831281,Digital Digest,116.56,Technology,62.0,Friday,Night,11.07,3.0,Neutral,,0,97.0
834057,Digital Digest,114.89,Technology,28.47,Friday,Night,5.17,1.0,Negative,,0,5.0
836200,Digital Digest,63.35316431818181,Technology,59.94,Friday,Night,58.59,3.0,Negative,,0,65.0
840409,Digital Digest,53.93,Technology,74.93,Friday,Night,15.57,0.0,Positive,,0,68.0
846614,Digital Digest,116.4,Technology,48.71,Friday,Night,48.6,1.0,Neutral,,0,27.0
846656,Digital Digest,82.49,Technology,73.31,Friday,Night,84.12,2.0,Negative,,0,18.0
849414,Digital Digest,104.11,Technology,97.64,Friday,Night,61.18,0.0,Positive,,0,47.0
852114,Digital Digest,70.77,Technology,96.63,Friday,Night,0.0,3.0,Negative,,0,83.0
852742,Digital Digest,8.82,Technology,34.68,Friday,Night,0.0,1.0,Negative,,0,33.0
853305,Digital Digest,42.9,Technology,60.67,Friday,Night,44.19,2.0,Negative,,0,74.0
854067,Digital Digest,60.88,Technology,22.53,Friday,Night,0.0,2.0,Negative,,0,33.0
854254,Digital Digest,63.35316431818181,Technology,52.0,Friday,Night,74.14,1.0,Positive,,0,96.0
854830,Digital Digest,119.02,Technology,96.06,Friday,Night,63.5,0.0,Positive,,0,43.0
855345,Digital Digest,63.35316431818181,Technology,36.28,Friday,Night,18.41,3.0,Positive,,0,63.0
857579,Digital Digest,63.35316431818181,Technology,39.2,Friday,Night,53.72,1.0,Positive,,0,27.0
859981,Digital Digest,87.27,Technology,89.23,Friday,Night,75.85,1.0,Neutral,,0,18.0
862892,Digital Digest,115.28,Technology,50.69,Friday,Night,69.84,0.0,Positive,,0,81.0
862977,Digital Digest,16.83,Technology,58.84,Friday,Night,34.05,3.0,Positive,,0,85.0
867112,Digital Digest,114.89,Technology,28.37,Friday,Night,5.42,2.0,Negative,,0,5.0
867880,Digital Digest,31.68,Technology,76.44,Friday,Night,34.44,1.0,Positive,,0,42.0
869232,Digital Digest,23.51,Technology,28.68,Friday,Night,97.98,3.0,Positive,,0,12.0
869960,Digital Digest,119.2,Technology,49.91,Friday,Night,84.29,0.0,Positive,,0,90.0
870376,Digital Digest,63.35316431818181,Technology,42.56,Friday,Night,72.27,0.0,Positive,,0,47.0
871165,Digital Digest,42.94,Technology,78.74,Friday,Night,0.0,2.0,Positive,,0,81.0
872633,Digital Digest,51.26,Technology,74.31,Friday,Night,31.71,1.0,Neutral,,0,18.0
874521,Digital Digest,31.31,Technology,82.76,Friday,Night,9.78,0.0,Positive,,0,19.0
875412,Digital Digest,104.13,Technology,30.4,Friday,Night,94.64,0.0,Negative,,0,65.0
877124,Digital Digest,119.62,Technology,66.09,Friday,Night,45.09,2.0,Neutral,,0,90.0
877300,Digital Digest,28.03,Technology,29.79,Friday,Night,0.0,0.0,Negative,,0,100.0
879176,Digital Digest,63.35316431818181,Technology,28.72,Friday,Night,98.49,1.0,Neutral,,0,69.0
879622,Digital Digest,36.57,Technology,48.83,Friday,Night,97.51,2.0,Negative,,0,81.0
882327,Digital Digest,63.35316431818181,Technology,41.73,Friday,Night,95.4,1.0,Negative,,0,31.0
883265,Digital Digest,71.48,Technology,59.16,Friday,Night,31.65,2.0,Positive,,0,4.0
884466,Digital Digest,72.49,Technology,68.13,Friday,Night,17.16,0.0,Positive,,0,5.0
885529,Digital Digest,17.63,Technology,56.68,Friday,Night,17.62,1.0,Neutral,,0,24.0
886742,Digital Digest,23.74,Technology,33.68,Friday,Night,82.68,0.0,Negative,,0,78.0
890263,Digital Digest,60.67,Technology,69.73,Friday,Night,23.72,1.0,Negative,,0,99.0
894026,Digital Digest,29.18,Technology,40.99,Friday,Night,36.01,1.0,Positive,,0,35.0
898673,Digital Digest,63.35316431818181,Technology,72.07,Friday,Night,7.23,3.0,Negative,,0,7.0
901587,Digital Digest,33.5,Technology,81.96,Friday,Night,84.49,3.0,Negative,,0,58.0
902881,Digital Digest,69.52,Technology,63.54,Friday,Night,0.0,2.0,Positive,,0,50.0
906482,Digital Digest,62.85,Technology,27.57,Friday,Night,33.09,1.0,Positive,,0,86.0
907431,Digital Digest,18.99,Technology,26.4,Friday,Night,36.81,1.0,Negative,,0,38.0
908861,Digital Digest,86.7,Technology,55.08,Friday,Night,22.74,1.0,Neutral,,0,59.0
910756,Digital Digest,77.6,Technology,48.06,Friday,Night,89.96,1.0,Positive,,0,85.0
912517,Digital Digest,9.23,Technology,26.62,Friday,Night,0.0,0.0,Neutral,,0,78.0
912727,Digital Digest,60.27845,Technology,92.19,Friday,Night,60.78,2.0,Neutral,,0,61.0
914849,Digital Digest,31.57,Technology,98.04,Friday,Night,0.0,3.0,Positive,,0,100.0
915517,Digital Digest,21.23,Technology,83.82,Friday,Night,0.0,0.0,Positive,,0,63.0
920787,Digital Digest,116.32,Technology,70.7,Friday,Night,54.75,1.0,Negative,,0,99.0
923419,Digital Digest,53.21,Technology,76.82,Friday,Night,38.81,0.0,Positive,,0,8.0
925096,Digital Digest,47.83,Technology,55.5,Friday,Night,71.41,3.0,Negative,,0,9.0
928842,Digital Digest,30.83,Technology,83.41,Friday,Night,34.45,0.0,Negative,,0,61.0
929811,Digital Digest,47.98,Technology,69.45,Friday,Night,57.77,2.0,Positive,,0,65.0
932064,Digital Digest,71.2,Technology,52.29,Friday,Night,62.33,3.0,Neutral,,0,86.0
933355,Digital Digest,49.13,Technology,74.51,Friday,Night,58.5,2.0,Negative,,0,52.0
935315,Digital Digest,104.3,Technology,50.01,Friday,Night,0.0,3.0,Neutral,,0,19.0
935529,Digital Digest,63.35316431818181,Technology,43.0,Friday,Night,0.0,1.0,Negative,,0,12.0
938721,Digital Digest,63.35316431818181,Technology,72.19,Friday,Night,22.81,0.0,Neutral,,0,33.0
940273,Digital Digest,109.08,Technology,95.42,Friday,Night,0.0,0.0,Negative,,0,86.0
940740,Digital Digest,118.92,Technology,90.8,Friday,Night,34.45,1.0,Positive,,0,31.0
944084,Digital Digest,30.97,Technology,24.99,Friday,Night,8.24,1.0,Negative,,0,11.0
944174,Digital Digest,54.85,Technology,32.88,Friday,Night,79.7,0.0,Negative,,0,54.0
944924,Digital Digest,36.57,Technology,48.3,Friday,Night,99.17,2.0,Negative,,0,56.0
948380,Digital Digest,82.03,Technology,64.0,Friday,Night,0.0,3.0,Positive,,0,65.0
950117,Digital Digest,114.89,Technology,45.3,Friday,Night,5.74,1.0,Negative,,0,13.0
950271,Digital Digest,67.63,Technology,80.75,Friday,Night,17.29,3.0,Negative,,0,62.0
950464,Digital Digest,36.8,Technology,91.04,Friday,Night,51.11,2.0,Negative,,0,32.0
954001,Digital Digest,30.7,Technology,33.1,Friday,Night,0.0,3.0,Positive,,0,54.0
954053,Digital Digest,19.43,Technology,40.98,Friday,Night,65.43,0.0,Neutral,,0,43.0
954102,Digital Digest,41.05,Technology,91.21,Friday,Night,25.65,1.0,Neutral,,0,98.0
956164,Digital Digest,16.48,Technology,29.72,Friday,Night,24.26,1.0,Neutral,,0,84.0
956702,Digital Digest,63.35316431818181,Technology,53.49,Friday,Night,68.49,2.0,Neutral,,0,65.0
956746,Digital Digest,107.67,Technology,65.31,Friday,Night,62.38,1.0,Neutral,,0,81.0
958908,Digital Digest,11.68,Technology,21.54,Friday,Night,74.77,0.0,Neutral,,0,43.0
959494,Digital Digest,6.87,Technology,44.47,Friday,Night,0.0,0.0,Negative,,0,48.0
959600,Digital Digest,8.83,Technology,96.53,Friday,Night,22.81,2.0,Positive,,0,68.0
960108,Digital Digest,66.49,Technology,27.21,Friday,Night,29.73,0.0,Neutral,,0,24.0
963545,Digital Digest,63.35316431818181,Technology,26.77,Friday,Night,0.0,2.0,Neutral,,0,40.0
963553,Digital Digest,77.61,Technology,42.9,Friday,Night,72.47,2.0,Positive,,0,47.0
964934,Digital Digest,68.94,Technology,68.68,Friday,Night,30.3,3.0,Neutral,,0,94.0
965199,Digital Digest,114.89,Technology,45.6,Friday,Night,5.37,2.0,Negative,,0,5.0
965980,Digital Digest,63.35316431818181,Technology,89.61,Friday,Night,97.61,3.0,Neutral,,0,78.0
966390,Digital Digest,63.35316431818181,Technology,29.51,Friday,Night,0.0,1.0,Negative,,0,83.0
966578,Digital Digest,63.35316431818181,Technology,74.74,Friday,Night,74.05,0.0,Positive,,0,54.0
967558,Digital Digest,71.19,Technology,20.69,Friday,Night,22.28,2.0,Positive,,0,50.0
968831,Digital Digest,84.26,Technology,70.34,Friday,Night,6.88,0.0,Neutral,,0,12.0
969067,Digital Digest,63.35316431818181,Technology,58.14,Friday,Night,0.0,3.0,Positive,,0,95.0
969607,Digital Digest,100.65,Technology,82.97,Friday,Night,0.0,1.0,Positive,,0,62.0
971424,Digital Digest,73.34,Technology,84.5,Friday,Night,91.13,0.0,Neutral,,0,85.0
977194,Digital Digest,63.35316431818181,Technology,81.21,Friday,Night,51.66,1.0,Neutral,,0,51.0
977429,Digital Digest,103.23,Technology,78.84,Friday,Night,21.26,1.0,Positive,,0,99.0
977741,Digital Digest,51.78,Technology,78.8,Friday,Night,0.0,1.0,Neutral,,0,59.0
978281,Digital Digest,113.34,Technology,70.95,Friday,Night,45.8,2.0,Positive,,0,32.0
978807,Digital Digest,118.6,Technology,40.33,Friday,Night,25.81,1.0,Positive,,0,68.0
979713,Digital Digest,44.83,Technology,53.72,Friday,Night,71.39,2.0,Positive,,0,69.0
979728,Digital Digest,69.52,Technology,51.52,Friday,Night,51.61,2.0,Neutral,,0,79.0
980998,Digital Digest,37.31,Technology,69.87,Friday,Night,0.0,3.0,Negative,,0,56.0
982805,Digital Digest,10.72,Technology,46.14,Friday,Night,55.08,0.0,Neutral,,0,60.0
982973,Digital Digest,86.53,Technology,70.51,Friday,Night,64.8,3.0,Negative,,0,12.0
984336,Digital Digest,50.8,Technology,29.66,Friday,Night,46.09,0.0,Positive,,0,52.0
984527,Digital Digest,84.67,Technology,70.1,Friday,Night,12.77,1.0,Positive,,0,70.0
984970,Digital Digest,102.26,Technology,30.7,Friday,Night,62.07,3.0,Positive,,0,55.0
985261,Digital Digest,31.68,Technology,63.41,Friday,Night,34.55,1.0,Positive,,0,62.0
986754,Digital Digest,60.06,Technology,93.32,Friday,Night,8.03,2.0,Neutral,,0,14.0
987630,Digital Digest,62.59,Technology,60.26,Friday,Night,22.32,2.0,Positive,,0,37.0
988419,Digital Digest,63.35316431818181,Technology,73.43,Friday,Night,43.8,1.0,Negative,,0,27.0
989149,Digital Digest,80.11,Technology,57.87,Friday,Night,82.17,0.0,Positive,,0,48.0
989739,Digital Digest,107.51,Technology,47.45,Friday,Night,45.21,0.0,Negative,,0,84.0
991218,Digital Digest,114.49,Technology,31.58,Friday,Night,0.0,3.0,Neutral,,0,81.0
991400,Digital Digest,98.36,Technology,74.06,Friday,Night,73.09,2.0,Neutral,,0,58.0
992228,Digital Digest,96.19,Technology,59.7,Friday,Night,62.71,1.0,Neutral,,0,89.0
992460,Digital Digest,54.78,Technology,69.29,Friday,Night,2.78,0.0,Neutral,,0,92.0
994081,Digital Digest,19.01,Technology,46.84,Friday,Night,56.63,3.0,Neutral,,0,85.0
995292,Digital Digest,107.17,Technology,37.7,Friday,Night,58.98,1.0,Neutral,,0,59.0
996008,Digital Digest,62.53,Technology,86.35,Friday,Night,80.83,1.0,Positive,,0,38.0
997145,Digital Digest,89.24,Technology,79.94,Friday,Night,54.81,0.0,Neutral,,0,72.0
