id,Podcast_Name,Episode_Length_minutes,Genre,Host_Popularity_percentage,Publication_Day,Publication_Time,Guest_Popularity_percentage,Number_of_Ads,Episode_Sentiment,Listening_Time_minutes,is_train,Episode_Number
69,Mind & Body,67.70424274822695,Health,33.46,Wednesday,Afternoon,46.23,3.0,Neutral,32.38012,1,3.0
580,Mind & Body,61.86,Health,52.49,Wednesday,Afternoon,18.23,1.0,Neutral,30.26965,1,71.0
3713,Mind & Body,110.69,Health,96.15,Wednesday,Afternoon,49.06,0.0,Positive,94.95986,1,33.0
5274,Mind & Body,117.12,Health,88.2,Wednesday,Afternoon,71.73,3.0,Positive,103.95819,1,63.0
6637,Mind & Body,109.02,Health,95.93,Wednesday,Afternoon,81.78,0.0,Positive,102.64526,1,45.0
9231,Mind & Body,112.81,Health,89.52,Wednesday,Afternoon,22.27,0.0,Positive,61.02864,1,58.0
9411,Mind & Body,13.08,Health,62.72,Wednesday,Afternoon,16.21,0.0,Negative,6.55548,1,63.0
10669,Mind & Body,31.87,Health,50.11,Wednesday,Afternoon,0.0,3.0,Neutral,17.95368,1,49.0
10753,Mind & Body,67.70424274822695,Health,93.41,Wednesday,Afternoon,88.58,3.0,Positive,22.03,1,68.0
14241,Mind & Body,108.29,Health,29.32,Wednesday,Afternoon,0.54,2.0,Negative,86.99103,1,51.0
15932,Mind & Body,99.04,Health,20.85,Wednesday,Afternoon,64.12,3.0,Neutral,54.41,1,79.0
16735,Mind & Body,42.21,Health,51.5,Wednesday,Afternoon,10.91,0.0,Neutral,30.31446,1,54.0
16761,Mind & Body,48.45,Health,58.44,Wednesday,Afternoon,56.38,3.0,Neutral,35.23282,1,18.0
16855,Mind & Body,89.21,Health,85.15,Wednesday,Afternoon,39.15,0.0,Positive,63.46896,1,81.0
17541,Mind & Body,94.16,Health,76.18,Wednesday,Afternoon,84.02,2.0,Positive,52.26531,1,78.0
18227,Mind & Body,59.15,Health,57.2,Wednesday,Afternoon,34.2,0.0,Neutral,48.04763,1,51.0
18592,Mind & Body,97.89,Health,97.35,Wednesday,Afternoon,0.0,2.0,Neutral,62.99733,1,33.0
21592,Mind & Body,13.18,Health,57.91,Wednesday,Afternoon,0.0,1.0,Positive,2.86512,1,62.0
25259,Mind & Body,34.78,Health,32.89,Wednesday,Afternoon,57.76,3.0,Negative,10.26277,1,54.0
25725,Mind & Body,103.74,Health,32.32,Wednesday,Afternoon,10.62,1.0,Neutral,81.49143,1,54.0
31647,Mind & Body,74.14,Health,71.38,Wednesday,Afternoon,47.74,0.0,Negative,64.39023,1,46.0
33170,Mind & Body,91.03,Health,22.95,Wednesday,Afternoon,83.95,3.0,Positive,57.92718,1,77.0
33523,Mind & Body,61.31,Health,77.31,Wednesday,Afternoon,91.58,0.0,Positive,42.4431,1,88.0
35005,Mind & Body,48.93,Health,32.39,Wednesday,Afternoon,3.64,3.0,Negative,27.66305,1,4.0
35133,Mind & Body,76.88,Health,58.38,Wednesday,Afternoon,29.38,3.0,Negative,64.76252,1,18.0
35172,Mind & Body,107.04,Health,89.1,Wednesday,Afternoon,0.0,1.0,Positive,85.40302,1,61.0
36411,Mind & Body,38.04,Health,77.25,Wednesday,Afternoon,69.39,1.0,Neutral,33.65743,1,66.0
38460,Mind & Body,24.27,Health,78.98,Wednesday,Afternoon,0.0,2.0,Neutral,21.42415,1,2.0
40814,Mind & Body,40.59,Health,56.68,Wednesday,Afternoon,4.91,3.0,Negative,34.70198,1,16.0
43622,Mind & Body,24.38,Health,64.54,Wednesday,Afternoon,54.7,2.0,Positive,8.37521,1,90.0
44608,Mind & Body,92.96,Health,91.73,Wednesday,Afternoon,91.77,3.0,Neutral,86.88663,1,71.0
46857,Mind & Body,85.12,Health,27.81,Wednesday,Afternoon,12.76,1.0,Negative,75.83852,1,79.0
47469,Mind & Body,118.08,Health,49.76,Wednesday,Afternoon,79.12,0.0,Negative,100.84,1,74.0
48176,Mind & Body,80.24,Health,49.98,Wednesday,Afternoon,0.0,1.0,Negative,51.0065,1,1.0
48212,Mind & Body,67.70424274822695,Health,21.79,Wednesday,Afternoon,48.56,1.0,Negative,41.72,1,56.0
50942,Mind & Body,59.51,Health,59.26,Wednesday,Afternoon,87.32,3.0,Positive,40.52135,1,17.0
53407,Mind & Body,63.13,Health,91.7,Wednesday,Afternoon,0.0,0.0,Neutral,59.61856,1,76.0
54739,Mind & Body,67.70424274822695,Health,47.66,Wednesday,Afternoon,1.11,2.0,Negative,63.79118,1,30.0
58296,Mind & Body,57.38,Health,89.28,Wednesday,Afternoon,48.7,3.0,Neutral,33.64554,1,55.0
59675,Mind & Body,85.64,Health,82.4,Wednesday,Afternoon,0.0,0.0,Positive,60.22646,1,6.0
60274,Mind & Body,25.03,Health,23.45,Wednesday,Afternoon,0.0,2.0,Positive,21.95908,1,64.0
63965,Mind & Body,12.01,Health,82.4,Wednesday,Afternoon,8.6,0.0,Positive,113.33176,1,84.0
68012,Mind & Body,75.03,Health,72.5,Wednesday,Afternoon,82.92,1.0,Positive,73.5284,1,92.0
68690,Mind & Body,117.79,Health,35.09,Wednesday,Afternoon,75.89,0.0,Neutral,65.08865,1,74.0
70517,Mind & Body,115.58,Health,74.0,Wednesday,Afternoon,87.03,0.0,Negative,62.31882,1,54.0
71060,Mind & Body,112.54,Health,35.08,Wednesday,Afternoon,36.72,1.0,Positive,66.90713,1,46.0
71304,Mind & Body,115.61,Health,46.68,Wednesday,Afternoon,0.0,0.0,Negative,60.6893,1,48.0
75287,Mind & Body,68.43,Health,50.77,Wednesday,Afternoon,66.95,0.0,Neutral,54.18388,1,39.0
78701,Mind & Body,92.07,Health,98.97,Wednesday,Afternoon,0.0,1.0,Positive,74.89078,1,42.0
78923,Mind & Body,111.83,Health,80.06,Wednesday,Afternoon,0.0,3.0,Negative,98.62124,1,54.0
79467,Mind & Body,65.23,Health,78.76,Wednesday,Afternoon,97.1,3.0,Positive,38.88055,1,97.0
79566,Mind & Body,43.13,Health,49.62,Wednesday,Afternoon,38.55,0.0,Positive,26.64189,1,47.0
79789,Mind & Body,18.6,Health,45.96,Wednesday,Afternoon,48.82,0.0,Negative,13.99642,1,97.0
80696,Mind & Body,105.19,Health,70.94,Wednesday,Afternoon,0.0,1.0,Negative,72.48186,1,74.0
81349,Mind & Body,71.18,Health,67.06,Wednesday,Afternoon,0.0,2.0,Neutral,33.17557,1,100.0
84833,Mind & Body,73.05,Health,69.69,Wednesday,Afternoon,68.49,1.0,Positive,43.51533,1,47.0
85137,Mind & Body,67.70424274822695,Health,86.93,Wednesday,Afternoon,0.0,0.0,Negative,38.02036,1,70.0
85379,Mind & Body,116.79,Health,91.48,Wednesday,Afternoon,30.12,1.0,Neutral,114.73,1,20.0
85583,Mind & Body,17.16,Health,45.79,Wednesday,Afternoon,90.33,3.0,Negative,8.62815,1,10.0
89054,Mind & Body,67.70424274822695,Health,66.06,Wednesday,Afternoon,0.0,0.0,Negative,32.9212,1,40.0
90884,Mind & Body,67.70424274822695,Health,56.98,Wednesday,Afternoon,0.0,2.0,Neutral,31.46697,1,3.0
93032,Mind & Body,18.6,Health,75.78,Wednesday,Afternoon,48.84,3.0,Negative,13.99642,1,97.0
93847,Mind & Body,104.06,Health,26.72,Wednesday,Afternoon,81.29,0.0,Positive,88.97332,1,27.0
99816,Mind & Body,99.05,Health,31.41,Wednesday,Afternoon,59.74,3.0,Positive,65.29741,1,7.0
99839,Mind & Body,31.0,Health,43.83,Wednesday,Afternoon,74.48,0.0,Negative,25.51207,1,79.0
99874,Mind & Body,65.65,Health,40.61,Wednesday,Afternoon,91.57,2.0,Positive,56.51431,1,43.0
105048,Mind & Body,23.52,Health,81.01,Wednesday,Afternoon,45.91,0.0,Positive,18.24592,1,83.0
107671,Mind & Body,91.51,Health,27.2,Wednesday,Afternoon,56.29,2.0,Positive,64.68226,1,55.0
109066,Mind & Body,67.70424274822695,Health,75.31,Wednesday,Afternoon,70.11,1.0,Neutral,59.47672,1,15.0
109720,Mind & Body,74.69,Health,59.6,Wednesday,Afternoon,89.12,3.0,Negative,44.31,1,72.0
110827,Mind & Body,64.71,Health,60.76,Wednesday,Afternoon,0.0,0.0,Neutral,39.41148,1,58.0
111314,Mind & Body,18.06,Health,70.29,Wednesday,Afternoon,75.09,1.0,Negative,6.85,1,97.0
112562,Mind & Body,96.02,Health,21.7,Wednesday,Afternoon,18.05,3.0,Neutral,58.30408,1,54.0
116122,Mind & Body,115.26,Health,95.31,Wednesday,Afternoon,75.47,2.0,Neutral,83.86608,1,83.0
117322,Mind & Body,27.59,Health,76.68,Wednesday,Afternoon,3.35,2.0,Positive,22.64955,1,98.0
122276,Mind & Body,115.76,Health,79.37,Wednesday,Afternoon,49.11,1.0,Neutral,64.61077,1,15.0
122343,Mind & Body,19.25,Health,57.63,Wednesday,Afternoon,2.19,2.0,Positive,12.62926,1,19.0
122669,Mind & Body,96.05,Health,62.54,Wednesday,Afternoon,62.67,2.0,Positive,48.82341,1,34.0
123347,Mind & Body,60.66,Health,90.47,Wednesday,Afternoon,88.03,0.0,Positive,47.84592,1,69.0
123604,Mind & Body,43.82,Health,49.62,Wednesday,Afternoon,22.52,1.0,Positive,26.64189,1,47.0
124290,Mind & Body,22.17,Health,83.46,Wednesday,Afternoon,0.0,3.0,Negative,8.76849,1,96.0
125339,Mind & Body,102.06,Health,46.65,Wednesday,Afternoon,37.47,0.0,Neutral,80.00217,1,28.0
126312,Mind & Body,67.70424274822695,Health,41.39,Wednesday,Afternoon,55.68,0.0,Negative,26.08503,1,77.0
126820,Mind & Body,81.68,Health,70.35,Wednesday,Afternoon,22.31,1.0,Neutral,55.06399,1,21.0
128308,Mind & Body,84.71,Health,57.34,Wednesday,Afternoon,95.32,1.0,Positive,62.93316,1,71.0
128407,Mind & Body,18.6,Health,45.98,Wednesday,Afternoon,48.93,3.0,Negative,13.99642,1,97.0
135876,Mind & Body,102.95,Health,52.77,Wednesday,Afternoon,74.35,0.0,Neutral,62.32503,1,26.0
140337,Mind & Body,29.81,Health,61.57,Wednesday,Afternoon,0.0,0.0,Neutral,25.61453,1,19.0
144026,Mind & Body,31.87,Health,94.99,Wednesday,Afternoon,76.0,0.0,Negative,23.18757,1,92.0
144295,Mind & Body,101.12,Health,51.93,Wednesday,Afternoon,53.72,0.0,Positive,75.19681,1,39.0
147229,Mind & Body,108.76,Health,43.11,Wednesday,Afternoon,27.44,0.0,Positive,90.65417,1,53.0
147640,Mind & Body,32.4,Health,54.76,Wednesday,Afternoon,66.71,2.0,Negative,8.26,1,68.0
147904,Mind & Body,93.5,Health,81.74,Wednesday,Afternoon,81.22,1.0,Negative,69.86874,1,21.0
149372,Mind & Body,16.11,Health,40.11,Wednesday,Afternoon,12.34,2.0,Neutral,4.73346,1,12.0
149497,Mind & Body,15.25,Health,56.6,Wednesday,Afternoon,3.33,0.0,Positive,7.86358,1,46.0
152948,Mind & Body,60.4,Health,37.71,Wednesday,Afternoon,0.0,3.0,Negative,51.85924,1,10.0
153581,Mind & Body,88.32,Health,86.31,Wednesday,Afternoon,92.09,1.0,Positive,51.025,1,4.0
154608,Mind & Body,67.70424274822695,Health,81.0,Wednesday,Afternoon,84.56,2.0,Neutral,69.63232,1,42.0
154942,Mind & Body,117.31,Health,50.07,Wednesday,Afternoon,0.0,3.0,Neutral,75.11427,1,11.0
156356,Mind & Body,119.44,Health,91.13,Wednesday,Afternoon,72.62,3.0,Negative,69.62421,1,3.0
157195,Mind & Body,102.24,Health,50.8,Wednesday,Afternoon,0.0,3.0,Neutral,78.29212,1,50.0
157866,Mind & Body,51.82,Health,47.2,Wednesday,Afternoon,45.24,0.0,Negative,28.86129,1,61.0
159041,Mind & Body,37.5,Health,27.85,Wednesday,Afternoon,14.2,0.0,Negative,36.3458,1,24.0
160841,Mind & Body,11.87,Health,60.72,Wednesday,Afternoon,0.0,0.0,Neutral,8.70601,1,62.0
162113,Mind & Body,67.70424274822695,Health,81.23,Wednesday,Afternoon,98.19,0.0,Positive,25.20125,1,11.0
163534,Mind & Body,104.98,Health,96.94,Wednesday,Afternoon,24.76,0.0,Negative,75.71357,1,79.0
166187,Mind & Body,33.47,Health,77.98,Wednesday,Afternoon,0.0,0.0,Neutral,12.74759,1,68.0
169513,Mind & Body,111.11,Health,50.23,Wednesday,Afternoon,48.23,0.0,Negative,70.29659,1,86.0
176106,Mind & Body,115.96,Health,21.52,Wednesday,Afternoon,15.42,0.0,Positive,94.73157,1,51.0
179036,Mind & Body,62.14,Health,60.6,Wednesday,Afternoon,38.24,1.0,Neutral,47.23847,1,25.0
181580,Mind & Body,67.70424274822695,Health,80.2,Wednesday,Afternoon,8.39,1.0,Neutral,53.98072,1,38.0
183141,Mind & Body,57.03,Health,47.97,Wednesday,Afternoon,89.11,2.0,Positive,28.21895,1,71.0
183292,Mind & Body,62.85,Health,53.96,Wednesday,Afternoon,54.98,0.0,Negative,31.23229,1,59.0
184057,Mind & Body,42.38,Health,64.58,Wednesday,Afternoon,58.63,0.0,Neutral,31.92184,1,64.0
184989,Mind & Body,84.95,Health,74.09,Wednesday,Afternoon,57.55,0.0,Neutral,38.90895,1,52.0
187190,Mind & Body,92.25,Health,78.0,Wednesday,Afternoon,81.85,3.0,Neutral,41.60816,1,31.0
188455,Mind & Body,60.66,Health,90.47,Wednesday,Afternoon,88.89,0.0,Positive,47.84592,1,69.0
188908,Mind & Body,114.0,Health,91.95,Wednesday,Afternoon,58.59,2.0,Positive,60.13,1,40.0
191153,Mind & Body,67.70424274822695,Health,63.11,Wednesday,Afternoon,81.37,0.0,Negative,33.76011,1,19.0
192667,Mind & Body,110.1,Health,68.86,Wednesday,Afternoon,26.68,0.0,Positive,89.81921,1,74.0
193716,Mind & Body,71.45,Health,71.65,Wednesday,Afternoon,80.94,3.0,Neutral,54.03595,1,62.0
194626,Mind & Body,115.62,Health,59.0,Wednesday,Afternoon,83.75,0.0,Neutral,99.60898,1,48.0
194661,Mind & Body,14.68,Health,56.68,Wednesday,Afternoon,52.18,2.0,Neutral,8.35772,1,79.0
197665,Mind & Body,40.75,Health,28.21,Wednesday,Afternoon,71.23,0.0,Positive,34.94,1,31.0
203691,Mind & Body,44.95,Health,81.1,Wednesday,Afternoon,0.0,1.0,Negative,36.95261,1,6.0
205191,Mind & Body,96.94,Health,70.52,Wednesday,Afternoon,27.64,3.0,Negative,58.23295,1,18.0
206388,Mind & Body,10.21,Health,69.73,Wednesday,Afternoon,31.01,1.0,Neutral,6.46975,1,99.0
206882,Mind & Body,40.74,Health,58.8,Wednesday,Afternoon,27.08,1.0,Positive,31.25,1,31.0
212811,Mind & Body,89.42,Health,30.93,Wednesday,Afternoon,67.85,0.0,Neutral,86.59285,1,67.0
213097,Mind & Body,21.91,Health,25.14,Wednesday,Afternoon,97.53,2.0,Positive,20.80826,1,68.0
214330,Mind & Body,93.27,Health,70.95,Wednesday,Afternoon,8.87,1.0,Neutral,66.86169,1,83.0
214679,Mind & Body,68.37,Health,80.86,Wednesday,Afternoon,42.41,3.0,Positive,36.08757,1,57.0
215888,Mind & Body,81.13,Health,81.33,Wednesday,Afternoon,18.41,0.0,Positive,57.02479,1,47.0
217908,Mind & Body,34.4,Health,78.58,Wednesday,Afternoon,38.89,3.0,Positive,16.43428,1,42.0
218665,Mind & Body,15.49,Health,21.74,Wednesday,Afternoon,58.73,0.0,Neutral,3.07637,1,80.0
218697,Mind & Body,67.70424274822695,Health,78.05,Wednesday,Afternoon,0.0,3.0,Negative,28.46271,1,61.0
221443,Mind & Body,55.41,Health,84.01,Wednesday,Afternoon,0.0,0.0,Positive,39.86134,1,58.0
223238,Mind & Body,38.83,Health,39.37,Wednesday,Afternoon,30.42,0.0,Positive,32.0576,1,24.0
225499,Mind & Body,67.70424274822695,Health,28.86,Wednesday,Afternoon,51.11,0.0,Negative,33.15636,1,44.0
225662,Mind & Body,63.0,Health,75.1,Wednesday,Afternoon,0.0,3.0,Negative,43.07967,1,67.0
231433,Mind & Body,117.75,Health,85.59,Wednesday,Afternoon,4.18,2.0,Negative,75.56238,1,83.0
232338,Mind & Body,60.69,Health,91.79,Wednesday,Afternoon,29.2,2.0,Positive,23.79533,1,81.0
232415,Mind & Body,29.51,Health,91.98,Wednesday,Afternoon,5.21,2.0,Neutral,12.62,1,68.0
234631,Mind & Body,114.09,Health,29.03,Wednesday,Afternoon,92.13,2.0,Negative,59.03093,1,2.0
235329,Mind & Body,67.70424274822695,Health,81.55,Wednesday,Afternoon,34.15,3.0,Negative,59.94212,1,18.0
236049,Mind & Body,29.75,Health,33.35,Wednesday,Afternoon,34.36,2.0,Negative,19.89014,1,46.0
241613,Mind & Body,22.31,Health,67.71,Wednesday,Afternoon,64.02,0.0,Negative,8.38,1,19.0
241679,Mind & Body,29.38443,Health,93.21,Wednesday,Afternoon,85.81,3.0,Positive,18.70158,1,86.0
242305,Mind & Body,49.55,Health,51.34,Wednesday,Afternoon,44.01,2.0,Positive,34.73433,1,36.0
242562,Mind & Body,100.02,Health,30.25,Wednesday,Afternoon,57.7,0.0,Negative,94.05979,1,22.0
242579,Mind & Body,86.26,Health,35.98,Wednesday,Afternoon,0.0,0.0,Negative,82.1406,1,51.0
245433,Mind & Body,23.68,Health,66.61,Wednesday,Afternoon,2.78,2.0,Negative,10.09,1,47.0
248092,Mind & Body,17.87,Health,32.02,Wednesday,Afternoon,0.0,3.0,Neutral,16.92379,1,51.0
253300,Mind & Body,45.66,Health,80.76,Wednesday,Afternoon,65.01,1.0,Positive,44.82336,1,88.0
257409,Mind & Body,74.31,Health,56.45,Wednesday,Afternoon,0.0,1.0,Neutral,56.44625,1,34.0
258415,Mind & Body,111.05,Health,41.39,Wednesday,Afternoon,76.09,2.0,Positive,76.5294,1,7.0
258766,Mind & Body,66.06,Health,31.92,Wednesday,Afternoon,0.0,2.0,Positive,46.33552,1,62.0
258797,Mind & Body,85.17,Health,30.8,Wednesday,Afternoon,0.0,2.0,Neutral,58.09079,1,46.0
260765,Mind & Body,93.11,Health,21.44,Wednesday,Afternoon,55.61,1.0,Positive,73.72219,1,74.0
263129,Mind & Body,66.2,Health,82.1,Wednesday,Afternoon,82.1,0.0,Positive,66.09966,1,48.0
264601,Mind & Body,76.65,Health,99.16,Wednesday,Afternoon,22.04,3.0,Negative,66.24369,1,56.0
265188,Mind & Body,14.98,Health,32.53,Wednesday,Afternoon,68.53,1.0,Neutral,2.66205,1,16.0
266001,Mind & Body,67.70424274822695,Health,30.26,Wednesday,Afternoon,52.55,3.0,Negative,62.92731,1,39.0
269847,Mind & Body,52.76,Health,41.67,Wednesday,Afternoon,19.76,2.0,Negative,25.00849,1,58.0
270450,Mind & Body,31.82,Health,70.32,Wednesday,Afternoon,48.4,1.0,Positive,22.68297,1,36.0
271650,Mind & Body,67.70424274822695,Health,54.08,Wednesday,Afternoon,52.78,2.0,Positive,9.05625,1,75.0
273058,Mind & Body,63.73,Health,90.32,Wednesday,Afternoon,85.4,3.0,Positive,53.99285,1,75.0
273427,Mind & Body,17.11,Health,63.26,Wednesday,Afternoon,0.0,2.0,Positive,8.76,1,39.0
273767,Mind & Body,33.04,Health,26.45,Wednesday,Afternoon,8.95,3.0,Positive,16.67,1,31.0
275349,Mind & Body,80.26,Health,98.98,Wednesday,Afternoon,75.48,2.0,Positive,64.86697,1,94.0
275506,Mind & Body,48.37,Health,69.2,Wednesday,Afternoon,58.55,3.0,Negative,35.30512,1,69.0
277463,Mind & Body,68.35,Health,56.95,Wednesday,Afternoon,93.41,0.0,Neutral,55.46423,1,87.0
279947,Mind & Body,119.72,Health,49.24,Wednesday,Afternoon,5.68,0.0,Positive,88.48459,1,31.0
282058,Mind & Body,81.13,Health,62.32,Wednesday,Afternoon,43.94,0.0,Positive,31.90587,1,89.0
282996,Mind & Body,67.2,Health,26.7,Wednesday,Afternoon,0.0,3.0,Neutral,48.81762,1,21.0
283208,Mind & Body,22.02,Health,73.13,Wednesday,Afternoon,78.54,1.0,Neutral,16.1608,1,31.0
283710,Mind & Body,13.08,Health,82.21,Wednesday,Afternoon,2.44,0.0,Negative,6.55548,1,47.0
287137,Mind & Body,92.38,Health,20.91,Wednesday,Afternoon,84.8,0.0,Neutral,63.95159,1,43.0
287364,Mind & Body,75.01,Health,89.44,Wednesday,Afternoon,52.36,3.0,Neutral,49.11738,1,20.0
287490,Mind & Body,106.55,Health,78.76,Wednesday,Afternoon,45.77,0.0,Positive,91.16656,1,68.0
287570,Mind & Body,36.02,Health,29.78,Wednesday,Afternoon,0.0,3.0,Positive,16.68028,1,28.0
292802,Mind & Body,49.63,Health,79.71,Wednesday,Afternoon,0.0,1.0,Negative,19.06056,1,82.0
294040,Mind & Body,28.73,Health,91.02,Wednesday,Afternoon,90.41,2.0,Positive,17.19952,1,51.0
298587,Mind & Body,76.05,Health,35.17,Wednesday,Afternoon,14.9,1.0,Positive,56.72832,1,21.0
301582,Mind & Body,116.89,Health,35.61,Wednesday,Afternoon,0.32,0.0,Neutral,106.01261,1,6.0
302743,Mind & Body,81.43,Health,87.07,Wednesday,Afternoon,98.61,3.0,Neutral,55.69271,1,33.0
302885,Mind & Body,67.70424274822695,Health,31.73,Wednesday,Afternoon,51.69,1.0,Negative,80.29,1,15.0
304140,Mind & Body,8.26,Health,95.59,Wednesday,Afternoon,0.0,2.0,Neutral,3.46234,1,10.0
304518,Mind & Body,100.91,Health,30.11,Wednesday,Afternoon,57.82,0.0,Negative,94.05979,1,30.0
305858,Mind & Body,105.14,Health,98.18,Wednesday,Afternoon,87.42,1.0,Positive,76.65393,1,71.0
306035,Mind & Body,87.63,Health,48.29,Wednesday,Afternoon,65.29,0.0,Neutral,75.19681,1,56.0
306396,Mind & Body,53.66,Health,43.41,Wednesday,Afternoon,0.0,3.0,Negative,22.72331,1,97.0
307789,Mind & Body,43.13,Health,49.62,Wednesday,Afternoon,37.38,1.0,Positive,26.64189,1,47.0
311609,Mind & Body,103.49,Health,64.49,Wednesday,Afternoon,17.19,0.0,Positive,92.98414,1,79.0
316667,Mind & Body,108.92,Health,37.99,Wednesday,Afternoon,26.68,0.0,Positive,89.81921,1,74.0
317735,Mind & Body,67.70424274822695,Health,67.22,Wednesday,Afternoon,24.31,3.0,Neutral,66.93549,1,21.0
318080,Mind & Body,84.64,Health,35.77,Wednesday,Afternoon,33.77,2.0,Neutral,60.68594,1,82.0
318649,Mind & Body,87.16,Health,95.35,Wednesday,Afternoon,0.0,0.0,Neutral,59.83474,1,1.0
319130,Mind & Body,79.07,Health,94.44,Wednesday,Afternoon,77.78,3.0,Negative,45.03137,1,16.0
320722,Mind & Body,30.04,Health,76.06,Wednesday,Afternoon,98.38,1.0,Negative,13.77,1,98.0
321590,Mind & Body,110.68,Health,79.44,Wednesday,Afternoon,88.97,2.0,Neutral,74.60509,1,35.0
324370,Mind & Body,35.94,Health,53.72,Wednesday,Afternoon,34.63,0.0,Negative,12.66527,1,54.0
328620,Mind & Body,90.15,Health,45.98,Wednesday,Afternoon,3.96,0.0,Positive,47.85031,1,65.0
329513,Mind & Body,32.03,Health,31.57,Wednesday,Afternoon,86.45,0.0,Negative,13.79,1,89.0
331085,Mind & Body,72.99,Health,62.35,Wednesday,Afternoon,21.12,0.0,Negative,64.60756,1,93.0
332767,Mind & Body,114.08,Health,50.35,Wednesday,Afternoon,84.06,0.0,Negative,64.02872,1,30.0
332808,Mind & Body,31.4,Health,68.66,Wednesday,Afternoon,12.18,3.0,Neutral,22.89539,1,19.0
332938,Mind & Body,73.6,Health,49.98,Wednesday,Afternoon,54.91,1.0,Negative,51.0065,1,20.0
333111,Mind & Body,34.35,Health,93.43,Wednesday,Afternoon,53.76,2.0,Positive,21.97833,1,2.0
335363,Mind & Body,67.70424274822695,Health,95.37,Wednesday,Afternoon,2.44,3.0,Neutral,105.66805,1,11.0
335779,Mind & Body,102.68,Health,56.43,Wednesday,Afternoon,72.41,1.0,Neutral,94.36,1,71.0
336609,Mind & Body,91.99,Health,61.17,Wednesday,Afternoon,98.13,0.0,Negative,51.06136,1,66.0
338896,Mind & Body,113.62,Health,61.1,Wednesday,Afternoon,50.34,3.0,Negative,85.19566,1,38.0
339318,Mind & Body,33.78,Health,78.39,Wednesday,Afternoon,61.66,3.0,Negative,13.71,1,63.0
340608,Mind & Body,52.94,Health,90.72,Wednesday,Afternoon,83.04,1.0,Neutral,30.99491,1,22.0
341622,Mind & Body,16.54,Health,54.51,Wednesday,Afternoon,32.73,0.0,Positive,3.07637,1,20.0
343063,Mind & Body,67.70424274822695,Health,26.09,Wednesday,Afternoon,70.12,3.0,Positive,6.52515,1,71.0
343390,Mind & Body,46.92,Health,80.04,Wednesday,Afternoon,86.19,0.0,Negative,42.08431,1,6.0
343409,Mind & Body,78.04,Health,73.14,Wednesday,Afternoon,34.26,1.0,Positive,63.17296,1,67.0
343576,Mind & Body,34.35,Health,24.16,Wednesday,Afternoon,67.33,1.0,Negative,16.21165,1,79.0
343712,Mind & Body,110.34,Health,30.25,Wednesday,Afternoon,49.0,0.0,Neutral,94.95986,1,33.0
344393,Mind & Body,14.69,Health,40.17,Wednesday,Afternoon,86.05,0.0,Positive,11.61943,1,77.0
347159,Mind & Body,50.98,Health,97.69,Wednesday,Afternoon,44.43,2.0,Neutral,38.10302,1,88.0
348874,Mind & Body,108.98,Health,66.65,Wednesday,Afternoon,66.42,3.0,Positive,58.04011,1,4.0
351765,Mind & Body,58.07,Health,50.3,Wednesday,Afternoon,84.03,1.0,Positive,49.18889,1,91.0
355692,Mind & Body,115.79,Health,99.8,Wednesday,Afternoon,32.6,3.0,Negative,94.55951,1,99.0
359169,Mind & Body,11.81,Health,86.75,Wednesday,Afternoon,19.68,0.0,Negative,0.0,1,42.0
367544,Mind & Body,64.57,Health,96.2,Wednesday,Afternoon,22.82,2.0,Positive,47.08881,1,52.0
368412,Mind & Body,37.71,Health,88.59,Wednesday,Afternoon,52.63,0.0,Positive,31.98326,1,97.0
370997,Mind & Body,74.97,Health,41.14,Wednesday,Afternoon,32.14,0.0,Neutral,55.17594,1,13.0
372813,Mind & Body,112.61,Health,31.87,Wednesday,Afternoon,87.8,3.0,Neutral,67.49001,1,45.0
375497,Mind & Body,103.02,Health,39.74,Wednesday,Afternoon,68.23,2.0,Neutral,49.54,1,43.0
379628,Mind & Body,33.78,Health,34.77,Wednesday,Afternoon,38.12,1.0,Neutral,27.56512,1,18.0
380540,Mind & Body,22.14,Health,50.07,Wednesday,Afternoon,0.0,3.0,Positive,6.2909,1,4.0
382685,Mind & Body,115.24,Health,41.23,Wednesday,Afternoon,9.35,1.0,Negative,61.33955,1,43.0
384694,Mind & Body,47.02,Health,77.53,Wednesday,Afternoon,52.76,3.0,Negative,20.91979,1,70.0
388287,Mind & Body,111.97,Health,82.1,Wednesday,Afternoon,86.62,0.0,Neutral,102.26322,1,89.0
388958,Mind & Body,41.5,Health,66.03,Wednesday,Afternoon,58.76,0.0,Neutral,23.72403,1,10.0
390671,Mind & Body,114.31,Health,20.19,Wednesday,Afternoon,4.49,3.0,Neutral,84.08765,1,84.0
392039,Mind & Body,67.70424274822695,Health,87.77,Wednesday,Afternoon,95.09,1.0,Neutral,70.77545,1,18.0
392847,Mind & Body,116.05,Health,63.58,Wednesday,Afternoon,73.39,1.0,Negative,67.73,1,73.0
393300,Mind & Body,75.38,Health,78.2,Wednesday,Afternoon,20.92,3.0,Positive,42.91791,1,54.0
396019,Mind & Body,67.70424274822695,Health,93.64,Wednesday,Afternoon,70.14,3.0,Positive,6.52515,1,71.0
399485,Mind & Body,111.4,Health,73.9,Wednesday,Afternoon,82.41,2.0,Neutral,82.85697,1,26.0
402008,Mind & Body,46.35,Health,29.29,Wednesday,Afternoon,82.84,3.0,Positive,33.01001,1,25.0
405999,Mind & Body,118.92,Health,49.91,Wednesday,Afternoon,78.19,1.0,Neutral,65.10252,1,52.0
406693,Mind & Body,92.33,Health,96.77,Wednesday,Afternoon,85.11,3.0,Neutral,46.32827,1,62.0
409092,Mind & Body,59.07,Health,50.06,Wednesday,Afternoon,0.0,2.0,Neutral,27.24431,1,65.0
410577,Mind & Body,36.9,Health,76.13,Wednesday,Afternoon,0.0,1.0,Negative,29.42616,1,53.0
410758,Mind & Body,67.70424274822695,Health,36.39,Wednesday,Afternoon,0.0,2.0,Negative,57.02446,1,76.0
413168,Mind & Body,67.70424274822695,Health,30.75,Wednesday,Afternoon,12.83,1.0,Positive,35.68523,1,42.0
414741,Mind & Body,102.64,Health,34.75,Wednesday,Afternoon,30.96,0.0,Neutral,58.88588,1,65.0
414949,Mind & Body,92.57,Health,60.76,Wednesday,Afternoon,0.0,0.0,Positive,73.68,1,62.0
415538,Mind & Body,67.70424274822695,Health,91.08,Wednesday,Afternoon,71.04,1.0,Negative,85.98602,1,61.0
415858,Mind & Body,67.70424274822695,Health,73.31,Wednesday,Afternoon,0.0,2.0,Neutral,12.03514,1,91.0
416490,Mind & Body,23.16,Health,92.43,Wednesday,Afternoon,47.39,3.0,Positive,13.46415,1,76.0
416547,Mind & Body,29.99,Health,82.79,Wednesday,Afternoon,0.0,2.0,Positive,29.17834,1,69.0
418602,Mind & Body,108.6,Health,47.55,Wednesday,Afternoon,64.93,2.0,Neutral,67.63,1,47.0
420708,Mind & Body,19.25,Health,35.58,Wednesday,Afternoon,2.19,2.0,Negative,12.62926,1,26.0
423536,Mind & Body,86.23,Health,49.25,Wednesday,Afternoon,0.0,0.0,Positive,81.87409,1,73.0
424303,Mind & Body,105.29,Health,26.97,Wednesday,Afternoon,81.08,0.0,Positive,88.97332,1,27.0
424392,Mind & Body,50.11,Health,41.99,Wednesday,Afternoon,75.95,2.0,Positive,36.4799,1,49.0
425615,Mind & Body,38.92,Health,82.19,Wednesday,Afternoon,19.54,0.0,Neutral,29.74092,1,18.0
426774,Mind & Body,23.74,Health,29.15,Wednesday,Afternoon,0.0,2.0,Negative,9.2179,1,49.0
429013,Mind & Body,106.09,Health,35.09,Wednesday,Afternoon,82.32,3.0,Positive,80.26643,1,93.0
429992,Mind & Body,29.72,Health,80.55,Wednesday,Afternoon,87.68,0.0,Neutral,21.55324,1,20.0
431260,Mind & Body,91.7,Health,59.82,Wednesday,Afternoon,0.0,1.0,Positive,66.02599,1,93.0
437228,Mind & Body,8.98,Health,72.34,Wednesday,Afternoon,0.0,2.0,Neutral,6.01598,1,56.0
438335,Mind & Body,117.26,Health,79.73,Wednesday,Afternoon,4.78,2.0,Negative,75.56238,1,23.0
438721,Mind & Body,18.88,Health,83.18,Wednesday,Afternoon,34.88,0.0,Negative,17.58049,1,47.0
441540,Mind & Body,66.39,Health,63.77,Wednesday,Afternoon,0.0,0.0,Negative,43.05836,1,52.0
442074,Mind & Body,31.75,Health,25.07,Wednesday,Afternoon,32.55,1.0,Negative,20.62414,1,91.0
444539,Mind & Body,62.42,Health,90.47,Wednesday,Afternoon,88.06,0.0,Positive,47.84592,1,69.0
445475,Mind & Body,113.22,Health,22.96,Wednesday,Afternoon,0.0,2.0,Neutral,53.19043,1,8.0
446441,Mind & Body,62.52,Health,91.51,Wednesday,Afternoon,88.81,3.0,Positive,36.94346,1,45.0
447503,Mind & Body,116.12,Health,98.58,Wednesday,Afternoon,52.66,3.0,Neutral,85.5575,1,78.0
448645,Mind & Body,31.33,Health,20.92,Wednesday,Afternoon,55.55,3.0,Negative,18.25,1,31.0
449853,Mind & Body,8.87,Health,71.4,Wednesday,Afternoon,8.31,2.0,Neutral,2.75396,1,94.0
449868,Mind & Body,9.47,Health,69.41,Wednesday,Afternoon,0.0,1.0,Neutral,7.24271,1,4.0
450424,Mind & Body,67.1,Health,93.0,Wednesday,Afternoon,55.51,3.0,Neutral,64.07498,1,7.0
455653,Mind & Body,67.70424274822695,Health,46.52,Wednesday,Afternoon,36.99,3.0,Negative,27.13554,1,30.0
455792,Mind & Body,94.52,Health,96.02,Wednesday,Afternoon,12.77,0.0,Negative,61.98871,1,1.0
457672,Mind & Body,98.82,Health,89.82,Wednesday,Afternoon,79.91,1.0,Positive,78.43315,1,65.0
458235,Mind & Body,62.02,Health,38.75,Wednesday,Afternoon,26.67,3.0,Neutral,61.30796,1,22.0
462283,Mind & Body,16.59,Health,29.91,Wednesday,Afternoon,96.74,0.0,Neutral,3.07637,1,24.0
465875,Mind & Body,18.06,Health,66.77,Wednesday,Afternoon,94.57,1.0,Positive,11.70773,1,35.0
468357,Mind & Body,67.70424274822695,Health,96.97,Wednesday,Afternoon,88.02,0.0,Positive,72.09823,1,82.0
470753,Mind & Body,76.84,Health,29.67,Wednesday,Afternoon,67.85,2.0,Negative,62.08622,1,38.0
471860,Mind & Body,104.87,Health,26.06,Wednesday,Afternoon,81.36,0.0,Positive,88.97332,1,27.0
471877,Mind & Body,63.79,Health,91.5,Wednesday,Afternoon,0.0,0.0,Negative,59.61856,1,76.0
475970,Mind & Body,88.61,Health,64.0,Wednesday,Afternoon,31.44,0.0,Negative,44.82195,1,88.0
476410,Mind & Body,117.48,Health,51.18,Wednesday,Afternoon,51.23,3.0,Positive,75.95,1,45.0
477248,Mind & Body,18.6,Health,45.31,Wednesday,Afternoon,48.94,3.0,Negative,13.99642,1,97.0
477334,Mind & Body,75.06,Health,86.79,Wednesday,Afternoon,0.0,3.0,Neutral,63.80128,1,34.0
477581,Mind & Body,110.74,Health,96.15,Wednesday,Afternoon,49.06,0.0,Negative,94.95986,1,33.0
478157,Mind & Body,99.94,Health,67.67,Wednesday,Afternoon,33.34,1.0,Neutral,71.94659,1,6.0
480868,Mind & Body,31.5,Health,53.3,Wednesday,Afternoon,78.61,0.0,Positive,25.51207,1,79.0
481894,Mind & Body,114.1,Health,98.64,Wednesday,Afternoon,17.28,3.0,Positive,103.95819,1,61.0
486519,Mind & Body,45.31,Health,81.99,Wednesday,Afternoon,92.09,0.0,Positive,35.68956,1,65.0
487088,Mind & Body,22.87,Health,81.22,Wednesday,Afternoon,97.66,0.0,Neutral,21.15348,1,94.0
487914,Mind & Body,37.68,Health,87.54,Wednesday,Afternoon,31.1,0.0,Negative,12.81149,1,88.0
490361,Mind & Body,88.32,Health,38.38,Wednesday,Afternoon,37.82,0.0,Neutral,43.99061,1,43.0
490794,Mind & Body,115.82,Health,74.8,Wednesday,Afternoon,87.2,0.0,Negative,62.31882,1,33.0
491079,Mind & Body,10.67,Health,70.02,Wednesday,Afternoon,51.31,2.0,Neutral,6.69,1,55.0
492628,Mind & Body,31.31,Health,72.92,Wednesday,Afternoon,1.39,0.0,Neutral,30.59831,1,86.0
493417,Mind & Body,72.4,Health,73.69,Wednesday,Afternoon,90.47,0.0,Negative,63.29195,1,33.0
493708,Mind & Body,47.02,Health,89.8,Wednesday,Afternoon,26.29,1.0,Positive,35.25505,1,70.0
494397,Mind & Body,23.32,Health,39.52,Wednesday,Afternoon,0.0,1.0,Neutral,21.33048,1,71.0
494632,Mind & Body,92.15,Health,69.0,Wednesday,Afternoon,81.64,3.0,Neutral,41.60816,1,94.0
495055,Mind & Body,28.73,Health,41.07,Wednesday,Afternoon,45.81,3.0,Negative,10.61301,1,72.0
498410,Mind & Body,67.70424274822695,Health,87.07,Wednesday,Afternoon,88.83,0.0,Neutral,32.31656,1,47.0
498779,Mind & Body,77.41,Health,68.99,Wednesday,Afternoon,56.68,1.0,Neutral,63.78669,1,49.0
501485,Mind & Body,74.95,Health,62.08,Wednesday,Afternoon,6.76,3.0,Positive,54.84713,1,39.0
502183,Mind & Body,67.70424274822695,Health,98.18,Wednesday,Afternoon,0.0,0.0,Positive,48.14671,1,69.0
502349,Mind & Body,62.68,Health,31.97,Wednesday,Afternoon,64.26,1.0,Neutral,55.44236,1,1.0
502445,Mind & Body,18.55,Health,62.53,Wednesday,Afternoon,73.82,0.0,Neutral,9.91916,1,59.0
504236,Mind & Body,114.06,Health,35.87,Wednesday,Afternoon,90.72,2.0,Negative,107.20803,1,90.0
504352,Mind & Body,67.70424274822695,Health,47.56,Wednesday,Afternoon,67.19,0.0,Negative,51.72392,1,6.0
505485,Mind & Body,64.4,Health,35.32,Wednesday,Afternoon,65.13,2.0,Neutral,52.88467,1,65.0
506036,Mind & Body,77.91,Health,30.44,Wednesday,Afternoon,29.77,3.0,Negative,34.1947,1,89.0
508935,Mind & Body,109.08,Health,38.54,Wednesday,Afternoon,0.0,2.0,Positive,73.71125,1,82.0
509976,Mind & Body,51.34,Health,31.57,Wednesday,Afternoon,17.25,3.0,Positive,23.97263,1,35.0
510366,Mind & Body,31.0,Health,93.0,Wednesday,Afternoon,78.26,0.0,Positive,25.51207,1,79.0
512196,Mind & Body,19.74,Health,46.94,Wednesday,Afternoon,78.98,0.0,Positive,10.13,1,48.0
512262,Mind & Body,42.56,Health,76.65,Wednesday,Afternoon,0.0,3.0,Positive,31.95445,1,67.0
514509,Mind & Body,67.52,Health,33.12,Wednesday,Afternoon,52.02,0.0,Negative,44.36345,1,37.0
515507,Mind & Body,67.70424274822695,Health,89.83,Wednesday,Afternoon,9.99,1.0,Negative,52.62416,1,14.0
517095,Mind & Body,38.2,Health,59.84,Wednesday,Afternoon,0.0,0.0,Neutral,23.01014,1,48.0
517612,Mind & Body,43.13,Health,49.72,Wednesday,Afternoon,37.38,1.0,Positive,26.64189,1,47.0
521719,Mind & Body,16.35,Health,54.77,Wednesday,Afternoon,0.0,1.0,Negative,13.91035,1,13.0
522189,Mind & Body,20.76,Health,22.51,Wednesday,Afternoon,17.35,2.0,Negative,9.64,1,78.0
522650,Mind & Body,38.77,Health,44.4,Wednesday,Afternoon,31.81,3.0,Positive,24.82214,1,63.0
523586,Mind & Body,80.9,Health,35.74,Wednesday,Afternoon,90.08,0.0,Neutral,56.25489,1,30.0
524623,Mind & Body,58.63,Education,56.23,Wednesday,Afternoon,9.8,2.0,Positive,52.45907,1,5.0
527543,Mind & Body,44.27,Health,50.74,Wednesday,Afternoon,0.0,3.0,Negative,25.85,1,27.0
528948,Mind & Body,110.34,Health,65.5,Wednesday,Afternoon,49.82,0.0,Neutral,94.95986,1,33.0
530939,Mind & Body,22.55,Health,85.29,Wednesday,Afternoon,31.67,1.0,Positive,9.93565,1,64.0
531149,Mind & Body,63.32,Health,37.16,Wednesday,Afternoon,63.78,1.0,Negative,52.3633,1,57.0
531683,Mind & Body,67.70424274822695,Health,59.91,Wednesday,Afternoon,39.29,0.0,Positive,40.21826,1,60.0
537487,Mind & Body,67.70424274822695,Health,42.39,Wednesday,Afternoon,24.19,2.0,Neutral,20.35502,1,1.0
538396,Mind & Body,110.12,Health,23.66,Wednesday,Afternoon,5.62,3.0,Negative,72.92905,1,35.0
538787,Mind & Body,11.65,Health,42.18,Wednesday,Afternoon,76.78,1.0,Neutral,2.62505,1,71.0
542892,Mind & Body,88.25,Health,44.67,Wednesday,Afternoon,79.79,2.0,Neutral,51.82905,1,88.0
543800,Mind & Body,110.54,Health,96.08,Wednesday,Afternoon,49.85,0.0,Neutral,94.95986,1,33.0
545924,Mind & Body,37.71,Health,27.94,Wednesday,Afternoon,14.2,0.0,Negative,36.3458,1,24.0
550618,Mind & Body,76.94,Health,92.13,Wednesday,Afternoon,87.65,0.0,Neutral,63.40826,1,78.0
554133,Mind & Body,67.70424274822695,Health,58.98,Wednesday,Afternoon,81.59,3.0,Negative,21.96199,1,20.0
557368,Mind & Body,52.35,Health,74.99,Wednesday,Afternoon,53.43,1.0,Positive,30.64189,1,33.0
558074,Mind & Body,37.18,Health,84.11,Wednesday,Afternoon,55.26,0.0,Neutral,36.19081,1,83.0
561273,Mind & Body,67.70424274822695,Health,96.72,Wednesday,Afternoon,0.0,0.0,Positive,96.99494,1,20.0
561621,Mind & Body,85.93,Health,43.14,Wednesday,Afternoon,46.53,3.0,Negative,75.78329,1,80.0
563638,Mind & Body,117.92,Health,65.31,Wednesday,Afternoon,94.21,0.0,Neutral,105.62573,1,15.0
565596,Mind & Body,79.79,Health,40.74,Wednesday,Afternoon,14.62,1.0,Positive,39.28567,1,75.0
566490,Mind & Body,43.82,Health,49.62,Wednesday,Afternoon,38.13,0.0,Positive,26.64189,1,47.0
570224,Mind & Body,57.84,Health,77.36,Wednesday,Afternoon,4.81,0.0,Negative,56.17758,1,29.0
570376,Mind & Body,64.96,Health,29.79,Wednesday,Afternoon,29.37,3.0,Neutral,40.77,1,38.0
574424,Mind & Body,115.45,Health,80.76,Wednesday,Afternoon,35.04,2.0,Negative,67.03542,1,77.0
574440,Mind & Body,33.91,Health,71.3,Wednesday,Afternoon,38.65,0.0,Negative,14.87549,1,9.0
575792,Mind & Body,85.12,Health,57.72,Wednesday,Afternoon,64.45,2.0,Positive,64.63513,1,23.0
576320,Mind & Body,67.70424274822695,Health,52.34,Wednesday,Afternoon,27.36,1.0,Negative,46.03402,1,32.0
578872,Mind & Body,18.68,Health,61.66,Wednesday,Afternoon,60.68,1.0,Negative,10.55,1,13.0
579025,Mind & Body,107.92,Health,39.23,Wednesday,Afternoon,40.23,2.0,Neutral,67.21776,1,60.0
579618,Mind & Body,48.81,Health,65.15,Wednesday,Afternoon,54.98,1.0,Negative,31.23229,1,59.0
583234,Mind & Body,14.53,Health,40.17,Wednesday,Afternoon,86.35,2.0,Positive,11.61943,1,77.0
584956,Mind & Body,70.42,Health,95.47,Wednesday,Afternoon,65.05,0.0,Negative,51.17189,1,67.0
585086,Mind & Body,67.70424274822695,Health,75.86,Wednesday,Afternoon,50.51,2.0,Positive,15.63221,1,57.0
587501,Mind & Body,53.6,Health,54.14,Wednesday,Afternoon,99.09,1.0,Negative,24.30173,1,6.0
591402,Mind & Body,78.42,Health,56.91,Wednesday,Afternoon,63.26,1.0,Neutral,67.42521,1,67.0
591652,Mind & Body,67.70424274822695,Health,37.62,Wednesday,Afternoon,48.62,3.0,Neutral,32.38012,1,3.0
595050,Mind & Body,102.06,Health,80.47,Wednesday,Afternoon,13.25,2.0,Negative,83.9245,1,50.0
595318,Mind & Body,111.51,Health,47.33,Wednesday,Afternoon,26.53,1.0,Neutral,63.78669,1,58.0
595436,Mind & Body,111.63,Health,84.12,Wednesday,Afternoon,12.6,2.0,Positive,91.62127,1,91.0
598717,Mind & Body,94.07,Health,73.34,Wednesday,Afternoon,58.89,1.0,Neutral,69.06544,1,91.0
599782,Mind & Body,84.49,Health,75.04,Wednesday,Afternoon,0.0,0.0,Negative,61.33405,1,77.0
600344,Mind & Body,29.81,Health,72.41,Wednesday,Afternoon,34.19,0.0,Neutral,20.99502,1,27.0
601501,Mind & Body,75.98,Health,59.09,Wednesday,Afternoon,98.74,0.0,Neutral,49.00865,1,47.0
602304,Mind & Body,98.26,Health,38.19,Wednesday,Afternoon,0.0,2.0,Neutral,80.23914,1,52.0
603529,Mind & Body,62.61,Health,55.33,Wednesday,Afternoon,5.44,2.0,Negative,57.6536,1,24.0
604018,Mind & Body,118.92,Health,35.73,Wednesday,Afternoon,74.91,1.0,Neutral,65.10252,1,52.0
605133,Mind & Body,78.38,Health,56.5,Wednesday,Afternoon,2.93,1.0,Neutral,67.35,1,48.0
607735,Mind & Body,115.33,Health,74.3,Wednesday,Afternoon,87.2,0.0,Negative,62.31882,1,44.0
608614,Mind & Body,44.99,Health,81.01,Wednesday,Afternoon,52.56,1.0,Positive,38.72,1,77.0
610027,Mind & Body,108.51,Health,49.24,Wednesday,Afternoon,5.68,0.0,Positive,88.48459,1,31.0
610544,Mind & Body,59.54,Health,87.97,Wednesday,Afternoon,66.29,0.0,Negative,49.16335,1,7.0
610847,Mind & Body,17.24,Health,40.17,Wednesday,Afternoon,74.35,2.0,Positive,11.61943,1,77.0
611823,Mind & Body,117.52,Health,29.93,Wednesday,Afternoon,23.97,2.0,Positive,83.82299,1,65.0
613288,Mind & Body,33.13,Health,34.77,Wednesday,Afternoon,38.45,1.0,Neutral,27.56512,1,18.0
614863,Mind & Body,20.0,Health,21.97,Wednesday,Afternoon,69.39,2.0,Positive,15.55578,1,55.0
614905,Mind & Body,67.70424274822695,Health,59.01,Wednesday,Afternoon,88.46,3.0,Neutral,20.42046,1,88.0
615100,Mind & Body,57.65,Health,86.44,Wednesday,Afternoon,0.0,2.0,Neutral,33.0365,1,3.0
617550,Mind & Body,118.92,Health,96.14,Wednesday,Afternoon,78.19,1.0,Neutral,65.10252,1,52.0
619084,Mind & Body,104.85,Health,26.82,Wednesday,Afternoon,71.08,0.0,Positive,88.97332,1,27.0
625563,Mind & Body,119.98,Health,32.15,Wednesday,Afternoon,0.0,0.0,Neutral,79.92343,1,62.0
626230,Mind & Body,21.57,Health,60.32,Wednesday,Afternoon,43.05,1.0,Neutral,8.99599,1,76.0
626607,Mind & Body,76.32,Health,96.34,Wednesday,Afternoon,50.83,2.0,Negative,43.95355,1,1.0
627448,Mind & Body,34.45,Health,23.55,Wednesday,Afternoon,98.11,2.0,Negative,20.07022,1,2.0
628524,Mind & Body,97.62,Health,80.16,Wednesday,Afternoon,95.29,1.0,Negative,63.62827,1,55.0
628639,Mind & Body,67.70424274822695,Health,58.69,Wednesday,Afternoon,88.57,2.0,Negative,56.53247,1,83.0
629167,Mind & Body,74.05,Health,62.92,Wednesday,Afternoon,0.0,3.0,Positive,46.09455,1,46.0
630690,Mind & Body,17.52,Health,40.17,Wednesday,Afternoon,74.35,2.0,Positive,11.61943,1,77.0
632512,Mind & Body,32.62,Health,68.11,Wednesday,Afternoon,4.18,2.0,Neutral,24.28827,1,87.0
634617,Mind & Body,94.73,Health,59.04,Wednesday,Afternoon,83.62,2.0,Neutral,53.38767,1,92.0
635297,Mind & Body,31.28,Health,58.12,Wednesday,Afternoon,81.17,0.0,Positive,6.55,1,43.0
636828,Mind & Body,108.54,Health,24.39,Wednesday,Afternoon,52.99,0.0,Negative,70.25,1,69.0
640302,Mind & Body,94.88,Health,92.12,Wednesday,Afternoon,72.47,0.0,Positive,77.07826,1,60.0
641152,Mind & Body,117.06,Health,85.0,Wednesday,Afternoon,4.58,2.0,Negative,75.56238,1,17.0
644100,Mind & Body,23.71,Health,26.23,Wednesday,Afternoon,70.61,2.0,Positive,12.77348,1,71.0
644904,Mind & Body,112.55,Health,68.63,Wednesday,Afternoon,84.84,1.0,Neutral,67.15086,1,48.0
645993,Mind & Body,108.26,Health,32.41,Wednesday,Afternoon,26.44,0.0,Positive,65.90145,1,47.0
646291,Mind & Body,67.70424274822695,Health,96.35,Wednesday,Afternoon,54.68,1.0,Neutral,64.32783,1,18.0
648012,Mind & Body,101.87,Health,67.08,Wednesday,Afternoon,65.17,2.0,Negative,84.85034,1,28.0
648323,Mind & Body,7.99,Health,22.36,Wednesday,Afternoon,38.99,3.0,Negative,1.8269,1,29.0
649084,Mind & Body,43.45,Health,40.48,Wednesday,Afternoon,83.58,3.0,Negative,24.47967,1,24.0
649174,Mind & Body,88.19,Health,77.86,Wednesday,Afternoon,92.86,3.0,Negative,57.8051,1,12.0
657367,Mind & Body,18.73,Health,67.14,Wednesday,Afternoon,93.59,3.0,Negative,7.39,1,72.0
659033,Mind & Body,104.34,Health,83.74,Wednesday,Afternoon,83.57,1.0,Neutral,86.19747,1,46.0
662573,Mind & Body,76.86,Health,61.2,Wednesday,Afternoon,23.47,0.0,Negative,50.27592,1,98.0
662679,Mind & Body,40.69,Health,25.34,Wednesday,Afternoon,28.44,3.0,Positive,30.93074,1,61.0
663710,Mind & Body,88.07,Health,57.99,Wednesday,Afternoon,0.0,0.0,Neutral,69.78739,1,31.0
664755,Mind & Body,93.84,Health,87.83,Wednesday,Afternoon,58.06,3.0,Negative,88.77715,1,63.0
666636,Mind & Body,36.39,Health,50.0,Wednesday,Afternoon,8.68,0.0,Neutral,28.26606,1,45.0
668389,Mind & Body,107.27,Health,98.94,Wednesday,Afternoon,23.65,1.0,Neutral,101.70626,1,68.0
670682,Mind & Body,62.2,Health,40.54,Wednesday,Afternoon,41.4,0.0,Negative,50.44102,1,53.0
670891,Mind & Body,71.87,Health,33.87,Wednesday,Afternoon,25.36,1.0,Neutral,34.93503,1,49.0
675203,Mind & Body,67.70424274822695,Health,60.78,Wednesday,Afternoon,63.44,0.0,Negative,70.50896,1,99.0
676059,Mind & Body,64.22,Health,55.75,Wednesday,Afternoon,62.08,0.0,Neutral,39.86134,1,66.0
677395,Mind & Body,10.48,Health,28.48,Wednesday,Afternoon,23.47,1.0,Negative,0.0,1,59.0
677588,Mind & Body,106.91,Health,26.87,Wednesday,Afternoon,81.82,1.0,Positive,88.97332,1,71.0
677877,Mind & Body,62.85,Health,53.96,Wednesday,Afternoon,54.98,1.0,Negative,31.23229,1,59.0
680150,Mind & Body,42.08,Health,74.87,Wednesday,Afternoon,18.87,1.0,Neutral,30.92109,1,17.0
680154,Mind & Body,111.34,Health,27.73,Wednesday,Afternoon,74.29,1.0,Negative,105.4986,1,86.0
681926,Mind & Body,16.44,Health,54.81,Wednesday,Afternoon,25.09,0.0,Neutral,3.07637,1,23.0
682225,Mind & Body,17.7,Health,58.71,Wednesday,Afternoon,16.29,3.0,Negative,12.36345,1,90.0
682296,Mind & Body,102.22,Health,84.36,Wednesday,Afternoon,93.63,1.0,Negative,77.21359,1,87.0
688105,Mind & Body,100.13,Health,82.96,Wednesday,Afternoon,97.37,1.0,Negative,49.42587,1,12.0
690351,Mind & Body,28.99,Health,82.54,Wednesday,Afternoon,73.64,3.0,Negative,14.70106,1,49.0
690783,Mind & Body,32.76,Health,66.87,Wednesday,Afternoon,0.0,0.0,Neutral,25.95513,1,75.0
691335,Mind & Body,97.57,Health,45.39,Wednesday,Afternoon,0.0,0.0,Neutral,61.7,1,34.0
693832,Mind & Body,92.96,Health,86.27,Wednesday,Afternoon,35.17,1.0,Neutral,60.57927,1,68.0
696667,Mind & Body,67.70424274822695,Health,72.13,Wednesday,Afternoon,97.36,1.0,Negative,8.19,1,67.0
698707,Mind & Body,71.8,Health,61.13,Wednesday,Afternoon,13.95,2.0,Negative,41.06367,1,31.0
700318,Mind & Body,21.32,Health,69.79,Wednesday,Afternoon,12.42,0.0,Positive,9.11819,1,95.0
700446,Mind & Body,107.46,Health,63.52,Wednesday,Afternoon,49.92,2.0,Negative,77.49018,1,48.0
703422,Mind & Body,75.05,Health,81.09,Wednesday,Afternoon,70.05,2.0,Negative,48.11668,1,90.0
705288,Mind & Body,97.51,Health,66.38,Wednesday,Afternoon,75.06,1.0,Negative,81.83087,1,51.0
708566,Mind & Body,32.84,Health,58.24,Wednesday,Afternoon,27.57,1.0,Negative,24.39529,1,15.0
709271,Mind & Body,117.06,Health,85.79,Wednesday,Afternoon,0.0,0.0,Negative,105.43002,1,91.0
710665,Mind & Body,51.02,Health,26.52,Wednesday,Afternoon,27.47,2.0,Neutral,34.7554,1,23.0
714900,Mind & Body,37.6,Health,90.33,Wednesday,Afternoon,79.4,3.0,Positive,35.55093,1,63.0
714983,Mind & Body,34.51,Health,29.92,Wednesday,Afternoon,32.6,2.0,Negative,14.97,1,98.0
716650,Mind & Body,29.91,Health,26.65,Wednesday,Afternoon,82.84,2.0,Positive,21.87265,1,13.0
716688,Mind & Body,83.32,Health,36.51,Wednesday,Afternoon,57.03,1.0,Positive,56.04133,1,58.0
717900,Mind & Body,103.39,Health,95.75,Wednesday,Afternoon,97.57,1.0,Positive,65.76433,1,43.0
718803,Mind & Body,111.79,Health,34.4,Wednesday,Afternoon,54.98,0.0,Positive,99.13,1,18.0
719272,Mind & Body,45.17,Health,49.97,Wednesday,Afternoon,38.38,1.0,Positive,26.64189,1,47.0
720629,Mind & Body,119.6,Health,82.57,Wednesday,Afternoon,39.35,1.0,Positive,117.94959,1,57.0
724793,Mind & Body,105.98,Health,67.76,Wednesday,Afternoon,0.0,3.0,Negative,63.7,1,13.0
726262,Mind & Body,57.53,Health,49.25,Wednesday,Afternoon,3.59,1.0,Positive,32.40126,1,62.0
726862,Mind & Body,111.73,Health,36.6,Wednesday,Afternoon,24.0,2.0,Neutral,101.36089,1,54.0
727927,Mind & Body,67.70424274822695,Health,48.29,Wednesday,Afternoon,99.72,0.0,Neutral,25.03493,1,48.0
727987,Mind & Body,27.92,Health,50.28,Wednesday,Afternoon,41.4,2.0,Neutral,9.26932,1,7.0
728701,Mind & Body,116.98,Health,20.48,Wednesday,Afternoon,63.62,1.0,Positive,75.17809,1,69.0
730232,Mind & Body,60.49,Health,41.72,Wednesday,Afternoon,49.98,0.0,Negative,39.91278,1,49.0
735086,Mind & Body,48.55,Health,46.69,Wednesday,Afternoon,65.8,0.0,Neutral,36.88618,1,91.0
735745,Mind & Body,67.70424274822695,Health,89.05,Wednesday,Afternoon,0.0,0.0,Positive,34.40129,1,29.0
737700,Mind & Body,14.69,Health,40.17,Wednesday,Afternoon,74.35,2.0,Positive,11.61943,1,77.0
739306,Mind & Body,33.51,Health,49.74,Wednesday,Afternoon,73.82,2.0,Positive,23.46138,1,78.0
741216,Mind & Body,109.96,Health,91.17,Wednesday,Afternoon,7.9,0.0,Neutral,109.95461,1,32.0
741671,Mind & Body,33.02,Health,56.06,Wednesday,Afternoon,63.06,2.0,Positive,10.2,1,63.0
742676,Mind & Body,25.79,Health,47.55,Wednesday,Afternoon,62.97,0.0,Neutral,24.59513,1,82.0
744085,Mind & Body,57.65,Health,91.77,Wednesday,Afternoon,63.45,3.0,Negative,50.51545,1,88.0
744375,Mind & Body,110.41,Health,47.68,Wednesday,Afternoon,57.94,0.0,Negative,84.06094,1,83.0
749116,Mind & Body,60.83,Health,90.47,Wednesday,Afternoon,88.06,2.0,Positive,47.84592,1,69.0
750245,Mind & Body,61.67,Health,96.17,Wednesday,Afternoon,54.21,1.0,Positive,,0,46.0
751108,Mind & Body,74.72,Health,56.35,Wednesday,Afternoon,35.67,0.0,Positive,,0,82.0
753053,Mind & Body,12.98,Health,36.79,Wednesday,Afternoon,0.0,2.0,Neutral,,0,84.0
753571,Mind & Body,67.70424274822695,Health,75.91,Wednesday,Afternoon,73.42,3.0,Negative,,0,61.0
754756,Mind & Body,49.61,Health,78.57,Wednesday,Afternoon,0.0,2.0,Positive,,0,52.0
757337,Mind & Body,114.7,Health,87.54,Wednesday,Afternoon,28.43,1.0,Positive,,0,27.0
757418,Mind & Body,9.33,Health,55.29,Wednesday,Afternoon,66.61,0.0,Neutral,,0,92.0
758694,Mind & Body,81.32,Health,62.97,Wednesday,Afternoon,62.35,2.0,Neutral,,0,54.0
759695,Mind & Body,32.06,Health,27.09,Wednesday,Afternoon,0.0,2.0,Neutral,,0,26.0
768392,Mind & Body,67.70424274822695,Health,66.22,Wednesday,Afternoon,67.98,0.0,Negative,,0,44.0
768537,Mind & Body,43.13,Health,49.72,Wednesday,Afternoon,38.38,1.0,Positive,,0,47.0
768557,Mind & Body,99.81,Health,79.96,Wednesday,Afternoon,82.2,0.0,Neutral,,0,12.0
772531,Mind & Body,90.86,Health,92.21,Wednesday,Afternoon,0.0,1.0,Neutral,,0,31.0
774122,Mind & Body,6.9,Health,21.15,Wednesday,Afternoon,93.93,3.0,Neutral,,0,69.0
775468,Mind & Body,38.01,Health,57.7,Wednesday,Afternoon,56.79,0.0,Negative,,0,35.0
780046,Mind & Body,31.68,Health,43.65,Wednesday,Afternoon,34.45,2.0,Neutral,,0,48.0
781026,Mind & Body,110.43,Health,93.31,Wednesday,Afternoon,84.0,3.0,Neutral,,0,43.0
782382,Mind & Body,110.22,Health,21.96,Wednesday,Afternoon,24.04,0.0,Positive,,0,89.0
784315,Mind & Body,109.63,Health,23.56,Wednesday,Afternoon,49.06,3.0,Positive,,0,56.0
789300,Mind & Body,108.83,Health,61.12,Wednesday,Afternoon,96.35,2.0,Neutral,,0,69.0
791100,Mind & Body,105.58,Health,72.13,Wednesday,Afternoon,13.17,3.0,Positive,,0,87.0
795996,Mind & Body,83.74,Health,45.81,Wednesday,Afternoon,72.11,1.0,Negative,,0,51.0
797050,Mind & Body,108.68,Health,28.04,Wednesday,Afternoon,92.96,2.0,Negative,,0,38.0
799891,Mind & Body,19.44,Health,71.77,Wednesday,Afternoon,80.18,1.0,Negative,,0,95.0
800634,Mind & Body,98.82,Health,89.44,Wednesday,Afternoon,79.82,1.0,Positive,,0,65.0
800796,Mind & Body,104.45,Health,99.72,Wednesday,Afternoon,0.0,1.0,Neutral,,0,35.0
802395,Mind & Body,91.44,Health,94.69,Wednesday,Afternoon,22.07,1.0,Neutral,,0,61.0
803369,Mind & Body,67.70424274822695,Health,42.75,Wednesday,Afternoon,4.72,1.0,Negative,,0,42.0
803563,Mind & Body,111.12,Health,36.97,Wednesday,Afternoon,39.48,1.0,Negative,,0,33.0
806297,Mind & Body,11.84,Health,73.98,Wednesday,Afternoon,53.32,1.0,Neutral,,0,60.0
806369,Mind & Body,109.03,Health,95.46,Wednesday,Afternoon,75.22,0.0,Negative,,0,28.0
807833,Mind & Body,67.70424274822695,Health,32.09,Wednesday,Afternoon,0.0,2.0,Neutral,,0,59.0
810615,Mind & Body,90.08,Health,83.44,Wednesday,Afternoon,64.01,1.0,Negative,,0,15.0
812468,Mind & Body,102.97,Health,30.34,Wednesday,Afternoon,0.0,3.0,Positive,,0,53.0
814669,Mind & Body,73.04,Health,41.28,Wednesday,Afternoon,37.11,1.0,Positive,,0,47.0
815607,Mind & Body,51.44,Health,80.16,Wednesday,Afternoon,0.0,0.0,Neutral,,0,13.0
817012,Mind & Body,41.99,Health,41.74,Wednesday,Afternoon,62.51,1.0,Neutral,,0,66.0
817048,Mind & Body,47.27,Health,47.15,Wednesday,Afternoon,96.27,1.0,Positive,,0,51.0
820291,Mind & Body,38.96,Health,97.98,Wednesday,Afternoon,29.61,2.0,Positive,,0,93.0
821915,Mind & Body,31.49,Health,31.47,Wednesday,Afternoon,2.27,1.0,Neutral,,0,51.0
823126,Mind & Body,114.1,Health,88.2,Wednesday,Afternoon,71.73,3.0,Positive,,0,31.0
824027,Mind & Body,75.98,Health,45.73,Wednesday,Afternoon,71.57,2.0,Negative,,0,68.0
824096,Mind & Body,15.13,Health,97.76,Wednesday,Afternoon,31.38,2.0,Neutral,,0,13.0
824599,Mind & Body,114.32,Health,88.12,Wednesday,Afternoon,71.73,3.0,Positive,,0,73.0
825443,Mind & Body,27.32,Health,76.83,Wednesday,Afternoon,69.9,2.0,Neutral,,0,51.0
825925,Mind & Body,105.67,Health,44.0,Wednesday,Afternoon,27.57,2.0,Positive,,0,49.0
827337,Mind & Body,76.26,Health,38.68,Wednesday,Afternoon,26.8,3.0,Neutral,,0,42.0
828377,Mind & Body,30.33,Health,76.37,Wednesday,Afternoon,76.68,2.0,Negative,,0,83.0
830231,Mind & Body,117.03,Health,29.18,Wednesday,Afternoon,0.0,1.0,Neutral,,0,62.0
831058,Mind & Body,16.98,Health,47.36,Wednesday,Afternoon,66.39,2.0,Positive,,0,85.0
832109,Mind & Body,110.34,Health,30.25,Wednesday,Afternoon,49.85,0.0,Positive,,0,33.0
836348,Mind & Body,117.87,Health,93.62,Wednesday,Afternoon,93.21,2.0,Neutral,,0,35.0
840718,Mind & Body,88.26,Health,45.15,Wednesday,Afternoon,43.92,2.0,Neutral,,0,17.0
845735,Mind & Body,102.64,Health,31.97,Wednesday,Afternoon,64.91,1.0,Neutral,,0,3.0
846446,Mind & Body,13.19,Health,71.82,Wednesday,Afternoon,0.0,2.0,Negative,,0,23.0
847762,Mind & Body,69.19,Health,86.97,Wednesday,Afternoon,66.0,0.0,Neutral,,0,7.0
848048,Mind & Body,119.53,Health,58.25,Wednesday,Afternoon,0.0,2.0,Positive,,0,20.0
849372,Mind & Body,21.02,Health,64.49,Wednesday,Afternoon,60.21,0.0,Negative,,0,21.0
851349,Mind & Body,63.56,Health,75.19,Wednesday,Afternoon,87.62,0.0,Positive,,0,13.0
851687,Mind & Body,47.59,Health,90.36,Wednesday,Afternoon,79.59,3.0,Neutral,,0,63.0
852559,Mind & Body,62.46,Health,72.47,Wednesday,Afternoon,18.48,3.0,Negative,,0,63.0
854235,Mind & Body,111.06,Health,50.21,Wednesday,Afternoon,97.21,0.0,Negative,,0,86.0
855322,Mind & Body,109.27,Health,68.6,Wednesday,Afternoon,0.0,2.0,Neutral,,0,20.0
856737,Mind & Body,78.89,Health,82.22,Wednesday,Afternoon,0.0,2.0,Positive,,0,57.0
860461,Mind & Body,34.44,Health,66.81,Wednesday,Afternoon,26.83,2.0,Positive,,0,65.0
863648,Mind & Body,112.82,Health,95.35,Wednesday,Afternoon,66.36,1.0,Negative,,0,63.0
864457,Mind & Body,34.8,Health,78.31,Wednesday,Afternoon,41.59,0.0,Negative,,0,42.0
866264,Mind & Body,110.54,Health,30.01,Wednesday,Afternoon,49.82,0.0,Neutral,,0,33.0
869854,Mind & Body,37.48,Health,52.23,Wednesday,Afternoon,91.75,1.0,Neutral,,0,86.0
870227,Mind & Body,38.71,Health,72.02,Wednesday,Afternoon,59.72,0.0,Neutral,,0,63.0
871163,Mind & Body,66.41,Health,61.07,Wednesday,Afternoon,95.12,0.0,Neutral,,0,97.0
871763,Mind & Body,58.11,Health,71.12,Wednesday,Afternoon,0.0,0.0,Negative,,0,28.0
875665,Mind & Body,67.70424274822695,Health,91.5,Wednesday,Afternoon,79.69,1.0,Positive,,0,87.0
877719,Mind & Body,36.37,Health,55.84,Wednesday,Afternoon,0.0,1.0,Positive,,0,94.0
879188,Mind & Body,58.53,Health,94.63,Wednesday,Afternoon,0.0,2.0,Neutral,,0,3.0
879647,Mind & Body,56.41,Health,34.62,Wednesday,Afternoon,54.37,0.0,Positive,,0,55.0
882848,Mind & Body,67.70424274822695,Health,85.79,Wednesday,Afternoon,0.0,3.0,Negative,,0,44.0
885298,Mind & Body,81.67,Health,93.95,Wednesday,Afternoon,77.64,1.0,Positive,,0,52.0
885955,Mind & Body,99.93,Health,44.62,Wednesday,Afternoon,29.66,1.0,Neutral,,0,28.0
886636,Mind & Body,10.87,Health,89.46,Wednesday,Afternoon,94.92,3.0,Negative,,0,62.0
886912,Mind & Body,49.71,Health,51.6,Wednesday,Afternoon,23.59,2.0,Negative,,0,19.0
887256,Mind & Body,33.28,Health,50.92,Wednesday,Afternoon,7.21,0.0,Neutral,,0,77.0
887574,Mind & Body,114.04,Health,50.09,Wednesday,Afternoon,0.0,0.0,Negative,,0,42.0
889853,Mind & Body,85.65,Health,69.39,Wednesday,Afternoon,78.45,1.0,Neutral,,0,72.0
889910,Mind & Body,13.86,Health,76.01,Wednesday,Afternoon,12.09,1.0,Neutral,,0,96.0
891930,Mind & Body,80.38,Health,65.64,Wednesday,Afternoon,69.72,2.0,Positive,,0,40.0
891946,Mind & Body,8.09,Health,54.25,Wednesday,Afternoon,0.0,0.0,Negative,,0,53.0
894502,Mind & Body,60.77,Health,68.36,Wednesday,Afternoon,83.52,2.0,Neutral,,0,80.0
897334,Mind & Body,17.49,Health,88.67,Wednesday,Afternoon,59.37,1.0,Positive,,0,87.0
898396,Mind & Body,64.72,Health,96.55,Wednesday,Afternoon,19.38,1.0,Positive,,0,46.0
898828,Mind & Body,110.34,Health,65.99,Wednesday,Afternoon,49.82,0.0,Neutral,,0,33.0
899082,Mind & Body,51.71,Health,93.78,Wednesday,Afternoon,95.02,2.0,Positive,,0,52.0
899382,Mind & Body,72.47,Health,89.72,Wednesday,Afternoon,18.59,2.0,Neutral,,0,87.0
899531,Mind & Body,67.70424274822695,Health,69.45,Wednesday,Afternoon,71.47,3.0,Negative,,0,65.0
900273,Mind & Body,44.64,Health,46.1,Wednesday,Afternoon,27.61,2.0,Negative,,0,78.0
900970,Mind & Body,75.95,Health,56.95,Wednesday,Afternoon,0.0,3.0,Negative,,0,97.0
902399,Mind & Body,62.59,Health,77.33,Wednesday,Afternoon,3.25,3.0,Negative,,0,64.0
903868,Mind & Body,61.7,Health,90.2,Wednesday,Afternoon,29.88,0.0,Positive,,0,93.0
905434,Mind & Body,61.09,Health,78.45,Wednesday,Afternoon,52.77,0.0,Neutral,,0,61.0
907351,Mind & Body,35.94,Health,43.38,Wednesday,Afternoon,5.18,3.0,Positive,,0,43.0
909926,Mind & Body,110.42,Health,50.29,Wednesday,Afternoon,45.75,3.0,Negative,,0,72.0
914507,Mind & Body,67.70424274822695,Health,21.52,Wednesday,Afternoon,0.0,2.0,Positive,,0,49.0
915147,Mind & Body,119.53,Health,69.73,Wednesday,Afternoon,81.71,2.0,Positive,,0,62.0
918781,Mind & Body,94.49,Health,34.95,Wednesday,Afternoon,0.0,2.0,Neutral,,0,16.0
918858,Mind & Body,67.70424274822695,Health,35.67,Wednesday,Afternoon,48.52,1.0,Negative,,0,89.0
918944,Mind & Body,95.38,Health,98.84,Wednesday,Afternoon,41.82,0.0,Positive,,0,83.0
919926,Mind & Body,95.83,Health,83.0,Wednesday,Afternoon,0.72,0.0,Positive,,0,74.0
920493,Mind & Body,88.86,Health,88.66,Wednesday,Afternoon,0.0,1.0,Negative,,0,87.0
922688,Mind & Body,67.70424274822695,Health,30.92,Wednesday,Afternoon,36.31,3.0,Neutral,,0,99.0
923903,Mind & Body,67.70424274822695,Health,89.99,Wednesday,Afternoon,73.35,0.0,Negative,,0,43.0
928440,Mind & Body,36.37,Health,48.83,Wednesday,Afternoon,3.35,0.0,Negative,,0,11.0
936016,Mind & Body,14.95,Health,80.64,Wednesday,Afternoon,28.22,0.0,Negative,,0,96.0
937601,Mind & Body,97.84,Health,78.98,Wednesday,Afternoon,74.45,1.0,Neutral,,0,41.0
939807,Mind & Body,98.82,Health,89.44,Wednesday,Afternoon,80.4,1.0,Positive,,0,65.0
940020,Mind & Body,71.91,Health,24.53,Wednesday,Afternoon,47.77,0.0,Positive,,0,28.0
941174,Mind & Body,75.95,Health,41.41,Wednesday,Afternoon,43.82,3.0,Positive,,0,39.0
942599,Mind & Body,24.16,Health,74.77,Wednesday,Afternoon,8.14,0.0,Positive,,0,63.0
944494,Mind & Body,47.32,Health,31.71,Wednesday,Afternoon,0.0,0.0,Positive,,0,90.0
946992,Mind & Body,108.52,Health,61.85,Wednesday,Afternoon,89.08,3.0,Positive,,0,69.0
947387,Mind & Body,18.6,Health,75.78,Wednesday,Afternoon,48.93,0.0,Negative,,0,86.0
950400,Mind & Body,97.31,Health,31.1,Wednesday,Afternoon,8.39,1.0,Neutral,,0,38.0
950628,Mind & Body,67.70424274822695,Health,33.39,Wednesday,Afternoon,13.72,0.0,Neutral,,0,36.0
951024,Mind & Body,49.31,Health,35.52,Wednesday,Afternoon,0.0,3.0,Negative,,0,34.0
951052,Mind & Body,50.73,Health,82.82,Wednesday,Afternoon,82.82,2.0,Neutral,,0,42.0
953588,Mind & Body,115.91,Health,25.34,Wednesday,Afternoon,0.0,2.0,Negative,,0,1.0
954770,Mind & Body,78.56,Health,30.49,Wednesday,Afternoon,87.77,2.0,Positive,,0,77.0
956941,Mind & Body,42.2,Health,53.56,Wednesday,Afternoon,36.86,2.0,Neutral,,0,87.0
958709,Mind & Body,102.04,Health,57.98,Wednesday,Afternoon,0.0,0.0,Neutral,,0,67.0
959219,Mind & Body,96.76,Health,47.55,Wednesday,Afternoon,23.83,1.0,Negative,,0,91.0
959885,Mind & Body,118.42,Health,79.08,Wednesday,Afternoon,63.09,3.0,Negative,,0,62.0
961436,Mind & Body,83.94,Health,44.59,Wednesday,Afternoon,65.89,1.0,Positive,,0,89.0
962092,Mind & Body,103.39,Health,57.7,Wednesday,Afternoon,87.29,1.0,Negative,,0,23.0
963994,Mind & Body,81.55848,Health,95.48,Wednesday,Afternoon,0.0,0.0,Neutral,,0,45.0
965373,Mind & Body,36.79,Health,40.58,Wednesday,Afternoon,65.79,0.0,Positive,,0,63.0
967050,Mind & Body,58.1,Health,39.89,Wednesday,Afternoon,56.06,3.0,Positive,,0,36.0
972664,Mind & Body,31.06,Health,89.98,Wednesday,Afternoon,39.39,0.0,Neutral,,0,33.0
974723,Mind & Body,27.21,Health,60.51,Wednesday,Afternoon,2.63,1.0,Negative,,0,41.0
976733,Mind & Body,67.70424274822695,Health,44.23,Wednesday,Afternoon,59.75,3.0,Neutral,,0,54.0
980007,Mind & Body,116.83,Health,21.12,Wednesday,Afternoon,0.0,2.0,Negative,,0,42.0
981141,Mind & Body,94.48,Health,90.01,Wednesday,Afternoon,22.66,3.0,Negative,,0,43.0
981420,Mind & Body,38.71,Health,90.02,Wednesday,Afternoon,49.61,1.0,Negative,,0,35.0
982793,Mind & Body,88.98,Health,93.03,Wednesday,Afternoon,92.73,2.0,Neutral,,0,73.0
984225,Mind & Body,67.70424274822695,Health,75.31,Wednesday,Afternoon,16.5,1.0,Neutral,,0,65.0
984962,Mind & Body,8.95,Health,88.42,Wednesday,Afternoon,0.0,1.0,Positive,,0,91.0
987771,Mind & Body,57.41,Health,82.6,Wednesday,Afternoon,55.91,3.0,Positive,,0,13.0
988125,Mind & Body,35.13,Health,79.56,Wednesday,Afternoon,14.13,3.0,Neutral,,0,17.0
989064,Mind & Body,95.52,Health,32.02,Wednesday,Afternoon,38.49,0.0,Negative,,0,18.0
994055,Mind & Body,109.9,Health,36.82,Wednesday,Afternoon,33.47,0.0,Neutral,,0,28.0
994555,Mind & Body,86.98,Health,36.63,Wednesday,Afternoon,59.4,0.0,Negative,,0,83.0
996368,Mind & Body,37.75,Health,38.94,Wednesday,Afternoon,14.2,0.0,Negative,,0,24.0
998940,Mind & Body,23.52,Health,56.91,Wednesday,Afternoon,73.92,0.0,Negative,,0,7.0
999497,Mind & Body,105.17,Health,52.3,Wednesday,Afternoon,60.22,2.0,Negative,,0,60.0
999779,Mind & Body,89.34,Health,97.18,Wednesday,Afternoon,86.06,1.0,Positive,,0,54.0
