id,Podcast_Name,Episode_Length_minutes,Genre,Host_Popularity_percentage,Publication_Day,Publication_Time,Guest_Popularity_percentage,Number_of_Ads,Episode_Sentiment,Listening_Time_minutes,is_train,Episode_Number
2477,Mind & Body,115.94,Health,98.08,Friday,Evening,0.0,0.0,Positive,78.37337,1,29.0
2997,Mind & Body,53.38,Health,77.44,Friday,Evening,93.45,1.0,Negative,46.22091,1,25.0
9283,Mind & Body,75.48,Health,54.93,Friday,Evening,57.96,3.0,Negative,38.74695,1,51.0
11793,Mind & Body,87.27,Health,84.19,Friday,Evening,55.09,3.0,Neutral,59.91382,1,39.0
12636,Mind & Body,94.04,Health,72.76,Friday,Evening,47.15,1.0,Positive,59.9751,1,84.0
12888,Mind & Body,64.742412817461,Health,69.84,Friday,Evening,23.97,1.0,Negative,48.60114,1,19.0
14419,Mind & Body,64.742412817461,Health,44.66,Friday,Evening,0.0,2.0,Neutral,23.7942,1,20.0
14484,Mind & Body,7.86,Health,47.45,Friday,Evening,0.0,3.0,Negative,4.31869,1,76.0
14774,Mind & Body,106.26,Health,93.79,Friday,Evening,0.0,0.0,Negative,89.71709,1,90.0
17549,Mind & Body,20.2,Health,66.32,Friday,Evening,4.43,0.0,Neutral,11.32434,1,83.0
20812,Mind & Body,80.83,Health,26.98,Friday,Evening,89.68,1.0,Neutral,62.96,1,72.0
20979,Mind & Body,75.11,Health,23.81,Friday,Evening,46.11,0.0,Negative,59.36412,1,91.0
21892,Mind & Body,6.6,Health,67.44,Friday,Evening,0.0,0.0,Negative,0.0,1,50.0
21987,Mind & Body,79.5,Health,90.84,Friday,Evening,99.4,0.0,Negative,68.60568,1,34.0
22753,Mind & Body,48.85,Health,27.32,Friday,Evening,71.99,1.0,Neutral,20.18627,1,64.0
22786,Mind & Body,100.01,Health,79.6,Friday,Evening,0.0,2.0,Neutral,55.56882,1,79.0
23998,Mind & Body,37.05,Health,48.19,Friday,Evening,44.51,2.0,Positive,37.00547,1,30.0
24936,Mind & Body,22.03,Health,84.43,Friday,Evening,54.53,1.0,Positive,6.98645,1,96.0
25006,Mind & Body,50.9,Health,40.66,Friday,Evening,46.09,2.0,Positive,37.59478,1,63.0
32037,Mind & Body,24.16,Health,76.89,Friday,Evening,0.0,0.0,Neutral,10.00869,1,79.0
33173,Mind & Body,118.96,Health,45.42,Friday,Evening,75.43,1.0,Positive,86.3224,1,70.0
35356,Mind & Body,64.742412817461,Health,28.6,Friday,Evening,84.94,1.0,Negative,20.42,1,72.0
37809,Mind & Body,58.08,Health,44.18,Friday,Evening,12.75,3.0,Negative,36.27435,1,82.0
40424,Mind & Body,29.46,Health,21.52,Friday,Evening,11.05,2.0,Neutral,11.43107,1,22.0
41210,Mind & Body,114.16,Health,50.96,Friday,Evening,0.0,0.0,Negative,109.16,1,19.0
43167,Mind & Body,33.45,Health,46.0,Friday,Evening,15.26,2.0,Positive,25.98711,1,79.0
43269,Mind & Body,31.68,Health,51.18,Friday,Evening,68.26,0.0,Neutral,24.93,1,95.0
44660,Mind & Body,72.45,Health,67.99,Friday,Evening,27.45,1.0,Neutral,52.49111,1,77.0
50587,Mind & Body,57.47,Health,80.1,Friday,Evening,0.0,2.0,Neutral,23.75711,1,15.0
50816,Mind & Body,111.68,Health,74.53,Friday,Evening,80.43,3.0,Neutral,92.82,1,61.0
50933,Mind & Body,64.742412817461,Health,69.69,Friday,Evening,78.55,2.0,Positive,3.79545,1,56.0
52324,Mind & Body,19.96,Health,73.12,Friday,Evening,66.12,1.0,Neutral,10.61902,1,17.0
56255,Mind & Body,19.19,Health,60.24,Friday,Evening,22.9,1.0,Negative,17.44063,1,33.0
56826,Mind & Body,64.742412817461,Health,76.15,Friday,Evening,0.0,3.0,Positive,7.23,1,3.0
59974,Mind & Body,64.47,Health,78.75,Friday,Evening,2.23,2.0,Negative,47.97003,1,54.0
61893,Mind & Body,63.59,Health,31.61,Friday,Evening,93.67,3.0,Positive,42.68413,1,66.0
62290,Mind & Body,77.82,Health,59.91,Friday,Evening,37.1,3.0,Positive,54.51686,1,4.0
62565,Mind & Body,64.742412817461,Health,35.85,Friday,Evening,0.0,2.0,Positive,47.26779,1,79.0
63342,Mind & Body,28.35,Health,29.27,Friday,Evening,98.23,1.0,Negative,13.97726,1,70.0
63748,Mind & Body,71.08,Health,77.56,Friday,Evening,69.64,0.0,Negative,42.71599,1,13.0
64431,Mind & Body,118.28,Health,84.2,Friday,Evening,0.0,1.0,Negative,118.28,1,79.0
66459,Mind & Body,64.742412817461,Health,58.07,Friday,Evening,51.46,2.0,Negative,16.38694,1,3.0
68725,Mind & Body,65.37,Health,50.5,Friday,Evening,46.83,0.0,Negative,37.84187,1,39.0
69597,Mind & Body,67.11,Health,80.27,Friday,Evening,10.68,2.0,Positive,59.31318,1,3.0
72315,Mind & Body,33.67,Health,27.38,Friday,Evening,15.42,0.0,Positive,25.98711,1,78.0
73762,Mind & Body,114.06,Health,81.31,Friday,Evening,31.51,1.0,Neutral,107.72,1,50.0
74611,Mind & Body,33.47,Health,94.23,Friday,Evening,25.38,0.0,Negative,26.70747,1,25.0
74697,Mind & Body,19.58,Health,59.81,Friday,Evening,20.03,1.0,Neutral,12.49805,1,2.0
74704,Mind & Body,104.8,Health,20.57,Friday,Evening,0.0,1.0,Neutral,83.85839,1,25.0
75081,Mind & Body,82.68,Health,33.99,Friday,Evening,87.72,2.0,Negative,52.73094,1,20.0
78378,Mind & Body,44.7,Health,27.38,Friday,Evening,4.86,0.0,Positive,25.98711,1,79.0
79796,Mind & Body,36.99,Health,58.68,Friday,Evening,54.94,0.0,Neutral,31.3788,1,26.0
84794,Mind & Body,54.72,Health,25.0,Friday,Evening,82.71,0.0,Neutral,30.04593,1,71.0
86210,Mind & Body,117.46,Health,64.78,Friday,Evening,0.0,2.0,Neutral,83.44236,1,57.0
86268,Mind & Body,108.38,Health,60.75,Friday,Evening,75.79,0.0,Positive,65.30498,1,67.0
87784,Mind & Body,63.9,Health,68.73,Friday,Evening,0.0,1.0,Negative,42.77743,1,8.0
89374,Mind & Body,19.77,Health,20.71,Friday,Evening,27.65,0.0,Positive,19.67554,1,53.0
90072,Mind & Body,26.98,Health,21.94,Friday,Evening,58.5,2.0,Negative,20.56,1,42.0
94783,Mind & Body,59.03,Health,59.24,Friday,Evening,71.67,0.0,Neutral,49.84662,1,63.0
95672,Mind & Body,97.17,Health,80.34,Friday,Evening,53.3,1.0,Negative,82.93063,1,80.0
96762,Mind & Body,63.56,Health,88.04,Friday,Evening,43.92,2.0,Neutral,42.04942,1,88.0
98314,Mind & Body,20.89,Health,20.58,Friday,Evening,20.14,0.0,Positive,19.67554,1,53.0
98736,Mind & Body,64.742412817461,Health,24.53,Friday,Evening,0.0,0.0,Positive,79.87233,1,50.0
98894,Mind & Body,102.65,Health,87.4,Friday,Evening,6.4,0.0,Neutral,69.24968,1,12.0
104158,Mind & Body,62.07,Health,62.08,Friday,Evening,62.07,2.0,Positive,49.92845,1,79.0
104597,Mind & Body,10.69,Health,93.92,Friday,Evening,0.0,0.0,Positive,6.0168,1,88.0
105053,Mind & Body,88.17,Health,52.19,Friday,Evening,74.23,1.0,Neutral,67.31756,1,12.0
105160,Mind & Body,64.742412817461,Health,96.31,Friday,Evening,0.0,0.0,Neutral,32.21016,1,16.0
106652,Mind & Body,117.74,Health,35.67,Friday,Evening,0.0,0.0,Negative,100.49729,1,87.0
112462,Mind & Body,39.56,Health,58.46,Friday,Evening,4.5,3.0,Positive,14.8043,1,59.0
113227,Mind & Body,114.32,Health,74.69,Friday,Evening,1.75,1.0,Positive,106.58973,1,54.0
115568,Mind & Body,83.14,Health,88.54,Friday,Evening,9.61,1.0,Negative,73.72905,1,91.0
119634,Mind & Body,75.88,Health,63.26,Friday,Evening,0.0,0.0,Negative,43.98949,1,47.0
121560,Mind & Body,64.742412817461,Health,60.32,Friday,Evening,0.0,1.0,Positive,66.88151,1,69.0
124038,Mind & Body,54.7,Health,21.44,Friday,Evening,0.0,0.0,Neutral,40.05286,1,71.0
129802,Mind & Body,118.69,Health,58.97,Friday,Evening,62.4,2.0,Negative,92.55,1,73.0
131544,Mind & Body,31.71,Health,36.8,Friday,Evening,98.5,2.0,Neutral,21.42,1,1.0
132899,Mind & Body,77.31,Health,76.65,Friday,Evening,0.0,0.0,Positive,60.22646,1,8.0
135688,Mind & Body,66.62,Health,55.57,Friday,Evening,52.85,0.0,Negative,53.32167,1,32.0
138146,Mind & Body,45.66,Health,94.44,Friday,Evening,20.66,3.0,Neutral,30.91,1,52.0
138612,Mind & Body,53.08,Health,35.33,Friday,Evening,82.45,0.0,Neutral,48.20235,1,79.0
141768,Mind & Body,10.69,Health,28.48,Friday,Evening,42.46,3.0,Negative,0.0,1,44.0
142611,Mind & Body,21.47,Health,57.82,Friday,Evening,67.66,0.0,Positive,18.72207,1,79.0
144720,Mind & Body,96.16,Health,27.44,Friday,Evening,18.87,0.0,Positive,59.51983,1,33.0
145054,Mind & Body,64.742412817461,Health,58.25,Friday,Evening,52.33,0.0,Negative,15.42707,1,58.0
145829,Mind & Body,35.69,Health,91.65,Friday,Evening,52.12,0.0,Neutral,24.02793,1,64.0
146555,Mind & Body,92.08,Health,33.77,Friday,Evening,30.75,1.0,Negative,58.37571,1,56.0
146979,Mind & Body,110.38,Health,52.04,Friday,Evening,96.97,1.0,Neutral,67.90476,1,56.0
147169,Mind & Body,40.08,Health,55.51,Friday,Evening,51.09,3.0,Positive,31.74361,1,91.0
147295,Mind & Body,64.742412817461,Health,74.5,Friday,Evening,22.04,3.0,Negative,17.41,1,86.0
147860,Mind & Body,64.92,Health,69.06,Friday,Evening,0.0,3.0,Negative,44.57,1,32.0
150323,Mind & Body,64.27,Health,68.11,Friday,Evening,32.38,1.0,Positive,49.78968,1,65.0
154154,Mind & Body,61.13,Health,78.85,Friday,Evening,26.99,1.0,Negative,37.85849,1,5.0
155838,Mind & Body,43.06,Health,57.53,Friday,Evening,38.15,3.0,Negative,29.48507,1,88.0
157481,Mind & Body,113.72,Health,82.11,Friday,Evening,0.0,2.0,Negative,72.40826,1,27.0
158362,Mind & Body,81.0,Health,46.36,Friday,Evening,22.88,2.0,Positive,69.96491,1,56.0
158554,Mind & Body,116.7,Health,57.68,Friday,Evening,0.0,0.0,Negative,113.87206,1,50.0
159152,Mind & Body,116.99,Health,85.52,Friday,Evening,54.35,3.0,Positive,93.16,1,52.0
159210,Mind & Body,63.76,Health,58.72,Friday,Evening,57.06,0.0,Positive,42.5785,1,21.0
160815,Mind & Body,89.74,Health,29.03,Friday,Evening,41.28,0.0,Positive,67.04312,1,67.0
161014,Mind & Body,33.51,Health,63.47,Friday,Evening,72.17,3.0,Neutral,5.04389,1,91.0
161346,Mind & Body,114.45,Health,63.47,Friday,Evening,0.0,0.0,Positive,89.90692,1,84.0
162569,Mind & Body,99.93,Health,56.27,Friday,Evening,17.14,1.0,Negative,72.0904,1,78.0
162875,Mind & Body,117.18,Health,42.74,Friday,Evening,82.92,2.0,Positive,69.92813,1,15.0
164880,Mind & Body,108.3,Health,93.4,Friday,Evening,0.0,3.0,Neutral,72.78852,1,87.0
166876,Mind & Body,46.34,Health,82.05,Friday,Evening,96.58,2.0,Positive,31.72147,1,20.0
166980,Mind & Body,99.71,Health,36.24,Friday,Evening,53.36,2.0,Negative,82.93063,1,80.0
167379,Mind & Body,30.41,Health,61.09,Friday,Evening,47.79,3.0,Negative,15.79918,1,61.0
167853,Mind & Body,86.34,Health,91.33,Friday,Evening,29.88,0.0,Positive,67.69669,1,14.0
171013,Mind & Body,5.41,Health,27.14,Friday,Evening,44.74,1.0,Negative,0.0,1,43.0
172826,Mind & Body,39.4,Health,68.79,Friday,Evening,52.4,1.0,Negative,33.25,1,27.0
172992,Mind & Body,64.742412817461,Health,30.69,Friday,Evening,71.17,1.0,Neutral,80.79,1,78.0
173539,Mind & Body,64.742412817461,Health,21.72,Friday,Evening,8.72,1.0,Positive,12.25528,1,14.0
174993,Mind & Body,108.86,Health,90.19,Friday,Evening,54.25,2.0,Positive,95.25448,1,75.0
175035,Mind & Body,5.69,Health,98.81,Friday,Evening,43.29,2.0,Positive,0.0,1,41.0
177582,Mind & Body,64.742412817461,Health,64.75,Friday,Evening,43.19,1.0,Neutral,0.0,1,35.0
178684,Mind & Body,101.73,Health,53.46,Friday,Evening,31.9,0.0,Positive,97.90168,1,30.0
188856,Mind & Body,64.742412817461,Health,27.28,Friday,Evening,0.0,2.0,Neutral,59.11421,1,60.0
189950,Mind & Body,39.46,Health,51.34,Friday,Evening,70.29,1.0,Negative,37.43957,1,53.0
190478,Mind & Body,64.742412817461,Health,93.95,Friday,Evening,78.88,1.0,Positive,18.09365,1,73.0
191289,Mind & Body,28.47,Health,30.26,Friday,Evening,0.0,2.0,Positive,9.51825,1,95.0
196529,Mind & Body,37.48,Health,45.21,Friday,Evening,0.0,3.0,Positive,15.8856,1,57.0
198291,Mind & Body,14.04,Health,74.04,Friday,Evening,78.76,3.0,Negative,5.25061,1,4.0
198596,Mind & Body,64.742412817461,Health,29.47,Friday,Evening,90.86,2.0,Positive,89.47482,1,41.0
203113,Mind & Body,34.4,Health,89.74,Friday,Evening,83.76,2.0,Positive,26.04,1,72.0
205772,Mind & Body,19.88,Health,95.25,Friday,Evening,87.29,0.0,Positive,5.30824,1,95.0
205776,Mind & Body,32.73,Health,55.85,Friday,Evening,21.35,2.0,Neutral,19.50457,1,63.0
209898,Mind & Body,52.27,Health,60.35,Friday,Evening,14.65,1.0,Positive,37.01949,1,12.0
210968,Mind & Body,112.46,Health,81.21,Friday,Evening,96.76,0.0,Neutral,103.89696,1,47.0
211508,Mind & Body,65.0,Health,96.29,Friday,Evening,0.0,3.0,Positive,47.73716,1,81.0
211760,Mind & Body,97.48,Health,82.25,Friday,Evening,38.46,2.0,Neutral,73.75725,1,18.0
213932,Mind & Body,62.3,Health,65.07,Friday,Evening,49.77,3.0,Negative,41.36172,1,87.0
214212,Mind & Body,35.31,Health,55.29,Friday,Evening,86.97,3.0,Negative,27.6176,1,92.0
219591,Mind & Body,16.19,Health,32.07,Friday,Evening,5.46,2.0,Negative,10.46034,1,47.0
220367,Mind & Body,27.03,Health,67.88,Friday,Evening,12.81,1.0,Positive,15.89,1,61.0
220584,Mind & Body,29.18,Health,29.11,Friday,Evening,86.91,3.0,Neutral,11.73,1,90.0
220678,Mind & Body,91.85,Health,34.95,Friday,Evening,31.51,2.0,Negative,66.84112,1,76.0
220848,Mind & Body,39.33,Health,22.81,Friday,Evening,5.22,1.0,Neutral,19.72693,1,12.0
220897,Mind & Body,117.37,Health,53.4,Friday,Evening,64.45,0.0,Negative,103.04217,1,69.0
221845,Mind & Body,85.61,Health,20.45,Friday,Evening,86.98,0.0,Negative,57.51656,1,94.0
223117,Mind & Body,66.62,Health,35.98,Friday,Evening,43.82,0.0,Negative,53.32167,1,35.0
223180,Mind & Body,47.57,Health,30.03,Friday,Evening,0.0,0.0,Neutral,36.99917,1,12.0
224681,Mind & Body,44.9,Health,83.48,Friday,Evening,13.82,0.0,Negative,33.7578,1,7.0
224730,Mind & Body,12.01,Health,69.38,Friday,Evening,0.0,0.0,Negative,10.28,1,64.0
227868,Mind & Body,119.02,Health,95.53,Friday,Evening,61.54,0.0,Positive,70.30454,1,71.0
228780,Mind & Body,23.34,Health,44.85,Friday,Evening,2.3,2.0,Neutral,18.20856,1,21.0
229645,Mind & Body,64.742412817461,Health,58.48,Friday,Evening,51.85,2.0,Negative,16.38694,1,3.0
231164,Mind & Body,118.75,Health,74.41,Friday,Evening,6.93,0.0,Neutral,107.2104,1,9.0
231644,Mind & Body,118.62,Health,44.18,Friday,Evening,0.0,0.0,Positive,108.89242,1,25.0
232199,Mind & Body,19.25,Health,76.13,Friday,Evening,73.31,2.0,Neutral,16.89445,1,46.0
234192,Mind & Body,77.87,Health,67.17,Friday,Evening,33.81,2.0,Positive,51.97532,1,17.0
235967,Mind & Body,42.56,Health,53.8,Friday,Evening,76.62,0.0,Neutral,30.20738,1,68.0
236059,Mind & Body,119.82,Health,85.29,Friday,Evening,64.29,1.0,Positive,72.86492,1,58.0
237707,Mind & Body,115.86,Health,69.83,Friday,Evening,69.49,1.0,Negative,92.81136,1,56.0
238784,Mind & Body,103.77,Health,28.02,Friday,Evening,33.12,3.0,Positive,63.26866,1,39.0
239150,Mind & Body,64.9,Health,54.09,Friday,Evening,91.8,2.0,Neutral,36.04439,1,28.0
239451,Mind & Body,95.91,Health,68.36,Friday,Evening,67.12,3.0,Negative,71.24064,1,31.0
240451,Mind & Body,106.51,Health,80.93,Friday,Evening,70.33,1.0,Negative,66.64203,1,51.0
241900,Mind & Body,39.33,Health,66.73,Friday,Evening,5.22,0.0,Neutral,19.72693,1,31.0
242366,Mind & Body,39.46,Health,95.52,Friday,Evening,45.91,0.0,Neutral,33.64554,1,92.0
242956,Mind & Body,100.65,Health,30.16,Friday,Evening,44.03,1.0,Negative,62.33717,1,88.0
247912,Mind & Body,33.95,Health,83.83,Friday,Evening,78.61,0.0,Negative,31.27416,1,87.0
250005,Mind & Body,116.16,Health,81.11,Friday,Evening,31.68,0.0,Negative,104.3,1,33.0
251860,Mind & Body,44.15,Health,66.6,Friday,Evening,11.66,3.0,Neutral,35.88006,1,8.0
258301,Mind & Body,75.53,Health,89.28,Friday,Evening,34.25,2.0,Negative,40.93056,1,29.0
258678,Mind & Body,61.24,Health,27.73,Friday,Evening,77.42,0.0,Negative,39.99632,1,34.0
260277,Mind & Body,106.69,Health,57.89,Friday,Evening,0.0,2.0,Negative,84.86705,1,82.0
262679,Mind & Body,85.42,Health,91.25,Friday,Evening,74.07,0.0,Positive,54.89987,1,27.0
265417,Mind & Body,64.742412817461,Health,99.59,Friday,Evening,0.0,0.0,Negative,86.21829,1,81.0
265972,Mind & Body,64.742412817461,Health,87.07,Friday,Evening,42.27,1.0,Positive,74.62715,1,53.0
266551,Mind & Body,69.23,Health,89.93,Friday,Evening,38.63,0.0,Neutral,63.83748,1,65.0
266647,Mind & Body,33.2,Health,44.67,Friday,Evening,55.82,0.0,Positive,24.2661,1,86.0
268441,Mind & Body,18.2,Health,79.84,Friday,Evening,30.52,2.0,Positive,10.14566,1,24.0
268922,Mind & Body,84.09,Health,55.81,Friday,Evening,49.92,2.0,Positive,74.35909,1,12.0
270734,Mind & Body,61.48,Health,26.48,Friday,Evening,0.0,2.0,Neutral,37.40389,1,92.0
271689,Mind & Body,106.52,Health,50.43,Friday,Evening,70.76,2.0,Negative,95.50475,1,96.0
272024,Mind & Body,103.42,Health,71.42,Friday,Evening,14.84,2.0,Neutral,48.03997,1,62.0
275308,Mind & Body,62.42,Health,66.4,Friday,Evening,88.08,0.0,Negative,50.5094,1,7.0
278627,Mind & Body,82.76,Health,34.75,Friday,Evening,62.96,3.0,Negative,53.35695,1,57.0
278704,Mind & Body,14.38,Health,22.89,Friday,Evening,96.09,2.0,Neutral,12.81701,1,70.0
280007,Mind & Body,96.54,Health,66.17,Friday,Evening,9.62,1.0,Neutral,60.8428,1,28.0
280815,Mind & Body,57.34,Health,64.66,Friday,Evening,12.64,0.0,Positive,41.98526,1,77.0
282720,Mind & Body,52.6,Health,83.2,Friday,Evening,56.08,3.0,Negative,39.03613,1,68.0
286006,Mind & Body,82.86,Health,46.65,Friday,Evening,47.38,2.0,Positive,62.85679,1,57.0
287094,Mind & Body,30.08,Health,78.61,Friday,Evening,73.44,3.0,Negative,13.85,1,60.0
288193,Mind & Body,38.32,Health,82.91,Friday,Evening,0.0,2.0,Positive,31.85988,1,90.0
291102,Mind & Body,39.87,Health,44.1,Friday,Evening,0.0,2.0,Positive,22.77102,1,85.0
291970,Mind & Body,64.742412817461,Health,45.7,Friday,Evening,0.0,0.0,Positive,63.15756,1,73.0
292074,Mind & Body,64.742412817461,Health,89.33,Friday,Evening,64.96,1.0,Positive,27.63746,1,17.0
292613,Mind & Body,96.6,Health,61.51,Friday,Evening,68.66,0.0,Neutral,79.85393,1,99.0
294550,Mind & Body,35.67,Health,56.89,Friday,Evening,57.57,0.0,Negative,35.56867,1,56.0
296740,Mind & Body,94.79,Health,43.74,Friday,Evening,80.15,1.0,Positive,59.9751,1,84.0
299002,Mind & Body,115.61,Health,83.25,Friday,Evening,42.4,0.0,Positive,70.19157,1,12.0
300182,Mind & Body,22.28,Health,82.53,Friday,Evening,0.0,0.0,Positive,16.12701,1,63.0
302441,Mind & Body,16.26,Health,34.44,Friday,Evening,0.0,2.0,Positive,8.26397,1,42.0
303462,Mind & Body,37.85,Health,65.25,Friday,Evening,0.0,0.0,Negative,17.20958,1,99.0
311454,Mind & Body,93.08,Health,76.27,Friday,Evening,19.43,0.0,Positive,51.85913,1,29.0
312000,Mind & Body,106.94,Health,56.67,Friday,Evening,54.15,3.0,Positive,49.16,1,73.0
315292,Mind & Body,71.8,Health,65.23,Friday,Evening,89.58,0.0,Negative,51.15365,1,22.0
317252,Mind & Body,77.12,Health,93.35,Friday,Evening,0.0,0.0,Positive,59.52884,1,87.0
318821,Mind & Body,39.48,Health,44.65,Friday,Evening,77.68,1.0,Negative,18.17202,1,66.0
319159,Mind & Body,11.41,Health,67.07,Friday,Evening,33.55,1.0,Positive,0.0,1,9.0
321124,Mind & Body,94.38,Health,57.23,Friday,Evening,0.0,2.0,Positive,89.89438,1,86.0
327324,Mind & Body,36.94,Health,46.87,Friday,Evening,93.94,3.0,Positive,27.6176,1,92.0
328473,Mind & Body,64.742412817461,Health,78.72,Friday,Evening,0.0,1.0,Neutral,21.06924,1,4.0
329490,Mind & Body,38.48,Health,31.84,Friday,Evening,44.87,3.0,Positive,37.18395,1,77.0
331882,Mind & Body,45.78,Health,73.94,Friday,Evening,73.19,1.0,Negative,24.25,1,68.0
333952,Mind & Body,40.03,Health,75.54,Friday,Evening,18.16,2.0,Neutral,30.43258,1,97.0
334691,Mind & Body,37.02,Health,39.35,Friday,Evening,32.96,2.0,Negative,34.9746,1,28.0
334694,Mind & Body,35.15,Health,60.57,Friday,Evening,96.13,0.0,Negative,29.74919,1,21.0
335006,Mind & Body,58.23,Health,78.42,Friday,Evening,0.0,3.0,Positive,36.00147,1,71.0
335135,Mind & Body,67.03,Health,80.4,Friday,Evening,12.51,1.0,Neutral,62.06858,1,86.0
338857,Mind & Body,111.39,Health,89.88,Friday,Evening,81.66,1.0,Neutral,64.67723,1,55.0
339162,Mind & Body,67.83,Health,57.07,Friday,Evening,0.0,3.0,Neutral,40.36489,1,87.0
340723,Mind & Body,35.97,Health,88.29,Friday,Evening,88.62,2.0,Neutral,28.97269,1,29.0
344172,Mind & Body,58.14,Health,48.09,Friday,Evening,83.71,0.0,Negative,48.28093,1,71.0
346693,Mind & Body,59.92,Health,77.77,Friday,Evening,0.0,2.0,Neutral,38.49645,1,9.0
347103,Mind & Body,73.43,Health,94.95,Friday,Evening,17.56,2.0,Neutral,56.07453,1,19.0
348759,Mind & Body,19.57,Health,53.52,Friday,Evening,30.57,1.0,Negative,5.20268,1,33.0
349023,Mind & Body,83.05,Health,42.16,Friday,Evening,0.0,1.0,Negative,60.62466,1,88.0
353149,Mind & Body,66.23,Health,36.32,Friday,Evening,17.47,0.0,Positive,57.72266,1,65.0
354337,Mind & Body,33.47,Health,58.59,Friday,Evening,63.1,3.0,Neutral,18.44254,1,72.0
355558,Mind & Body,111.68,Health,41.46,Friday,Evening,0.0,0.0,Positive,109.99604,1,20.0
355582,Mind & Body,64.742412817461,Health,73.73,Friday,Evening,38.99,0.0,Neutral,100.08,1,69.0
357105,Mind & Body,78.76,Health,57.65,Friday,Evening,0.0,2.0,Positive,56.78556,1,59.0
362895,Mind & Body,64.742412817461,Health,45.2,Friday,Evening,42.0,1.0,Positive,64.63768,1,40.0
364781,Mind & Body,49.38,Health,21.96,Friday,Evening,26.63,1.0,Positive,20.18499,1,74.0
366626,Mind & Body,108.64,Health,35.98,Friday,Evening,19.11,2.0,Positive,97.15376,1,59.0
370994,Mind & Body,76.9,Health,31.37,Friday,Evening,62.83,1.0,Neutral,44.40104,1,38.0
372501,Mind & Body,64.742412817461,Health,59.75,Friday,Evening,81.81,3.0,Positive,36.08108,1,81.0
374004,Mind & Body,20.4,Health,46.28,Friday,Evening,0.0,3.0,Neutral,4.81066,1,53.0
374615,Mind & Body,82.84,Health,34.75,Friday,Evening,62.96,3.0,Negative,53.35695,1,38.0
375087,Mind & Body,49.68,Health,30.15,Friday,Evening,99.07,0.0,Neutral,33.72793,1,20.0
377276,Mind & Body,61.19,Health,41.4,Friday,Evening,97.95,2.0,Neutral,30.32792,1,26.0
378362,Mind & Body,63.78,Health,38.85,Friday,Evening,42.21,0.0,Neutral,38.29876,1,80.0
378988,Mind & Body,32.97,Health,59.35,Friday,Evening,0.0,0.0,Positive,16.92201,1,61.0
379137,Mind & Body,71.27,Health,54.53,Friday,Evening,0.0,1.0,Neutral,42.23393,1,77.0
380094,Mind & Body,47.65,Health,75.45,Friday,Evening,65.54,2.0,Negative,25.13565,1,96.0
384104,Mind & Body,42.72,Health,98.88,Friday,Evening,89.82,2.0,Negative,26.93,1,84.0
384270,Mind & Body,15.79,Health,78.96,Friday,Evening,82.4,1.0,Positive,10.77777,1,11.0
385100,Mind & Body,112.87,Health,65.92,Friday,Evening,24.63,3.0,Negative,50.79458,1,34.0
386540,Mind & Body,28.76,Health,47.45,Friday,Evening,98.88,3.0,Negative,18.28907,1,24.0
387256,Mind & Body,47.33,Health,42.16,Friday,Evening,2.5,2.0,Neutral,18.20856,1,3.0
389158,Mind & Body,61.2,Health,90.78,Friday,Evening,6.05,1.0,Neutral,33.62061,1,85.0
389881,Mind & Body,47.72,Health,62.67,Friday,Evening,84.35,2.0,Positive,14.85649,1,36.0
390174,Mind & Body,64.02,Health,37.75,Friday,Evening,0.0,1.0,Neutral,54.18156,1,72.0
390711,Mind & Body,94.15,Health,26.69,Friday,Evening,0.0,3.0,Positive,58.15,1,93.0
391918,Mind & Body,64.742412817461,Health,86.62,Friday,Evening,0.0,3.0,Negative,21.03,1,94.0
392196,Mind & Body,117.19,Health,34.24,Friday,Evening,53.3,2.0,Negative,82.93063,1,80.0
392927,Mind & Body,28.69,Health,58.25,Friday,Evening,91.28,3.0,Positive,16.38694,1,3.0
397001,Mind & Body,35.36,Health,59.36,Friday,Evening,0.0,2.0,Negative,23.7621,1,48.0
397961,Mind & Body,119.61,Health,67.76,Friday,Evening,55.61,1.0,Positive,74.26259,1,13.0
398707,Mind & Body,49.63,Health,61.7,Friday,Evening,0.0,0.0,Neutral,43.2412,1,80.0
400950,Mind & Body,14.83,Health,42.63,Friday,Evening,88.83,2.0,Neutral,5.35967,1,98.0
403523,Mind & Body,23.74,Health,70.43,Friday,Evening,0.0,1.0,Negative,10.16,1,33.0
407110,Mind & Body,111.83,Health,64.36,Friday,Evening,0.0,0.0,Positive,106.76019,1,48.0
408750,Mind & Body,64.742412817461,Health,98.74,Friday,Evening,50.16,1.0,Neutral,20.798,1,32.0
408913,Mind & Body,88.53,Health,96.07,Friday,Evening,0.0,0.0,Neutral,69.11951,1,10.0
409143,Mind & Body,64.742412817461,Health,21.98,Friday,Evening,54.63,2.0,Neutral,46.6699,1,94.0
409332,Mind & Body,52.47,Health,63.2,Friday,Evening,95.52,0.0,Neutral,33.64554,1,92.0
410155,Mind & Body,64.742412817461,Health,74.72,Friday,Evening,23.82,1.0,Negative,19.82,1,31.0
410892,Mind & Body,64.742412817461,Health,82.82,Friday,Evening,16.43,1.0,Neutral,64.67723,1,55.0
412747,Mind & Body,52.47,Health,81.65,Friday,Evening,85.51,0.0,Negative,42.40159,1,40.0
414395,Mind & Body,50.24,Health,36.76,Friday,Evening,66.7,0.0,Neutral,32.11311,1,42.0
415258,Mind & Body,114.96,Health,27.5,Friday,Evening,4.74,2.0,Neutral,113.68,1,23.0
416162,Mind & Body,46.71,Health,43.91,Friday,Evening,0.0,3.0,Negative,15.56323,1,90.0
416859,Mind & Body,10.48,Health,84.25,Friday,Evening,54.59,0.0,Negative,3.80757,1,88.0
417818,Mind & Body,9.24,Health,26.12,Friday,Evening,0.0,0.0,Positive,5.33477,1,58.0
417955,Mind & Body,30.35,Health,74.51,Friday,Evening,6.81,2.0,Neutral,11.0807,1,2.0
418199,Mind & Body,16.74,Health,67.68,Friday,Evening,84.48,2.0,Positive,10.83,1,56.0
418877,Mind & Body,64.742412817461,Health,74.53,Friday,Evening,42.34,3.0,Positive,35.82,1,47.0
420367,Mind & Body,34.82,Health,72.72,Friday,Evening,0.0,0.0,Negative,16.83,1,83.0
424877,Mind & Body,99.78,Health,25.26,Friday,Evening,76.66,0.0,Neutral,67.93176,1,71.0
426041,Mind & Body,75.1,Health,54.76,Friday,Evening,73.41,3.0,Negative,59.62124,1,65.0
427920,Mind & Body,50.09,Health,43.4,Friday,Evening,50.66,2.0,Positive,38.22372,1,98.0
429565,Mind & Body,65.45,Health,37.34,Friday,Evening,58.7,1.0,Neutral,32.74264,1,93.0
430163,Mind & Body,64.742412817461,Health,79.38,Friday,Evening,48.19,1.0,Positive,16.75562,1,41.0
432449,Mind & Body,114.74,Health,54.47,Friday,Evening,12.45,3.0,Negative,59.9281,1,88.0
433234,Mind & Body,84.23,Health,98.86,Friday,Evening,0.0,2.0,Positive,73.907,1,72.0
433415,Mind & Body,56.03,Health,28.29,Friday,Evening,27.37,2.0,Neutral,28.97269,1,29.0
434208,Mind & Body,70.16,Health,23.17,Friday,Evening,0.0,1.0,Positive,57.72666,1,12.0
434243,Mind & Body,18.2,Health,86.58,Friday,Evening,48.67,3.0,Negative,10.14566,1,24.0
436840,Mind & Body,119.31,Health,88.29,Friday,Evening,85.78,2.0,Negative,95.97105,1,50.0
436941,Mind & Body,49.32,Health,74.81,Friday,Evening,0.0,0.0,Neutral,23.8144,1,21.0
439148,Mind & Body,60.29,Health,36.29,Friday,Evening,43.22,3.0,Neutral,47.87043,1,48.0
440263,Mind & Body,8.54,Health,90.77,Friday,Evening,10.14,3.0,Negative,6.26,1,6.0
441081,Mind & Body,98.01,Health,62.22,Friday,Evening,0.0,1.0,Neutral,59.30549,1,1.0
443295,Mind & Body,6.33,Health,57.63,Friday,Evening,0.0,3.0,Neutral,0.0,1,42.0
449758,Mind & Body,109.75,Health,49.5,Friday,Evening,73.68,3.0,Neutral,90.82,1,68.0
452983,Mind & Body,64.742412817461,Health,84.24,Friday,Evening,0.0,0.0,Neutral,87.49999,1,67.0
455592,Mind & Body,9.93,Health,78.43,Friday,Evening,76.35,0.0,Neutral,4.32703,1,33.0
456254,Mind & Body,96.81,Health,80.29,Friday,Evening,18.67,3.0,Negative,89.33623,1,25.0
456528,Mind & Body,10.86,Health,22.37,Friday,Evening,64.18,0.0,Neutral,6.94378,1,74.0
461521,Mind & Body,105.41,Health,21.32,Friday,Evening,75.08,1.0,Negative,92.11,1,87.0
470066,Mind & Body,51.54,Health,79.54,Friday,Evening,0.0,2.0,Positive,43.99138,1,48.0
470123,Mind & Body,22.18,Health,42.62,Friday,Evening,84.08,0.0,Negative,20.7571,1,24.0
474146,Mind & Body,7.3,Health,80.14,Friday,Evening,94.34,1.0,Neutral,0.46027,1,17.0
475199,Mind & Body,62.29,Health,74.15,Friday,Evening,91.5,2.0,Negative,44.32614,1,56.0
478120,Mind & Body,40.75,Health,42.01,Friday,Evening,93.41,3.0,Neutral,30.45623,1,92.0
478284,Mind & Body,62.85,Health,84.8,Friday,Evening,13.89,0.0,Negative,55.26087,1,71.0
478541,Mind & Body,19.83,Health,72.59,Friday,Evening,82.68,0.0,Negative,19.12249,1,92.0
479323,Mind & Body,67.83,Health,88.98,Friday,Evening,21.32,0.0,Positive,43.93616,1,36.0
479403,Mind & Body,73.9,Health,32.09,Friday,Evening,40.51,0.0,Positive,73.94474,1,69.0
481499,Mind & Body,115.62,Health,81.82,Friday,Evening,65.62,1.0,Positive,102.30503,1,51.0
482226,Mind & Body,96.31,Health,69.49,Friday,Evening,83.68,2.0,Neutral,78.55576,1,77.0
482909,Mind & Body,102.76,Health,79.26,Friday,Evening,0.0,0.0,Neutral,70.58,1,64.0
484036,Mind & Body,101.58,Health,79.68,Friday,Evening,20.1,3.0,Negative,55.26966,1,97.0
484880,Mind & Body,5.09,Health,44.25,Friday,Evening,2.68,0.0,Neutral,3.10536,1,24.0
486304,Mind & Body,113.76,Health,26.88,Friday,Evening,50.96,2.0,Positive,82.43688,1,34.0
489877,Mind & Body,16.01,Health,85.21,Friday,Evening,26.97,1.0,Neutral,9.36418,1,82.0
490065,Mind & Body,64.742412817461,Health,80.36,Friday,Evening,68.43,0.0,Neutral,5.43,1,68.0
490337,Mind & Body,39.72,Health,95.46,Friday,Evening,95.52,0.0,Neutral,33.64554,1,53.0
491922,Mind & Body,76.33,Health,31.92,Friday,Evening,0.0,3.0,Positive,57.64,1,30.0
494237,Mind & Body,106.69,Health,28.98,Friday,Evening,89.87,2.0,Neutral,62.86,1,68.0
498001,Mind & Body,97.54,Health,30.05,Friday,Evening,0.0,1.0,Negative,82.93063,1,80.0
498658,Mind & Body,25.41,Health,29.37,Friday,Evening,82.86,1.0,Neutral,23.79,1,40.0
502131,Mind & Body,26.76,Health,94.39,Friday,Evening,82.26,0.0,Negative,18.35043,1,48.0
505105,Mind & Body,44.09,Health,71.09,Friday,Evening,89.09,3.0,Neutral,31.72147,1,43.0
505477,Mind & Body,76.97,Health,29.0,Friday,Evening,99.69,0.0,Neutral,33.72793,1,20.0
507911,Mind & Body,22.54,Health,41.29,Friday,Evening,40.76,3.0,Neutral,16.8539,1,47.0
507931,Mind & Body,117.19,Health,36.24,Friday,Evening,53.9,1.0,Negative,82.93063,1,80.0
508476,Mind & Body,114.41,Health,64.73,Friday,Evening,96.09,1.0,Negative,69.91242,1,70.0
511970,Mind & Body,69.01,Health,89.45,Friday,Evening,38.63,0.0,Neutral,63.83748,1,65.0
512379,Mind & Body,57.77,Health,36.51,Friday,Evening,66.29,3.0,Positive,26.04,1,29.0
514445,Mind & Body,52.62,Health,81.65,Friday,Evening,85.51,0.0,Negative,42.40159,1,40.0
520276,Mind & Body,31.46,Health,37.23,Friday,Evening,99.64,2.0,Neutral,25.66316,1,11.0
520368,Mind & Body,112.5,Health,71.57,Friday,Evening,13.64,3.0,Neutral,54.09112,1,20.0
524584,Mind & Body,6.33,Health,20.41,Friday,Evening,43.33,1.0,Neutral,0.10715,1,30.0
525235,Mind & Body,101.24,Health,73.78,Friday,Evening,99.1,2.0,Negative,71.92914,1,99.0
525781,Mind & Body,66.23,Health,36.32,Friday,Evening,17.02,0.0,Positive,57.72266,1,42.0
530311,Mind & Body,116.94,Health,41.46,Friday,Evening,94.73,3.0,Positive,68.04877,1,59.0
530720,Mind & Body,10.54,Health,44.35,Friday,Evening,80.97,0.0,Neutral,6.33,1,73.0
531029,Mind & Body,64.742412817461,Health,56.19,Friday,Evening,22.06,2.0,Positive,40.49601,1,91.0
532765,Mind & Body,113.03,Health,45.66,Friday,Evening,98.35,2.0,Positive,59.67587,1,61.0
533810,Mind & Body,94.08,Health,29.9,Friday,Evening,85.58,2.0,Positive,66.56969,1,11.0
536617,Mind & Body,64.742412817461,Health,91.86,Friday,Evening,49.35,1.0,Neutral,86.13829,1,76.0
537356,Mind & Body,64.742412817461,Health,75.01,Friday,Evening,84.98,2.0,Negative,48.65263,1,62.0
538093,Mind & Body,83.26,Health,77.75,Friday,Evening,65.41,1.0,Negative,71.14939,1,38.0
538247,Mind & Body,94.33,Health,77.15,Friday,Evening,0.0,2.0,Neutral,41.47508,1,2.0
538564,Mind & Body,52.47,Health,63.2,Friday,Evening,95.81,0.0,Neutral,33.64554,1,89.0
539820,Mind & Body,64.742412817461,Health,63.39,Friday,Evening,38.66,0.0,Negative,100.08,1,69.0
542251,Mind & Body,7.22,Health,46.51,Friday,Evening,0.0,2.0,Negative,0.71337,1,42.0
542841,Mind & Body,31.57,Health,23.88,Friday,Evening,83.63,0.0,Neutral,16.27311,1,75.0
544624,Mind & Body,64.75,Health,95.4,Friday,Evening,59.32,0.0,Positive,37.71183,1,52.0
546183,Mind & Body,61.04,Health,95.97,Friday,Evening,23.81,2.0,Neutral,40.29935,1,51.0
546461,Mind & Body,64.742412817461,Health,29.27,Friday,Evening,76.57,2.0,Positive,69.93086,1,60.0
549371,Mind & Body,64.742412817461,Health,79.0,Friday,Evening,81.66,1.0,Neutral,64.67723,1,55.0
551503,Mind & Body,10.53,Health,92.36,Friday,Evening,40.36,1.0,Neutral,5.11894,1,12.0
551665,Mind & Body,31.31,Health,88.84,Friday,Evening,0.0,1.0,Positive,23.44127,1,71.0
552305,Mind & Body,62.58,Health,44.27,Friday,Evening,72.57,0.0,Neutral,49.27161,1,43.0
554086,Mind & Body,114.96,Health,46.38,Friday,Evening,45.52,1.0,Negative,97.37536,1,16.0
556018,Mind & Body,100.45,Health,35.67,Friday,Evening,0.0,0.0,Negative,79.65669,1,100.0
556097,Mind & Body,99.71,Health,36.83,Friday,Evening,53.36,2.0,Negative,82.93063,1,80.0
557833,Mind & Body,48.9,Health,23.15,Friday,Evening,19.23,3.0,Positive,35.26008,1,60.0
558951,Mind & Body,106.04,Health,98.78,Friday,Evening,73.52,0.0,Neutral,50.16592,1,91.0
560406,Mind & Body,81.33,Health,94.78,Friday,Evening,77.96,3.0,Negative,49.67377,1,68.0
562614,Mind & Body,100.82,Health,91.75,Friday,Evening,33.95,2.0,Neutral,66.70334,1,27.0
564678,Mind & Body,40.48,Health,22.5,Friday,Evening,0.0,1.0,Neutral,32.06821,1,47.0
565666,Mind & Body,112.76,Health,98.38,Friday,Evening,4.12,0.0,Negative,91.12612,1,61.0
567720,Mind & Body,31.74,Health,98.38,Friday,Evening,98.43,1.0,Negative,21.42,1,11.0
568856,Mind & Body,8.69,Health,41.48,Friday,Evening,86.79,2.0,Negative,0.0,1,50.0
569903,Mind & Body,64.742412817461,Health,54.82,Friday,Evening,0.0,1.0,Neutral,19.87127,1,13.0
571084,Mind & Body,74.78,Health,64.55,Friday,Evening,32.24,3.0,Positive,57.7219,1,46.0
571468,Mind & Body,64.742412817461,Health,65.65,Friday,Evening,0.0,2.0,Negative,31.47656,1,75.0
571855,Mind & Body,106.39,Health,90.16,Friday,Evening,93.6,1.0,Negative,99.85974,1,23.0
574078,Mind & Body,64.742412817461,Health,53.42,Friday,Evening,0.0,1.0,Neutral,17.29444,1,75.0
574725,Mind & Body,71.98,Health,29.9,Friday,Evening,14.38,2.0,Negative,40.52229,1,34.0
576127,Mind & Body,97.97,Health,94.84,Friday,Evening,66.02,2.0,Neutral,73.29066,1,63.0
578248,Mind & Body,13.16,Health,93.22,Friday,Evening,0.0,0.0,Positive,7.26404,1,17.0
580750,Mind & Body,117.19,Health,30.09,Friday,Evening,53.3,2.0,Negative,82.93063,1,80.0
582295,Mind & Body,30.02,Health,89.47,Friday,Evening,53.32,1.0,Negative,18.98,1,64.0
582782,Mind & Body,69.07,Health,71.82,Friday,Evening,38.7,0.0,Negative,66.19047,1,75.0
586573,Mind & Body,59.23,Health,89.94,Friday,Evening,22.03,3.0,Neutral,28.26467,1,56.0
588278,Mind & Body,107.69,Health,45.97,Friday,Evening,22.52,2.0,Positive,51.16979,1,82.0
589103,Mind & Body,62.73,Health,95.59,Friday,Evening,88.08,0.0,Negative,50.5094,1,7.0
593672,Mind & Body,110.14,Health,59.95,Friday,Evening,99.45,3.0,Negative,55.43135,1,92.0
598562,Mind & Body,116.84,Health,72.4,Friday,Evening,0.0,0.0,Neutral,84.57099,1,56.0
599848,Mind & Body,66.62,Health,43.82,Friday,Evening,28.24,0.0,Negative,53.32167,1,30.0
601351,Mind & Body,87.38,Health,77.32,Friday,Evening,46.03,3.0,Neutral,55.20821,1,98.0
603693,Mind & Body,64.742412817461,Health,34.26,Friday,Evening,29.23,1.0,Neutral,65.27161,1,43.0
604741,Mind & Body,39.16,Health,28.99,Friday,Evening,36.9,0.0,Positive,32.97868,1,36.0
605577,Mind & Body,116.65,Health,31.44,Friday,Evening,61.22,2.0,Negative,95.25,1,14.0
608608,Mind & Body,66.62,Health,43.82,Friday,Evening,52.82,0.0,Negative,53.32167,1,35.0
609190,Mind & Body,114.06,Health,81.75,Friday,Evening,31.42,1.0,Neutral,107.72,1,50.0
611360,Mind & Body,92.47,Health,21.31,Friday,Evening,39.98,3.0,Negative,59.72491,1,35.0
612822,Mind & Body,50.67,Health,67.95,Friday,Evening,85.72,3.0,Neutral,32.72,1,4.0
614466,Mind & Body,117.21,Health,35.17,Friday,Evening,0.0,3.0,Neutral,72.37653,1,68.0
615739,Mind & Body,6.22,Health,65.77,Friday,Evening,65.78,1.0,Positive,4.1152,1,65.0
615892,Mind & Body,31.68,Health,69.32,Friday,Evening,89.35,1.0,Positive,16.98,1,68.0
617570,Mind & Body,27.9,Health,21.79,Friday,Evening,0.0,1.0,Positive,23.7268,1,2.0
619089,Mind & Body,92.81,Health,76.16,Friday,Evening,9.2,0.0,Positive,89.09388,1,32.0
624799,Mind & Body,73.49,Health,24.7,Friday,Evening,5.4,2.0,Positive,54.57563,1,78.0
625353,Mind & Body,54.37,Health,65.67,Friday,Evening,0.0,2.0,Positive,36.52044,1,13.0
626698,Mind & Body,99.51,Health,30.46,Friday,Evening,63.06,3.0,Positive,54.77713,1,48.0
630241,Mind & Body,100.14,Health,32.95,Friday,Evening,49.11,1.0,Positive,71.73514,1,54.0
630491,Mind & Body,25.13,Health,37.4,Friday,Evening,24.52,2.0,Neutral,15.73342,1,79.0
632233,Mind & Body,117.7,Health,56.69,Friday,Evening,90.57,2.0,Negative,105.28086,1,83.0
633288,Mind & Body,74.7,Health,78.02,Friday,Evening,5.14,2.0,Neutral,42.26612,1,88.0
634928,Mind & Body,12.55,Health,26.68,Friday,Evening,56.21,0.0,Negative,5.87572,1,53.0
637485,Mind & Body,21.99,Health,55.15,Friday,Evening,20.73,0.0,Positive,19.67554,1,15.0
638117,Mind & Body,99.36,Health,34.36,Friday,Evening,77.83,1.0,Negative,82.93063,1,25.0
638882,Mind & Body,64.742412817461,Health,59.4,Friday,Evening,0.0,2.0,Negative,20.52,1,7.0
640690,Mind & Body,23.89,Health,97.35,Friday,Evening,23.17,2.0,Neutral,12.21059,1,86.0
641416,Mind & Body,73.42,Health,55.28,Friday,Evening,0.0,3.0,Neutral,35.41,1,24.0
642284,Mind & Body,46.02,Health,89.69,Friday,Evening,0.0,2.0,Positive,37.43957,1,70.0
645530,Mind & Body,64.742412817461,Health,69.65,Friday,Evening,0.0,1.0,Negative,34.095,1,64.0
646421,Mind & Body,64.742412817461,Health,20.17,Friday,Evening,0.0,0.0,Neutral,27.64098,1,42.0
649383,Mind & Body,16.0,Health,74.72,Friday,Evening,22.63,0.0,Neutral,10.45577,1,37.0
653017,Mind & Body,112.8,Health,67.55,Friday,Evening,98.61,0.0,Negative,94.80537,1,93.0
654011,Mind & Body,64.742412817461,Health,66.97,Friday,Evening,18.31,3.0,Neutral,24.06267,1,47.0
655351,Mind & Body,64.742412817461,Health,59.94,Friday,Evening,86.94,1.0,Negative,20.42,1,2.0
655864,Mind & Body,82.88,Health,50.96,Friday,Evening,59.47,1.0,Negative,46.01935,1,91.0
656273,Mind & Body,35.24,Health,29.9,Friday,Evening,23.64,2.0,Positive,9.23172,1,11.0
657600,Mind & Body,40.75,Health,27.53,Friday,Evening,52.99,2.0,Negative,14.72,1,35.0
659061,Mind & Body,84.22,Health,77.54,Friday,Evening,46.41,3.0,Positive,59.68573,1,17.0
659252,Mind & Body,64.742412817461,Health,51.05,Friday,Evening,29.0,0.0,Neutral,33.74893,1,99.0
659764,Mind & Body,69.01,Health,83.94,Friday,Evening,43.48,0.0,Neutral,63.83748,1,65.0
661132,Mind & Body,81.53,Health,24.53,Friday,Evening,33.72,1.0,Negative,61.80264,1,1.0
663486,Mind & Body,117.16,Health,83.21,Friday,Evening,0.0,0.0,Negative,94.8163,1,20.0
664142,Mind & Body,65.55,Health,74.29,Friday,Evening,94.57,1.0,Neutral,49.0653,1,54.0
665430,Mind & Body,39.61,Health,95.46,Friday,Evening,60.53,0.0,Neutral,33.64554,1,53.0
668621,Mind & Body,64.742412817461,Health,77.04,Friday,Evening,71.44,0.0,Negative,67.87309,1,29.0
671599,Mind & Body,112.41,Health,62.08,Friday,Evening,4.59,2.0,Neutral,79.52147,1,44.0
672150,Mind & Body,97.68,Health,36.62,Friday,Evening,73.36,2.0,Negative,82.93063,1,80.0
673986,Mind & Body,39.72,Health,63.76,Friday,Evening,95.52,0.0,Neutral,33.64554,1,92.0
674137,Mind & Body,114.99,Health,58.68,Friday,Evening,60.77,1.0,Neutral,103.09,1,58.0
677189,Mind & Body,64.742412817461,Health,36.16,Friday,Evening,19.53,3.0,Positive,50.75362,1,91.0
683208,Mind & Body,91.52,Health,36.02,Friday,Evening,0.0,1.0,Neutral,78.12783,1,35.0
685178,Mind & Body,73.33,Health,64.49,Friday,Evening,0.0,2.0,Negative,54.99138,1,95.0
685572,Mind & Body,12.56,Health,92.36,Friday,Evening,96.36,1.0,Neutral,5.11894,1,12.0
685600,Mind & Body,119.09,Health,92.42,Friday,Evening,21.27,3.0,Positive,115.38,1,60.0
686062,Mind & Body,64.742412817461,Health,92.15,Friday,Evening,32.47,1.0,Positive,71.42536,1,27.0
686150,Mind & Body,64.742412817461,Health,77.36,Friday,Evening,0.0,0.0,Negative,54.82813,1,74.0
687672,Mind & Body,26.01,Health,98.72,Friday,Evening,34.6,1.0,Positive,25.59852,1,34.0
687707,Mind & Body,66.23,Health,36.32,Friday,Evening,17.47,0.0,Positive,57.72266,1,42.0
687939,Mind & Body,62.36,Health,54.89,Friday,Evening,0.0,0.0,Neutral,38.50044,1,61.0
688359,Mind & Body,54.51,Health,45.17,Friday,Evening,57.08,0.0,Neutral,47.02496,1,32.0
689875,Mind & Body,66.03,Health,67.45,Friday,Evening,0.0,1.0,Positive,55.99193,1,38.0
690123,Mind & Body,34.84,Health,65.96,Friday,Evening,49.96,2.0,Positive,18.23511,1,13.0
692393,Mind & Body,64.742412817461,Health,77.69,Friday,Evening,84.48,0.0,Neutral,37.02057,1,60.0
693269,Mind & Body,51.34,Health,84.71,Friday,Evening,0.0,2.0,Positive,30.36727,1,16.0
694162,Mind & Body,23.16,Health,27.89,Friday,Evening,24.88,3.0,Neutral,19.88657,1,77.0
696570,Mind & Body,13.95,Health,30.58,Friday,Evening,46.8,2.0,Neutral,2.52101,1,82.0
696902,Mind & Body,113.87,Health,58.2,Friday,Evening,51.32,0.0,Positive,91.36135,1,14.0
697362,Mind & Body,76.78,Health,51.87,Friday,Evening,94.32,1.0,Neutral,59.34,1,91.0
698207,Mind & Body,6.45,Health,71.44,Friday,Evening,0.0,3.0,Negative,6.30881,1,100.0
701532,Mind & Body,8.31,Health,46.36,Friday,Evening,67.12,0.0,Positive,4.53636,1,22.0
705715,Mind & Body,67.57,Health,68.48,Friday,Evening,19.66,2.0,Positive,50.27755,1,71.0
707125,Mind & Body,39.72,Health,95.72,Friday,Evening,61.63,0.0,Neutral,33.64554,1,92.0
707155,Mind & Body,62.97,Health,51.58,Friday,Evening,85.8,0.0,Negative,42.40159,1,91.0
708793,Mind & Body,38.96,Health,51.07,Friday,Evening,0.0,3.0,Positive,17.00401,1,64.0
709424,Mind & Body,96.16,Health,21.09,Friday,Evening,34.63,0.0,Negative,64.74193,1,17.0
709710,Mind & Body,78.03,Health,75.18,Friday,Evening,94.24,1.0,Negative,53.68518,1,45.0
710928,Mind & Body,114.01,Health,35.35,Friday,Evening,28.02,1.0,Neutral,72.11923,1,35.0
712182,Mind & Body,28.7,Health,55.25,Friday,Evening,24.66,0.0,Positive,11.73715,1,69.0
715519,Mind & Body,19.32,Health,31.56,Friday,Evening,17.36,2.0,Neutral,13.45953,1,98.0
716057,Mind & Body,30.34,Health,42.23,Friday,Evening,54.72,0.0,Positive,22.01744,1,82.0
716639,Mind & Body,42.93,Health,35.3,Friday,Evening,5.93,0.0,Neutral,30.0377,1,91.0
717497,Mind & Body,111.11,Health,50.31,Friday,Evening,81.97,1.0,Negative,76.82573,1,23.0
717733,Mind & Body,8.85,Health,21.36,Friday,Evening,0.0,1.0,Positive,8.31,1,88.0
718041,Mind & Body,14.27,Health,35.27,Friday,Evening,41.27,1.0,Neutral,9.45082,1,77.0
718132,Mind & Body,33.69,Health,39.69,Friday,Evening,62.64,3.0,Positive,26.72,1,69.0
719172,Mind & Body,98.24,Health,57.26,Friday,Evening,0.0,0.0,Negative,53.54181,1,21.0
719249,Mind & Body,27.2,Health,29.36,Friday,Evening,15.85,2.0,Positive,20.68507,1,50.0
722914,Mind & Body,100.44,Health,30.78,Friday,Evening,67.96,3.0,Positive,56.42782,1,21.0
722927,Mind & Body,113.56,Health,56.26,Friday,Evening,0.0,1.0,Neutral,104.17536,1,1.0
723660,Mind & Body,64.742412817461,Health,86.62,Friday,Evening,59.12,2.0,Neutral,49.76665,1,20.0
723857,Mind & Body,118.85,Health,55.46,Friday,Evening,65.88,3.0,Neutral,87.96247,1,27.0
723955,Mind & Body,64.742412817461,Health,24.18,Friday,Evening,60.39,0.0,Negative,32.54052,1,23.0
724538,Mind & Body,64.742412817461,Health,24.18,Friday,Evening,58.55,0.0,Negative,32.54052,1,24.0
725338,Mind & Body,35.93,Health,57.06,Friday,Evening,16.16,3.0,Negative,19.43687,1,85.0
726521,Mind & Body,64.742412817461,Health,25.5,Friday,Evening,0.0,1.0,Negative,45.54813,1,2.0
728168,Mind & Body,76.24,Health,72.29,Friday,Evening,79.6,2.0,Positive,44.60576,1,82.0
728403,Mind & Body,71.62,Health,47.63,Friday,Evening,89.86,2.0,Neutral,58.07611,1,17.0
729603,Mind & Body,62.97,Health,51.64,Friday,Evening,85.57,0.0,Negative,42.40159,1,40.0
733573,Mind & Body,43.24,Health,95.29,Friday,Evening,16.43,3.0,Positive,40.84841,1,29.0
734558,Mind & Body,40.3,Health,26.72,Friday,Evening,0.0,2.0,Positive,20.44828,1,23.0
734759,Mind & Body,12.68,Health,96.74,Friday,Evening,16.97,0.0,Negative,11.71735,1,97.0
735152,Mind & Body,97.68,Health,35.24,Friday,Evening,53.9,2.0,Negative,82.93063,1,80.0
736523,Mind & Body,31.85,Health,31.25,Friday,Evening,0.0,3.0,Negative,17.65,1,27.0
737701,Mind & Body,67.09,Health,77.84,Friday,Evening,45.08,2.0,Positive,36.45846,1,30.0
738258,Mind & Body,113.46,Health,27.94,Friday,Evening,0.0,1.0,Negative,87.74,1,40.0
738448,Mind & Body,90.4,Health,83.43,Friday,Evening,0.0,3.0,Positive,57.54288,1,91.0
739664,Mind & Body,23.59,Health,49.11,Friday,Evening,0.0,3.0,Negative,16.92032,1,17.0
741469,Mind & Body,64.742412817461,Health,58.48,Friday,Evening,91.28,2.0,Negative,16.38694,1,3.0
741580,Mind & Body,64.742412817461,Health,96.53,Friday,Evening,70.99,0.0,Neutral,46.84489,1,61.0
744734,Mind & Body,65.41,Health,39.31,Friday,Evening,93.89,0.0,Negative,63.64642,1,65.0
746326,Mind & Body,88.94,Health,58.41,Friday,Evening,38.11,1.0,Positive,75.29184,1,36.0
748175,Mind & Body,9.35,Health,47.47,Friday,Evening,79.81,2.0,Negative,4.68329,1,51.0
748507,Mind & Body,78.33,Health,57.66,Friday,Evening,0.06,0.0,Neutral,37.89203,1,56.0
749877,Mind & Body,103.82,Health,29.91,Friday,Evening,68.43,1.0,Negative,61.38,1,63.0
752696,Mind & Body,79.45,Health,62.35,Friday,Evening,56.63,3.0,Negative,,0,79.0
753928,Mind & Body,64.742412817461,Health,31.26,Friday,Evening,0.0,1.0,Neutral,,0,27.0
754224,Mind & Body,64.742412817461,Health,27.16,Friday,Evening,50.28,1.0,Neutral,,0,41.0
754227,Mind & Body,17.63,Health,49.81,Friday,Evening,32.02,2.0,Positive,,0,35.0
754769,Mind & Body,96.94,Health,94.86,Friday,Evening,29.27,2.0,Neutral,,0,47.0
757159,Mind & Body,9.73,Health,60.52,Friday,Evening,56.14,1.0,Neutral,,0,92.0
757517,Mind & Body,90.31,Health,26.83,Friday,Evening,26.8,2.0,Negative,,0,83.0
757900,Mind & Body,35.35,Health,66.6,Friday,Evening,0.0,2.0,Positive,,0,68.0
760557,Mind & Body,9.18,Health,65.29,Friday,Evening,93.46,3.0,Negative,,0,34.0
760804,Mind & Body,64.742412817461,Health,25.42,Friday,Evening,17.42,0.0,Positive,,0,63.0
761685,Mind & Body,64.742412817461,Health,61.99,Friday,Evening,0.0,3.0,Negative,,0,63.0
762246,Mind & Body,18.39,Health,83.36,Friday,Evening,54.64,0.0,Neutral,,0,42.0
767666,Mind & Body,35.39,Health,53.82,Friday,Evening,0.72,0.0,Positive,,0,2.0
769028,Mind & Body,97.68,Health,34.09,Friday,Evening,80.81,2.0,Negative,,0,80.0
769202,Mind & Body,47.53,Health,30.03,Friday,Evening,0.0,0.0,Neutral,,0,12.0
774119,Mind & Body,50.4,Health,42.15,Friday,Evening,56.08,0.0,Positive,,0,72.0
776182,Mind & Body,106.74,Health,41.31,Friday,Evening,78.78,0.0,Negative,,0,76.0
776319,Mind & Body,64.742412817461,Health,21.09,Friday,Evening,73.06,0.0,Positive,,0,36.0
779617,Mind & Body,42.8,Health,33.67,Friday,Evening,98.9,3.0,Negative,,0,97.0
780539,Mind & Body,118.64,Health,97.79,Friday,Evening,34.98,0.0,Neutral,,0,1.0
780895,Mind & Body,69.61,Health,33.77,Friday,Evening,87.45,3.0,Positive,,0,62.0
780900,Mind & Body,64.742412817461,Health,89.8,Friday,Evening,59.28,1.0,Positive,,0,17.0
781215,Mind & Body,54.76,Health,57.63,Friday,Evening,30.06,0.0,Positive,,0,56.0
781771,Mind & Body,9.612195675,Health,91.81,Friday,Evening,29.44,0.0,Neutral,,0,18.0
783470,Mind & Body,64.742412817461,Health,55.75,Friday,Evening,26.37,1.0,Positive,,0,27.0
785277,Mind & Body,53.41,Health,63.57,Friday,Evening,0.0,2.0,Positive,,0,57.0
787029,Mind & Body,43.9,Health,61.54,Friday,Evening,4.54,3.0,Negative,,0,64.0
787358,Mind & Body,116.84,Health,72.16,Friday,Evening,30.84,1.0,Neutral,,0,3.0
788315,Mind & Body,93.14,Health,34.75,Friday,Evening,62.96,3.0,Negative,,0,38.0
789137,Mind & Body,31.42,Health,27.98,Friday,Evening,51.21,3.0,Neutral,,0,40.0
790511,Mind & Body,59.52,Health,53.68,Friday,Evening,75.04,0.0,Negative,,0,43.0
790666,Mind & Body,114.02,Health,27.03,Friday,Evening,14.08,0.0,Negative,,0,70.0
792147,Mind & Body,8.52,Health,35.02,Friday,Evening,13.94,0.0,Positive,,0,47.0
792501,Mind & Body,12.5,Health,58.73,Friday,Evening,99.63,2.0,Positive,,0,82.0
794104,Mind & Body,10.17,Health,45.11,Friday,Evening,47.72,0.0,Positive,,0,67.0
795657,Mind & Body,100.43,Health,75.07,Friday,Evening,70.48,3.0,Neutral,,0,97.0
796436,Mind & Body,96.75,Health,69.43,Friday,Evening,0.0,0.0,Negative,,0,1.0
796795,Mind & Body,68.17,Health,63.64,Friday,Evening,9.5,3.0,Positive,,0,63.0
800176,Mind & Body,108.76,Health,94.29,Friday,Evening,28.83,3.0,Neutral,,0,25.0
802141,Mind & Body,14.69,Health,75.01,Friday,Evening,9.45,1.0,Neutral,,0,81.0
804636,Mind & Body,68.03,Health,38.68,Friday,Evening,11.02,0.0,Neutral,,0,16.0
805506,Mind & Body,112.22,Health,89.67,Friday,Evening,68.68,3.0,Neutral,,0,54.0
809540,Mind & Body,24.82,Health,30.83,Friday,Evening,4.82,1.0,Neutral,,0,25.0
810108,Mind & Body,76.4,Health,36.31,Friday,Evening,32.04,1.0,Negative,,0,82.0
810136,Mind & Body,13.42,Health,31.14,Friday,Evening,90.45,0.0,Neutral,,0,96.0
811465,Mind & Body,114.98,Health,69.66,Friday,Evening,4.64,3.0,Neutral,,0,20.0
812649,Mind & Body,64.742412817461,Health,55.05,Friday,Evening,0.0,1.0,Neutral,,0,86.0
813949,Mind & Body,65.82,Health,64.16,Friday,Evening,48.82,1.0,Neutral,,0,94.0
814936,Mind & Body,114.44,Health,75.85,Friday,Evening,9.23,3.0,Negative,,0,20.0
815239,Mind & Body,22.14,Health,81.33,Friday,Evening,43.56,3.0,Positive,,0,95.0
819230,Mind & Body,55.71,Health,53.85,Friday,Evening,0.0,3.0,Neutral,,0,44.0
819749,Mind & Body,9.36,Health,56.68,Friday,Evening,29.26,1.0,Neutral,,0,45.0
820680,Mind & Body,71.51,Health,65.67,Friday,Evening,37.66,0.0,Negative,,0,8.0
823113,Mind & Body,71.73,Health,89.52,Friday,Evening,97.98,1.0,Positive,,0,96.0
824440,Mind & Body,8.69,Health,39.34,Friday,Evening,9.43,3.0,Negative,,0,54.0
824480,Mind & Body,37.73,Health,49.38,Friday,Evening,76.41,3.0,Neutral,,0,70.0
829639,Mind & Body,119.13,Health,77.36,Friday,Evening,0.0,2.0,Positive,,0,6.0
830222,Mind & Body,111.08,Health,60.26,Friday,Evening,0.0,1.0,Negative,,0,40.0
830612,Mind & Body,49.57,Health,30.03,Friday,Evening,0.0,0.0,Neutral,,0,12.0
830772,Mind & Body,5.45,Health,94.82,Friday,Evening,0.0,1.0,Negative,,0,67.0
832220,Mind & Body,58.08,Health,97.11,Friday,Evening,29.12,3.0,Neutral,,0,46.0
832637,Mind & Body,35.69,Health,91.65,Friday,Evening,0.0,0.0,Neutral,,0,64.0
835124,Mind & Body,23.13,Health,93.27,Friday,Evening,5.69,3.0,Positive,,0,30.0
837005,Mind & Body,64.742412817461,Health,66.98,Friday,Evening,0.0,0.0,Negative,,0,85.0
837030,Mind & Body,109.36,Health,28.61,Friday,Evening,54.53,3.0,Negative,,0,49.0
839951,Mind & Body,66.62,Health,43.82,Friday,Evening,52.63,0.0,Negative,,0,35.0
840355,Mind & Body,96.07,Health,96.92,Friday,Evening,64.65,0.0,Neutral,,0,84.0
842667,Mind & Body,17.08,Health,54.09,Friday,Evening,12.82,2.0,Negative,,0,30.0
842714,Mind & Body,51.81,Health,33.29,Friday,Evening,0.43,1.0,Negative,,0,6.0
843976,Mind & Body,66.62,Health,55.57,Friday,Evening,52.97,0.0,Negative,,0,35.0
846417,Mind & Body,99.32,Health,57.11,Friday,Evening,92.08,0.0,Neutral,,0,94.0
846662,Mind & Body,31.71,Health,98.82,Friday,Evening,90.68,1.0,Negative,,0,67.0
846773,Mind & Body,119.57,Health,33.54,Friday,Evening,18.59,2.0,Negative,,0,76.0
848444,Mind & Body,34.32,Health,26.09,Friday,Evening,0.0,3.0,Negative,,0,56.0
854291,Mind & Body,100.12,Health,92.06,Friday,Evening,44.98,1.0,Positive,,0,84.0
855861,Mind & Body,77.8,Health,51.14,Friday,Evening,0.0,1.0,Neutral,,0,59.0
856039,Mind & Body,66.92,Health,52.83,Friday,Evening,85.82,3.0,Negative,,0,8.0
857162,Mind & Body,32.34,Health,51.4,Friday,Evening,51.85,2.0,Neutral,,0,30.0
868494,Mind & Body,89.07,Health,91.14,Friday,Evening,54.74,2.0,Positive,,0,18.0
869658,Mind & Body,32.83,Health,76.55,Friday,Evening,61.17,1.0,Neutral,,0,100.0
870202,Mind & Body,21.08,Health,43.67,Friday,Evening,0.0,2.0,Positive,,0,51.0
872414,Mind & Body,64.742412817461,Health,21.76,Friday,Evening,0.0,0.0,Neutral,,0,98.0
873376,Mind & Body,52.12,Health,35.91,Friday,Evening,14.42,0.0,Negative,,0,31.0
873641,Mind & Body,32.44,Health,67.22,Friday,Evening,82.84,2.0,Positive,,0,92.0
875186,Mind & Body,100.45,Health,67.75,Friday,Evening,48.08,0.0,Positive,,0,100.0
876332,Mind & Body,42.49,Health,25.94,Friday,Evening,55.19,2.0,Positive,,0,75.0
876373,Mind & Body,64.742412817461,Health,33.69,Friday,Evening,0.0,1.0,Positive,,0,25.0
876511,Mind & Body,116.11,Health,83.35,Friday,Evening,0.0,3.0,Negative,,0,88.0
877123,Mind & Body,65.67,Health,74.7,Friday,Evening,0.0,1.0,Positive,,0,11.0
884720,Mind & Body,77.72,Health,34.75,Friday,Evening,62.96,3.0,Negative,,0,38.0
886665,Mind & Body,104.33,Health,33.92,Friday,Evening,68.92,0.0,Neutral,,0,76.0
889504,Mind & Body,76.32,Health,87.95,Friday,Evening,44.56,3.0,Negative,,0,18.0
890863,Mind & Body,12.13,Health,21.31,Friday,Evening,95.02,1.0,Positive,,0,30.0
890951,Mind & Body,115.57,Health,49.43,Friday,Evening,24.59,3.0,Neutral,,0,87.0
893203,Mind & Body,64.742412817461,Health,29.94,Friday,Evening,43.43,1.0,Positive,,0,64.0
898062,Mind & Body,111.51,Health,79.0,Friday,Evening,62.4,3.0,Negative,,0,35.0
898657,Mind & Body,10.69,Health,91.45,Friday,Evening,62.03,2.0,Neutral,,0,66.0
901937,Mind & Body,78.49,Health,28.45,Friday,Evening,0.0,2.0,Negative,,0,45.0
903035,Mind & Body,92.05,Health,53.38,Friday,Evening,58.2,2.0,Positive,,0,30.0
904276,Mind & Body,64.742412817461,Health,52.43,Friday,Evening,61.12,3.0,Positive,,0,73.0
904341,Mind & Body,50.76,Health,88.86,Friday,Evening,77.17,3.0,Negative,,0,50.0
905070,Mind & Body,104.33,Health,91.81,Friday,Evening,35.6,0.0,Positive,,0,56.0
909588,Mind & Body,64.742412817461,Health,68.61,Friday,Evening,54.19,1.0,Negative,,0,32.0
913349,Mind & Body,84.24,Health,87.65,Friday,Evening,58.63,1.0,Positive,,0,4.0
913418,Mind & Body,108.35,Health,86.88,Friday,Evening,85.57,0.0,Neutral,,0,99.0
913990,Mind & Body,29.05,Health,22.23,Friday,Evening,30.96,0.0,Neutral,,0,40.0
914287,Mind & Body,64.742412817461,Health,82.27,Friday,Evening,22.74,1.0,Neutral,,0,46.0
914654,Mind & Body,100.4,Health,79.13,Friday,Evening,33.18,0.0,Positive,,0,80.0
915454,Mind & Body,35.67,Health,72.84,Friday,Evening,51.3,3.0,Negative,,0,48.0
915613,Mind & Body,10.94,Health,47.55,Friday,Evening,54.47,0.0,Negative,,0,47.0
915841,Mind & Body,111.89,Health,40.78,Friday,Evening,5.64,3.0,Neutral,,0,26.0
917310,Mind & Body,16.26,Health,55.37,Friday,Evening,0.0,1.0,Negative,,0,76.0
917588,Mind & Body,23.44,Health,24.66,Friday,Evening,60.84,3.0,Negative,,0,78.0
918961,Mind & Body,64.742412817461,Health,90.15,Friday,Evening,73.25,2.0,Negative,,0,13.0
919104,Mind & Body,94.86,Health,50.44,Friday,Evening,89.61,3.0,Positive,,0,85.0
919438,Mind & Body,12.47,Health,56.52,Friday,Evening,0.0,0.0,Negative,,0,63.0
919570,Mind & Body,72.04,Health,39.14,Friday,Evening,25.22,3.0,Negative,,0,25.0
920527,Mind & Body,62.97,Health,51.64,Friday,Evening,85.51,0.0,Negative,,0,40.0
922005,Mind & Body,103.56,Health,85.56,Friday,Evening,2.86,1.0,Neutral,,0,66.0
922014,Mind & Body,115.29,Health,97.13,Friday,Evening,0.0,0.0,Positive,,0,74.0
922998,Mind & Body,101.96,Health,57.29,Friday,Evening,91.32,0.0,Positive,,0,3.0
923956,Mind & Body,64.742412817461,Health,91.65,Friday,Evening,49.67,0.0,Neutral,,0,64.0
926806,Mind & Body,49.92,Health,52.82,Friday,Evening,41.79,1.0,Negative,,0,11.0
927887,Mind & Body,66.23,Health,36.32,Friday,Evening,17.08,0.0,Positive,,0,82.0
928271,Mind & Body,92.29,Health,34.36,Friday,Evening,53.9,1.0,Negative,,0,80.0
930195,Mind & Body,5.47,Health,27.13,Friday,Evening,42.41,3.0,Negative,,0,47.0
930417,Mind & Body,38.73,Health,27.81,Friday,Evening,0.0,3.0,Negative,,0,38.0
930806,Mind & Body,110.33,Health,78.12,Friday,Evening,17.91,2.0,Positive,,0,67.0
935645,Mind & Body,95.83,Health,96.97,Friday,Evening,91.41,1.0,Positive,,0,21.0
937880,Mind & Body,102.56,Health,28.97,Friday,Evening,77.52,2.0,Positive,,0,36.0
939036,Mind & Body,61.72,Health,62.7,Friday,Evening,32.57,0.0,Neutral,,0,50.0
940220,Mind & Body,64.742412817461,Health,88.17,Friday,Evening,37.11,0.0,Negative,,0,43.0
941496,Mind & Body,116.79,Health,73.41,Friday,Evening,78.19,0.0,Positive,,0,65.0
942820,Mind & Body,54.83,Health,98.81,Friday,Evening,83.54,3.0,Positive,,0,40.0
942996,Mind & Body,71.43,Health,55.36,Friday,Evening,33.76,1.0,Negative,,0,51.0
943342,Mind & Body,80.86,Health,69.58,Friday,Evening,54.32,2.0,Neutral,,0,31.0
943699,Mind & Body,99.71,Health,34.24,Friday,Evening,0.0,2.0,Negative,,0,80.0
943768,Mind & Body,76.71,Health,98.78,Friday,Evening,41.53,1.0,Neutral,,0,28.0
943967,Mind & Body,105.16,Health,93.12,Friday,Evening,58.63,1.0,Neutral,,0,58.0
944096,Mind & Body,105.64,Health,77.13,Friday,Evening,0.0,0.0,Positive,,0,100.0
946910,Mind & Body,110.61,Health,65.78,Friday,Evening,66.76,3.0,Neutral,,0,66.0
950012,Mind & Body,94.85,Health,20.72,Friday,Evening,80.76,3.0,Neutral,,0,45.0
950030,Mind & Body,69.83,Health,61.13,Friday,Evening,95.34,3.0,Positive,,0,91.0
952056,Mind & Body,64.742412817461,Health,93.86,Friday,Evening,61.78,0.0,Positive,,0,94.0
952396,Mind & Body,88.46,Health,83.74,Friday,Evening,0.0,0.0,Negative,,0,43.0
953569,Mind & Body,60.25,Health,82.42,Friday,Evening,1.82,3.0,Positive,,0,71.0
955208,Mind & Body,23.89,Health,97.48,Friday,Evening,23.07,2.0,Neutral,,0,86.0
955910,Mind & Body,64.742412817461,Health,40.72,Friday,Evening,42.62,0.0,Positive,,0,49.0
956214,Mind & Body,89.07,Health,60.75,Friday,Evening,8.35,2.0,Positive,,0,33.0
959768,Mind & Body,14.0,Health,59.01,Friday,Evening,83.68,0.0,Negative,,0,93.0
962354,Mind & Body,80.53,Health,84.24,Friday,Evening,60.39,1.0,Negative,,0,8.0
963991,Mind & Body,32.73,Health,63.45,Friday,Evening,0.0,0.0,Neutral,,0,54.0
968563,Mind & Body,6.6,Health,67.19,Friday,Evening,0.0,3.0,Negative,,0,56.0
969733,Mind & Body,39.72,Health,24.24,Friday,Evening,7.73,0.0,Neutral,,0,6.0
970415,Mind & Body,119.59,Health,68.71,Friday,Evening,0.0,0.0,Positive,,0,62.0
976690,Mind & Body,92.23,Health,29.44,Friday,Evening,57.01,3.0,Negative,,0,29.0
977841,Mind & Body,60.16,Health,84.2,Friday,Evening,7.9,0.0,Neutral,,0,85.0
980562,Mind & Body,94.53,Health,74.13,Friday,Evening,4.18,1.0,Neutral,,0,39.0
980607,Mind & Body,9.41,Health,97.47,Friday,Evening,63.68,3.0,Neutral,,0,58.0
980969,Mind & Body,31.82,Health,26.97,Friday,Evening,23.82,2.0,Positive,,0,68.0
981783,Mind & Body,99.75,Health,32.42,Friday,Evening,1.97,2.0,Neutral,,0,43.0
983505,Mind & Body,114.34,Health,40.72,Friday,Evening,59.31,2.0,Neutral,,0,41.0
987060,Mind & Body,88.87,Health,34.68,Friday,Evening,6.81,3.0,Negative,,0,15.0
988108,Mind & Body,89.78,Health,65.65,Friday,Evening,74.87,1.0,Neutral,,0,29.0
988271,Mind & Body,64.742412817461,Health,59.11,Friday,Evening,61.01,3.0,Negative,,0,72.0
990317,Mind & Body,89.98,Health,27.59,Friday,Evening,0.11,0.0,Positive,,0,68.0
996366,Mind & Body,104.64,Health,85.43,Friday,Evening,51.33,2.0,Neutral,,0,67.0
996929,Mind & Body,64.742412817461,Health,23.46,Friday,Evening,23.73,3.0,Positive,,0,20.0
997456,Mind & Body,104.48,Health,31.34,Friday,Evening,88.59,3.0,Negative,,0,71.0
997641,Mind & Body,104.58,Health,67.59,Friday,Evening,0.0,3.0,Positive,,0,61.0
999382,Mind & Body,47.33,Health,44.85,Friday,Evening,2.3,2.0,Neutral,,0,3.0
