id,Podcast_Name,Episode_Length_minutes,Genre,Host_Popularity_percentage,Publication_Day,Publication_Time,Guest_Popularity_percentage,Number_of_Ads,Episode_Sentiment,Listening_Time_minutes,is_train,Episode_Number
204,Fitness First,60.47,Lifestyle,39.67,Sunday,Morning,62.35,0.0,Neutral,26.60556,1,20.0
633,Fitness First,119.11,Health,84.16,Sunday,Morning,54.31,1.0,Neutral,77.68666,1,68.0
1350,Fitness First,86.55,Health,35.72,Sunday,Morning,0.0,3.0,Neutral,50.2083,1,3.0
1681,Fitness First,99.89,Health,67.38,Sunday,Morning,54.14,0.0,Positive,80.86574,1,5.0
2725,Fitness First,88.06,Health,97.63,Sunday,Morning,86.93,2.0,Positive,52.44523,1,63.0
3406,Fitness First,112.82,Health,78.54,Sunday,Morning,59.17,2.0,Positive,102.26367,1,59.0
3831,Fitness First,71.93,Health,57.84,Sunday,Morning,16.04,3.0,Neutral,33.11874,1,62.0
3936,Fitness First,103.23,Health,69.57,Sunday,Morning,19.86,0.0,Positive,89.99591,1,29.0
5361,Fitness First,82.4,Health,70.73,Sunday,Morning,57.01,0.0,Negative,49.4538,1,97.0
7270,Fitness First,99.69,Health,35.05,Sunday,Morning,0.0,0.0,Neutral,51.11876,1,43.0
7486,Fitness First,78.43,Health,80.86,Sunday,Morning,52.04,3.0,Neutral,47.31234,1,80.0
8379,Fitness First,72.65,Health,59.72,Sunday,Morning,48.72,1.0,Neutral,57.96377,1,48.0
11776,Fitness First,43.19,Health,69.55,Sunday,Morning,31.53,0.0,Negative,13.94,1,47.0
12205,Fitness First,65.57,Health,85.36,Sunday,Morning,0.0,2.0,Positive,45.44862,1,90.0
13000,Fitness First,42.92,Health,90.73,Sunday,Morning,66.17,3.0,Neutral,20.39226,1,83.0
13066,Fitness First,118.13,Health,46.44,Sunday,Morning,45.52,1.0,Positive,118.09596,1,86.0
13521,Fitness First,75.51,Health,98.31,Sunday,Morning,69.62,1.0,Positive,55.73069,1,36.0
13576,Fitness First,9.08,Health,29.11,Sunday,Morning,72.93,2.0,Neutral,7.86581,1,29.0
16452,Fitness First,115.02,Health,72.45,Sunday,Morning,94.34,3.0,Negative,51.81,1,32.0
16537,Fitness First,31.54,Health,78.84,Sunday,Morning,31.41,1.0,Negative,16.27,1,56.0
17153,Fitness First,73.12,Health,22.53,Sunday,Morning,53.27,1.0,Positive,45.85158,1,55.0
18945,Fitness First,37.67,Health,49.66,Sunday,Morning,73.6,2.0,Negative,26.1417,1,20.0
20777,Fitness First,106.81,Health,50.04,Sunday,Morning,6.65,3.0,Neutral,68.62132,1,35.0
21656,Fitness First,9.3,Health,35.73,Sunday,Morning,3.5,1.0,Positive,2.05158,1,80.0
21774,Fitness First,7.22,Health,86.79,Sunday,Morning,33.43,1.0,Negative,0.0,1,71.0
21814,Fitness First,64.51,Health,92.45,Sunday,Morning,52.78,3.0,Positive,47.15633,1,54.0
22152,Fitness First,23.64,Health,33.66,Sunday,Morning,57.14,2.0,Positive,16.52714,1,39.0
23157,Fitness First,107.59,Health,34.87,Sunday,Morning,12.26,0.0,Negative,66.04322,1,27.0
23228,Fitness First,86.82,Health,88.12,Sunday,Morning,52.17,1.0,Negative,45.83,1,32.0
23925,Fitness First,93.17,Health,100.0,Sunday,Morning,67.73,2.0,Positive,81.23646,1,79.0
26410,Fitness First,74.15,Health,68.58,Sunday,Morning,22.63,1.0,Negative,51.97692,1,58.0
28851,Fitness First,22.48,Health,89.05,Sunday,Morning,90.15,0.0,Negative,18.62757,1,7.0
29656,Fitness First,114.24,Health,94.19,Sunday,Morning,0.0,0.0,Neutral,73.8047,1,21.0
29681,Fitness First,66.03059171597634,Health,51.69,Sunday,Morning,18.83,1.0,Positive,72.40161,1,20.0
30573,Fitness First,64.57,Health,62.59,Sunday,Morning,52.31,3.0,Neutral,34.09271,1,9.0
32446,Fitness First,66.03059171597634,Health,76.65,Sunday,Morning,57.12,1.0,Neutral,11.67,1,17.0
32766,Fitness First,56.2,Health,98.23,Sunday,Morning,14.19,1.0,Neutral,48.63,1,35.0
33317,Fitness First,19.4,Health,62.59,Sunday,Morning,69.37,1.0,Negative,13.09288,1,55.0
33505,Fitness First,55.12,Health,72.02,Sunday,Morning,0.0,1.0,Negative,35.92709,1,79.0
34307,Fitness First,40.63,Health,69.78,Sunday,Morning,10.33,0.0,Positive,30.53334,1,75.0
34536,Fitness First,29.33,Health,99.17,Sunday,Morning,97.34,0.0,Negative,18.66836,1,88.0
36208,Fitness First,68.39,Health,51.26,Sunday,Morning,39.07,2.0,Negative,37.45756,1,81.0
36276,Fitness First,60.56,Health,39.26,Sunday,Morning,73.35,0.0,Neutral,26.60556,1,10.0
37141,Fitness First,57.13,Health,68.43,Sunday,Morning,0.0,1.0,Positive,36.22734,1,5.0
38260,Fitness First,89.16,Health,94.12,Sunday,Morning,95.0,1.0,Neutral,63.7,1,12.0
40586,Fitness First,85.23,Health,41.4,Sunday,Morning,34.05,3.0,Negative,60.62962,1,92.0
41538,Fitness First,105.6,Health,42.17,Sunday,Morning,71.12,3.0,Neutral,59.85,1,43.0
41662,Fitness First,57.07,Health,81.69,Sunday,Morning,4.64,3.0,Negative,37.41839,1,99.0
44006,Fitness First,97.22,Health,82.78,Sunday,Morning,0.0,1.0,Positive,57.59877,1,82.0
45192,Fitness First,41.32,Health,31.94,Sunday,Morning,71.57,3.0,Neutral,28.53993,1,34.0
48016,Fitness First,63.65,Health,58.28,Sunday,Morning,0.0,3.0,Neutral,46.74143,1,44.0
48121,Fitness First,76.07,Health,58.33,Sunday,Morning,43.81,2.0,Positive,36.74101,1,91.0
48829,Fitness First,31.57,Health,78.84,Sunday,Morning,56.17,1.0,Neutral,10.63,1,23.0
49704,Fitness First,13.68,Health,82.24,Sunday,Morning,0.69,0.0,Neutral,0.0,1,46.0
49765,Fitness First,61.42,Health,89.97,Sunday,Morning,87.19,1.0,Negative,50.3896,1,40.0
49975,Fitness First,71.58,Health,60.37,Sunday,Morning,72.48,3.0,Negative,53.07949,1,17.0
50250,Fitness First,98.69,Health,55.85,Sunday,Morning,45.25,3.0,Neutral,88.58311,1,57.0
50323,Fitness First,66.03059171597634,Health,53.09,Sunday,Morning,0.0,0.0,Negative,85.2281,1,20.0
51122,Fitness First,116.39,Health,59.2,Sunday,Morning,9.43,3.0,Neutral,84.82396,1,21.0
51967,Fitness First,65.13,Health,82.35,Sunday,Morning,76.98,2.0,Positive,49.17,1,14.0
52481,Fitness First,111.98,Health,38.07,Sunday,Morning,5.03,0.0,Negative,79.61,1,82.0
57708,Fitness First,8.87,Health,67.93,Sunday,Morning,77.23,0.0,Neutral,1.44817,1,12.0
59092,Fitness First,8.69,Health,28.99,Sunday,Morning,49.43,2.0,Negative,0.0,1,80.0
59227,Fitness First,30.43,Health,65.62,Sunday,Morning,42.51,1.0,Negative,20.4639,1,84.0
60289,Fitness First,16.08,Health,65.88,Sunday,Morning,91.39,1.0,Negative,13.04502,1,62.0
60923,Fitness First,25.72,Health,48.18,Sunday,Morning,67.67,2.0,Negative,16.3189,1,78.0
64439,Fitness First,28.11,Health,60.06,Sunday,Morning,99.66,1.0,Negative,24.30217,1,80.0
69356,Fitness First,35.62,Health,71.34,Sunday,Morning,59.83,0.0,Positive,24.83946,1,83.0
71349,Fitness First,97.23,Health,79.28,Sunday,Morning,9.94,1.0,Neutral,81.18757,1,10.0
71356,Fitness First,68.1,Health,87.07,Sunday,Morning,45.86,2.0,Positive,47.52311,1,45.0
72237,Fitness First,27.87,Health,27.23,Sunday,Morning,39.29,0.0,Negative,15.04225,1,24.0
72417,Fitness First,56.62,Health,72.8,Sunday,Morning,90.64,3.0,Negative,51.81,1,32.0
73473,Fitness First,93.89,Health,42.15,Sunday,Morning,0.0,0.0,Neutral,64.49618,1,39.0
73493,Fitness First,19.4,Health,77.06,Sunday,Morning,48.67,1.0,Neutral,18.67263,1,89.0
74863,Fitness First,90.66,Health,23.73,Sunday,Morning,76.79,1.0,Positive,67.37,1,41.0
76226,Fitness First,66.03059171597634,Health,37.2,Sunday,Morning,40.73,3.0,Negative,82.99747,1,100.0
76926,Fitness First,107.24,Health,84.33,Sunday,Morning,49.55,0.0,Negative,70.21092,1,12.0
78544,Fitness First,107.06,Health,64.17,Sunday,Morning,90.41,2.0,Neutral,52.75337,1,96.0
78631,Fitness First,35.21,Health,46.22,Sunday,Morning,23.47,0.0,Negative,27.23685,1,29.0
80380,Fitness First,107.98,Health,88.87,Sunday,Morning,85.56,0.0,Positive,94.53273,1,15.0
83297,Fitness First,73.65,Health,53.1,Sunday,Morning,13.65,3.0,Positive,46.06834,1,85.0
84613,Fitness First,78.79,Health,73.45,Sunday,Morning,38.07,0.0,Negative,63.08008,1,24.0
86605,Fitness First,86.18,Health,63.47,Sunday,Morning,87.38,2.0,Neutral,52.01468,1,6.0
87709,Fitness First,29.2,Health,47.11,Sunday,Morning,45.32,2.0,Positive,13.62111,1,47.0
88212,Fitness First,115.16,Health,67.61,Sunday,Morning,0.0,1.0,Negative,105.91022,1,79.0
91006,Fitness First,24.97,Health,89.67,Sunday,Morning,31.1,2.0,Positive,23.97,1,82.0
91071,Fitness First,71.38,Health,21.23,Sunday,Morning,28.39,1.0,Neutral,56.08279,1,7.0
91887,Fitness First,60.47,Health,33.23,Sunday,Morning,73.35,0.0,Neutral,26.60556,1,20.0
92112,Fitness First,55.97,Health,97.73,Sunday,Morning,97.88,3.0,Neutral,45.2704,1,84.0
92485,Fitness First,61.19,Health,61.18,Sunday,Morning,6.93,2.0,Positive,51.72392,1,15.0
92637,Fitness First,29.03,Health,24.62,Sunday,Morning,72.27,0.0,Neutral,21.82565,1,59.0
94391,Fitness First,66.03059171597634,Health,65.39,Sunday,Morning,81.54,2.0,Positive,35.5689,1,94.0
94797,Fitness First,7.43,Health,48.0,Sunday,Morning,0.0,0.0,Positive,2.78412,1,32.0
97005,Fitness First,14.61,Health,46.61,Sunday,Morning,0.0,3.0,Neutral,1.27558,1,90.0
99780,Fitness First,14.32,Health,66.29,Sunday,Morning,33.37,2.0,Negative,11.61474,1,85.0
99830,Fitness First,117.29,Health,28.25,Sunday,Morning,0.0,2.0,Neutral,89.88103,1,85.0
100965,Fitness First,95.58,Health,84.49,Sunday,Morning,77.05,1.0,Neutral,93.06823,1,25.0
102667,Fitness First,44.01,Health,76.72,Sunday,Morning,30.4,0.0,Neutral,40.02093,1,54.0
103777,Fitness First,96.23,Health,28.29,Sunday,Morning,15.91,0.0,Positive,54.90629,1,23.0
103907,Fitness First,60.37,Health,96.09,Sunday,Morning,94.82,1.0,Negative,58.06165,1,7.0
105438,Fitness First,102.48,Health,65.77,Sunday,Morning,0.0,0.0,Positive,57.82027,1,37.0
105584,Fitness First,109.36,Health,83.13,Sunday,Morning,0.0,0.0,Negative,98.21677,1,95.0
105762,Fitness First,35.9,Health,73.37,Sunday,Morning,71.6,1.0,Positive,16.598,1,9.0
107044,Fitness First,44.23,Health,20.49,Sunday,Morning,0.0,3.0,Negative,25.47411,1,43.0
107195,Fitness First,66.03059171597634,Health,25.96,Sunday,Morning,40.56,1.0,Neutral,31.71223,1,80.0
109468,Fitness First,31.56,Health,35.65,Sunday,Morning,27.33,3.0,Positive,12.27899,1,48.0
109756,Fitness First,55.76,Health,54.78,Sunday,Morning,80.11,0.0,Neutral,24.26918,1,13.0
112883,Fitness First,79.4,Health,58.42,Sunday,Morning,37.33,1.0,Negative,46.78615,1,99.0
114848,Fitness First,76.27,Health,65.54,Sunday,Morning,62.55,2.0,Positive,57.35126,1,37.0
115556,Fitness First,104.77,Health,83.82,Sunday,Morning,62.85,2.0,Positive,54.08961,1,44.0
117058,Fitness First,70.66,Health,65.1,Sunday,Morning,0.0,1.0,Neutral,41.40188,1,96.0
117260,Fitness First,54.32,Health,54.91,Sunday,Morning,60.31,3.0,Negative,19.05473,1,35.0
117390,Fitness First,32.76,Health,65.83,Sunday,Morning,22.81,1.0,Neutral,26.40774,1,71.0
117778,Fitness First,103.57,Health,62.24,Sunday,Morning,38.38,1.0,Negative,49.52475,1,62.0
119504,Fitness First,114.93,Health,86.56,Sunday,Morning,7.57,0.0,Neutral,79.50087,1,91.0
119950,Fitness First,79.02,Health,63.55,Sunday,Morning,68.53,3.0,Neutral,39.83274,1,8.0
121328,Fitness First,112.92,Health,88.42,Sunday,Morning,80.37,1.0,Positive,90.65417,1,20.0
123476,Fitness First,10.48,Health,46.47,Sunday,Morning,66.82,0.0,Neutral,6.75057,1,38.0
123823,Fitness First,116.8,Health,41.29,Sunday,Morning,25.19,0.0,Negative,76.76278,1,18.0
125070,Fitness First,71.52,Health,58.03,Sunday,Morning,14.2,1.0,Neutral,34.13271,1,52.0
128916,Fitness First,113.41,Health,48.0,Sunday,Morning,49.39,2.0,Negative,69.37771,1,3.0
131474,Fitness First,71.52,Health,58.03,Sunday,Morning,56.23,1.0,Neutral,34.13271,1,52.0
131791,Fitness First,61.29,Health,58.92,Sunday,Morning,41.96,0.0,Negative,56.49263,1,70.0
131933,Fitness First,19.4,Health,39.77,Sunday,Morning,52.85,1.0,Negative,13.09288,1,55.0
132425,Fitness First,102.74,Health,75.92,Sunday,Morning,0.0,3.0,Positive,72.84799,1,6.0
132526,Fitness First,34.04,Health,30.33,Sunday,Morning,76.12,2.0,Negative,20.26703,1,21.0
133108,Fitness First,24.22,Health,36.63,Sunday,Morning,98.39,1.0,Positive,23.43,1,32.0
135751,Fitness First,54.85,Health,95.38,Sunday,Morning,7.13,1.0,Neutral,47.9186,1,46.0
136020,Fitness First,23.07,Health,98.29,Sunday,Morning,0.0,1.0,Positive,14.12155,1,20.0
136162,Fitness First,29.65,Health,54.97,Sunday,Morning,86.88,0.0,Positive,12.36211,1,45.0
136447,Fitness First,38.54,Health,92.94,Sunday,Morning,43.95,1.0,Positive,30.39838,1,24.0
137983,Fitness First,38.02,Health,99.18,Sunday,Morning,38.46,1.0,Positive,30.39838,1,24.0
138239,Fitness First,46.58,Health,21.32,Sunday,Morning,53.08,2.0,Neutral,24.82214,1,27.0
138472,Fitness First,32.49,Health,56.45,Sunday,Morning,53.58,0.0,Negative,27.73853,1,29.0
138829,Fitness First,109.71,Health,71.72,Sunday,Morning,13.57,0.0,Positive,61.67787,1,47.0
139220,Fitness First,97.38,Health,63.26,Sunday,Morning,7.19,1.0,Positive,58.43458,1,2.0
140714,Fitness First,44.23,Health,28.56,Sunday,Morning,12.16,0.0,Negative,28.42,1,76.0
140731,Fitness First,16.67,Health,71.82,Sunday,Morning,46.58,0.0,Neutral,16.10193,1,98.0
140831,Fitness First,92.18,Health,52.1,Sunday,Morning,0.0,1.0,Neutral,84.01436,1,98.0
141558,Fitness First,44.03,Health,47.97,Sunday,Morning,14.43,1.0,Negative,37.3415,1,3.0
142571,Fitness First,86.65,Health,51.69,Sunday,Morning,90.65,1.0,Neutral,67.39444,1,74.0
143131,Fitness First,66.03059171597634,Health,65.87,Sunday,Morning,0.0,1.0,Negative,44.75617,1,55.0
143496,Fitness First,66.03059171597634,Health,65.03,Sunday,Morning,86.29,3.0,Negative,41.07,1,96.0
146877,Fitness First,73.42,Health,80.79,Sunday,Morning,0.0,2.0,Neutral,51.28171,1,90.0
147193,Fitness First,16.68,Health,34.45,Sunday,Morning,0.0,0.0,Negative,8.05473,1,29.0
147848,Fitness First,44.05,Health,45.32,Sunday,Morning,76.12,2.0,Neutral,20.26703,1,27.0
148440,Fitness First,26.12,Health,60.57,Sunday,Morning,7.53,1.0,Positive,19.98545,1,83.0
149195,Fitness First,21.78,Health,94.05,Sunday,Morning,35.14,2.0,Neutral,18.56762,1,99.0
149528,Fitness First,27.88,Health,65.92,Sunday,Morning,0.0,3.0,Neutral,22.73356,1,26.0
149951,Fitness First,60.37,Health,96.28,Sunday,Morning,94.82,1.0,Negative,58.06165,1,6.0
150668,Fitness First,47.46,Health,23.36,Sunday,Morning,56.95,0.0,Positive,33.00634,1,51.0
151280,Fitness First,66.03059171597634,Health,58.11,Sunday,Morning,0.0,3.0,Negative,14.31,1,68.0
151490,Fitness First,66.03059171597634,Health,89.29,Sunday,Morning,0.0,1.0,Negative,31.21891,1,36.0
152088,Fitness First,37.14,Health,89.29,Sunday,Morning,39.49,1.0,Negative,31.21891,1,36.0
152115,Fitness First,75.51,Health,98.3,Sunday,Morning,71.67,1.0,Positive,55.73069,1,36.0
158125,Fitness First,27.75,Health,87.26,Sunday,Morning,73.56,3.0,Neutral,20.59755,1,66.0
159036,Fitness First,33.23,Health,49.99,Sunday,Morning,99.17,3.0,Positive,30.14,1,87.0
159779,Fitness First,66.03059171597634,Health,90.0,Sunday,Morning,57.12,2.0,Negative,83.53808,1,11.0
161489,Fitness First,22.35,Health,76.59,Sunday,Morning,81.19,1.0,Negative,12.56,1,17.0
164844,Fitness First,61.64,Health,75.62,Sunday,Morning,78.61,2.0,Negative,39.9224,1,20.0
165453,Fitness First,67.57,Health,91.71,Sunday,Morning,35.51,1.0,Negative,54.06006,1,16.0
166519,Fitness First,66.03059171597634,Health,52.66,Sunday,Morning,0.0,3.0,Neutral,16.58815,1,1.0
167738,Fitness First,22.95,Health,91.0,Sunday,Morning,0.0,3.0,Negative,16.73662,1,68.0
170446,Fitness First,35.59,Health,71.34,Sunday,Morning,59.83,0.0,Negative,24.83946,1,83.0
170845,Fitness First,47.27,Health,60.4,Sunday,Morning,63.93,1.0,Neutral,40.89084,1,87.0
171993,Fitness First,64.91,Health,37.46,Sunday,Morning,63.6,2.0,Neutral,64.55767,1,99.0
172192,Fitness First,18.43,Health,51.43,Sunday,Morning,93.68,3.0,Negative,5.64,1,69.0
172422,Fitness First,67.31,Health,98.31,Sunday,Morning,91.54,0.0,Positive,55.73069,1,76.0
172550,Fitness First,29.77,Health,71.91,Sunday,Morning,19.45,2.0,Negative,26.64,1,34.0
173662,Fitness First,17.65,Health,25.66,Sunday,Morning,28.92,0.0,Negative,16.30632,1,62.0
173874,Fitness First,66.03059171597634,Health,28.99,Sunday,Morning,51.16,0.0,Positive,25.84,1,76.0
175362,Fitness First,95.91,Health,49.49,Sunday,Morning,8.39,2.0,Neutral,50.84552,1,43.0
179052,Fitness First,19.4,Health,39.77,Sunday,Morning,67.69,1.0,Negative,13.09288,1,55.0
181080,Fitness First,106.52,Health,46.56,Sunday,Morning,90.64,3.0,Neutral,56.11646,1,65.0
181086,Fitness First,81.53,Health,65.31,Sunday,Morning,46.73,1.0,Negative,77.85485,1,70.0
181228,Fitness First,78.86,Health,77.54,Sunday,Morning,54.74,0.0,Positive,63.08008,1,48.0
183757,Fitness First,93.17,Health,100.0,Sunday,Morning,47.93,2.0,Positive,81.23646,1,79.0
183773,Fitness First,32.9,Health,95.83,Sunday,Morning,94.99,0.0,Negative,18.01844,1,99.0
183937,Fitness First,70.67,Health,95.85,Sunday,Morning,0.0,1.0,Neutral,38.66,1,85.0
185030,Fitness First,24.91,Health,38.37,Sunday,Morning,68.26,0.0,Neutral,21.36281,1,12.0
185592,Fitness First,40.16,Health,29.21,Sunday,Morning,15.77,0.0,Negative,26.29471,1,51.0
187589,Fitness First,66.03059171597634,Health,89.98,Sunday,Morning,74.77,0.0,Negative,4.66166,1,14.0
187830,Fitness First,93.43,Health,38.81,Sunday,Morning,48.44,1.0,Negative,90.52554,1,100.0
188326,Fitness First,95.0,Health,81.05,Sunday,Morning,72.55,1.0,Positive,63.10596,1,85.0
189017,Fitness First,43.19,Health,62.36,Sunday,Morning,31.64,1.0,Negative,42.87,1,64.0
189576,Fitness First,31.23,Health,28.99,Sunday,Morning,50.96,0.0,Positive,25.84,1,63.0
190668,Fitness First,88.53,Health,88.59,Sunday,Morning,0.0,0.0,Neutral,68.96386,1,22.0
192021,Fitness First,100.49,Health,68.07,Sunday,Morning,26.15,1.0,Negative,83.22544,1,94.0
192726,Fitness First,118.68,Health,43.52,Sunday,Morning,49.38,2.0,Neutral,60.30967,1,54.0
192835,Fitness First,107.67,Health,33.25,Sunday,Morning,82.5,1.0,Negative,73.95388,1,26.0
194312,Fitness First,80.29,Health,22.39,Sunday,Morning,58.29,1.0,Neutral,61.85003,1,99.0
194526,Fitness First,27.81,Health,51.53,Sunday,Morning,48.22,0.0,Negative,15.19992,1,55.0
197033,Fitness First,78.79,Health,77.98,Sunday,Morning,89.39,0.0,Negative,63.08008,1,24.0
199397,Fitness First,119.81,Health,57.23,Sunday,Morning,45.84,3.0,Negative,63.40833,1,11.0
200027,Fitness First,56.78,Health,78.73,Sunday,Morning,75.45,3.0,Positive,38.51,1,93.0
201450,Fitness First,47.48,Health,89.76,Sunday,Morning,76.36,0.0,Neutral,43.00736,1,45.0
203537,Fitness First,66.03059171597634,Health,79.22,Sunday,Morning,84.02,3.0,Negative,7.72913,1,33.0
203613,Fitness First,99.79,Health,26.15,Sunday,Morning,49.13,0.0,Neutral,60.70471,1,66.0
204100,Fitness First,84.71,Health,79.92,Sunday,Morning,0.0,2.0,Negative,70.08,1,48.0
205626,Fitness First,77.38,Health,33.35,Sunday,Morning,79.35,2.0,Negative,35.13338,1,51.0
207360,Fitness First,41.0,Health,30.35,Sunday,Morning,22.18,1.0,Positive,26.38386,1,80.0
208326,Fitness First,85.55,Health,25.84,Sunday,Morning,60.95,3.0,Positive,38.604,1,31.0
208971,Fitness First,116.99,Health,29.8,Sunday,Morning,85.39,1.0,Positive,108.69,1,60.0
211583,Fitness First,103.19,Health,34.6,Sunday,Morning,70.66,0.0,Neutral,58.16077,1,73.0
211667,Fitness First,85.59,Health,26.27,Sunday,Morning,87.6,3.0,Negative,46.84125,1,7.0
212618,Fitness First,55.43,Health,47.43,Sunday,Morning,45.62,1.0,Negative,41.48501,1,40.0
213283,Fitness First,43.97,Health,24.74,Sunday,Morning,83.31,0.0,Neutral,26.01595,1,21.0
213634,Fitness First,59.69,Health,49.77,Sunday,Morning,5.84,0.0,Neutral,39.24962,1,54.0
214147,Fitness First,30.04,Health,91.95,Sunday,Morning,0.0,0.0,Positive,24.40108,1,6.0
219995,Fitness First,85.65,Health,63.44,Sunday,Morning,68.68,1.0,Neutral,53.38975,1,99.0
223800,Fitness First,109.36,Health,30.25,Sunday,Morning,26.95,1.0,Negative,86.11,1,83.0
225058,Fitness First,32.45,Health,86.89,Sunday,Morning,60.81,0.0,Negative,27.73853,1,61.0
225111,Fitness First,62.38,Health,83.55,Sunday,Morning,62.53,3.0,Neutral,54.9735,1,75.0
225153,Fitness First,65.9,Health,61.45,Sunday,Morning,35.1,3.0,Positive,49.48581,1,33.0
226690,Fitness First,54.25,Health,76.56,Sunday,Morning,53.06,2.0,Neutral,22.43306,1,66.0
226805,Fitness First,33.74,Health,34.4,Sunday,Morning,42.16,1.0,Positive,25.39895,1,42.0
227734,Fitness First,91.58,Health,77.06,Sunday,Morning,95.55,3.0,Positive,52.13662,1,54.0
228206,Fitness First,97.38,Health,77.29,Sunday,Morning,7.13,1.0,Positive,58.43458,1,2.0
228265,Fitness First,11.31,Health,35.24,Sunday,Morning,52.06,0.0,Positive,8.4083,1,80.0
229869,Fitness First,52.97,Health,53.18,Sunday,Morning,0.0,3.0,Neutral,33.43759,1,69.0
231089,Fitness First,33.02,Health,82.81,Sunday,Morning,0.0,1.0,Neutral,12.01218,1,19.0
233409,Fitness First,6.89,Health,89.45,Sunday,Morning,72.99,1.0,Positive,5.18771,1,21.0
233558,Fitness First,27.69,Health,21.23,Sunday,Morning,36.55,3.0,Negative,8.90186,1,40.0
235191,Fitness First,72.29,Health,62.89,Sunday,Morning,41.03,0.0,Negative,39.39053,1,24.0
235282,Fitness First,108.48,Health,61.86,Sunday,Morning,0.0,2.0,Neutral,68.57256,1,46.0
235560,Fitness First,117.57,Health,47.22,Sunday,Morning,22.23,0.0,Neutral,65.2673,1,41.0
235599,Fitness First,12.5,Health,70.06,Sunday,Morning,73.29,1.0,Neutral,6.04,1,47.0
236063,Fitness First,110.03,Health,38.14,Sunday,Morning,8.04,1.0,Negative,79.61,1,82.0
236506,Fitness First,19.88,Health,30.61,Sunday,Morning,39.06,3.0,Neutral,15.97674,1,56.0
236884,Fitness First,103.82,Health,61.19,Sunday,Morning,0.0,1.0,Negative,87.61,1,67.0
237048,Fitness First,66.03059171597634,Health,57.02,Sunday,Morning,21.57,0.0,Negative,7.41351,1,32.0
237691,Fitness First,80.07,Health,40.15,Sunday,Morning,32.64,1.0,Positive,69.9215,1,40.0
238726,Fitness First,19.4,Health,29.46,Sunday,Morning,48.67,3.0,Neutral,18.67263,1,89.0
239673,Fitness First,66.03059171597634,Health,80.16,Sunday,Morning,1.38,1.0,Neutral,0.07814,1,85.0
240159,Fitness First,49.62,Health,39.26,Sunday,Morning,23.91,2.0,Negative,25.83794,1,61.0
240201,Fitness First,115.68,Health,29.84,Sunday,Morning,0.0,2.0,Positive,78.23305,1,3.0
240511,Fitness First,57.56,Health,21.15,Sunday,Morning,96.34,3.0,Neutral,25.63312,1,29.0
240539,Fitness First,89.34,Health,49.97,Sunday,Morning,5.21,0.0,Positive,50.31611,1,6.0
241040,Fitness First,114.58,Health,60.76,Sunday,Morning,0.0,0.0,Neutral,98.24,1,83.0
241347,Fitness First,44.05,Health,31.45,Sunday,Morning,26.83,2.0,Negative,20.26703,1,21.0
241521,Fitness First,37.48,Health,31.07,Sunday,Morning,26.74,2.0,Negative,20.26703,1,90.0
241759,Fitness First,18.6,Health,78.74,Sunday,Morning,41.27,1.0,Negative,13.59,1,62.0
242170,Fitness First,78.37,Health,42.29,Sunday,Morning,9.51,0.0,Negative,41.59538,1,41.0
242319,Fitness First,48.91,Health,46.11,Sunday,Morning,0.0,3.0,Neutral,31.66695,1,65.0
243469,Fitness First,66.49,Health,58.75,Sunday,Morning,76.41,1.0,Positive,47.36013,1,54.0
245595,Fitness First,49.84,Health,97.37,Sunday,Morning,66.6,3.0,Negative,20.61436,1,66.0
246568,Fitness First,114.48,Health,71.98,Sunday,Morning,4.44,1.0,Positive,73.57,1,22.0
246829,Fitness First,66.03059171597634,Health,67.66,Sunday,Morning,58.09,0.0,Negative,26.2701,1,58.0
247111,Fitness First,65.96,Health,30.76,Sunday,Morning,0.0,2.0,Positive,41.43918,1,66.0
247229,Fitness First,109.32,Health,68.54,Sunday,Morning,91.27,3.0,Neutral,67.98086,1,16.0
248653,Fitness First,83.72,Health,48.2,Sunday,Morning,80.57,0.0,Neutral,53.13,1,81.0
248898,Fitness First,81.97,Health,71.97,Sunday,Morning,35.6,1.0,Negative,54.06006,1,16.0
249448,Fitness First,112.96,Health,25.26,Sunday,Morning,50.09,0.0,Neutral,84.1,1,32.0
250737,Fitness First,66.03059171597634,Health,53.71,Sunday,Morning,0.0,3.0,Positive,13.34169,1,82.0
251107,Fitness First,18.43,Health,34.43,Sunday,Morning,0.0,0.0,Negative,11.01589,1,20.0
251560,Fitness First,66.03059171597634,Health,24.17,Sunday,Morning,0.0,3.0,Negative,39.8511,1,99.0
251844,Fitness First,22.31,Health,86.75,Sunday,Morning,0.0,2.0,Negative,13.92982,1,67.0
253448,Fitness First,71.09,Health,78.51,Sunday,Morning,45.71,1.0,Positive,51.02169,1,45.0
253454,Fitness First,38.02,Health,38.36,Sunday,Morning,4.9,3.0,Negative,27.243,1,30.0
254617,Fitness First,66.03059171597634,Health,78.36,Sunday,Morning,6.62,0.0,Neutral,85.0053,1,11.0
255612,Fitness First,110.56,Health,91.91,Sunday,Morning,19.56,2.0,Neutral,82.70749,1,81.0
255971,Fitness First,24.29,Health,36.63,Sunday,Morning,95.85,1.0,Positive,23.43,1,62.0
256591,Fitness First,17.66,Health,25.62,Sunday,Morning,4.93,2.0,Negative,13.66603,1,18.0
257089,Fitness First,100.3,Health,94.12,Sunday,Morning,34.69,1.0,Neutral,85.2704,1,86.0
257630,Fitness First,5.83,Health,55.96,Sunday,Morning,31.22,1.0,Negative,0.0,1,22.0
258543,Fitness First,97.38,Health,63.26,Sunday,Morning,7.58,1.0,Positive,58.43458,1,2.0
259980,Fitness First,63.65,Health,74.94,Sunday,Morning,57.3,1.0,Positive,45.36532,1,18.0
260571,Fitness First,66.03059171597634,Health,86.98,Sunday,Morning,4.68,1.0,Neutral,93.57,1,24.0
260577,Fitness First,60.47,Lifestyle,42.96,Sunday,Morning,73.35,0.0,Neutral,26.60556,1,3.0
261352,Fitness First,62.77,Health,75.39,Sunday,Morning,77.09,0.0,Neutral,56.48662,1,24.0
262991,Fitness First,44.32,Health,45.09,Sunday,Morning,81.44,0.0,Negative,36.84311,1,79.0
263406,Fitness First,47.09,Health,89.41,Sunday,Morning,37.52,3.0,Positive,36.37854,1,15.0
263972,Fitness First,24.15,Health,26.09,Sunday,Morning,0.0,3.0,Negative,18.66,1,29.0
264808,Fitness First,116.85,Health,36.06,Sunday,Morning,63.16,3.0,Positive,77.37451,1,72.0
265387,Fitness First,9.61,Health,47.72,Sunday,Morning,47.68,3.0,Negative,3.79367,1,3.0
266907,Fitness First,29.18,Health,65.69,Sunday,Morning,48.69,0.0,Neutral,18.67,1,51.0
268281,Fitness First,5.87,Health,97.12,Sunday,Morning,33.72,1.0,Neutral,0.0,1,40.0
269418,Fitness First,49.35,Health,36.65,Sunday,Morning,67.76,3.0,Positive,36.14442,1,67.0
270289,Fitness First,23.07,Health,57.21,Sunday,Morning,41.75,1.0,Positive,13.23023,1,14.0
270670,Fitness First,107.15,Health,34.15,Sunday,Morning,0.0,3.0,Positive,71.63277,1,27.0
271638,Fitness First,88.55,Health,69.68,Sunday,Morning,0.0,3.0,Neutral,50.2083,1,67.0
271705,Fitness First,98.93,Health,74.46,Sunday,Morning,14.57,2.0,Positive,86.445,1,46.0
271732,Fitness First,18.59,Health,46.4,Sunday,Morning,34.67,2.0,Neutral,4.69739,1,50.0
271935,Fitness First,65.32,Health,57.2,Sunday,Morning,93.71,2.0,Negative,41.99669,1,70.0
272612,Fitness First,116.78,Health,67.24,Sunday,Morning,28.11,2.0,Negative,56.65785,1,91.0
273125,Fitness First,12.3,Health,35.77,Sunday,Morning,67.83,2.0,Negative,8.07763,1,4.0
274079,Fitness First,59.73,Health,89.2,Sunday,Morning,67.98,3.0,Neutral,27.4623,1,82.0
275165,Fitness First,7.61,Health,35.93,Sunday,Morning,65.48,0.0,Negative,6.59117,1,45.0
277351,Fitness First,96.76,Health,85.86,Sunday,Morning,96.76,0.0,Negative,50.89223,1,12.0
278446,Fitness First,7.34,Health,87.73,Sunday,Morning,31.11,3.0,Neutral,2.38938,1,59.0
279863,Fitness First,23.02,Health,69.94,Sunday,Morning,82.32,2.0,Neutral,16.73263,1,87.0
280415,Fitness First,52.96,Health,82.8,Sunday,Morning,87.94,3.0,Negative,23.71495,1,13.0
283089,Fitness First,26.82,Health,94.82,Sunday,Morning,0.0,0.0,Neutral,12.5,1,66.0
284618,Fitness First,61.53,Health,91.82,Sunday,Morning,66.04,0.0,Positive,47.42674,1,21.0
284625,Fitness First,22.11,Health,42.83,Sunday,Morning,12.03,1.0,Positive,12.53334,1,85.0
285166,Fitness First,31.46,Health,66.98,Sunday,Morning,79.49,0.0,Negative,18.59246,1,31.0
285549,Fitness First,75.76,Health,75.8,Sunday,Morning,0.0,0.0,Neutral,54.71327,1,49.0
289085,Fitness First,79.7,Health,20.4,Sunday,Morning,53.7,0.0,Positive,46.13487,1,30.0
289226,Fitness First,77.69,Health,70.64,Sunday,Morning,21.35,1.0,Negative,66.9101,1,45.0
289255,Fitness First,78.28,Health,30.64,Sunday,Morning,9.14,2.0,Positive,47.6,1,57.0
291323,Fitness First,60.77,Health,68.82,Sunday,Morning,58.25,1.0,Neutral,60.87786,1,47.0
291511,Fitness First,77.05,Health,61.4,Sunday,Morning,39.98,3.0,Neutral,65.83109,1,95.0
291532,Fitness First,53.77,Health,29.11,Sunday,Morning,63.44,3.0,Neutral,25.57,1,23.0
292520,Fitness First,44.05,Health,30.14,Sunday,Morning,26.83,2.0,Negative,20.26703,1,27.0
293352,Fitness First,83.35,Health,28.2,Sunday,Morning,27.88,3.0,Neutral,65.87,1,89.0
293448,Fitness First,55.58,Health,56.13,Sunday,Morning,39.94,1.0,Neutral,52.11622,1,74.0
293767,Fitness First,78.72,Health,77.08,Sunday,Morning,89.54,0.0,Negative,63.08008,1,24.0
295560,Fitness First,27.99,Health,47.9,Sunday,Morning,83.87,3.0,Negative,11.0437,1,83.0
297899,Fitness First,92.68,Health,26.47,Sunday,Morning,22.76,1.0,Neutral,85.0085,1,4.0
298156,Fitness First,66.03059171597634,Health,47.58,Sunday,Morning,0.0,2.0,Neutral,2.1558,1,54.0
298937,Fitness First,67.29,Health,29.78,Sunday,Morning,92.3,3.0,Negative,33.63051,1,88.0
299142,Fitness First,7.95,Health,66.4,Sunday,Morning,52.99,0.0,Negative,0.79689,1,20.0
299387,Fitness First,88.47,Health,81.88,Sunday,Morning,67.66,1.0,Neutral,56.27728,1,99.0
299529,Fitness First,27.93,Health,47.25,Sunday,Morning,50.3,0.0,Negative,13.94,1,47.0
301878,Fitness First,66.03059171597634,Health,95.43,Sunday,Morning,18.43,0.0,Negative,27.24872,1,18.0
304312,Fitness First,66.03059171597634,Health,29.79,Sunday,Morning,59.69,1.0,Neutral,53.53294,1,71.0
304622,Fitness First,114.57,Health,29.78,Sunday,Morning,58.93,3.0,Negative,61.51,1,4.0
305321,Fitness First,81.26,Health,44.61,Sunday,Morning,0.0,1.0,Neutral,60.32,1,89.0
305936,Fitness First,60.46,Health,58.22,Sunday,Morning,47.04,1.0,Neutral,49.48281,1,12.0
307901,Fitness First,107.4,Health,46.16,Sunday,Morning,43.27,1.0,Positive,85.90485,1,62.0
309589,Fitness First,88.03,Health,34.95,Sunday,Morning,14.17,0.0,Positive,50.62508,1,74.0
312931,Fitness First,53.89,Health,22.45,Sunday,Morning,51.57,1.0,Negative,41.53262,1,82.0
315739,Fitness First,49.57,Health,90.93,Sunday,Morning,0.0,0.0,Negative,37.07485,1,25.0
316434,Fitness First,67.43,Health,54.81,Sunday,Morning,0.0,1.0,Negative,36.73,1,80.0
316986,Fitness First,37.67,Health,49.18,Sunday,Morning,73.8,2.0,Negative,26.1417,1,20.0
318313,Fitness First,88.17,Health,96.41,Sunday,Morning,84.41,3.0,Negative,55.9701,1,43.0
320194,Fitness First,81.57,Health,65.31,Sunday,Morning,43.49,0.0,Negative,77.85485,1,46.0
320950,Fitness First,63.68,Health,78.79,Sunday,Morning,93.77,1.0,Positive,50.58,1,73.0
320973,Fitness First,60.47,Lifestyle,39.9,Sunday,Morning,62.35,0.0,Neutral,26.60556,1,21.0
324063,Fitness First,66.03059171597634,Health,77.56,Sunday,Morning,79.97,3.0,Positive,39.30023,1,48.0
324820,Fitness First,109.93,Health,39.7,Sunday,Morning,26.7,2.0,Negative,83.91176,1,33.0
327839,Fitness First,103.23,Health,69.44,Sunday,Morning,34.59,0.0,Positive,89.99591,1,29.0
330855,Fitness First,94.73,Health,71.54,Sunday,Morning,41.32,0.0,Negative,46.82723,1,46.0
333371,Fitness First,14.42,Health,74.42,Sunday,Morning,18.42,0.0,Positive,12.11485,1,19.0
335468,Fitness First,58.89,Health,86.65,Sunday,Morning,69.76,0.0,Neutral,48.26044,1,76.0
335780,Fitness First,42.39,Health,69.65,Sunday,Morning,25.0,2.0,Positive,26.09584,1,18.0
336818,Fitness First,30.43,Health,53.54,Sunday,Morning,0.0,3.0,Neutral,10.67107,1,32.0
336929,Fitness First,39.83,Health,21.98,Sunday,Morning,85.19,3.0,Negative,28.49,1,99.0
336962,Fitness First,99.29,Health,78.29,Sunday,Morning,73.59,1.0,Negative,59.66182,1,28.0
342159,Fitness First,66.03059171597634,Health,81.81,Sunday,Morning,0.0,1.0,Neutral,55.57303,1,99.0
345000,Fitness First,118.48,Health,26.79,Sunday,Morning,0.0,0.0,Negative,116.6,1,26.0
347058,Fitness First,66.03059171597634,Health,39.63,Sunday,Morning,0.0,0.0,Negative,28.92624,1,58.0
347372,Fitness First,27.49,Health,51.38,Sunday,Morning,93.68,3.0,Neutral,24.79595,1,52.0
348069,Fitness First,86.08,Health,95.9,Sunday,Morning,57.23,0.0,Neutral,70.7418,1,31.0
349228,Fitness First,110.02,Health,80.24,Sunday,Morning,0.0,2.0,Negative,87.53108,1,9.0
351105,Fitness First,38.25,Health,92.49,Sunday,Morning,43.03,1.0,Positive,30.39838,1,24.0
354317,Fitness First,21.58,Health,29.84,Sunday,Morning,48.67,1.0,Neutral,18.67263,1,89.0
359578,Fitness First,30.83,Health,65.41,Sunday,Morning,44.37,1.0,Negative,20.4639,1,99.0
360076,Fitness First,63.68,Health,23.56,Sunday,Morning,83.72,1.0,Neutral,50.58,1,22.0
360266,Fitness First,42.62,Health,58.21,Sunday,Morning,85.75,3.0,Neutral,22.58,1,65.0
361908,Fitness First,62.52,Health,48.24,Sunday,Morning,28.28,1.0,Negative,36.49443,1,23.0
362273,Fitness First,19.88,Health,88.76,Sunday,Morning,3.04,0.0,Positive,11.03262,1,71.0
364039,Fitness First,66.03059171597634,Health,50.51,Sunday,Morning,82.19,0.0,Negative,22.2781,1,60.0
364963,Fitness First,86.41,Health,37.9,Sunday,Morning,87.29,0.0,Neutral,61.82845,1,62.0
367885,Fitness First,31.23,Health,28.91,Sunday,Morning,51.78,0.0,Positive,25.84,1,66.0
367976,Fitness First,47.46,Health,63.05,Sunday,Morning,7.73,2.0,Neutral,33.34264,1,43.0
368440,Fitness First,113.93,Comedy,78.38,Sunday,Morning,87.89,0.0,Neutral,65.87,1,99.0
368537,Fitness First,110.03,Health,38.14,Sunday,Morning,8.94,1.0,Negative,79.61,1,82.0
368944,Fitness First,113.04,Health,45.42,Sunday,Morning,39.39,3.0,Positive,59.34045,1,86.0
369015,Fitness First,93.17,Health,91.08,Sunday,Morning,57.08,2.0,Positive,81.23646,1,77.0
370177,Fitness First,66.03059171597634,Health,95.92,Sunday,Morning,95.42,1.0,Neutral,92.57259,1,50.0
370591,Fitness First,66.03059171597634,Health,47.08,Sunday,Morning,0.0,1.0,Neutral,83.94,1,31.0
370835,Fitness First,97.87,Health,93.77,Sunday,Morning,21.17,0.0,Neutral,84.1,1,32.0
376137,Fitness First,95.51,Health,75.62,Sunday,Morning,16.11,0.0,Positive,88.15872,1,43.0
376837,Fitness First,49.31,Health,89.42,Sunday,Morning,77.06,0.0,Neutral,23.84092,1,40.0
377353,Fitness First,55.18,Health,77.6,Sunday,Morning,19.83,2.0,Neutral,44.67762,1,9.0
377727,Fitness First,66.03059171597634,Health,27.03,Sunday,Morning,47.56,0.0,Positive,89.33727,1,4.0
378222,Fitness First,11.45,Health,37.11,Sunday,Morning,10.68,3.0,Neutral,2.12685,1,30.0
380705,Fitness First,75.03,Health,58.44,Sunday,Morning,98.04,3.0,Negative,55.52393,1,5.0
383037,Fitness First,13.65,Health,51.94,Sunday,Morning,0.0,2.0,Neutral,10.6652,1,17.0
383670,Fitness First,77.69,Health,48.11,Sunday,Morning,83.16,1.0,Neutral,53.13,1,81.0
386768,Fitness First,64.67,Health,68.19,Sunday,Morning,37.93,3.0,Neutral,45.17295,1,26.0
387431,Fitness First,79.07,Health,84.23,Sunday,Morning,36.62,2.0,Positive,57.22981,1,82.0
388595,Fitness First,31.68,Health,78.02,Sunday,Morning,31.27,1.0,Negative,13.94,1,47.0
388714,Fitness First,60.37,Health,50.69,Sunday,Morning,11.32,0.0,Neutral,32.34128,1,64.0
389576,Fitness First,16.06,Health,67.13,Sunday,Morning,36.53,2.0,Negative,13.48384,1,31.0
389588,Fitness First,73.48,Health,24.29,Sunday,Morning,14.84,0.0,Neutral,60.97,1,99.0
390268,Fitness First,73.71,Health,48.66,Sunday,Morning,80.53,1.0,Neutral,53.13,1,85.0
390825,Fitness First,76.85,Health,61.4,Sunday,Morning,0.0,0.0,Positive,73.12717,1,91.0
391492,Fitness First,28.85,Health,78.27,Sunday,Morning,0.0,2.0,Neutral,11.39,1,77.0
394590,Fitness First,103.25,Health,81.02,Sunday,Morning,65.41,3.0,Negative,65.42683,1,66.0
396834,Fitness First,66.03059171597634,Health,92.1,Sunday,Morning,88.68,3.0,Negative,14.56639,1,9.0
398418,Fitness First,17.25,Health,50.62,Sunday,Morning,0.0,3.0,Negative,8.41334,1,43.0
400124,Fitness First,60.37,Health,50.69,Sunday,Morning,11.35,0.0,Neutral,32.34128,1,57.0
400623,Fitness First,94.3,Health,63.22,Sunday,Morning,11.99,3.0,Positive,52.83113,1,31.0
400628,Fitness First,92.39,Health,33.34,Sunday,Morning,94.43,1.0,Neutral,81.97165,1,9.0
402571,Fitness First,39.16,Health,51.0,Sunday,Morning,85.69,0.0,Negative,21.48457,1,57.0
403065,Fitness First,103.57,Health,83.64,Sunday,Morning,63.64,0.0,Neutral,78.67808,1,83.0
403894,Fitness First,17.47,Health,47.36,Sunday,Morning,62.04,0.0,Negative,3.54051,1,61.0
405107,Fitness First,118.73,Health,42.19,Sunday,Morning,54.24,1.0,Positive,117.37,1,23.0
405928,Fitness First,113.41,Health,48.0,Sunday,Morning,69.57,3.0,Negative,69.37771,1,82.0
405962,Fitness First,18.15,Health,59.71,Sunday,Morning,42.35,3.0,Neutral,5.40364,1,92.0
406106,Fitness First,27.81,Health,69.6,Sunday,Morning,25.26,3.0,Negative,14.62,1,80.0
407855,Fitness First,115.17,Health,50.51,Sunday,Morning,68.17,0.0,Negative,102.23,1,17.0
411202,Fitness First,14.09,Health,53.3,Sunday,Morning,43.91,1.0,Neutral,5.58042,1,43.0
411758,Fitness First,115.16,Health,69.05,Sunday,Morning,0.0,3.0,Negative,91.82598,1,45.0
412845,Fitness First,85.51,Health,93.79,Sunday,Morning,53.54,1.0,Negative,47.10311,1,77.0
413867,Fitness First,92.4,Health,70.54,Sunday,Morning,70.99,1.0,Negative,60.94903,1,79.0
413935,Fitness First,116.28,Health,43.49,Sunday,Morning,23.43,1.0,Neutral,55.02298,1,82.0
414435,Fitness First,66.03059171597634,Health,98.84,Sunday,Morning,88.79,3.0,Negative,15.0814,1,52.0
415182,Fitness First,106.08,Health,42.27,Sunday,Morning,42.27,1.0,Neutral,101.03297,1,92.0
415727,Fitness First,89.04,Health,90.88,Sunday,Morning,45.25,2.0,Positive,79.76606,1,38.0
415731,Fitness First,115.62,Health,55.42,Sunday,Morning,68.53,3.0,Neutral,85.48495,1,67.0
417547,Fitness First,67.81,Health,82.36,Sunday,Morning,0.0,1.0,Positive,50.45821,1,49.0
417798,Fitness First,73.09,Health,57.45,Sunday,Morning,40.09,1.0,Positive,64.40145,1,100.0
418437,Fitness First,66.03059171597634,Health,62.92,Sunday,Morning,0.0,2.0,Positive,39.80576,1,67.0
422445,Fitness First,113.11,Health,93.51,Sunday,Morning,0.0,0.0,Negative,87.54957,1,91.0
422786,Fitness First,16.63,Health,22.18,Sunday,Morning,6.93,1.0,Positive,12.81414,1,52.0
425211,Fitness First,62.85,Health,68.42,Sunday,Morning,96.44,3.0,Positive,49.56185,1,33.0
427246,Fitness First,60.47,Lifestyle,39.26,Sunday,Morning,62.35,0.0,Neutral,26.60556,1,21.0
427391,Fitness First,66.03059171597634,Health,87.0,Sunday,Morning,0.0,3.0,Positive,50.3215,1,85.0
427868,Fitness First,75.96,Health,38.78,Sunday,Morning,20.0,0.0,Neutral,43.84975,1,92.0
427884,Fitness First,34.0,Health,27.39,Sunday,Morning,96.54,1.0,Positive,17.85843,1,29.0
432917,Fitness First,24.2,Health,85.73,Sunday,Morning,80.48,1.0,Negative,12.8417,1,20.0
433934,Fitness First,68.2,Health,66.82,Sunday,Morning,41.05,1.0,Negative,60.55832,1,15.0
434463,Fitness First,112.8,Health,62.88,Sunday,Morning,3.77,3.0,Neutral,59.53458,1,69.0
434911,Fitness First,68.91,Health,78.83,Sunday,Morning,61.47,0.0,Neutral,39.77995,1,13.0
436079,Fitness First,34.83,Health,67.06,Sunday,Morning,32.04,3.0,Negative,22.34468,1,6.0
437989,Fitness First,119.79,Health,30.03,Sunday,Morning,0.0,1.0,Neutral,82.54492,1,34.0
439315,Fitness First,46.35,Health,95.42,Sunday,Morning,44.57,0.0,Neutral,27.58512,1,33.0
440318,Fitness First,119.92,Health,95.74,Sunday,Morning,0.0,0.0,Neutral,98.52184,1,40.0
440634,Fitness First,106.61,Health,71.61,Sunday,Morning,86.33,3.0,Neutral,56.11646,1,67.0
440638,Fitness First,82.57,Health,71.8,Sunday,Morning,55.61,0.0,Neutral,67.57127,1,5.0
442374,Fitness First,30.67,Health,32.23,Sunday,Morning,87.71,1.0,Negative,15.84,1,57.0
442432,Fitness First,55.87,Health,47.97,Sunday,Morning,95.22,3.0,Neutral,34.79443,1,36.0
442966,Fitness First,66.03059171597634,Health,27.14,Sunday,Morning,0.0,1.0,Positive,11.35627,1,5.0
444803,Fitness First,34.43,Health,98.99,Sunday,Morning,4.28,0.0,Positive,18.6,1,82.0
446889,Fitness First,100.07,Health,97.63,Sunday,Morning,20.86,0.0,Neutral,75.51388,1,28.0
447205,Fitness First,94.56,Health,63.23,Sunday,Morning,0.0,0.0,Neutral,78.43,1,23.0
449105,Fitness First,109.41,Health,79.42,Sunday,Morning,97.14,3.0,Negative,59.45973,1,56.0
451414,Fitness First,55.58,Health,42.06,Sunday,Morning,47.14,0.0,Positive,47.12082,1,63.0
453086,Fitness First,86.32,Health,97.86,Sunday,Morning,0.0,1.0,Positive,67.03957,1,36.0
456228,Fitness First,109.19,Health,47.58,Sunday,Morning,68.8,3.0,Positive,59.11525,1,9.0
456720,Fitness First,39.1,Health,71.53,Sunday,Morning,95.04,0.0,Negative,19.33015,1,14.0
458222,Fitness First,81.32,Health,69.77,Sunday,Morning,54.23,0.0,Neutral,65.67,1,23.0
459198,Fitness First,119.37,Health,74.99,Sunday,Morning,84.36,0.0,Positive,88.80881,1,52.0
459424,Fitness First,66.03059171597634,Health,39.27,Sunday,Morning,44.39,1.0,Negative,10.59,1,47.0
460118,Fitness First,66.03059171597634,Health,82.47,Sunday,Morning,0.0,2.0,Neutral,21.59486,1,21.0
460999,Fitness First,63.68,Health,29.28,Sunday,Morning,73.22,3.0,Neutral,38.54293,1,67.0
462344,Fitness First,107.15,Health,29.09,Sunday,Morning,59.13,2.0,Neutral,64.16473,1,14.0
465005,Fitness First,92.98,Health,64.1,Sunday,Morning,10.46,3.0,Neutral,54.58566,1,3.0
466593,Fitness First,119.59,Health,64.24,Sunday,Morning,64.76,3.0,Neutral,75.54874,1,61.0
467506,Fitness First,54.75,Health,72.34,Sunday,Morning,40.96,0.0,Neutral,28.57235,1,45.0
468441,Fitness First,23.16,Health,66.28,Sunday,Morning,94.82,1.0,Positive,10.12347,1,22.0
469623,Fitness First,10.47,Health,83.14,Sunday,Morning,67.36,3.0,Negative,8.48,1,30.0
470107,Fitness First,66.03059171597634,Health,59.12,Sunday,Morning,0.0,3.0,Neutral,57.79756,1,68.0
470524,Fitness First,6.63,Health,49.15,Sunday,Morning,41.75,3.0,Positive,0.0,1,65.0
472427,Fitness First,24.27,Health,57.72,Sunday,Morning,60.57,1.0,Positive,10.27287,1,18.0
473103,Fitness First,116.24,Health,35.8,Sunday,Morning,0.0,0.0,Neutral,97.28189,1,46.0
474765,Fitness First,93.17,Health,67.73,Sunday,Morning,57.25,1.0,Positive,81.23646,1,79.0
475656,Fitness First,61.22,Health,72.45,Sunday,Morning,30.56,0.0,Negative,51.81,1,48.0
476415,Fitness First,19.37,Health,61.2,Sunday,Morning,94.58,1.0,Positive,10.12347,1,22.0
477017,Fitness First,34.77,Health,39.04,Sunday,Morning,0.0,1.0,Neutral,15.61,1,22.0
478176,Fitness First,60.67,Health,71.83,Sunday,Morning,12.61,2.0,Neutral,44.6717,1,42.0
478266,Fitness First,32.85,Health,38.12,Sunday,Morning,65.93,1.0,Neutral,14.96,1,59.0
480698,Fitness First,63.21,Health,27.83,Sunday,Morning,93.09,3.0,Neutral,45.29319,1,84.0
481011,Fitness First,112.59,Health,73.3,Sunday,Morning,23.03,2.0,Positive,85.57,1,27.0
482522,Fitness First,93.8,Health,96.12,Sunday,Morning,0.0,1.0,Neutral,90.52554,1,25.0
483039,Fitness First,66.03059171597634,Health,68.43,Sunday,Morning,0.0,1.0,Negative,30.28788,1,91.0
483284,Fitness First,34.4,Health,26.72,Sunday,Morning,71.33,1.0,Negative,26.59,1,51.0
488045,Fitness First,66.03059171597634,Health,31.87,Sunday,Morning,38.81,3.0,Negative,71.19388,1,58.0
488885,Fitness First,55.87,Health,89.88,Sunday,Morning,87.63,1.0,Neutral,48.46638,1,77.0
489088,Fitness First,41.75,Health,21.39,Sunday,Morning,62.18,3.0,Positive,28.54,1,2.0
489499,Fitness First,79.64,Health,48.66,Sunday,Morning,84.33,1.0,Neutral,53.13,1,81.0
491148,Fitness First,84.87,Health,82.37,Sunday,Morning,46.62,0.0,Negative,68.03006,1,31.0
491797,Fitness First,44.59,Health,28.56,Sunday,Morning,56.59,0.0,Negative,28.42,1,3.0
493277,Fitness First,100.3,Health,31.86,Sunday,Morning,64.85,2.0,Neutral,55.56278,1,1.0
493392,Fitness First,33.84,Health,34.61,Sunday,Morning,74.88,2.0,Positive,25.13808,1,80.0
493683,Fitness First,60.47,Health,94.97,Sunday,Morning,73.35,0.0,Neutral,26.60556,1,20.0
494505,Fitness First,39.61,Health,97.65,Sunday,Morning,93.84,0.0,Neutral,16.7003,1,74.0
496235,Fitness First,91.71,Health,27.61,Sunday,Morning,18.42,1.0,Negative,60.28967,1,42.0
496396,Fitness First,103.56,Health,56.74,Sunday,Morning,21.47,1.0,Negative,83.44747,1,79.0
497143,Fitness First,33.65,Health,44.97,Sunday,Morning,50.12,0.0,Positive,12.87,1,78.0
497315,Fitness First,91.62,Health,79.05,Sunday,Morning,60.04,1.0,Negative,58.56118,1,12.0
498364,Fitness First,48.82,Health,87.21,Sunday,Morning,0.0,2.0,Negative,37.46078,1,46.0
499350,Fitness First,24.29,Health,36.63,Sunday,Morning,98.39,1.0,Positive,23.43,1,32.0
499710,Fitness First,82.99,Health,67.1,Sunday,Morning,63.36,3.0,Negative,77.07608,1,42.0
500860,Fitness First,66.03059171597634,Health,30.79,Sunday,Morning,0.0,3.0,Negative,36.52797,1,7.0
501482,Fitness First,55.58,Health,77.49,Sunday,Morning,0.0,0.0,Neutral,40.56491,1,47.0
502195,Fitness First,87.2,Health,49.7,Sunday,Morning,88.63,1.0,Positive,62.43498,1,96.0
502297,Fitness First,40.47,Health,69.98,Sunday,Morning,25.06,2.0,Negative,34.82,1,12.0
502402,Fitness First,30.76,Health,35.51,Sunday,Morning,66.99,3.0,Neutral,16.49594,1,10.0
502710,Fitness First,92.31,Health,25.62,Sunday,Morning,47.99,1.0,Neutral,84.48408,1,22.0
503675,Fitness First,37.67,Health,49.25,Sunday,Morning,73.6,2.0,Negative,26.1417,1,20.0
503693,Fitness First,18.01,Health,84.27,Sunday,Morning,58.21,3.0,Neutral,13.93134,1,67.0
503756,Fitness First,89.82,Health,48.29,Sunday,Morning,52.66,1.0,Positive,87.58711,1,47.0
504331,Fitness First,66.03059171597634,Health,82.78,Sunday,Morning,39.07,1.0,Neutral,38.81264,1,1.0
504368,Fitness First,70.63,Health,80.56,Sunday,Morning,50.78,1.0,Negative,51.91578,1,51.0
504724,Fitness First,88.2,Health,31.41,Sunday,Morning,71.37,3.0,Neutral,50.70828,1,21.0
506267,Fitness First,54.62,Health,49.77,Sunday,Morning,5.84,1.0,Neutral,39.24962,1,55.0
508952,Fitness First,113.63,Health,83.89,Sunday,Morning,0.0,3.0,Neutral,59.13728,1,56.0
509715,Fitness First,71.8,Health,77.47,Sunday,Morning,7.51,0.0,Negative,42.98811,1,33.0
509728,Fitness First,115.29,Health,81.35,Sunday,Morning,0.0,3.0,Negative,96.6121,1,41.0
511311,Fitness First,92.92,Health,26.69,Sunday,Morning,0.0,0.0,Negative,83.51,1,72.0
512466,Fitness First,66.03059171597634,Health,47.56,Sunday,Morning,90.47,2.0,Positive,21.85943,1,85.0
514272,Fitness First,78.11,Health,34.98,Sunday,Morning,84.98,3.0,Neutral,55.00762,1,12.0
514877,Fitness First,58.87,Health,55.78,Sunday,Morning,43.26,2.0,Positive,49.24068,1,49.0
515403,Fitness First,29.61,Health,40.62,Sunday,Morning,61.82,2.0,Neutral,17.61548,1,62.0
516924,Fitness First,111.74,Health,53.44,Sunday,Morning,0.0,0.0,Negative,85.2281,1,20.0
517729,Fitness First,68.9,Health,53.92,Sunday,Morning,97.95,2.0,Negative,46.05771,1,68.0
519699,Fitness First,66.03059171597634,Health,32.49,Sunday,Morning,34.47,1.0,Positive,34.46466,1,49.0
519738,Fitness First,75.06,Health,38.5,Sunday,Morning,0.0,3.0,Neutral,31.77565,1,72.0
520586,Fitness First,109.41,Health,48.23,Sunday,Morning,49.39,2.0,Negative,69.37771,1,3.0
520856,Fitness First,112.05,Health,25.46,Sunday,Morning,63.94,2.0,Positive,58.44232,1,11.0
521351,Fitness First,16.43,Health,30.6,Sunday,Morning,0.0,0.0,Neutral,11.29,1,82.0
522264,Fitness First,30.43,Health,65.62,Sunday,Morning,43.15,1.0,Negative,20.4639,1,99.0
522499,Fitness First,96.69,Health,28.58,Sunday,Morning,27.57,2.0,Positive,92.56705,1,17.0
523897,Fitness First,49.62,Health,39.53,Sunday,Morning,23.27,2.0,Negative,25.83794,1,61.0
524894,Fitness First,43.03,Health,39.79,Sunday,Morning,85.73,1.0,Neutral,24.83174,1,84.0
525248,Fitness First,57.16,Health,58.02,Sunday,Morning,11.16,1.0,Neutral,34.13271,1,52.0
525749,Fitness First,19.5,Health,97.43,Sunday,Morning,5.25,2.0,Positive,9.41,1,36.0
527723,Fitness First,102.31,Health,62.87,Sunday,Morning,0.0,1.0,Negative,83.98169,1,79.0
527980,Fitness First,18.84,Health,44.64,Sunday,Morning,0.0,0.0,Negative,10.42184,1,15.0
531349,Fitness First,48.17,Health,69.07,Sunday,Morning,58.09,0.0,Negative,36.90463,1,28.0
533638,Fitness First,117.42,Health,41.15,Sunday,Morning,27.64,0.0,Positive,65.2673,1,67.0
533954,Fitness First,22.93,Health,86.63,Sunday,Morning,46.03,0.0,Negative,13.05087,1,33.0
534319,Fitness First,77.31,Health,53.08,Sunday,Morning,34.79,3.0,Negative,58.0401,1,70.0
535566,Fitness First,66.03059171597634,Health,89.78,Sunday,Morning,0.0,1.0,Neutral,12.5198,1,67.0
537750,Fitness First,66.03059171597634,Health,60.3,Sunday,Morning,71.13,3.0,Negative,0.4851,1,56.0
538037,Fitness First,73.05,Health,73.09,Sunday,Morning,55.32,2.0,Neutral,65.17535,1,45.0
538285,Fitness First,72.74,Health,94.28,Sunday,Morning,0.0,2.0,Neutral,36.74752,1,29.0
539778,Fitness First,99.66,Health,58.9,Sunday,Morning,76.5,2.0,Positive,53.15418,1,56.0
540238,Fitness First,60.05,Health,26.48,Sunday,Morning,59.78,2.0,Neutral,30.21157,1,26.0
540403,Fitness First,60.82,Health,45.65,Sunday,Morning,82.08,2.0,Neutral,33.59236,1,38.0
545653,Fitness First,38.54,Health,92.94,Sunday,Morning,43.03,1.0,Positive,30.39838,1,24.0
546607,Fitness First,37.14,Health,58.92,Sunday,Morning,0.0,0.0,Negative,12.8303,1,28.0
548489,Fitness First,90.61,Health,28.8,Sunday,Morning,57.64,1.0,Positive,53.35916,1,56.0
551347,Fitness First,11.73,Health,48.8,Sunday,Morning,37.62,2.0,Positive,0.33158,1,95.0
551354,Fitness First,94.92,Health,30.78,Sunday,Morning,0.0,1.0,Negative,50.82527,1,4.0
552413,Fitness First,64.09,Health,55.85,Sunday,Morning,22.72,2.0,Positive,45.24785,1,69.0
552800,Fitness First,66.03059171597634,Health,58.84,Sunday,Morning,91.57,0.0,Negative,56.05842,1,91.0
554373,Fitness First,38.25,Health,92.49,Sunday,Morning,38.26,1.0,Positive,30.39838,1,24.0
554980,Fitness First,76.4,Health,66.28,Sunday,Morning,0.67,2.0,Neutral,64.56632,1,73.0
555493,Fitness First,79.91,Health,38.56,Sunday,Morning,32.78,2.0,Neutral,69.24119,1,58.0
556898,Fitness First,72.47,Health,58.07,Sunday,Morning,17.42,3.0,Neutral,47.24929,1,12.0
557892,Fitness First,66.03059171597634,Health,93.22,Sunday,Morning,0.0,2.0,Positive,73.93481,1,31.0
558105,Fitness First,58.78,Health,41.11,Sunday,Morning,87.53,3.0,Positive,46.07563,1,81.0
559917,Fitness First,57.87,Health,59.2,Sunday,Morning,11.76,0.0,Negative,34.45395,1,59.0
559942,Fitness First,60.53,Health,23.19,Sunday,Morning,0.0,2.0,Neutral,31.94707,1,4.0
560794,Fitness First,71.54,Health,58.03,Sunday,Morning,42.41,2.0,Positive,59.34715,1,71.0
560884,Fitness First,66.03059171597634,Health,51.69,Sunday,Morning,17.96,1.0,Positive,72.40161,1,45.0
561087,Fitness First,110.03,Health,39.19,Sunday,Morning,5.18,1.0,Negative,79.61,1,35.0
563072,Fitness First,111.98,Health,62.92,Sunday,Morning,62.83,1.0,Positive,57.752,1,95.0
563280,Fitness First,66.03059171597634,Health,55.29,Sunday,Morning,6.19,1.0,Positive,5.10326,1,70.0
567529,Fitness First,66.03059171597634,Health,28.91,Sunday,Morning,51.16,0.0,Positive,25.84,1,76.0
568644,Fitness First,61.81,Health,97.74,Sunday,Morning,0.0,2.0,Positive,49.8411,1,78.0
568718,Fitness First,66.03059171597634,Health,53.38,Sunday,Morning,46.92,3.0,Neutral,20.23921,1,22.0
568961,Fitness First,63.94,Health,20.15,Sunday,Morning,9.96,3.0,Neutral,52.21822,1,11.0
569825,Fitness First,53.94,Health,51.68,Sunday,Morning,81.15,3.0,Negative,32.14595,1,67.0
571029,Fitness First,66.03059171597634,Health,53.66,Sunday,Morning,63.31,2.0,Neutral,18.87914,1,92.0
571595,Fitness First,76.43,Health,33.14,Sunday,Morning,0.0,3.0,Neutral,38.634,1,41.0
571715,Fitness First,114.17,Health,25.68,Sunday,Morning,69.79,2.0,Negative,102.03,1,35.0
572231,Fitness First,95.89,Health,29.89,Sunday,Morning,86.82,3.0,Negative,45.52408,1,82.0
572898,Fitness First,41.77,Health,63.14,Sunday,Morning,94.19,1.0,Neutral,26.67,1,29.0
574511,Fitness First,29.77,Health,88.39,Sunday,Morning,93.04,3.0,Positive,27.58,1,13.0
575368,Fitness First,65.98,Health,79.35,Sunday,Morning,0.0,3.0,Negative,49.83445,1,44.0
575566,Fitness First,60.7,Health,69.45,Sunday,Morning,60.87,3.0,Positive,42.27828,1,31.0
576114,Fitness First,96.96,Health,94.18,Sunday,Morning,36.3,1.0,Negative,78.02558,1,36.0
577270,Fitness First,105.33,Health,97.33,Sunday,Morning,66.33,2.0,Positive,98.55486,1,73.0
577390,Fitness First,66.03059171597634,Health,77.01,Sunday,Morning,67.49,3.0,Neutral,14.5314,1,52.0
577412,Fitness First,13.16,Health,27.93,Sunday,Morning,93.54,3.0,Positive,7.07363,1,81.0
577529,Fitness First,11.73,Health,40.11,Sunday,Morning,10.14,3.0,Positive,4.8559,1,72.0
579251,Fitness First,94.96,Health,71.58,Sunday,Morning,0.0,3.0,Neutral,53.91,1,87.0
580037,Fitness First,91.31,Health,77.81,Sunday,Morning,0.0,2.0,Negative,70.65263,1,94.0
581325,Fitness First,86.45,Health,29.89,Sunday,Morning,71.43,3.0,Neutral,52.53446,1,28.0
584747,Fitness First,105.12,Health,94.86,Sunday,Morning,0.0,0.0,Neutral,93.99308,1,59.0
586298,Fitness First,66.03059171597634,Health,45.87,Sunday,Morning,57.56,3.0,Neutral,19.65365,1,26.0
587358,Fitness First,25.06,Health,35.05,Sunday,Morning,63.72,3.0,Neutral,4.29895,1,75.0
588093,Fitness First,66.03059171597634,Health,70.8,Sunday,Morning,95.0,1.0,Neutral,58.95196,1,21.0
590956,Fitness First,42.35,Health,55.58,Sunday,Morning,65.88,2.0,Neutral,27.3034,1,90.0
596141,Fitness First,65.02,Health,55.96,Sunday,Morning,35.1,2.0,Neutral,37.64336,1,93.0
596889,Fitness First,114.03,Health,27.72,Sunday,Morning,86.51,0.0,Negative,84.49,1,94.0
598035,Fitness First,82.06,Health,43.53,Sunday,Morning,12.76,3.0,Negative,50.9695,1,48.0
598307,Fitness First,114.18,Health,71.98,Sunday,Morning,4.59,0.0,Positive,73.57,1,28.0
598406,Fitness First,89.85,Health,35.46,Sunday,Morning,38.08,1.0,Negative,87.58711,1,27.0
598572,Fitness First,27.03,Health,63.47,Sunday,Morning,51.76,3.0,Neutral,9.92,1,69.0
599034,Fitness First,34.77,Health,47.57,Sunday,Morning,0.0,1.0,Neutral,15.61,1,42.0
601069,Fitness First,16.46,Health,39.23,Sunday,Morning,54.55,3.0,Neutral,13.31,1,47.0
602007,Fitness First,6.01,Health,45.33,Sunday,Morning,39.36,1.0,Negative,0.0,1,16.0
602381,Fitness First,107.13,Health,81.27,Sunday,Morning,61.42,2.0,Neutral,73.23036,1,76.0
602670,Fitness First,104.39,Health,41.46,Sunday,Morning,65.46,3.0,Positive,69.63232,1,42.0
604420,Fitness First,5.35,Health,34.69,Sunday,Morning,23.11,1.0,Negative,0.0,1,58.0
605045,Fitness First,108.17,Health,62.95,Sunday,Morning,0.0,1.0,Neutral,65.53,1,30.0
605352,Fitness First,66.03059171597634,Health,58.37,Sunday,Morning,33.51,1.0,Positive,10.9069,1,32.0
605614,Fitness First,70.06,Health,54.73,Sunday,Morning,47.65,1.0,Positive,62.71385,1,47.0
606969,Fitness First,104.3,Health,74.2,Sunday,Morning,84.99,0.0,Positive,88.80881,1,72.0
607703,Fitness First,35.59,Health,33.01,Sunday,Morning,90.15,0.0,Negative,24.83946,1,90.0
608020,Fitness First,9.09,Health,51.81,Sunday,Morning,19.08,2.0,Negative,0.67368,1,31.0
609513,Fitness First,60.47,Health,39.67,Sunday,Morning,62.35,0.0,Neutral,26.60556,1,65.0
610347,Fitness First,66.03059171597634,Health,94.22,Sunday,Morning,29.7,3.0,Neutral,15.69771,1,20.0
611019,Fitness First,85.77,Health,29.89,Sunday,Morning,0.0,1.0,Positive,52.81091,1,20.0
611250,Fitness First,107.79,Health,84.33,Sunday,Morning,49.55,0.0,Negative,70.21092,1,2.0
612447,Fitness First,53.66,Health,57.4,Sunday,Morning,88.1,2.0,Neutral,22.09873,1,86.0
616197,Fitness First,14.65,Health,31.57,Sunday,Morning,64.0,2.0,Neutral,10.37725,1,78.0
616409,Fitness First,117.98,Health,98.12,Sunday,Morning,20.4,2.0,Negative,103.56,1,52.0
617023,Fitness First,83.77,Health,89.1,Sunday,Morning,0.0,1.0,Neutral,62.90748,1,51.0
617206,Fitness First,66.03059171597634,Health,53.05,Sunday,Morning,0.0,3.0,Positive,30.74461,1,87.0
619453,Fitness First,43.17,Health,59.13,Sunday,Morning,61.93,1.0,Negative,42.55462,1,89.0
623830,Fitness First,30.35,Health,99.12,Sunday,Morning,48.71,0.0,Positive,14.46,1,90.0
624717,Fitness First,31.63,Health,23.52,Sunday,Morning,57.77,2.0,Positive,14.27662,1,63.0
625976,Fitness First,119.82,Health,86.43,Sunday,Morning,93.59,0.0,Positive,87.1198,1,6.0
631502,Fitness First,110.19,Health,63.18,Sunday,Morning,13.4,3.0,Positive,84.25775,1,71.0
631769,Fitness First,94.74,Health,71.62,Sunday,Morning,15.24,0.0,Neutral,46.82723,1,86.0
631821,Fitness First,44.85,Health,75.45,Sunday,Morning,51.07,0.0,Negative,37.71527,1,60.0
633239,Fitness First,60.47,Lifestyle,39.2,Sunday,Morning,62.35,0.0,Neutral,26.60556,1,21.0
634896,Fitness First,104.24,Health,76.47,Sunday,Morning,17.86,1.0,Neutral,93.94854,1,19.0
635682,Fitness First,80.57,Health,57.08,Sunday,Morning,58.6,3.0,Negative,58.0401,1,70.0
637665,Fitness First,105.81,Health,62.29,Sunday,Morning,77.08,0.0,Negative,89.914,1,33.0
639135,Fitness First,106.83,Health,46.99,Sunday,Morning,23.12,3.0,Neutral,72.59408,1,63.0
640029,Fitness First,66.03059171597634,Health,75.84,Sunday,Morning,88.19,3.0,Negative,22.2781,1,87.0
640151,Fitness First,65.9,Health,36.79,Sunday,Morning,36.81,2.0,Negative,53.81882,1,53.0
640337,Fitness First,15.07,Health,41.96,Sunday,Morning,60.04,3.0,Negative,5.72707,1,58.0
641208,Fitness First,70.61,Health,57.14,Sunday,Morning,0.0,0.0,Positive,47.06393,1,59.0
641265,Fitness First,99.18,Health,24.44,Sunday,Morning,21.38,2.0,Neutral,78.6,1,28.0
641723,Fitness First,41.28,Health,36.64,Sunday,Morning,0.0,2.0,Negative,21.34648,1,98.0
641808,Fitness First,119.09,Health,95.75,Sunday,Morning,86.04,1.0,Neutral,118.39064,1,24.0
641964,Fitness First,56.78,Health,77.06,Sunday,Morning,47.06,2.0,Neutral,32.85928,1,2.0
642542,Fitness First,85.84,Health,95.37,Sunday,Morning,2.8,0.0,Positive,50.04414,1,52.0
642543,Fitness First,18.56,Health,81.73,Sunday,Morning,54.55,1.0,Negative,14.41,1,18.0
642856,Fitness First,71.58,Health,95.63,Sunday,Morning,6.94,1.0,Neutral,50.24285,1,29.0
643554,Fitness First,62.31,Health,50.2,Sunday,Morning,73.92,2.0,Negative,42.77318,1,29.0
644105,Fitness First,106.08,Health,42.27,Sunday,Morning,50.95,3.0,Neutral,101.03297,1,92.0
644445,Fitness First,56.65,Health,77.03,Sunday,Morning,64.65,3.0,Negative,28.41056,1,56.0
647006,Fitness First,107.43,Health,82.5,Sunday,Morning,71.59,0.0,Positive,86.47165,1,71.0
647845,Fitness First,43.68,Health,52.3,Sunday,Morning,0.0,1.0,Positive,28.27678,1,17.0
648249,Fitness First,65.28,Health,33.28,Sunday,Morning,52.76,2.0,Negative,37.48587,1,20.0
648902,Fitness First,15.62,Health,26.87,Sunday,Morning,69.05,0.0,Neutral,13.75182,1,18.0
649752,Fitness First,89.07,Health,71.95,Sunday,Morning,85.34,1.0,Negative,54.06006,1,16.0
651553,Fitness First,110.24,Health,21.96,Sunday,Morning,0.0,3.0,Negative,76.86495,1,61.0
652375,Fitness First,66.03059171597634,Health,90.79,Sunday,Morning,39.29,1.0,Negative,31.21891,1,36.0
654245,Fitness First,112.92,Health,58.92,Sunday,Morning,41.46,0.0,Negative,56.49263,1,74.0
656926,Fitness First,23.61,Health,32.26,Sunday,Morning,23.36,2.0,Neutral,7.02668,1,25.0
657674,Fitness First,17.55,Health,93.35,Sunday,Morning,43.02,0.0,Neutral,13.90593,1,29.0
657747,Fitness First,92.27,Health,53.27,Sunday,Morning,27.85,3.0,Negative,60.37178,1,90.0
657849,Fitness First,39.3,Health,26.9,Sunday,Morning,13.14,3.0,Neutral,14.79108,1,89.0
659607,Fitness First,41.96,Health,90.95,Sunday,Morning,82.61,3.0,Positive,28.75,1,91.0
659846,Fitness First,51.48,Health,65.09,Sunday,Morning,20.32,2.0,Positive,25.06724,1,61.0
661001,Fitness First,110.46,Health,38.14,Sunday,Morning,8.04,0.0,Negative,79.61,1,83.0
662466,Fitness First,38.67,Health,46.81,Sunday,Morning,71.73,3.0,Negative,29.83252,1,96.0
663824,Fitness First,33.68,Health,91.68,Sunday,Morning,52.79,1.0,Positive,21.59,1,61.0
664964,Fitness First,115.37,Health,27.52,Sunday,Morning,58.86,0.0,Neutral,59.79286,1,73.0
665118,Fitness First,16.59,Health,45.03,Sunday,Morning,66.44,0.0,Negative,9.2246,1,90.0
666707,Fitness First,90.66,Health,59.39,Sunday,Morning,76.35,2.0,Neutral,67.37,1,41.0
667156,Fitness First,39.39,Health,62.37,Sunday,Morning,4.06,0.0,Negative,34.25008,1,94.0
667657,Fitness First,17.47,Health,69.68,Sunday,Morning,60.71,3.0,Neutral,11.86,1,1.0
668998,Fitness First,15.02,Health,47.77,Sunday,Morning,97.94,1.0,Neutral,11.03262,1,70.0
669176,Fitness First,25.42,Health,21.98,Sunday,Morning,78.78,2.0,Negative,11.44126,1,100.0
672423,Fitness First,63.6,Health,93.89,Sunday,Morning,0.0,2.0,Positive,53.74195,1,15.0
672555,Fitness First,26.26,Health,61.79,Sunday,Morning,59.35,1.0,Positive,12.51649,1,35.0
672708,Fitness First,42.54,Health,80.81,Sunday,Morning,0.0,3.0,Positive,23.56686,1,13.0
672940,Fitness First,24.22,Health,28.56,Sunday,Morning,90.58,1.0,Positive,23.43,1,63.0
674439,Fitness First,39.72,Health,61.12,Sunday,Morning,36.19,3.0,Negative,27.34875,1,75.0
675620,Fitness First,19.67,Health,94.62,Sunday,Morning,0.0,3.0,Positive,14.19,1,35.0
676050,Fitness First,60.37,Health,31.94,Sunday,Morning,8.14,0.0,Neutral,32.34128,1,57.0
678046,Fitness First,26.57,Health,76.65,Sunday,Morning,84.46,0.0,Neutral,11.67,1,58.0
678685,Fitness First,112.61,Health,94.18,Sunday,Morning,36.3,1.0,Negative,78.02558,1,60.0
679275,Fitness First,64.21,Health,71.03,Sunday,Morning,63.78,0.0,Neutral,58.11556,1,93.0
679970,Fitness First,115.69,Health,39.82,Sunday,Morning,0.0,2.0,Neutral,77.0244,1,86.0
681480,Fitness First,63.5,Health,29.53,Sunday,Morning,0.0,3.0,Negative,57.78841,1,78.0
681901,Fitness First,115.68,Health,35.42,Sunday,Morning,26.54,2.0,Neutral,77.77657,1,65.0
682364,Fitness First,96.83,Health,70.86,Sunday,Morning,0.0,0.0,Negative,50.89223,1,5.0
682375,Fitness First,49.62,Health,39.98,Sunday,Morning,23.27,2.0,Negative,25.83794,1,61.0
685732,Fitness First,66.03059171597634,Health,36.29,Sunday,Morning,6.76,2.0,Neutral,22.74091,1,42.0
688772,Fitness First,45.09,Health,53.21,Sunday,Morning,0.0,3.0,Neutral,28.53246,1,46.0
689036,Fitness First,97.16,Health,21.31,Sunday,Morning,56.55,0.0,Negative,81.5528,1,75.0
690887,Fitness First,99.51,Health,45.49,Sunday,Morning,14.63,2.0,Positive,55.78732,1,43.0
691567,Fitness First,61.48,Health,68.9,Sunday,Morning,0.0,2.0,Neutral,31.58954,1,10.0
692114,Fitness First,66.03059171597634,Health,53.77,Sunday,Morning,37.97,1.0,Negative,90.52554,1,99.0
692226,Fitness First,94.73,Health,71.62,Sunday,Morning,15.24,0.0,Negative,46.82723,1,57.0
692765,Fitness First,41.07,Health,67.07,Sunday,Morning,95.93,1.0,Negative,26.46,1,23.0
693373,Fitness First,9.83,Health,36.22,Sunday,Morning,67.29,3.0,Positive,2.86862,1,42.0
696072,Fitness First,114.88,Health,54.19,Sunday,Morning,81.32,2.0,Positive,97.30762,1,49.0
697964,Fitness First,109.44,Comedy,44.99,Sunday,Morning,69.89,0.0,Neutral,65.87,1,64.0
701621,Fitness First,53.77,Health,72.39,Sunday,Morning,13.37,1.0,Neutral,21.59486,1,2.0
701769,Fitness First,86.72,Health,88.12,Sunday,Morning,52.17,0.0,Neutral,45.83,1,73.0
705004,Fitness First,91.53,Health,34.36,Sunday,Morning,0.0,0.0,Neutral,88.98755,1,28.0
706989,Fitness First,42.61,Health,38.42,Sunday,Morning,1.2,2.0,Negative,19.48739,1,72.0
707115,Fitness First,6.51,Health,94.31,Sunday,Morning,73.55,1.0,Negative,0.0,1,38.0
710523,Fitness First,66.03059171597634,Health,70.13,Sunday,Morning,35.66,0.0,Neutral,70.746,1,33.0
710772,Fitness First,66.03059171597634,Health,46.53,Sunday,Morning,63.12,1.0,Neutral,10.58,1,60.0
711597,Fitness First,94.04,Health,31.86,Sunday,Morning,60.79,2.0,Neutral,75.12996,1,28.0
713017,Fitness First,77.63,Health,57.76,Sunday,Morning,58.9,3.0,Negative,58.0401,1,70.0
714225,Fitness First,23.58,Health,97.98,Sunday,Morning,94.48,1.0,Negative,20.92,1,83.0
716132,Fitness First,66.03059171597634,Health,53.82,Sunday,Morning,24.72,3.0,Neutral,54.23384,1,24.0
717130,Fitness First,86.04,Health,85.86,Sunday,Morning,96.76,0.0,Negative,50.89223,1,4.0
717808,Fitness First,78.02,Health,52.6,Sunday,Morning,39.89,2.0,Neutral,63.54263,1,54.0
718107,Fitness First,107.38,Health,82.77,Sunday,Morning,71.81,0.0,Positive,86.47165,1,71.0
718126,Fitness First,63.76,Health,66.04,Sunday,Morning,92.87,0.0,Neutral,30.26373,1,69.0
720226,Fitness First,54.89,Health,22.45,Sunday,Morning,41.57,1.0,Negative,41.53262,1,99.0
720338,Fitness First,71.52,Health,58.52,Sunday,Morning,56.23,1.0,Neutral,34.13271,1,52.0
723611,Fitness First,66.03059171597634,Health,50.85,Sunday,Morning,47.58,0.0,Positive,20.66182,1,80.0
723673,Fitness First,96.36,Health,88.02,Sunday,Morning,5.44,2.0,Negative,69.45261,1,14.0
725052,Fitness First,48.99,Health,56.82,Sunday,Morning,53.89,1.0,Positive,39.05782,1,52.0
729594,Fitness First,87.7,Health,67.7,Sunday,Morning,9.78,1.0,Negative,69.68741,1,45.0
730030,Fitness First,82.31,Health,37.11,Sunday,Morning,24.24,1.0,Neutral,55.36787,1,32.0
730127,Fitness First,27.02,Health,26.07,Sunday,Morning,43.03,1.0,Negative,7.78633,1,29.0
730802,Fitness First,66.03059171597634,Health,36.57,Sunday,Morning,28.98,0.0,Negative,36.7989,1,38.0
731669,Fitness First,56.13,Health,56.22,Sunday,Morning,25.66,1.0,Neutral,52.11622,1,74.0
735665,Fitness First,81.16,Health,79.35,Sunday,Morning,56.32,1.0,Positive,57.07666,1,72.0
735672,Fitness First,111.12,Health,49.29,Sunday,Morning,17.18,1.0,Neutral,98.1883,1,94.0
735777,Fitness First,29.13,Health,36.27,Sunday,Morning,0.0,1.0,Positive,24.79661,1,81.0
736296,Fitness First,75.51,Sports,98.31,Sunday,Morning,71.5,1.0,Positive,55.73069,1,36.0
737093,Fitness First,66.03059171597634,Health,45.43,Sunday,Morning,72.68,1.0,Positive,6.79449,1,82.0
737252,Fitness First,53.59,Health,70.66,Sunday,Morning,88.06,2.0,Negative,34.84932,1,77.0
737493,Fitness First,97.84,Health,47.43,Sunday,Morning,84.57,3.0,Negative,71.78017,1,32.0
738355,Fitness First,34.77,Health,82.47,Sunday,Morning,0.0,2.0,Neutral,20.99173,1,73.0
742100,Fitness First,65.29,Health,79.65,Sunday,Morning,0.0,0.0,Neutral,61.76008,1,18.0
743040,Fitness First,28.38,Health,29.47,Sunday,Morning,64.55,2.0,Positive,19.27084,1,55.0
743860,Fitness First,77.72,Health,58.35,Sunday,Morning,47.22,3.0,Negative,59.1327,1,66.0
746094,Fitness First,6.91,Health,25.95,Sunday,Morning,0.0,1.0,Positive,6.16032,1,85.0
746361,Fitness First,75.31,Health,98.97,Sunday,Morning,98.31,0.0,Positive,55.73069,1,60.0
746783,Fitness First,93.88,Health,49.98,Sunday,Morning,7.4,1.0,Positive,85.75651,1,83.0
751072,Fitness First,105.26,Health,33.58,Sunday,Morning,56.84,1.0,Negative,,0,34.0
751838,Fitness First,32.12,Health,59.6,Sunday,Morning,64.45,3.0,Neutral,,0,45.0
752244,Fitness First,115.35,Health,60.75,Sunday,Morning,20.34,1.0,Positive,,0,50.0
752857,Fitness First,110.03,Health,38.07,Sunday,Morning,8.04,1.0,Negative,,0,88.0
753199,Fitness First,107.24,Health,84.33,Sunday,Morning,49.55,0.0,Negative,,0,13.0
754026,Fitness First,106.04,Health,50.99,Sunday,Morning,43.38,3.0,Negative,,0,93.0
756086,Fitness First,44.99,Health,25.59,Sunday,Morning,14.26,0.0,Positive,,0,76.0
756710,Fitness First,34.43,Health,39.13,Sunday,Morning,6.65,0.0,Positive,,0,52.0
756790,Fitness First,24.23,Health,36.63,Sunday,Morning,50.91,1.0,Positive,,0,43.0
759976,Fitness First,87.24,Health,64.02,Sunday,Morning,42.09,2.0,Positive,,0,78.0
760648,Fitness First,98.64,Health,26.08,Sunday,Morning,58.5,1.0,Neutral,,0,73.0
761608,Fitness First,93.97,Health,46.36,Sunday,Morning,4.44,0.0,Positive,,0,87.0
761957,Fitness First,86.9,Health,65.39,Sunday,Morning,0.0,1.0,Neutral,,0,3.0
762669,Fitness First,34.75,Health,27.64,Sunday,Morning,61.13,3.0,Negative,,0,18.0
763195,Fitness First,77.92,Health,26.41,Sunday,Morning,37.46,2.0,Positive,,0,31.0
763275,Fitness First,53.85,Health,87.98,Sunday,Morning,69.53,0.0,Positive,,0,11.0
764422,Fitness First,57.96,Health,93.89,Sunday,Morning,96.41,0.0,Positive,,0,67.0
765152,Fitness First,29.61,Health,65.6,Sunday,Morning,32.01,2.0,Positive,,0,26.0
765777,Fitness First,13.12,Health,44.28,Sunday,Morning,0.0,2.0,Neutral,,0,61.0
766611,Fitness First,112.46,Health,58.92,Sunday,Morning,41.06,0.0,Negative,,0,82.0
769044,Fitness First,117.3,Health,62.44,Sunday,Morning,17.05,2.0,Positive,,0,41.0
773295,Fitness First,107.29,Health,84.33,Sunday,Morning,49.55,0.0,Negative,,0,3.0
774565,Fitness First,108.98,Health,34.05,Sunday,Morning,60.44,2.0,Neutral,,0,40.0
775134,Fitness First,72.76,Health,86.37,Sunday,Morning,53.21,0.0,Negative,,0,36.0
776377,Fitness First,83.32,Health,31.29,Sunday,Morning,54.31,3.0,Negative,,0,30.0
776386,Fitness First,85.81,Health,88.21,Sunday,Morning,8.68,3.0,Negative,,0,62.0
776652,Fitness First,91.47,Health,38.39,Sunday,Morning,95.04,0.0,Positive,,0,84.0
777472,Fitness First,111.74,Health,38.03,Sunday,Morning,8.03,0.0,Negative,,0,83.0
778094,Fitness First,31.37,Health,82.08,Sunday,Morning,0.0,1.0,Negative,,0,84.0
778292,Fitness First,87.72,Health,87.45,Sunday,Morning,0.0,1.0,Neutral,,0,36.0
779455,Fitness First,105.47,Health,61.32,Sunday,Morning,55.01,2.0,Neutral,,0,98.0
780419,Fitness First,8.31,Health,88.79,Sunday,Morning,34.25,1.0,Negative,,0,18.0
781013,Fitness First,107.47,Health,66.17,Sunday,Morning,49.65,1.0,Negative,,0,34.0
781764,Fitness First,61.64,Health,49.67,Sunday,Morning,63.98,2.0,Negative,,0,61.0
783955,Fitness First,22.11,Health,47.95,Sunday,Morning,8.03,1.0,Positive,,0,75.0
785077,Fitness First,114.18,Health,71.79,Sunday,Morning,4.59,0.0,Positive,,0,22.0
786741,Fitness First,13.13,Health,53.72,Sunday,Morning,91.92,1.0,Positive,,0,3.0
786839,Fitness First,116.98,Health,55.93,Sunday,Morning,75.87,2.0,Neutral,,0,24.0
790792,Fitness First,95.59,Health,26.12,Sunday,Morning,0.0,1.0,Negative,,0,36.0
791535,Fitness First,69.01,Health,86.64,Sunday,Morning,81.1,2.0,Negative,,0,88.0
792437,Fitness First,22.39,Health,42.28,Sunday,Morning,12.33,1.0,Positive,,0,85.0
793932,Fitness First,83.99,Health,62.95,Sunday,Morning,32.25,3.0,Positive,,0,19.0
793963,Fitness First,89.73,Health,91.97,Sunday,Morning,85.49,1.0,Negative,,0,16.0
797256,Fitness First,38.31,Health,81.98,Sunday,Morning,23.61,0.0,Negative,,0,15.0
798045,Fitness First,26.13,Health,44.23,Sunday,Morning,40.72,1.0,Negative,,0,96.0
800113,Fitness First,109.32,Health,67.65,Sunday,Morning,28.68,0.0,Neutral,,0,46.0
802398,Fitness First,118.15,Health,75.75,Sunday,Morning,0.0,1.0,Neutral,,0,12.0
804129,Fitness First,71.51,Health,96.51,Sunday,Morning,75.6,2.0,Negative,,0,73.0
804916,Fitness First,99.34,Health,52.13,Sunday,Morning,40.58,0.0,Neutral,,0,21.0
808594,Fitness First,115.76,Health,41.11,Sunday,Morning,35.29,0.0,Positive,,0,74.0
808984,Fitness First,37.05,Health,30.39,Sunday,Morning,0.0,1.0,Negative,,0,86.0
810160,Fitness First,36.6,Health,40.14,Sunday,Morning,39.78,1.0,Neutral,,0,55.0
811624,Fitness First,64.68,Health,44.95,Sunday,Morning,25.87,0.0,Neutral,,0,88.0
812299,Fitness First,109.02,Health,47.53,Sunday,Morning,0.0,3.0,Positive,,0,16.0
812876,Fitness First,98.88,Health,76.79,Sunday,Morning,66.47,2.0,Positive,,0,51.0
813835,Fitness First,115.76,Health,41.11,Sunday,Morning,35.29,0.0,Positive,,0,86.0
813969,Fitness First,55.43,Health,47.43,Sunday,Morning,91.63,1.0,Negative,,0,37.0
814361,Fitness First,29.63,Health,63.75,Sunday,Morning,65.91,0.0,Positive,,0,74.0
814752,Fitness First,42.57,Health,56.42,Sunday,Morning,67.95,2.0,Positive,,0,58.0
817739,Fitness First,66.03059171597634,Health,51.23,Sunday,Morning,83.06,1.0,Positive,,0,94.0
818054,Fitness First,106.49,Health,62.84,Sunday,Morning,36.26,3.0,Positive,,0,89.0
822547,Fitness First,30.26,Health,46.14,Sunday,Morning,29.53,0.0,Neutral,,0,10.0
824321,Fitness First,12.98,Health,89.99,Sunday,Morning,77.02,0.0,Neutral,,0,52.0
824499,Fitness First,109.91,Health,32.04,Sunday,Morning,0.0,2.0,Negative,,0,72.0
824904,Fitness First,23.02,Health,27.14,Sunday,Morning,2.97,1.0,Positive,,0,20.0
825082,Fitness First,78.27,Health,74.53,Sunday,Morning,64.14,1.0,Positive,,0,86.0
825216,Fitness First,112.46,Health,58.4,Sunday,Morning,30.72,0.0,Negative,,0,20.0
825603,Fitness First,16.61,Health,91.28,Sunday,Morning,45.58,3.0,Neutral,,0,45.0
825847,Fitness First,34.28,Health,51.86,Sunday,Morning,0.0,3.0,Negative,,0,38.0
826058,Fitness First,53.98,Health,50.69,Sunday,Morning,9.12,2.0,Negative,,0,75.0
829675,Fitness First,93.09,Health,59.67,Sunday,Morning,72.27,2.0,Positive,,0,45.0
831010,Fitness First,37.67,Health,49.18,Sunday,Morning,73.6,2.0,Negative,,0,20.0
831691,Fitness First,66.03059171597634,Health,68.89,Sunday,Morning,47.88,2.0,Positive,,0,92.0
832440,Fitness First,43.05,Health,51.88,Sunday,Morning,0.0,1.0,Positive,,0,17.0
832642,Fitness First,102.34,Health,68.53,Sunday,Morning,66.43,3.0,Negative,,0,27.0
833229,Fitness First,26.97,Health,26.65,Sunday,Morning,96.7,0.0,Negative,,0,24.0
835962,Fitness First,62.34,Health,62.6,Sunday,Morning,38.67,3.0,Positive,,0,20.0
836090,Fitness First,67.93,Health,71.46,Sunday,Morning,99.23,2.0,Neutral,,0,42.0
837845,Fitness First,116.34,Health,91.38,Sunday,Morning,23.35,1.0,Neutral,,0,92.0
839028,Fitness First,75.31,Health,98.37,Sunday,Morning,65.82,0.0,Positive,,0,60.0
839420,Fitness First,115.83,Health,99.93,Sunday,Morning,48.29,1.0,Positive,,0,27.0
846603,Fitness First,117.03,Health,35.55,Sunday,Morning,32.53,3.0,Positive,,0,82.0
847014,Fitness First,110.67,Health,49.7,Sunday,Morning,96.43,3.0,Negative,,0,92.0
847777,Fitness First,68.73,Health,58.09,Sunday,Morning,89.37,3.0,Positive,,0,27.0
848075,Fitness First,99.84,Health,23.95,Sunday,Morning,0.0,0.0,Positive,,0,17.0
848790,Fitness First,42.07,Health,24.6,Sunday,Morning,14.57,3.0,Neutral,,0,15.0
849798,Fitness First,66.03059171597634,Health,70.61,Sunday,Morning,66.27,1.0,Positive,,0,34.0
850208,Fitness First,23.88,Health,23.83,Sunday,Morning,70.46,3.0,Positive,,0,22.0
851380,Fitness First,43.44,Health,42.43,Sunday,Morning,0.0,1.0,Positive,,0,90.0
851921,Fitness First,26.92,Health,60.3,Sunday,Morning,52.83,0.0,Negative,,0,62.0
852561,Fitness First,109.71,Health,95.19,Sunday,Morning,0.0,0.0,Positive,,0,41.0
856712,Fitness First,103.43,Health,84.54,Sunday,Morning,0.0,0.0,Positive,,0,82.0
857650,Fitness First,65.73,Health,27.21,Sunday,Morning,41.21,1.0,Negative,,0,49.0
857660,Fitness First,71.35,Health,48.9,Sunday,Morning,66.84,0.0,Neutral,,0,54.0
857854,Fitness First,47.06,Health,25.4,Sunday,Morning,30.96,0.0,Positive,,0,5.0
858215,Fitness First,60.37,Health,50.72,Sunday,Morning,11.32,0.0,Neutral,,0,63.0
858288,Fitness First,82.72,Health,60.82,Sunday,Morning,19.1,1.0,Neutral,,0,40.0
858491,Fitness First,8.6,Health,57.7,Sunday,Morning,0.0,2.0,Neutral,,0,23.0
860851,Fitness First,73.62,Health,70.06,Sunday,Morning,86.57,0.0,Neutral,,0,33.0
861224,Fitness First,46.36,Health,28.85,Sunday,Morning,0.0,3.0,Positive,,0,69.0
861402,Fitness First,113.17,Health,89.02,Sunday,Morning,9.54,1.0,Negative,,0,29.0
862416,Fitness First,103.61,Health,92.82,Sunday,Morning,0.0,0.0,Negative,,0,99.0
863866,Fitness First,22.62,Health,42.28,Sunday,Morning,66.93,1.0,Positive,,0,85.0
865076,Fitness First,72.66,Health,48.19,Sunday,Morning,32.55,1.0,Positive,,0,33.0
865908,Fitness First,73.21,Health,49.23,Sunday,Morning,56.89,2.0,Neutral,,0,25.0
866004,Fitness First,68.67,Health,71.13,Sunday,Morning,27.1,3.0,Neutral,,0,75.0
866689,Fitness First,113.11,Health,57.26,Sunday,Morning,21.55,1.0,Neutral,,0,71.0
869454,Fitness First,77.65,Health,63.7,Sunday,Morning,37.05,0.0,Positive,,0,94.0
871983,Fitness First,60.37,Health,31.55,Sunday,Morning,50.36,0.0,Neutral,,0,67.0
873012,Fitness First,93.08,Health,74.35,Sunday,Morning,48.4,1.0,Neutral,,0,83.0
873853,Fitness First,51.25,Health,93.85,Sunday,Morning,0.0,1.0,Negative,,0,87.0
874570,Fitness First,41.26,Health,79.59,Sunday,Morning,7.44,2.0,Neutral,,0,30.0
876964,Fitness First,45.45,Health,26.31,Sunday,Morning,0.0,3.0,Negative,,0,10.0
878005,Fitness First,13.95,Health,33.69,Sunday,Morning,52.99,1.0,Negative,,0,22.0
878199,Fitness First,34.36,Health,78.98,Sunday,Morning,7.98,3.0,Negative,,0,1.0
878671,Fitness First,34.12,Health,23.12,Sunday,Morning,96.1,3.0,Positive,,0,68.0
882260,Fitness First,44.56,Health,61.0,Sunday,Morning,90.17,3.0,Negative,,0,93.0
883039,Fitness First,53.74,Health,59.33,Sunday,Morning,39.58,0.0,Negative,,0,79.0
883180,Fitness First,96.14,Health,28.02,Sunday,Morning,75.8,0.0,Positive,,0,47.0
883275,Fitness First,111.51,Health,46.09,Sunday,Morning,34.99,0.0,Positive,,0,26.0
883678,Fitness First,22.39,Health,90.86,Sunday,Morning,5.62,0.0,Neutral,,0,59.0
884857,Fitness First,47.99,Health,24.38,Sunday,Morning,19.35,2.0,Positive,,0,21.0
887939,Fitness First,103.55,Health,70.54,Sunday,Morning,24.71,1.0,Positive,,0,46.0
890042,Fitness First,114.59,Health,86.52,Sunday,Morning,0.0,0.0,Neutral,,0,91.0
890200,Fitness First,64.69,Health,84.58,Sunday,Morning,69.75,2.0,Negative,,0,51.0
891608,Fitness First,7.91,Health,70.69,Sunday,Morning,20.11,3.0,Neutral,,0,25.0
893280,Fitness First,33.44,Health,78.39,Sunday,Morning,50.89,1.0,Positive,,0,43.0
893365,Fitness First,66.03059171597634,Health,33.86,Sunday,Morning,48.77,3.0,Positive,,0,84.0
895029,Fitness First,90.03,Health,58.31,Sunday,Morning,27.81,1.0,Neutral,,0,98.0
896222,Fitness First,18.6,Health,39.07,Sunday,Morning,41.4,1.0,Negative,,0,77.0
897848,Fitness First,66.03059171597634,Health,77.95,Sunday,Morning,0.0,3.0,Negative,,0,20.0
899376,Fitness First,39.77,Health,75.31,Sunday,Morning,82.75,2.0,Positive,,0,88.0
900729,Fitness First,64.06,Health,81.73,Sunday,Morning,63.73,0.0,Positive,,0,53.0
901493,Fitness First,108.85,Health,94.24,Sunday,Morning,14.24,0.0,Negative,,0,68.0
901742,Fitness First,80.17,Health,27.7,Sunday,Morning,0.0,1.0,Neutral,,0,41.0
901824,Fitness First,116.98,Health,36.46,Sunday,Morning,62.87,0.0,Neutral,,0,3.0
902419,Fitness First,109.23,Health,37.91,Sunday,Morning,30.57,0.0,Positive,,0,42.0
903025,Fitness First,57.94,Health,58.26,Sunday,Morning,14.03,1.0,Neutral,,0,52.0
904165,Fitness First,116.4,Health,81.17,Sunday,Morning,0.0,2.0,Negative,,0,80.0
904456,Fitness First,42.37,Health,90.06,Sunday,Morning,64.05,0.0,Neutral,,0,96.0
905401,Fitness First,30.18,Health,74.44,Sunday,Morning,24.92,0.0,Positive,,0,75.0
906788,Fitness First,14.16,Health,33.34,Sunday,Morning,1.18,2.0,Neutral,,0,99.0
908063,Fitness First,54.31,Health,94.89,Sunday,Morning,16.53,1.0,Negative,,0,23.0
910232,Fitness First,66.03059171597634,Health,47.93,Sunday,Morning,68.52,0.0,Positive,,0,52.0
910953,Fitness First,66.03059171597634,Health,25.59,Sunday,Morning,0.0,0.0,Positive,,0,56.0
913290,Fitness First,118.97,Health,64.11,Sunday,Morning,7.22,1.0,Positive,,0,61.0
914697,Fitness First,64.66,Health,28.24,Sunday,Morning,43.28,2.0,Positive,,0,61.0
914738,Fitness First,66.03059171597634,Health,23.52,Sunday,Morning,53.6,2.0,Negative,,0,13.0
915338,Fitness First,65.4,Health,24.0,Sunday,Morning,59.99,2.0,Neutral,,0,20.0
916502,Fitness First,38.14,Health,85.51,Sunday,Morning,0.0,2.0,Neutral,,0,96.0
916617,Fitness First,10.03,Health,54.72,Sunday,Morning,0.0,0.0,Neutral,,0,54.0
917751,Fitness First,97.81,Health,53.8,Sunday,Morning,63.76,0.0,Neutral,,0,3.0
918036,Fitness First,44.59,Health,28.56,Sunday,Morning,24.44,0.0,Negative,,0,3.0
918532,Fitness First,72.65,Health,31.57,Sunday,Morning,41.02,0.0,Negative,,0,24.0
919128,Fitness First,112.87,Health,29.19,Sunday,Morning,52.69,2.0,Negative,,0,95.0
919278,Fitness First,100.8,Health,27.72,Sunday,Morning,56.56,3.0,Negative,,0,46.0
920376,Fitness First,31.53,Health,50.74,Sunday,Morning,27.98,3.0,Negative,,0,35.0
923349,Fitness First,58.99,Health,24.29,Sunday,Morning,46.81,2.0,Positive,,0,60.0
925085,Fitness First,62.63,Health,58.61,Sunday,Morning,62.03,1.0,Negative,,0,47.0
925929,Fitness First,93.88,Health,77.83,Sunday,Morning,94.84,1.0,Neutral,,0,75.0
928057,Fitness First,116.33,Health,35.07,Sunday,Morning,0.0,2.0,Neutral,,0,80.0
930348,Fitness First,111.12,Health,93.17,Sunday,Morning,87.64,3.0,Positive,,0,96.0
930612,Fitness First,95.86,Health,61.18,Sunday,Morning,39.91,3.0,Negative,,0,40.0
931010,Fitness First,106.26,Health,33.48,Sunday,Morning,98.34,2.0,Positive,,0,58.0
936689,Fitness First,95.13,Health,29.08,Sunday,Morning,14.68,1.0,Negative,,0,71.0
936827,Fitness First,66.03059171597634,Health,49.99,Sunday,Morning,29.73,2.0,Negative,,0,81.0
937631,Fitness First,54.31,Health,91.58,Sunday,Morning,37.59,1.0,Neutral,,0,52.0
939951,Fitness First,63.41,Health,65.57,Sunday,Morning,65.22,2.0,Neutral,,0,60.0
940125,Fitness First,88.3,Health,58.24,Sunday,Morning,57.01,3.0,Negative,,0,11.0
940339,Fitness First,66.03059171597634,Health,38.73,Sunday,Morning,44.39,1.0,Negative,,0,47.0
940616,Fitness First,18.6,Health,81.31,Sunday,Morning,54.59,3.0,Positive,,0,18.0
941095,Fitness First,95.0,Health,69.38,Sunday,Morning,81.17,1.0,Positive,,0,76.0
942880,Fitness First,81.72,Health,81.75,Sunday,Morning,84.71,1.0,Negative,,0,24.0
944685,Fitness First,26.13,Health,39.33,Sunday,Morning,32.42,0.0,Neutral,,0,46.0
945219,Fitness First,88.36,Health,66.35,Sunday,Morning,67.44,1.0,Neutral,,0,83.0
945564,Fitness First,53.45,Health,38.85,Sunday,Morning,42.35,1.0,Positive,,0,71.0
946817,Fitness First,17.67,Health,69.75,Sunday,Morning,33.6,1.0,Negative,,0,67.0
947422,Fitness First,34.0,Health,62.18,Sunday,Morning,3.06,2.0,Positive,,0,99.0
947777,Fitness First,60.47,Health,33.97,Sunday,Morning,73.35,0.0,Neutral,,0,65.0
949904,Fitness First,66.03059171597634,Health,60.84,Sunday,Morning,0.0,1.0,Negative,,0,39.0
952322,Fitness First,57.14,Health,45.2,Sunday,Morning,60.84,3.0,Neutral,,0,99.0
956253,Fitness First,43.8,Health,59.35,Sunday,Morning,95.36,1.0,Negative,,0,89.0
956521,Fitness First,56.7,Health,72.45,Sunday,Morning,48.74,3.0,Negative,,0,32.0
956895,Fitness First,117.12,Health,20.76,Sunday,Morning,48.06,0.0,Neutral,,0,50.0
960389,Fitness First,83.86,Health,27.92,Sunday,Morning,26.84,1.0,Neutral,,0,18.0
962874,Fitness First,14.35,Health,26.68,Sunday,Morning,15.25,1.0,Neutral,,0,28.0
963208,Fitness First,103.96,Health,33.24,Sunday,Morning,12.15,0.0,Positive,,0,71.0
963944,Fitness First,17.82,Health,30.29,Sunday,Morning,56.31,3.0,Positive,,0,64.0
964187,Fitness First,107.92,Health,41.12,Sunday,Morning,67.18,3.0,Positive,,0,41.0
965171,Fitness First,16.75,Health,39.69,Sunday,Morning,57.69,1.0,Negative,,0,37.0
965694,Fitness First,16.75,Health,76.69,Sunday,Morning,48.32,1.0,Negative,,0,38.0
966569,Fitness First,60.76,Health,89.1,Sunday,Morning,41.23,3.0,Positive,,0,7.0
967389,Fitness First,54.17,Health,39.99,Sunday,Morning,50.36,3.0,Negative,,0,51.0
967733,Fitness First,32.23,Health,90.87,Sunday,Morning,77.91,1.0,Positive,,0,85.0
968448,Fitness First,119.13,Health,75.26,Sunday,Morning,56.03,2.0,Positive,,0,64.0
968916,Fitness First,113.65,Health,60.79,Sunday,Morning,32.84,2.0,Negative,,0,19.0
969848,Fitness First,97.57,Health,89.25,Sunday,Morning,52.68,0.0,Negative,,0,67.0
971949,Fitness First,92.81,Health,31.44,Sunday,Morning,23.56,2.0,Negative,,0,5.0
971970,Fitness First,55.58,Health,58.36,Sunday,Morning,47.14,0.0,Positive,,0,63.0
975122,Fitness First,7.15,Health,76.89,Sunday,Morning,0.0,1.0,Negative,,0,71.0
975882,Fitness First,103.71,Health,61.84,Sunday,Morning,61.69,3.0,Negative,,0,34.0
976050,Fitness First,42.31,Health,96.69,Sunday,Morning,64.05,0.0,Negative,,0,64.0
978229,Fitness First,51.19,Health,31.28,Sunday,Morning,0.0,2.0,Positive,,0,100.0
979433,Fitness First,111.74,Health,38.07,Sunday,Morning,8.04,0.0,Negative,,0,82.0
980862,Fitness First,119.55,Health,81.55,Sunday,Morning,0.0,0.0,Negative,,0,72.0
985013,Fitness First,115.4,Health,30.61,Sunday,Morning,26.28,1.0,Neutral,,0,18.0
986151,Fitness First,27.21,Health,67.66,Sunday,Morning,82.39,2.0,Neutral,,0,28.0
986429,Fitness First,72.65,Health,59.72,Sunday,Morning,78.12,1.0,Neutral,,0,48.0
987076,Fitness First,66.03059171597634,Health,61.65,Sunday,Morning,0.0,3.0,Neutral,,0,31.0
991472,Fitness First,81.51,Health,65.31,Sunday,Morning,43.49,1.0,Negative,,0,70.0
992963,Fitness First,116.22,Health,71.9,Sunday,Morning,0.0,1.0,Negative,,0,36.0
993170,Fitness First,78.79,Health,77.54,Sunday,Morning,59.05,0.0,Negative,,0,24.0
995406,Fitness First,66.03059171597634,Health,44.45,Sunday,Morning,75.81,2.0,Positive,,0,61.0
995590,Fitness First,70.61,Health,78.94,Sunday,Morning,39.15,3.0,Negative,,0,100.0
998187,Fitness First,35.98,Health,44.4,Sunday,Morning,55.93,2.0,Neutral,,0,23.0
999150,Fitness First,66.03059171597634,Health,22.79,Sunday,Morning,7.71,0.0,Neutral,,0,79.0
999290,Fitness First,98.59,Health,23.39,Sunday,Morning,37.08,2.0,Negative,,0,79.0
999829,Fitness First,67.84,Health,26.93,Sunday,Morning,58.73,1.0,Negative,,0,70.0
