id,Podcast_Name,Episode_Length_minutes,Genre,Host_Popularity_percentage,Publication_Day,Publication_Time,Guest_Popularity_percentage,Number_of_Ads,Episode_Sentiment,Listening_Time_minutes,is_train,Episode_Number
608,Fitness First,66.93645833333333,Health,57.92,Monday,Night,83.82,3.0,Neutral,55.03012,1,90.0
1828,Fitness First,100.68,Health,65.48,Monday,Night,0.0,3.0,Positive,61.27458,1,84.0
2688,Fitness First,18.59,Health,93.84,Monday,Night,50.4,1.0,Neutral,7.69083,1,73.0
3543,Fitness First,49.43,Health,70.83,Monday,Night,0.0,1.0,Negative,44.9172,1,21.0
5100,Fitness First,34.72,Health,26.82,Monday,Night,0.0,3.0,Negative,24.44558,1,5.0
6949,Fitness First,39.81,Health,76.61,Monday,Night,38.61,2.0,Negative,16.78889,1,58.0
7195,Fitness First,26.35,Health,27.31,Monday,Night,75.29,0.0,Negative,24.72011,1,1.0
7792,Fitness First,66.93645833333333,Health,35.98,Monday,Night,0.0,3.0,Positive,48.72114,1,3.0
7895,Fitness First,13.0,Health,25.63,Monday,Night,82.97,3.0,Neutral,11.56136,1,22.0
8011,Fitness First,64.89,Health,80.65,Monday,Night,94.9,2.0,Positive,52.78481,1,80.0
8300,Fitness First,34.94,Health,75.62,Monday,Night,40.17,2.0,Neutral,24.14422,1,78.0
8306,Fitness First,78.88,Health,67.43,Monday,Night,34.83,2.0,Positive,55.00762,1,12.0
9254,Fitness First,22.46,Health,56.52,Monday,Night,51.25,3.0,Positive,7.02668,1,4.0
9339,Fitness First,38.01,Health,28.98,Monday,Night,0.0,3.0,Neutral,37.04447,1,90.0
10979,Fitness First,30.96,Health,38.55,Monday,Night,65.98,0.0,Neutral,15.14,1,52.0
11053,Fitness First,52.01,Health,49.31,Monday,Night,91.86,1.0,Neutral,37.09839,1,18.0
11273,Fitness First,111.73,Health,82.33,Monday,Night,92.13,2.0,Positive,105.11321,1,75.0
11734,Fitness First,12.4,Health,89.79,Monday,Night,20.41,1.0,Negative,0.0,1,11.0
12805,Fitness First,87.29,Health,67.55,Monday,Night,24.94,1.0,Positive,61.44161,1,52.0
13200,Fitness First,58.65,Health,25.65,Monday,Night,7.91,3.0,Negative,50.44102,1,35.0
13879,Fitness First,84.81,Health,33.39,Monday,Night,0.0,1.0,Positive,60.03854,1,60.0
15623,Fitness First,34.11,Health,36.95,Monday,Night,14.32,1.0,Positive,29.61178,1,40.0
16536,Fitness First,41.96,Health,48.19,Monday,Night,48.78,2.0,Positive,33.56845,1,90.0
18051,Fitness First,73.34,Health,31.94,Monday,Night,86.89,1.0,Neutral,60.12177,1,65.0
18250,Fitness First,66.93645833333333,Health,88.33,Monday,Night,85.27,2.0,Negative,18.40091,1,9.0
19382,Fitness First,116.05,Health,24.74,Monday,Night,85.43,1.0,Neutral,67.25506,1,61.0
20736,Fitness First,66.44,Health,91.44,Monday,Night,7.66,1.0,Negative,54.53703,1,5.0
21405,Fitness First,29.19,Health,25.74,Monday,Night,73.25,0.0,Positive,19.48708,1,57.0
21519,Fitness First,84.82,Health,36.32,Monday,Night,53.32,2.0,Positive,53.03121,1,53.0
21912,Fitness First,80.16,Health,53.58,Monday,Night,88.47,1.0,Negative,38.52182,1,5.0
22428,Fitness First,64.21,Health,52.28,Monday,Night,1.71,1.0,Positive,53.55677,1,19.0
22476,Fitness First,114.2,Health,66.41,Monday,Night,0.0,0.0,Neutral,86.06671,1,41.0
23149,Fitness First,30.5,Health,76.67,Monday,Night,20.11,0.0,Positive,25.6419,1,65.0
25649,Fitness First,91.32,Health,50.42,Monday,Night,71.4,1.0,Positive,59.66261,1,18.0
26996,Fitness First,95.59,Health,90.37,Monday,Night,2.73,0.0,Neutral,80.30737,1,37.0
29369,Fitness First,26.32,Health,88.21,Monday,Night,94.21,2.0,Negative,18.61141,1,67.0
30902,Fitness First,110.76,Health,46.15,Monday,Night,29.11,2.0,Negative,78.27358,1,88.0
31604,Fitness First,53.64,Health,29.69,Monday,Night,71.19,3.0,Neutral,28.89,1,38.0
36832,Fitness First,44.01,Health,66.63,Monday,Night,86.36,1.0,Neutral,20.9925,1,51.0
37073,Fitness First,32.43,Health,70.59,Monday,Night,56.09,1.0,Neutral,19.11975,1,64.0
37105,Fitness First,30.33,Health,91.95,Monday,Night,97.2,0.0,Positive,12.78,1,51.0
39215,Fitness First,86.56,Health,44.09,Monday,Night,39.07,0.0,Negative,51.08209,1,10.0
40113,Fitness First,24.48,Health,37.34,Monday,Night,82.47,1.0,Positive,16.11683,1,63.0
40329,Fitness First,118.22,Health,83.69,Monday,Night,50.96,1.0,Neutral,87.66,1,33.0
42297,Fitness First,85.2,Health,87.43,Monday,Night,8.14,3.0,Neutral,37.32532,1,31.0
43388,Fitness First,64.02,Health,36.62,Monday,Night,47.32,3.0,Neutral,43.34408,1,60.0
43710,Fitness First,106.71,Health,73.65,Monday,Night,82.51,0.0,Neutral,77.11019,1,68.0
44812,Fitness First,47.82,Health,96.54,Monday,Night,70.48,3.0,Neutral,40.2088,1,53.0
45740,Fitness First,66.93645833333333,Health,53.14,Monday,Night,72.69,0.0,Negative,81.78953,1,47.0
47378,Fitness First,47.18,Health,67.75,Monday,Night,70.39,2.0,Positive,32.52759,1,21.0
51170,Fitness First,95.15,Health,66.82,Monday,Night,60.59,2.0,Positive,72.12777,1,20.0
52589,Fitness First,59.49,Health,20.66,Monday,Night,34.68,0.0,Neutral,35.01582,1,23.0
53192,Fitness First,106.07,Health,28.85,Monday,Night,81.68,0.0,Positive,97.39734,1,23.0
53329,Fitness First,93.05,Health,58.67,Monday,Night,0.0,2.0,Negative,60.73,1,38.0
53419,Fitness First,114.03,Health,41.72,Monday,Night,12.01,0.0,Neutral,63.53382,1,35.0
53875,Fitness First,22.52,Health,55.54,Monday,Night,32.55,3.0,Neutral,6.55135,1,33.0
54122,Fitness First,12.15,Health,54.12,Monday,Night,26.63,1.0,Negative,3.60958,1,35.0
54375,Fitness First,32.12,Health,74.77,Monday,Night,32.29,0.0,Positive,31.60191,1,87.0
54868,Fitness First,87.29,Health,67.55,Monday,Night,24.94,0.0,Neutral,61.44161,1,10.0
54949,Fitness First,112.77,Health,51.38,Monday,Night,47.36,2.0,Neutral,60.59896,1,92.0
55400,Fitness First,15.15,Health,37.14,Monday,Night,0.0,0.0,Positive,9.64361,1,97.0
55926,Fitness First,99.23,Health,71.4,Monday,Night,23.3,0.0,Negative,80.47771,1,1.0
56872,Fitness First,71.83,Health,44.87,Monday,Night,86.2,2.0,Positive,60.98657,1,71.0
57086,Fitness First,52.51,Health,55.68,Monday,Night,66.92,1.0,Negative,19.47087,1,84.0
58531,Fitness First,26.72,Health,58.8,Monday,Night,12.4,2.0,Neutral,24.58744,1,23.0
58797,Fitness First,67.6,Health,60.32,Monday,Night,0.0,1.0,Negative,58.53161,1,8.0
58869,Fitness First,99.53,Health,32.85,Monday,Night,88.45,0.0,Negative,77.78757,1,88.0
59545,Fitness First,31.57,Health,26.23,Monday,Night,89.76,2.0,Positive,22.46,1,18.0
62568,Fitness First,66.93645833333333,Health,92.9,Monday,Night,94.58,0.0,Neutral,63.99704,1,54.0
63160,Fitness First,59.96,Health,97.31,Monday,Night,99.34,3.0,Positive,47.06315,1,99.0
63815,Fitness First,115.52,Health,96.09,Monday,Night,50.16,2.0,Neutral,79.28331,1,7.0
64973,Fitness First,64.02,Health,35.77,Monday,Night,31.15,3.0,Negative,57.59008,1,5.0
65735,Fitness First,14.97,Health,71.87,Monday,Night,54.32,3.0,Neutral,13.31,1,4.0
67226,Fitness First,7.85,Health,78.8,Monday,Night,0.26,2.0,Neutral,5.12412,1,11.0
67301,Fitness First,88.21,Health,85.44,Monday,Night,3.33,0.0,Neutral,64.1871,1,94.0
67617,Fitness First,42.92,Health,35.41,Monday,Night,76.22,2.0,Neutral,25.97044,1,79.0
68091,Fitness First,31.61,Health,58.08,Monday,Night,53.66,0.0,Positive,27.87,1,40.0
68288,Fitness First,110.2,Health,49.02,Monday,Night,6.11,3.0,Neutral,63.47631,1,23.0
70385,Fitness First,55.41,Health,54.93,Monday,Night,26.82,0.0,Neutral,43.37946,1,11.0
70890,Fitness First,14.37,Health,55.21,Monday,Night,52.08,2.0,Neutral,0.88358,1,99.0
72768,Fitness First,80.49,Health,83.96,Monday,Night,65.1,0.0,Negative,56.47717,1,55.0
73416,Fitness First,6.24,Health,71.94,Monday,Night,84.21,0.0,Negative,2.12617,1,63.0
73787,Fitness First,14.71,Health,98.82,Monday,Night,0.0,3.0,Negative,10.99598,1,14.0
73935,Fitness First,66.93645833333333,Health,59.62,Monday,Night,51.11,0.0,Negative,22.47093,1,46.0
75448,Fitness First,107.43,Health,74.49,Monday,Night,66.65,0.0,Negative,85.79245,1,79.0
79230,Fitness First,101.42,Health,66.57,Monday,Night,5.68,0.0,Positive,70.49221,1,65.0
79420,Fitness First,88.71,Health,66.1,Monday,Night,0.0,1.0,Negative,48.27693,1,56.0
79528,Fitness First,104.91,Health,68.0,Monday,Night,18.06,0.0,Negative,93.76757,1,74.0
79915,Fitness First,119.9,Health,76.21,Monday,Night,0.0,2.0,Neutral,118.97425,1,75.0
80187,Fitness First,48.67,Health,44.59,Monday,Night,12.34,0.0,Neutral,41.59984,1,35.0
80343,Fitness First,39.87,Health,97.36,Monday,Night,38.21,2.0,Negative,16.78889,1,58.0
80669,Fitness First,77.31,Health,23.82,Monday,Night,95.82,2.0,Negative,43.26721,1,84.0
81093,Fitness First,63.48,Health,26.45,Monday,Night,0.0,1.0,Neutral,36.47,1,24.0
81569,Fitness First,13.5,Health,29.67,Monday,Night,53.57,3.0,Neutral,13.43287,1,15.0
82647,Fitness First,66.93645833333333,Health,90.67,Monday,Night,68.45,3.0,Neutral,28.731,1,87.0
86478,Fitness First,114.03,Health,41.72,Monday,Night,84.02,0.0,Positive,63.53382,1,42.0
87204,Fitness First,51.26,Health,69.79,Monday,Night,17.85,1.0,Positive,43.25641,1,15.0
92073,Fitness First,109.25,Health,26.32,Monday,Night,0.0,0.0,Positive,86.67233,1,82.0
93052,Fitness First,51.15,Health,76.3,Monday,Night,73.17,0.0,Positive,45.04563,1,12.0
93666,Fitness First,31.71,Health,51.59,Monday,Night,2.98,2.0,Positive,15.88,1,97.0
94556,Fitness First,97.9,Health,24.1,Monday,Night,22.19,1.0,Neutral,53.70195,1,42.0
94772,Fitness First,66.93645833333333,Health,60.86,Monday,Night,0.0,3.0,Positive,28.42945,1,40.0
96705,Fitness First,48.38,Health,87.19,Monday,Night,84.58,1.0,Positive,41.11984,1,82.0
96727,Fitness First,61.57,Health,45.94,Monday,Night,53.08,2.0,Positive,32.22671,1,99.0
97063,Fitness First,119.9,Health,66.91,Monday,Night,0.0,1.0,Neutral,118.97425,1,94.0
98088,Fitness First,37.43,Health,67.92,Monday,Night,43.69,0.0,Neutral,36.68058,1,6.0
98651,Fitness First,56.62,Health,55.18,Monday,Night,25.98,2.0,Negative,36.24677,1,97.0
99456,Fitness First,107.22,Health,69.58,Monday,Night,31.23,1.0,Negative,60.0781,1,97.0
99565,Fitness First,6.84,Health,71.94,Monday,Night,62.52,1.0,Negative,2.12617,1,63.0
100327,Fitness First,26.08,Health,44.42,Monday,Night,43.46,0.0,Neutral,12.42988,1,78.0
100756,Fitness First,32.0,Health,73.74,Monday,Night,58.5,2.0,Negative,22.26,1,97.0
101008,Fitness First,66.93645833333333,Health,38.76,Monday,Night,17.81,1.0,Neutral,72.79736,1,49.0
102906,Fitness First,112.32,Health,91.52,Monday,Night,86.42,1.0,Neutral,107.59,1,71.0
103171,Fitness First,104.97,Health,27.31,Monday,Night,31.64,1.0,Neutral,97.97,1,23.0
103400,Fitness First,20.56,Health,83.75,Monday,Night,6.53,2.0,Negative,13.88244,1,6.0
103887,Fitness First,42.33,Health,75.37,Monday,Night,0.0,3.0,Negative,16.78305,1,48.0
104040,Fitness First,23.51,Health,46.87,Monday,Night,44.52,1.0,Positive,7.41862,1,56.0
104935,Fitness First,27.74,Health,70.41,Monday,Night,31.33,1.0,Negative,13.82293,1,35.0
106568,Fitness First,66.93645833333333,Health,88.18,Monday,Night,84.65,1.0,Positive,31.31,1,75.0
108467,Fitness First,66.93645833333333,Health,91.83,Monday,Night,38.46,0.0,Positive,72.38054,1,13.0
109271,Fitness First,71.12,Health,60.54,Monday,Night,42.57,0.0,Positive,69.54901,1,72.0
110659,Fitness First,66.93645833333333,Health,61.45,Monday,Night,27.11,3.0,Negative,12.37474,1,47.0
113582,Fitness First,102.33,Health,31.89,Monday,Night,50.39,3.0,Neutral,87.65653,1,98.0
116206,Fitness First,72.65,Health,33.56,Monday,Night,99.28,0.0,Negative,52.13016,1,46.0
116604,Fitness First,32.85,Health,76.8,Monday,Night,51.57,0.0,Positive,17.4,1,79.0
117389,Fitness First,67.57,Health,29.9,Monday,Night,66.71,0.0,Negative,33.73771,1,89.0
117731,Fitness First,54.4,Health,21.97,Monday,Night,0.0,1.0,Neutral,25.01362,1,10.0
118395,Fitness First,94.83,Health,77.98,Monday,Night,59.27,1.0,Positive,56.55015,1,20.0
118586,Fitness First,99.32,Health,43.55,Monday,Night,74.58,2.0,Negative,52.92995,1,36.0
121609,Fitness First,15.39,Health,76.44,Monday,Night,0.0,3.0,Negative,5.25863,1,21.0
122319,Fitness First,107.17,Health,74.53,Monday,Night,0.0,1.0,Positive,89.40159,1,17.0
122668,Fitness First,66.93645833333333,Health,80.75,Monday,Night,0.0,2.0,Positive,38.46265,1,70.0
123398,Fitness First,72.66,Health,48.33,Monday,Night,40.08,2.0,Positive,60.13,1,32.0
123877,Fitness First,29.38,Health,52.36,Monday,Night,67.66,3.0,Positive,11.3197,1,9.0
124465,Fitness First,92.54,Health,23.7,Monday,Night,96.65,2.0,Positive,65.06562,1,89.0
124467,Fitness First,42.21,Health,36.71,Monday,Night,90.66,1.0,Positive,28.28021,1,87.0
125646,Fitness First,47.18,Health,66.75,Monday,Night,70.43,2.0,Positive,32.52759,1,21.0
128064,Fitness First,19.24,Health,75.24,Monday,Night,1.33,2.0,Negative,18.24812,1,51.0
128566,Fitness First,83.56,Health,67.54,Monday,Night,57.74,2.0,Positive,50.07731,1,3.0
128640,Fitness First,35.99,Health,39.2,Monday,Night,50.12,3.0,Positive,12.87,1,78.0
129599,Fitness First,66.93645833333333,Health,83.95,Monday,Night,93.37,3.0,Positive,48.06246,1,24.0
131401,Fitness First,67.37,Health,37.8,Monday,Night,38.53,1.0,Neutral,39.99276,1,38.0
131944,Fitness First,55.56,Health,57.42,Monday,Night,81.18,2.0,Negative,27.12054,1,52.0
132056,Fitness First,113.04,Health,77.05,Monday,Night,98.59,1.0,Positive,65.90477,1,78.0
132497,Fitness First,89.23,Health,92.06,Monday,Night,0.0,0.0,Neutral,87.10093,1,62.0
132579,Fitness First,37.02,Health,72.12,Monday,Night,80.01,2.0,Negative,24.26783,1,92.0
133052,Fitness First,99.51,Health,93.41,Monday,Night,0.0,0.0,Positive,93.02346,1,8.0
133111,Fitness First,114.32,Health,80.61,Monday,Night,0.0,2.0,Neutral,76.32495,1,65.0
134932,Fitness First,87.61,Health,72.19,Monday,Night,90.74,2.0,Negative,78.4672,1,94.0
135515,Fitness First,16.29,Health,47.61,Monday,Night,20.89,0.0,Positive,6.52903,1,82.0
135635,Fitness First,85.67,Health,89.37,Monday,Night,10.79,0.0,Neutral,66.64977,1,98.0
136461,Fitness First,37.83,Health,85.93,Monday,Night,0.0,1.0,Neutral,31.90998,1,81.0
136540,Fitness First,23.33,Health,69.38,Monday,Night,3.33,0.0,Neutral,19.71374,1,86.0
136649,Fitness First,100.77,Health,69.47,Monday,Night,5.96,0.0,Negative,80.04303,1,30.0
136883,Fitness First,31.46,Health,55.29,Monday,Night,50.95,0.0,Neutral,16.06603,1,98.0
137059,Fitness First,25.16,Health,35.99,Monday,Night,16.11,1.0,Positive,16.53631,1,36.0
137174,Fitness First,116.4,Health,27.07,Monday,Night,47.19,1.0,Negative,83.26786,1,24.0
137833,Fitness First,114.11,Health,88.67,Monday,Night,23.65,2.0,Neutral,55.17045,1,82.0
138232,Fitness First,66.93645833333333,Health,98.06,Monday,Night,51.33,1.0,Negative,52.64292,1,24.0
140185,Fitness First,70.07,Health,77.61,Monday,Night,97.08,3.0,Negative,52.0627,1,97.0
143619,Fitness First,34.57,Health,73.93,Monday,Night,18.97,0.0,Neutral,22.23529,1,20.0
145396,Fitness First,60.09,Health,61.2,Monday,Night,0.0,1.0,Negative,56.00085,1,61.0
145844,Fitness First,95.25,Health,60.25,Monday,Night,61.54,0.0,Neutral,80.33784,1,82.0
147466,Fitness First,117.36,Health,86.31,Monday,Night,98.49,0.0,Negative,61.48278,1,22.0
147571,Fitness First,66.93645833333333,Health,23.52,Monday,Night,73.21,2.0,Positive,33.23631,1,7.0
147721,Fitness First,113.63,Health,95.64,Monday,Night,0.0,0.0,Neutral,83.5,1,56.0
147772,Fitness First,43.25,Health,25.71,Monday,Night,22.62,1.0,Positive,30.23197,1,92.0
151187,Fitness First,75.15,Health,20.65,Monday,Night,78.61,2.0,Negative,40.53625,1,99.0
152340,Fitness First,66.93645833333333,Health,76.62,Monday,Night,20.78,0.0,Positive,25.6419,1,65.0
152941,Fitness First,26.47,Health,33.12,Monday,Night,4.68,1.0,Negative,9.16286,1,79.0
152956,Fitness First,52.12,Health,49.47,Monday,Night,52.08,0.0,Neutral,34.84932,1,81.0
154469,Fitness First,91.72,Health,39.53,Monday,Night,55.73,0.0,Negative,80.29,1,16.0
154578,Fitness First,116.96,Health,98.44,Monday,Night,39.91,1.0,Neutral,83.35653,1,54.0
156102,Fitness First,103.01,Health,69.36,Monday,Night,82.5,2.0,Negative,75.32257,1,79.0
158624,Fitness First,119.81,Health,37.0,Monday,Night,6.07,0.0,Positive,116.64952,1,59.0
161217,Fitness First,92.29,Health,32.11,Monday,Night,0.0,1.0,Negative,67.75115,1,81.0
165704,Fitness First,84.13,Health,23.69,Monday,Night,61.3,1.0,Positive,78.58502,1,3.0
165917,Fitness First,24.94,Health,66.06,Monday,Night,0.0,3.0,Positive,8.87655,1,30.0
167649,Fitness First,36.45,Health,68.45,Monday,Night,39.07,3.0,Positive,28.57251,1,7.0
168012,Fitness First,66.93645833333333,Health,26.67,Monday,Night,40.72,1.0,Negative,62.00254,1,50.0
169472,Fitness First,66.93645833333333,Health,62.52,Monday,Night,5.81,2.0,Neutral,45.12403,1,98.0
172524,Fitness First,23.55,Health,69.38,Monday,Night,38.5,2.0,Neutral,13.02226,1,70.0
173224,Fitness First,95.55,Health,27.06,Monday,Night,0.0,2.0,Negative,50.28338,1,99.0
174890,Fitness First,54.63,Health,35.8,Monday,Night,20.8,0.0,Positive,53.97837,1,25.0
175666,Fitness First,72.3,Health,81.57,Monday,Night,26.55,2.0,Negative,53.49181,1,66.0
175698,Fitness First,35.76,Health,88.32,Monday,Night,81.4,1.0,Negative,17.89,1,62.0
176160,Fitness First,117.74,Health,51.03,Monday,Night,0.48,3.0,Positive,92.85594,1,14.0
176334,Fitness First,33.41,Health,78.58,Monday,Night,81.39,0.0,Positive,27.87,1,43.0
176954,Fitness First,66.93645833333333,Health,37.11,Monday,Night,0.0,2.0,Neutral,75.87236,1,3.0
178035,Fitness First,66.93645833333333,Health,76.69,Monday,Night,76.57,2.0,Positive,39.64767,1,58.0
179937,Fitness First,66.93645833333333,Health,46.47,Monday,Night,86.28,1.0,Positive,6.59003,1,72.0
180581,Fitness First,66.93645833333333,Health,50.28,Monday,Night,84.41,0.0,Positive,44.80052,1,61.0
181362,Fitness First,105.67,Health,56.2,Monday,Night,65.12,3.0,Negative,46.19251,1,59.0
182112,Fitness First,101.21,Health,88.54,Monday,Night,90.36,1.0,Negative,90.94561,1,87.0
182207,Fitness First,107.32,Health,63.01,Monday,Night,0.0,1.0,Negative,60.0781,1,99.0
184303,Fitness First,42.06,Health,57.37,Monday,Night,35.37,3.0,Negative,29.46408,1,58.0
184352,Fitness First,108.43,Health,31.47,Monday,Night,54.66,3.0,Neutral,87.24953,1,29.0
184678,Fitness First,60.6,Health,37.1,Monday,Night,60.23,1.0,Positive,37.2764,1,100.0
186018,Fitness First,22.67,Health,61.57,Monday,Night,71.62,2.0,Neutral,18.59246,1,66.0
186147,Fitness First,34.25,Health,58.31,Monday,Night,63.86,1.0,Negative,18.19,1,69.0
186227,Fitness First,27.4,Health,63.64,Monday,Night,34.64,0.0,Positive,6.14,1,68.0
187373,Fitness First,61.34,Health,54.76,Monday,Night,27.23,3.0,Positive,36.85104,1,81.0
187497,Fitness First,20.87,Health,68.12,Monday,Night,71.32,1.0,Positive,9.28561,1,42.0
188534,Fitness First,50.76,Health,41.09,Monday,Night,73.54,0.0,Negative,25.69092,1,96.0
189431,Fitness First,66.93645833333333,Health,26.77,Monday,Night,0.0,3.0,Negative,21.62,1,84.0
190698,Fitness First,81.76,Health,26.19,Monday,Night,59.17,3.0,Neutral,37.06364,1,74.0
192167,Fitness First,68.5,Health,81.36,Monday,Night,75.45,2.0,Negative,41.63,1,78.0
194228,Fitness First,103.65,Health,55.58,Monday,Night,37.48,0.0,Positive,66.87899,1,93.0
194491,Fitness First,47.14,Health,98.18,Monday,Night,0.0,0.0,Positive,28.99387,1,46.0
194931,Fitness First,61.48,Health,64.75,Monday,Night,0.0,2.0,Negative,37.06546,1,10.0
195614,Fitness First,56.78,Health,54.98,Monday,Night,0.0,1.0,Neutral,47.50707,1,72.0
195697,Fitness First,118.05,Health,73.13,Monday,Night,67.12,3.0,Positive,110.92,1,33.0
196372,Fitness First,52.41,Health,87.17,Monday,Night,0.0,2.0,Negative,24.2103,1,82.0
199468,Fitness First,37.66,Health,42.78,Monday,Night,32.96,1.0,Negative,26.8503,1,17.0
201218,Fitness First,47.59,Health,49.84,Monday,Night,50.93,1.0,Neutral,11.97,1,23.0
202000,Fitness First,87.29,Health,67.55,Monday,Night,24.94,0.0,Positive,61.44161,1,10.0
205054,Fitness First,94.7,Health,38.72,Monday,Night,35.47,1.0,Positive,76.16977,1,1.0
205167,Fitness First,66.93645833333333,Health,79.94,Monday,Night,88.82,0.0,Positive,26.28741,1,53.0
206043,Fitness First,32.96,Health,49.15,Monday,Night,0.0,3.0,Positive,16.131,1,4.0
206219,Fitness First,79.69,Health,30.61,Monday,Night,91.12,0.0,Negative,55.91,1,58.0
206739,Fitness First,16.26,Health,25.21,Monday,Night,71.26,3.0,Positive,9.54,1,76.0
206843,Fitness First,51.87,Health,91.53,Monday,Night,24.61,0.0,Neutral,33.27785,1,21.0
207173,Fitness First,114.48,Health,67.88,Monday,Night,91.42,3.0,Neutral,57.29902,1,56.0
208709,Fitness First,112.8,Health,74.75,Monday,Night,66.48,0.0,Negative,85.79245,1,40.0
212591,Fitness First,38.28,Health,65.37,Monday,Night,15.66,2.0,Positive,31.55911,1,55.0
213530,Fitness First,64.2,Health,61.5,Monday,Night,0.0,1.0,Positive,45.04502,1,42.0
215198,Fitness First,67.19,Health,78.06,Monday,Night,84.12,1.0,Negative,50.07864,1,55.0
215228,Fitness First,92.8,Health,99.13,Monday,Night,0.0,1.0,Positive,83.84702,1,65.0
215256,Fitness First,15.29,Health,59.16,Monday,Night,27.32,3.0,Neutral,13.09281,1,83.0
216484,Fitness First,65.6,Health,69.28,Monday,Night,52.15,1.0,Positive,53.55677,1,80.0
216537,Fitness First,118.46,Health,69.2,Monday,Night,74.7,2.0,Negative,65.6324,1,45.0
216836,Fitness First,90.47,Health,41.72,Monday,Night,84.03,0.0,Positive,63.53382,1,42.0
217543,Fitness First,75.96,Health,63.41,Monday,Night,42.6,2.0,Neutral,35.60428,1,71.0
218088,Fitness First,51.54,Health,41.7,Monday,Night,84.59,3.0,Neutral,35.35184,1,44.0
218788,Fitness First,111.91,Health,98.61,Monday,Night,94.84,2.0,Neutral,99.35317,1,100.0
219121,Fitness First,35.97,Health,27.1,Monday,Night,68.1,3.0,Negative,23.5563,1,38.0
220033,Fitness First,61.52,Health,98.83,Monday,Night,66.04,3.0,Neutral,49.82764,1,23.0
220443,Fitness First,83.22,Health,52.02,Monday,Night,40.44,3.0,Negative,45.59172,1,24.0
220839,Fitness First,103.68,Health,34.03,Monday,Night,0.0,2.0,Neutral,53.956,1,69.0
221066,Fitness First,91.55,Health,94.52,Monday,Night,46.76,3.0,Positive,64.06802,1,42.0
221749,Fitness First,113.93,Health,65.42,Monday,Night,2.78,0.0,Positive,75.44446,1,42.0
222615,Fitness First,114.98,Health,39.29,Monday,Night,44.22,1.0,Negative,78.29,1,12.0
223012,Fitness First,96.53,Health,69.98,Monday,Night,53.91,3.0,Neutral,53.60383,1,39.0
223387,Fitness First,63.68,Health,26.19,Monday,Night,35.72,3.0,Positive,27.14,1,81.0
226021,Fitness First,82.84,Health,71.82,Monday,Night,48.11,0.0,Positive,50.73618,1,71.0
226062,Fitness First,26.38,Health,25.32,Monday,Night,92.49,0.0,Negative,26.03636,1,13.0
228643,Fitness First,91.22,Health,99.13,Monday,Night,61.58,1.0,Positive,83.84702,1,42.0
232126,Fitness First,65.03,Health,23.49,Monday,Night,0.0,3.0,Neutral,52.70807,1,18.0
234316,Fitness First,69.29,Health,90.76,Monday,Night,3.76,2.0,Negative,33.04342,1,65.0
235706,Fitness First,95.77,Health,67.83,Monday,Night,66.73,1.0,Neutral,79.13784,1,78.0
236395,Fitness First,14.78,Health,37.13,Monday,Night,90.64,2.0,Neutral,3.58152,1,12.0
236566,Fitness First,48.85,Health,35.73,Monday,Night,47.27,0.0,Negative,38.63675,1,83.0
238616,Fitness First,16.45,Health,82.5,Monday,Night,0.0,1.0,Negative,5.94177,1,99.0
238642,Fitness First,118.02,Health,62.52,Monday,Night,13.49,3.0,Positive,73.50371,1,6.0
239835,Fitness First,98.07,Health,78.13,Monday,Night,70.78,0.0,Positive,86.12543,1,94.0
240158,Fitness First,82.63,Health,33.73,Monday,Night,75.39,1.0,Negative,56.12176,1,70.0
240350,Fitness First,105.2,Health,56.2,Monday,Night,9.2,2.0,Neutral,98.88421,1,25.0
241814,Fitness First,60.83,Health,92.83,Monday,Night,83.27,1.0,Positive,42.85917,1,25.0
242367,Fitness First,86.9,Health,21.9,Monday,Night,1.9,0.0,Neutral,60.72463,1,86.0
245317,Fitness First,100.69,Health,87.86,Monday,Night,0.0,3.0,Negative,72.27272,1,14.0
246297,Fitness First,13.98,Health,86.91,Monday,Night,91.41,0.0,Neutral,6.25555,1,71.0
246968,Fitness First,66.93645833333333,Health,78.4,Monday,Night,81.39,0.0,Positive,31.87,1,23.0
247389,Fitness First,53.41,Health,68.38,Monday,Night,35.2,3.0,Neutral,28.94606,1,50.0
247422,Fitness First,117.51,Health,81.54,Monday,Night,70.27,2.0,Negative,65.27815,1,60.0
250915,Fitness First,92.08,Health,55.66,Monday,Night,77.46,0.0,Neutral,68.96596,1,92.0
251735,Fitness First,110.26,Health,52.36,Monday,Night,0.0,3.0,Positive,56.8925,1,28.0
251736,Fitness First,98.07,Health,90.28,Monday,Night,89.66,3.0,Neutral,79.39864,1,46.0
252411,Fitness First,86.19,Health,46.49,Monday,Night,61.03,0.0,Negative,61.04908,1,95.0
253523,Fitness First,112.77,Health,91.54,Monday,Night,80.78,3.0,Negative,67.69266,1,83.0
253609,Fitness First,23.08,Health,67.0,Monday,Night,72.25,0.0,Positive,7.12608,1,31.0
253772,Fitness First,112.96,Health,43.59,Monday,Night,26.59,1.0,Neutral,54.39254,1,48.0
253957,Fitness First,30.83,Health,36.3,Monday,Night,0.0,1.0,Positive,14.24869,1,61.0
254101,Fitness First,43.28,Health,27.12,Monday,Night,46.2,1.0,Negative,25.21086,1,68.0
254528,Fitness First,66.93645833333333,Sports,97.82,Monday,Night,4.33,3.0,Neutral,12.10668,1,54.0
254954,Fitness First,66.93645833333333,Health,36.72,Monday,Night,36.4,2.0,Neutral,25.16045,1,86.0
255059,Fitness First,62.65,Health,31.17,Monday,Night,18.05,0.0,Positive,47.66101,1,26.0
255149,Fitness First,76.85,Health,61.2,Monday,Night,11.83,0.0,Positive,73.12717,1,91.0
259380,Fitness First,116.53,Health,63.06,Monday,Night,0.0,0.0,Positive,89.21747,1,3.0
260690,Fitness First,35.39,Health,92.13,Monday,Night,0.0,0.0,Neutral,27.19313,1,35.0
261752,Fitness First,50.02,Health,91.62,Monday,Night,14.72,0.0,Negative,42.45183,1,72.0
261868,Fitness First,66.93645833333333,Health,63.47,Monday,Night,0.0,1.0,Negative,44.41212,1,11.0
262530,Fitness First,30.69,Health,47.79,Monday,Night,1.15,2.0,Negative,13.66,1,78.0
263041,Fitness First,90.33,Health,49.91,Monday,Night,1.97,1.0,Neutral,49.3818,1,97.0
264680,Fitness First,93.1,Health,40.97,Monday,Night,7.57,0.0,Neutral,86.85557,1,76.0
265126,Fitness First,48.26,Health,48.84,Monday,Night,62.57,3.0,Positive,44.71409,1,48.0
268691,Fitness First,66.93645833333333,Health,69.03,Monday,Night,58.99,0.0,Neutral,80.97,1,23.0
271677,Fitness First,88.26,Health,32.14,Monday,Night,74.03,3.0,Neutral,51.33287,1,95.0
272330,Fitness First,65.22,Health,73.74,Monday,Night,90.01,1.0,Neutral,61.29188,1,80.0
273480,Fitness First,85.27,Health,85.81,Monday,Night,24.61,0.0,Positive,75.10748,1,24.0
273936,Fitness First,28.87,Health,47.66,Monday,Night,0.0,2.0,Negative,16.82277,1,94.0
275850,Fitness First,62.85,Health,30.85,Monday,Night,16.69,2.0,Negative,50.46112,1,45.0
276080,Fitness First,58.96,Health,70.92,Monday,Night,35.88,2.0,Positive,41.29185,1,80.0
277336,Fitness First,90.68,Health,79.38,Monday,Night,3.65,2.0,Neutral,51.86221,1,40.0
278838,Fitness First,21.23,Health,89.11,Monday,Night,1.06,1.0,Negative,8.2,1,64.0
279069,Fitness First,91.5,Health,79.01,Monday,Night,78.55,0.0,Negative,63.52673,1,79.0
279406,Fitness First,31.06,Health,58.2,Monday,Night,14.3,3.0,Positive,19.04386,1,4.0
279552,Fitness First,105.13,Health,94.16,Monday,Night,46.76,2.0,Positive,64.06802,1,42.0
281246,Fitness First,72.83,Health,61.16,Monday,Night,97.7,3.0,Negative,42.77097,1,90.0
282112,Fitness First,62.29,Health,89.37,Monday,Night,1.46,0.0,Negative,49.65659,1,93.0
282133,Fitness First,22.39,Health,71.66,Monday,Night,50.47,0.0,Neutral,18.43247,1,21.0
283308,Fitness First,82.92,Health,23.86,Monday,Night,31.42,1.0,Positive,76.81861,1,24.0
285011,Fitness First,25.47,Health,75.59,Monday,Night,0.0,2.0,Positive,12.64,1,19.0
286550,Fitness First,76.65,Health,38.67,Monday,Night,42.6,0.0,Negative,58.67063,1,77.0
289344,Fitness First,19.24,Health,68.34,Monday,Night,31.28,2.0,Neutral,9.67971,1,12.0
289426,Fitness First,115.3,Health,66.77,Monday,Night,81.12,1.0,Neutral,99.06703,1,62.0
289541,Fitness First,119.0,Health,33.06,Monday,Night,44.58,2.0,Negative,92.88547,1,3.0
292660,Fitness First,113.57,Health,54.66,Monday,Night,43.85,0.0,Negative,95.90844,1,57.0
293928,Fitness First,77.64,Health,67.57,Monday,Night,24.94,1.0,Positive,61.44161,1,10.0
293978,Fitness First,29.02,Health,87.54,Monday,Night,72.71,0.0,Positive,22.45741,1,45.0
295019,Fitness First,42.89,Health,58.75,Monday,Night,26.14,3.0,Negative,26.42971,1,8.0
295398,Fitness First,82.25,Health,82.21,Monday,Night,5.69,0.0,Positive,54.47898,1,80.0
295671,Fitness First,103.21,Health,40.45,Monday,Night,68.33,0.0,Neutral,76.12337,1,52.0
296077,Fitness First,104.63,Health,45.3,Monday,Night,67.99,0.0,Negative,57.94,1,28.0
297851,Fitness First,66.93645833333333,Health,71.38,Monday,Night,79.58,3.0,Neutral,6.59003,1,88.0
298190,Fitness First,62.84,Health,79.9,Monday,Night,20.87,1.0,Neutral,53.78481,1,87.0
298427,Fitness First,107.4,Health,44.48,Monday,Night,50.41,0.0,Negative,76.30209,1,48.0
299453,Fitness First,67.14,Health,31.11,Monday,Night,72.35,1.0,Positive,55.17691,1,49.0
300643,Fitness First,81.54,Health,74.53,Monday,Night,6.89,3.0,Positive,79.1179,1,92.0
300684,Fitness First,54.43,Health,34.74,Monday,Night,27.52,2.0,Neutral,39.03752,1,44.0
301042,Fitness First,16.02,Health,76.54,Monday,Night,52.15,0.0,Negative,7.27,1,86.0
303876,Fitness First,66.2,Health,88.87,Monday,Night,17.14,2.0,Negative,44.37361,1,68.0
303903,Fitness First,30.35,Health,49.46,Monday,Night,18.43,2.0,Neutral,12.6839,1,88.0
304607,Fitness First,17.28,Health,51.15,Monday,Night,68.29,3.0,Neutral,5.34523,1,67.0
305331,Fitness First,106.09,Health,54.22,Monday,Night,0.0,1.0,Negative,88.41342,1,82.0
305632,Fitness First,115.3,Health,91.77,Monday,Night,81.77,1.0,Neutral,99.06703,1,62.0
308011,Fitness First,99.55,Health,51.87,Monday,Night,98.31,0.0,Negative,83.06885,1,37.0
308247,Fitness First,67.52,Health,88.61,Monday,Night,82.61,1.0,Negative,65.34316,1,70.0
309182,Fitness First,7.95,Health,25.59,Monday,Night,50.09,3.0,Negative,0.79689,1,20.0
309655,Fitness First,23.38,Health,97.29,Monday,Night,96.96,3.0,Neutral,11.01843,1,26.0
309815,Fitness First,78.61,Health,70.72,Monday,Night,93.55,0.0,Negative,56.54162,1,65.0
310348,Fitness First,56.29,Health,34.52,Monday,Night,49.57,1.0,Neutral,30.84663,1,48.0
311176,Fitness First,24.51,Health,29.38,Monday,Night,0.0,0.0,Neutral,21.6177,1,77.0
312017,Fitness First,117.52,Health,51.52,Monday,Night,58.48,0.0,Positive,111.12646,1,100.0
312449,Fitness First,66.64,Health,34.62,Monday,Night,18.99,1.0,Negative,30.56073,1,55.0
313519,Fitness First,109.05,Health,58.67,Monday,Night,10.85,3.0,Positive,51.65057,1,24.0
313842,Fitness First,47.8,Health,39.83,Monday,Night,70.65,2.0,Positive,32.52759,1,21.0
316041,Fitness First,66.93645833333333,Health,47.52,Monday,Night,47.07,2.0,Neutral,61.30796,1,51.0
316098,Fitness First,53.77,Health,38.56,Monday,Night,38.11,0.0,Neutral,39.99276,1,38.0
317450,Fitness First,86.16,Health,71.93,Monday,Night,0.0,2.0,Positive,75.87145,1,84.0
317479,Fitness First,18.74,Health,45.6,Monday,Night,85.88,0.0,Negative,15.38069,1,1.0
318741,Fitness First,103.85,Health,48.54,Monday,Night,68.8,0.0,Neutral,76.12337,1,52.0
319019,Fitness First,29.52,Health,55.68,Monday,Night,47.89,2.0,Positive,24.79509,1,37.0
320275,Fitness First,9.95,Health,69.45,Monday,Night,46.5,1.0,Positive,2.03288,1,42.0
320284,Fitness First,66.93645833333333,Health,26.45,Monday,Night,50.53,0.0,Negative,14.97,1,48.0
321683,Fitness First,115.35,Health,20.31,Monday,Night,0.0,1.0,Neutral,93.4143,1,54.0
322261,Fitness First,26.12,Health,29.04,Monday,Night,86.28,1.0,Neutral,6.12,1,69.0
323602,Fitness First,102.59,Health,69.35,Monday,Night,17.42,2.0,Neutral,90.06358,1,6.0
323606,Fitness First,75.75,Health,32.42,Monday,Night,42.78,0.0,Neutral,47.77418,1,60.0
326009,Fitness First,21.79,Health,29.68,Monday,Night,27.68,0.0,Negative,20.74,1,23.0
326484,Fitness First,66.93645833333333,Health,79.32,Monday,Night,0.0,1.0,Neutral,38.46265,1,70.0
326791,Fitness First,54.42,Health,42.42,Monday,Night,62.0,0.0,Neutral,38.11649,1,61.0
329382,Fitness First,91.96,Health,61.76,Monday,Night,21.69,1.0,Positive,69.38906,1,11.0
329497,Fitness First,93.48,Health,89.36,Monday,Night,6.84,0.0,Neutral,65.19847,1,38.0
329972,Fitness First,66.93645833333333,Health,56.42,Monday,Night,56.27,2.0,Positive,73.24457,1,9.0
331397,Fitness First,34.14,Health,66.5,Monday,Night,80.34,1.0,Positive,22.79296,1,80.0
331606,Fitness First,66.93645833333333,Health,55.23,Monday,Night,45.48,1.0,Positive,0.0,1,47.0
332002,Fitness First,37.73,Health,46.47,Monday,Night,30.66,0.0,Negative,8.49557,1,98.0
332423,Fitness First,71.63,Health,75.77,Monday,Night,84.44,0.0,Negative,54.04791,1,33.0
334085,Fitness First,37.5,Health,23.04,Monday,Night,11.91,2.0,Positive,27.83486,1,6.0
334424,Fitness First,71.71,Health,88.19,Monday,Night,9.98,1.0,Positive,51.77472,1,69.0
334639,Fitness First,66.93645833333333,Health,67.73,Monday,Night,57.79,0.0,Negative,50.03283,1,52.0
335191,Fitness First,66.64,Health,71.1,Monday,Night,18.32,0.0,Negative,43.55361,1,5.0
335599,Fitness First,66.93645833333333,Health,53.56,Monday,Night,62.1,1.0,Positive,60.04775,1,94.0
335961,Fitness First,39.15,Health,83.67,Monday,Night,0.0,3.0,Negative,28.31151,1,91.0
337306,Fitness First,66.93645833333333,Health,45.79,Monday,Night,67.12,0.0,Neutral,64.79,1,65.0
337470,Fitness First,98.81,Health,69.2,Monday,Night,76.14,0.0,Neutral,80.0611,1,66.0
339821,Fitness First,81.02,Health,77.96,Monday,Night,42.15,1.0,Negative,65.90477,1,17.0
340243,Fitness First,102.13,Health,21.18,Monday,Night,12.83,0.0,Negative,70.61321,1,65.0
344501,Fitness First,40.74,Health,80.18,Monday,Night,0.0,3.0,Neutral,31.18,1,63.0
346325,Fitness First,39.43,Health,59.61,Monday,Night,96.65,3.0,Neutral,14.79108,1,79.0
348487,Fitness First,117.75,Health,26.66,Monday,Night,0.0,2.0,Negative,70.61995,1,31.0
348556,Fitness First,106.81,Health,28.4,Monday,Night,81.68,0.0,Positive,97.39734,1,23.0
348816,Fitness First,62.06,Health,80.65,Monday,Night,84.99,1.0,Neutral,53.78481,1,20.0
350429,Fitness First,117.36,Health,86.49,Monday,Night,98.49,0.0,Negative,61.48278,1,22.0
350584,Fitness First,33.16,Health,70.92,Monday,Night,0.0,3.0,Neutral,15.13001,1,87.0
350806,Fitness First,23.16,Health,48.98,Monday,Night,56.53,1.0,Positive,10.13,1,83.0
351832,Fitness First,69.53,Health,75.41,Monday,Night,37.53,3.0,Neutral,53.99285,1,87.0
353354,Fitness First,114.03,Health,41.72,Monday,Night,84.02,0.0,Neutral,63.53382,1,35.0
353923,Fitness First,116.74,Health,79.06,Monday,Night,46.43,1.0,Neutral,97.64841,1,65.0
354601,Fitness First,92.31,Health,63.27,Monday,Night,91.71,1.0,Neutral,63.20679,1,91.0
356227,Fitness First,20.1,Health,75.18,Monday,Night,39.96,0.0,Negative,17.34326,1,83.0
356918,Fitness First,16.83,Health,63.7,Monday,Night,68.82,2.0,Neutral,4.44172,1,6.0
357674,Fitness First,116.34,Health,36.82,Monday,Night,96.4,1.0,Positive,72.29,1,11.0
358063,Fitness First,118.46,Health,69.2,Monday,Night,74.3,2.0,Neutral,65.6324,1,97.0
358787,Fitness First,94.66,Health,62.36,Monday,Night,48.43,0.0,Negative,61.85003,1,61.0
358955,Fitness First,84.72,Health,82.06,Monday,Night,0.0,2.0,Negative,65.37183,1,65.0
360000,Fitness First,41.07,Health,92.12,Monday,Night,51.91,2.0,Negative,30.7808,1,39.0
360215,Fitness First,60.37,Health,75.42,Monday,Night,63.64,1.0,Neutral,42.42491,1,87.0
360529,Fitness First,30.02,Health,92.6,Monday,Night,73.44,0.0,Neutral,16.98,1,82.0
360986,Fitness First,32.63,Health,62.67,Monday,Night,49.11,0.0,Negative,26.03636,1,37.0
361278,Fitness First,108.78,Health,39.37,Monday,Night,0.0,3.0,Positive,64.01594,1,61.0
362263,Fitness First,104.92,Health,93.83,Monday,Night,4.59,0.0,Neutral,103.82204,1,58.0
365848,Fitness First,115.2,Health,66.77,Monday,Night,81.1,1.0,Neutral,99.06703,1,12.0
366149,Fitness First,24.47,Health,33.03,Monday,Night,0.0,0.0,Negative,17.51578,1,98.0
366163,Fitness First,83.62,Health,33.85,Monday,Night,87.8,2.0,Negative,47.53791,1,63.0
366696,Fitness First,105.33,Health,75.29,Monday,Night,55.69,2.0,Negative,63.60625,1,45.0
367083,Fitness First,41.73,Health,46.51,Monday,Night,62.64,3.0,Negative,26.78,1,95.0
368251,Fitness First,117.66,Health,38.4,Monday,Night,61.53,0.0,Positive,95.4,1,45.0
369265,Fitness First,62.83,Health,54.85,Monday,Night,35.63,2.0,Neutral,36.82756,1,68.0
370600,Fitness First,21.41,Health,98.32,Monday,Night,71.5,1.0,Positive,18.56671,1,1.0
371075,Fitness First,91.53,Health,30.37,Monday,Night,61.1,1.0,Positive,83.84702,1,42.0
371950,Fitness First,45.77,Health,34.43,Monday,Night,30.34,3.0,Positive,28.57251,1,75.0
375137,Fitness First,63.02,Health,81.28,Monday,Night,93.58,2.0,Positive,44.57,1,65.0
375882,Fitness First,76.13,Health,36.52,Monday,Night,26.65,2.0,Neutral,57.40447,1,30.0
376004,Fitness First,69.49,Health,38.37,Monday,Night,26.82,0.0,Negative,46.79356,1,72.0
381280,Fitness First,33.69,Health,76.66,Monday,Night,31.23,0.0,Neutral,27.87,1,58.0
381859,Fitness First,91.12,Health,46.76,Monday,Night,46.76,3.0,Positive,64.06802,1,65.0
383375,Fitness First,96.86,Health,37.07,Monday,Night,75.89,0.0,Positive,48.27277,1,40.0
384705,Fitness First,15.65,Health,40.25,Monday,Night,76.95,3.0,Neutral,2.77092,1,62.0
385567,Fitness First,112.5,Health,81.89,Monday,Night,87.2,1.0,Positive,111.24737,1,50.0
386874,Fitness First,66.49,Health,93.57,Monday,Night,2.14,1.0,Negative,41.44021,1,84.0
387200,Fitness First,24.46,Health,31.45,Monday,Night,83.19,0.0,Positive,8.39079,1,79.0
388623,Fitness First,18.11,Health,71.66,Monday,Night,54.08,3.0,Neutral,13.31,1,33.0
388731,Fitness First,9.86,Health,93.83,Monday,Night,54.96,1.0,Positive,9.83862,1,90.0
388795,Fitness First,108.24,Health,24.0,Monday,Night,0.0,2.0,Positive,56.40508,1,7.0
390849,Fitness First,118.11,Health,65.54,Monday,Night,56.69,2.0,Negative,68.55383,1,34.0
391019,Fitness First,37.71,Health,89.47,Monday,Night,88.14,2.0,Neutral,22.04242,1,8.0
392479,Fitness First,8.63,Health,82.45,Monday,Night,0.0,3.0,Neutral,5.26725,1,1.0
393830,Fitness First,103.17,Health,61.34,Monday,Night,0.0,2.0,Neutral,63.58121,1,20.0
395054,Fitness First,93.75,Health,29.89,Monday,Night,96.65,2.0,Negative,65.06562,1,14.0
395405,Fitness First,90.55,Health,77.05,Monday,Night,41.26,2.0,Neutral,83.58673,1,4.0
397136,Fitness First,67.84,Health,29.4,Monday,Night,27.98,0.0,Neutral,53.6,1,45.0
397593,Fitness First,98.25,Health,60.38,Monday,Night,83.45,3.0,Positive,71.06062,1,45.0
398859,Fitness First,16.71,Health,58.44,Monday,Night,28.09,3.0,Neutral,3.63097,1,61.0
399018,Fitness First,66.93645833333333,Health,99.24,Monday,Night,85.98,2.0,Negative,18.40091,1,69.0
399429,Fitness First,108.74,Health,63.99,Monday,Night,45.77,1.0,Positive,86.06671,1,15.0
400123,Fitness First,33.69,Health,27.16,Monday,Night,66.78,3.0,Positive,24.28,1,62.0
402053,Fitness First,66.93645833333333,Health,45.65,Monday,Night,0.0,2.0,Negative,65.6324,1,20.0
403320,Fitness First,113.32,Health,82.28,Monday,Night,14.58,3.0,Neutral,73.62333,1,43.0
404319,Fitness First,103.11,Health,57.19,Monday,Night,98.68,0.0,Negative,70.31543,1,39.0
404807,Fitness First,11.04,Health,36.77,Monday,Night,15.24,3.0,Negative,3.39212,1,37.0
405334,Fitness First,82.26,Health,97.95,Monday,Night,51.3,1.0,Neutral,47.72048,1,45.0
406348,Fitness First,91.22,Health,99.13,Monday,Night,0.0,1.0,Positive,83.84702,1,65.0
408668,Fitness First,36.68,Health,30.96,Monday,Night,10.38,3.0,Positive,25.06086,1,25.0
409451,Fitness First,34.75,Health,28.23,Monday,Night,91.68,3.0,Negative,27.79,1,67.0
409459,Fitness First,49.88,Health,26.77,Monday,Night,17.72,2.0,Positive,40.60207,1,83.0
410545,Fitness First,41.37,Health,34.51,Monday,Night,63.33,3.0,Positive,15.02603,1,8.0
412544,Fitness First,47.18,Health,39.83,Monday,Night,70.43,2.0,Positive,32.52759,1,97.0
413709,Fitness First,27.54,Health,43.4,Monday,Night,31.64,1.0,Negative,13.82293,1,66.0
416032,Fitness First,50.26,Health,95.28,Monday,Night,99.85,1.0,Neutral,31.23,1,82.0
416065,Fitness First,42.92,Health,48.18,Monday,Night,7.33,0.0,Positive,34.5218,1,44.0
416363,Fitness First,45.24,Health,76.7,Monday,Night,17.42,3.0,Negative,28.59195,1,52.0
416779,Fitness First,64.42,Health,42.86,Monday,Night,0.0,3.0,Negative,47.0324,1,78.0
416805,Fitness First,80.6,Health,79.83,Monday,Night,87.59,0.0,Negative,56.47717,1,54.0
419152,Fitness First,105.53,Health,46.76,Monday,Night,83.14,0.0,Positive,64.06802,1,42.0
419910,Fitness First,66.93645833333333,Health,76.0,Monday,Night,20.7,0.0,Positive,25.6419,1,65.0
421284,Fitness First,92.8,Health,63.56,Monday,Night,12.71,0.0,Positive,87.51957,1,52.0
423401,Fitness First,66.93645833333333,Health,90.17,Monday,Night,0.0,3.0,Neutral,60.97395,1,49.0
423408,Fitness First,107.5,Health,34.68,Monday,Night,12.35,2.0,Positive,60.66278,1,42.0
423557,Fitness First,7.25,Health,61.16,Monday,Night,54.66,0.0,Neutral,3.07479,1,81.0
423693,Fitness First,113.76,Health,34.96,Monday,Night,0.0,0.0,Neutral,84.50866,1,29.0
423725,Fitness First,66.93645833333333,Health,20.93,Monday,Night,92.69,3.0,Neutral,16.26632,1,82.0
424234,Fitness First,66.93645833333333,Health,30.0,Monday,Night,49.86,0.0,Negative,56.93696,1,48.0
425573,Fitness First,77.9,Health,34.55,Monday,Night,0.0,0.0,Positive,66.64035,1,88.0
425824,Fitness First,97.32,Health,70.29,Monday,Night,52.4,1.0,Neutral,80.04883,1,8.0
425873,Fitness First,66.93645833333333,Health,91.22,Monday,Night,0.0,0.0,Neutral,55.50511,1,82.0
426327,Fitness First,103.39,Health,53.38,Monday,Night,85.86,1.0,Neutral,42.1263,1,42.0
428075,Fitness First,38.2,Health,69.7,Monday,Night,81.38,2.0,Positive,18.7448,1,62.0
429007,Fitness First,66.93645833333333,Health,88.33,Monday,Night,7.84,2.0,Negative,18.40091,1,9.0
429114,Fitness First,45.25,Health,56.81,Monday,Night,0.04,0.0,Neutral,41.42691,1,25.0
429576,Fitness First,30.97,Health,64.92,Monday,Night,58.71,2.0,Positive,14.11632,1,67.0
429704,Fitness First,117.36,Health,86.2,Monday,Night,98.49,0.0,Negative,61.48278,1,22.0
432062,Fitness First,62.72,Health,62.88,Monday,Night,13.24,1.0,Positive,49.81845,1,62.0
432161,Fitness First,92.33,Health,38.01,Monday,Night,72.55,0.0,Positive,42.07757,1,9.0
432184,Fitness First,18.37,Health,30.04,Monday,Night,43.52,1.0,Positive,6.54823,1,20.0
432516,Fitness First,103.98,Health,37.9,Monday,Night,53.75,3.0,Negative,64.31707,1,38.0
433540,Fitness First,24.88,Health,36.67,Monday,Night,83.8,1.0,Positive,16.11683,1,63.0
433890,Fitness First,14.88,Health,27.99,Monday,Night,94.32,3.0,Positive,2.8757,1,86.0
435701,Fitness First,63.24,Health,29.1,Monday,Night,0.0,0.0,Neutral,36.47,1,65.0
435854,Fitness First,107.25,Health,40.23,Monday,Night,22.35,3.0,Negative,58.1463,1,34.0
436663,Fitness First,21.87,Health,25.78,Monday,Night,21.91,0.0,Positive,19.6938,1,69.0
437854,Fitness First,79.91,Health,83.97,Monday,Night,17.72,2.0,Negative,67.55696,1,81.0
438057,Fitness First,26.12,Health,30.5,Monday,Night,38.53,0.0,Negative,9.14,1,94.0
438338,Fitness First,41.8,Health,71.87,Monday,Night,33.78,3.0,Neutral,16.91936,1,6.0
439248,Fitness First,111.99,Health,73.99,Monday,Night,9.68,0.0,Positive,108.15,1,66.0
439549,Fitness First,117.47,Health,84.24,Monday,Night,86.42,0.0,Neutral,88.05082,1,23.0
439973,Fitness First,7.5,Health,40.26,Monday,Night,0.0,1.0,Positive,1.06302,1,82.0
442829,Fitness First,103.21,Health,40.95,Monday,Night,68.8,0.0,Neutral,76.12337,1,52.0
444253,Fitness First,94.59,Health,92.1,Monday,Night,92.91,0.0,Neutral,78.38513,1,22.0
444335,Fitness First,62.87,Health,66.27,Monday,Night,80.11,0.0,Negative,53.29162,1,80.0
444988,Fitness First,66.93645833333333,Health,73.56,Monday,Night,62.83,1.0,Negative,60.04775,1,62.0
446595,Fitness First,44.08,Health,97.24,Monday,Night,51.11,3.0,Negative,38.31,1,68.0
447411,Fitness First,66.93645833333333,Health,37.79,Monday,Night,65.54,1.0,Negative,73.24996,1,10.0
448103,Fitness First,50.29,Health,88.72,Monday,Night,0.59,0.0,Negative,42.45183,1,72.0
450243,Fitness First,108.5,Health,89.36,Monday,Night,89.72,0.0,Negative,73.97855,1,53.0
452301,Fitness First,91.09,Health,36.46,Monday,Night,24.78,0.0,Negative,80.79,1,24.0
453326,Fitness First,10.23,Health,34.45,Monday,Night,46.55,3.0,Negative,6.61706,1,22.0
453807,Fitness First,34.88,Health,82.58,Monday,Night,93.82,1.0,Positive,13.87971,1,78.0
453952,Fitness First,30.09,Health,43.77,Monday,Night,98.4,1.0,Negative,19.48371,1,68.0
454763,Fitness First,66.93645833333333,Health,93.31,Monday,Night,0.0,2.0,Positive,9.84369,1,39.0
455270,Fitness First,99.69,Health,78.58,Monday,Night,58.69,0.0,Neutral,64.67,1,23.0
455946,Fitness First,66.93645833333333,Health,39.07,Monday,Night,93.87,0.0,Positive,15.79,1,48.0
456579,Fitness First,44.97,Health,56.99,Monday,Night,90.99,1.0,Neutral,29.75296,1,73.0
456789,Fitness First,82.57,Health,20.56,Monday,Night,9.88,0.0,Positive,79.33068,1,97.0
457533,Fitness First,114.44,Health,74.49,Monday,Night,59.64,1.0,Neutral,73.32889,1,33.0
457813,Fitness First,66.36,Health,31.44,Monday,Night,21.67,0.0,Neutral,43.1229,1,96.0
460275,Fitness First,18.67,Health,93.35,Monday,Night,0.0,2.0,Positive,13.05127,1,43.0
461121,Fitness First,50.33,Health,54.09,Monday,Night,24.82,3.0,Positive,24.2805,1,91.0
461923,Fitness First,44.08,Health,97.24,Monday,Night,51.34,3.0,Negative,38.31,1,69.0
461958,Fitness First,52.58,Health,52.72,Monday,Night,99.6,1.0,Neutral,41.59215,1,5.0
462025,Fitness First,67.62,Health,77.59,Monday,Night,39.51,3.0,Positive,47.21787,1,29.0
463023,Fitness First,40.02,Health,83.76,Monday,Night,66.06,1.0,Positive,25.14723,1,86.0
464811,Fitness First,116.93,Health,95.44,Monday,Night,24.0,0.0,Negative,75.51352,1,29.0
465070,Fitness First,52.29,Health,42.59,Monday,Night,52.58,0.0,Neutral,20.99798,1,43.0
466547,Fitness First,16.46,Health,27.23,Monday,Night,51.68,3.0,Negative,13.31,1,78.0
467235,Fitness First,34.15,Health,66.22,Monday,Night,97.98,1.0,Negative,14.09,1,71.0
467426,Fitness First,31.2,Health,75.3,Monday,Night,79.61,1.0,Negative,27.74267,1,55.0
467537,Fitness First,18.08,Health,71.77,Monday,Night,54.08,3.0,Neutral,13.31,1,48.0
467954,Fitness First,22.34,Health,36.74,Monday,Night,68.71,0.0,Neutral,19.40734,1,15.0
469176,Fitness First,64.19,Health,69.28,Monday,Night,52.87,1.0,Neutral,53.55677,1,90.0
472276,Fitness First,84.41,Health,58.34,Monday,Night,1.11,2.0,Negative,51.85913,1,34.0
472326,Fitness First,67.02,Health,83.83,Monday,Night,71.31,1.0,Negative,48.48,1,18.0
473284,Fitness First,108.74,Health,63.77,Monday,Night,45.67,1.0,Positive,86.06671,1,10.0
474684,Fitness First,92.32,Health,23.76,Monday,Night,96.65,2.0,Positive,65.06562,1,14.0
474928,Fitness First,16.98,Health,54.68,Monday,Night,0.0,2.0,Negative,7.14753,1,8.0
475577,Fitness First,103.73,Health,33.99,Monday,Night,5.1,1.0,Neutral,86.88876,1,44.0
479096,Fitness First,107.05,Health,50.13,Monday,Night,0.0,2.0,Positive,73.86271,1,30.0
479214,Fitness First,16.99,Health,74.15,Monday,Night,0.0,1.0,Negative,15.04,1,4.0
479624,Fitness First,54.63,Health,35.8,Monday,Night,20.85,0.0,Positive,53.97837,1,20.0
479990,Fitness First,52.76,Health,52.56,Monday,Night,0.0,2.0,Negative,42.60394,1,3.0
480894,Fitness First,54.32,Health,86.2,Monday,Night,1.18,3.0,Neutral,25.47411,1,24.0
481813,Fitness First,109.36,Health,67.52,Monday,Night,28.71,0.0,Neutral,65.37233,1,51.0
482502,Fitness First,39.72,Health,21.37,Monday,Night,0.0,1.0,Neutral,22.05687,1,50.0
484854,Fitness First,94.96,Health,68.39,Monday,Night,0.0,3.0,Positive,46.14787,1,54.0
485377,Fitness First,14.6,Health,29.53,Monday,Night,0.0,2.0,Positive,2.48606,1,42.0
485885,Fitness First,114.03,Health,86.41,Monday,Night,0.0,2.0,Neutral,73.2,1,33.0
485910,Fitness First,90.19,Health,55.84,Monday,Night,0.0,2.0,Positive,65.6324,1,11.0
486752,Fitness First,66.93645833333333,Health,49.59,Monday,Night,52.1,0.0,Negative,41.7915,1,99.0
488720,Fitness First,64.2,Health,91.5,Monday,Night,17.06,2.0,Positive,45.04502,1,91.0
489443,Fitness First,63.24,Health,70.73,Monday,Night,23.49,1.0,Positive,52.89702,1,36.0
489886,Fitness First,91.12,Health,46.76,Monday,Night,83.14,1.0,Positive,64.06802,1,45.0
491183,Fitness First,114.78,Health,44.64,Monday,Night,89.72,2.0,Neutral,65.27564,1,43.0
492283,Fitness First,116.22,Health,97.47,Monday,Night,57.35,1.0,Neutral,72.50926,1,49.0
495096,Fitness First,81.93,Health,52.94,Monday,Night,81.02,1.0,Neutral,65.12451,1,47.0
496015,Fitness First,66.93645833333333,Health,40.58,Monday,Night,0.0,2.0,Neutral,5.75109,1,2.0
496108,Fitness First,52.11,Health,25.55,Monday,Night,0.0,0.0,Neutral,31.42026,1,73.0
496122,Fitness First,54.42,Health,30.7,Monday,Night,24.71,1.0,Negative,45.47734,1,36.0
496594,Fitness First,108.08,Health,69.78,Monday,Night,20.38,2.0,Negative,103.35476,1,53.0
496948,Fitness First,119.03,Health,45.5,Monday,Night,0.0,2.0,Positive,115.47109,1,33.0
497880,Fitness First,81.32,Health,78.83,Monday,Night,23.74,1.0,Neutral,61.81851,1,46.0
498115,Fitness First,109.78,Health,95.12,Monday,Night,31.3,0.0,Negative,65.6324,1,76.0
501734,Fitness First,66.93645833333333,Health,53.56,Monday,Night,62.83,1.0,Negative,60.04775,1,62.0
502331,Fitness First,96.89,Health,40.81,Monday,Night,80.66,0.0,Positive,48.27277,1,38.0
502884,Fitness First,66.93645833333333,Health,82.76,Monday,Night,7.21,3.0,Negative,64.63857,1,16.0
504469,Fitness First,73.55,Health,69.41,Monday,Night,57.01,0.0,Positive,44.13,1,12.0
505347,Fitness First,102.4,Health,25.2,Monday,Night,58.81,2.0,Positive,62.7852,1,53.0
505571,Fitness First,44.08,Health,97.24,Monday,Night,51.01,3.0,Negative,38.31,1,49.0
507807,Fitness First,86.03,Health,54.53,Monday,Night,0.0,2.0,Neutral,78.75784,1,43.0
507873,Fitness First,85.55,Health,52.46,Monday,Night,92.62,3.0,Neutral,62.27164,1,3.0
508104,Fitness First,66.93645833333333,Health,67.27,Monday,Night,73.16,0.0,Negative,44.60713,1,90.0
508308,Fitness First,60.94,Health,90.67,Monday,Night,60.52,2.0,Negative,47.16388,1,88.0
508863,Fitness First,66.93645833333333,Health,84.29,Monday,Night,4.18,1.0,Neutral,48.27064,1,21.0
509116,Fitness First,107.61,Health,61.53,Monday,Night,0.0,3.0,Negative,60.00246,1,29.0
509989,Fitness First,29.71,Health,61.56,Monday,Night,86.49,1.0,Neutral,5.12,1,79.0
510822,Fitness First,94.24,Health,67.57,Monday,Night,54.57,0.0,Neutral,61.44161,1,10.0
511406,Fitness First,108.22,Health,53.5,Monday,Night,43.66,0.0,Positive,97.77993,1,99.0
513876,Fitness First,70.19,Health,51.09,Monday,Night,9.52,1.0,Positive,50.10203,1,20.0
514487,Fitness First,82.98,Health,23.79,Monday,Night,29.98,0.0,Neutral,61.81851,1,62.0
515861,Fitness First,28.35,Health,54.6,Monday,Night,0.0,1.0,Neutral,20.64762,1,30.0
515944,Fitness First,91.9,Health,47.26,Monday,Night,30.76,3.0,Negative,66.79598,1,31.0
518579,Fitness First,57.34,Health,24.18,Monday,Night,74.88,1.0,Neutral,42.17878,1,38.0
518871,Fitness First,66.93645833333333,Health,86.63,Monday,Night,29.37,3.0,Positive,79.1106,1,2.0
519076,Fitness First,26.27,Health,26.36,Monday,Night,43.52,1.0,Neutral,7.78622,1,54.0
519405,Fitness First,30.96,Health,38.55,Monday,Night,65.98,0.0,Positive,15.14,1,52.0
521442,Fitness First,87.96,Health,67.33,Monday,Night,54.59,0.0,Negative,61.44161,1,7.0
521942,Fitness First,42.89,Health,88.4,Monday,Night,65.48,1.0,Positive,38.43385,1,34.0
522437,Fitness First,61.62,Health,21.16,Monday,Night,0.0,0.0,Negative,45.34384,1,88.0
524414,Fitness First,45.12,Health,62.71,Monday,Night,41.64,0.0,Neutral,28.10361,1,52.0
525099,Fitness First,95.46,Health,80.65,Monday,Night,94.57,2.0,Positive,53.78481,1,20.0
527490,Fitness First,30.82,Health,66.65,Monday,Night,7.98,3.0,Positive,22.81,1,33.0
528415,Fitness First,27.54,Health,26.09,Monday,Night,14.96,1.0,Positive,23.44,1,90.0
528493,Fitness First,106.74,Health,64.36,Monday,Night,69.75,3.0,Positive,57.29902,1,47.0
528597,Fitness First,99.89,Health,79.4,Monday,Night,58.88,0.0,Negative,71.73258,1,61.0
529257,Fitness First,90.45,Health,96.63,Monday,Night,75.89,0.0,Negative,84.02805,1,70.0
530245,Fitness First,20.74,Health,31.57,Monday,Night,71.96,0.0,Neutral,11.73715,1,39.0
530490,Fitness First,31.67,Health,55.73,Monday,Night,63.69,3.0,Positive,12.78,1,56.0
530571,Fitness First,19.04,Health,69.15,Monday,Night,61.96,0.0,Positive,15.53544,1,54.0
534372,Fitness First,28.28,Health,51.28,Monday,Night,10.35,1.0,Positive,5.6,1,85.0
534544,Fitness First,39.4,Health,92.79,Monday,Night,49.82,2.0,Negative,27.55,1,18.0
535199,Fitness First,66.93645833333333,Health,26.71,Monday,Night,99.18,0.0,Neutral,14.97,1,48.0
535381,Fitness First,14.17,Health,53.85,Monday,Night,93.38,0.0,Negative,4.38699,1,48.0
535674,Fitness First,22.33,Health,36.67,Monday,Night,91.77,1.0,Negative,16.11683,1,63.0
536018,Fitness First,43.77,Health,52.92,Monday,Night,61.98,0.0,Positive,31.60803,1,80.0
538827,Fitness First,70.51,Health,95.19,Monday,Night,0.0,2.0,Negative,39.86,1,28.0
538957,Fitness First,95.74,Health,31.7,Monday,Night,0.0,2.0,Negative,82.03,1,98.0
541015,Fitness First,53.81,Health,88.74,Monday,Night,6.64,1.0,Neutral,23.67054,1,16.0
541852,Fitness First,24.58,Health,86.5,Monday,Night,0.0,1.0,Positive,14.43,1,3.0
543371,Fitness First,64.79,Health,20.11,Monday,Night,94.11,0.0,Neutral,37.86749,1,24.0
543431,Fitness First,105.0,Health,58.17,Monday,Night,41.1,2.0,Positive,58.95802,1,85.0
543480,Fitness First,23.12,Health,36.73,Monday,Night,0.0,1.0,Neutral,19.36783,1,81.0
543723,Fitness First,23.46,Health,68.23,Monday,Night,39.07,1.0,Positive,17.61148,1,43.0
544460,Fitness First,95.58,Health,50.51,Monday,Night,65.76,0.0,Negative,79.85393,1,80.0
545081,Fitness First,87.11,Health,33.41,Monday,Night,0.0,0.0,Negative,70.54126,1,99.0
545900,Fitness First,14.74,Health,28.72,Monday,Night,50.57,1.0,Neutral,13.43,1,23.0
546868,Fitness First,48.9,Health,63.65,Monday,Night,47.08,3.0,Positive,37.88848,1,89.0
547088,Fitness First,33.28,Health,62.71,Monday,Night,73.64,3.0,Neutral,13.14113,1,32.0
547768,Fitness First,109.51,Health,61.85,Monday,Night,54.63,0.0,Positive,101.57211,1,20.0
548825,Fitness First,92.32,Health,73.28,Monday,Night,5.59,1.0,Positive,79.26342,1,60.0
550064,Fitness First,79.29,Health,26.45,Monday,Night,31.64,1.0,Neutral,58.97,1,29.0
550675,Fitness First,115.58,Health,94.53,Monday,Night,20.76,1.0,Neutral,78.35351,1,25.0
550688,Fitness First,81.15,Health,77.96,Monday,Night,17.94,1.0,Negative,65.90477,1,17.0
551026,Fitness First,66.53,Health,25.45,Monday,Night,51.71,1.0,Negative,38.91788,1,45.0
551313,Fitness First,48.96,Health,69.96,Monday,Night,45.96,1.0,Positive,33.14189,1,45.0
552696,Fitness First,5.09,Health,75.65,Monday,Night,0.0,1.0,Positive,0.68188,1,65.0
554240,Fitness First,73.26,Health,26.45,Monday,Night,14.96,3.0,Neutral,60.97,1,99.0
554330,Fitness First,85.73,Health,58.2,Monday,Night,52.02,2.0,Neutral,46.92621,1,32.0
554455,Fitness First,102.71,Health,70.94,Monday,Night,80.69,0.0,Positive,93.0442,1,90.0
555486,Fitness First,70.83,Health,92.61,Monday,Night,37.93,3.0,Negative,70.20852,1,62.0
555568,Fitness First,68.79,Health,56.22,Monday,Night,15.54,1.0,Neutral,57.27476,1,100.0
555617,Fitness First,90.38,Health,81.55,Monday,Night,0.0,0.0,Positive,56.05056,1,38.0
556232,Fitness First,78.26,Health,96.15,Monday,Night,55.79,0.0,Neutral,39.32382,1,18.0
556689,Fitness First,55.82,Health,59.55,Monday,Night,55.09,2.0,Positive,46.70099,1,63.0
556707,Fitness First,44.09,Health,48.26,Monday,Night,0.0,0.0,Negative,27.01,1,93.0
557554,Fitness First,108.34,Health,91.22,Monday,Night,17.65,3.0,Neutral,70.32941,1,6.0
558507,Fitness First,31.45,Health,26.28,Monday,Night,0.0,2.0,Negative,14.21,1,96.0
558513,Fitness First,87.82,Health,46.23,Monday,Night,55.58,1.0,Positive,75.13569,1,34.0
559404,Fitness First,53.61,Health,69.65,Monday,Night,61.61,0.0,Positive,42.60243,1,80.0
560908,Fitness First,96.26,Health,61.05,Monday,Night,0.0,1.0,Neutral,85.55204,1,53.0
561180,Fitness First,66.93645833333333,Health,74.0,Monday,Night,99.01,1.0,Negative,34.83797,1,29.0
564951,Fitness First,109.14,Health,29.18,Monday,Night,43.31,2.0,Negative,61.66136,1,67.0
567591,Fitness First,62.65,Health,72.79,Monday,Night,71.04,2.0,Negative,46.35247,1,20.0
568320,Fitness First,60.49,Health,22.31,Monday,Night,0.0,1.0,Neutral,35.54943,1,91.0
569054,Fitness First,71.12,Health,64.07,Monday,Night,89.96,3.0,Negative,51.85343,1,3.0
569675,Fitness First,62.12,Health,39.29,Monday,Night,33.14,0.0,Positive,46.14,1,86.0
569688,Fitness First,56.26,Health,86.55,Monday,Night,0.0,1.0,Negative,41.48316,1,100.0
570707,Fitness First,102.52,Health,40.02,Monday,Night,62.54,3.0,Positive,57.14947,1,9.0
570884,Fitness First,24.34,Health,72.65,Monday,Night,56.45,0.0,Positive,20.64762,1,89.0
572263,Fitness First,77.6,Health,24.67,Monday,Night,21.85,0.0,Positive,73.55784,1,53.0
573468,Fitness First,25.58,Health,78.01,Monday,Night,95.72,2.0,Positive,24.01807,1,93.0
573844,Fitness First,31.68,Health,37.34,Monday,Night,0.0,2.0,Neutral,8.75,1,96.0
575070,Fitness First,10.17,Health,84.31,Monday,Night,0.0,3.0,Neutral,2.83061,1,46.0
575105,Fitness First,66.93645833333333,Health,99.79,Monday,Night,0.0,0.0,Negative,65.04234,1,16.0
577313,Fitness First,91.18,Health,53.13,Monday,Night,69.81,1.0,Negative,46.52911,1,37.0
579557,Fitness First,33.7,Health,83.3,Monday,Night,0.0,2.0,Positive,24.46544,1,79.0
582094,Fitness First,80.6,Health,63.24,Monday,Night,82.66,0.0,Negative,56.47717,1,54.0
582186,Fitness First,105.86,Health,38.12,Monday,Night,74.64,0.0,Negative,51.72721,1,56.0
582277,Fitness First,55.8,Health,26.97,Monday,Night,99.58,2.0,Negative,37.75368,1,81.0
583183,Fitness First,66.93645833333333,Health,22.46,Monday,Night,25.81,2.0,Neutral,24.35474,1,63.0
583679,Fitness First,27.98,Health,59.75,Monday,Night,24.87,0.0,Neutral,17.4,1,28.0
583902,Fitness First,44.33,Health,75.22,Monday,Night,10.8,3.0,Negative,28.59195,1,52.0
585138,Fitness First,75.79,Health,36.1,Monday,Night,39.51,0.0,Negative,42.63082,1,63.0
586260,Fitness First,70.56,Health,89.5,Monday,Night,0.0,3.0,Neutral,47.78563,1,11.0
586291,Fitness First,85.27,Health,31.29,Monday,Night,23.9,0.0,Positive,67.92818,1,33.0
587097,Fitness First,21.99,Health,44.77,Monday,Night,12.34,0.0,Negative,10.6196,1,24.0
587883,Fitness First,58.77,Health,98.61,Monday,Night,0.22,0.0,Negative,37.19731,1,75.0
588875,Fitness First,66.93645833333333,Health,59.14,Monday,Night,85.66,0.0,Positive,15.79,1,81.0
589111,Fitness First,66.93645833333333,Health,57.14,Monday,Night,29.36,0.0,Negative,50.54411,1,23.0
589136,Fitness First,41.28,Health,90.12,Monday,Night,41.49,1.0,Neutral,20.95263,1,42.0
589451,Fitness First,78.65,Health,82.67,Monday,Night,79.25,1.0,Negative,72.90051,1,16.0
590239,Fitness First,90.45,Health,58.94,Monday,Night,0.0,2.0,Negative,65.6324,1,41.0
590632,Fitness First,109.08,Health,89.36,Monday,Night,16.71,0.0,Negative,73.97855,1,50.0
590760,Fitness First,91.05,Health,26.82,Monday,Night,87.21,2.0,Neutral,53.53621,1,99.0
592808,Fitness First,18.6,Health,26.32,Monday,Night,68.94,2.0,Neutral,10.14233,1,88.0
593252,Fitness First,61.33,Health,55.36,Monday,Night,61.97,1.0,Negative,43.23621,1,55.0
594352,Fitness First,17.16,Health,82.85,Monday,Night,23.72,0.0,Neutral,12.28731,1,82.0
594941,Fitness First,52.87,Health,29.72,Monday,Night,97.49,2.0,Neutral,41.96677,1,9.0
595682,Fitness First,59.46,Health,42.59,Monday,Night,83.12,3.0,Neutral,51.06817,1,36.0
598089,Fitness First,40.91,Health,26.72,Monday,Night,27.32,2.0,Positive,33.3857,1,24.0
600342,Fitness First,74.43,Health,52.56,Monday,Night,71.48,1.0,Neutral,55.29948,1,19.0
600536,Fitness First,118.46,Health,95.18,Monday,Night,74.3,0.0,Neutral,65.6324,1,97.0
601178,Fitness First,116.84,Health,23.67,Monday,Night,19.27,1.0,Neutral,90.3821,1,16.0
601476,Fitness First,71.83,Health,98.08,Monday,Night,0.0,0.0,Negative,60.70067,1,4.0
601650,Fitness First,46.36,Health,25.04,Monday,Night,40.96,3.0,Positive,21.48445,1,27.0
606131,Fitness First,99.41,Health,29.69,Monday,Night,28.44,1.0,Neutral,87.97,1,23.0
606672,Fitness First,107.22,Health,64.31,Monday,Night,44.64,2.0,Negative,61.28921,1,54.0
608095,Fitness First,66.93645833333333,Health,36.96,Monday,Night,25.53,0.0,Neutral,14.97,1,48.0
608906,Fitness First,31.91,Health,36.79,Monday,Night,80.97,2.0,Negative,13.03,1,58.0
609328,Fitness First,102.73,Health,32.77,Monday,Night,36.94,1.0,Negative,62.35674,1,27.0
610319,Fitness First,43.2,Health,46.65,Monday,Night,72.76,0.0,Positive,40.89781,1,22.0
611757,Fitness First,84.15,Health,37.98,Monday,Night,23.84,2.0,Neutral,51.76577,1,24.0
612943,Fitness First,19.03,Health,39.3,Monday,Night,45.0,1.0,Negative,13.09162,1,88.0
613344,Fitness First,43.1,Health,36.14,Monday,Night,0.0,0.0,Neutral,21.64,1,99.0
613527,Fitness First,101.06,Health,67.73,Monday,Night,34.69,1.0,Positive,70.49221,1,65.0
613935,Fitness First,66.93645833333333,Health,60.32,Monday,Night,55.1,2.0,Neutral,53.44402,1,64.0
614208,Fitness First,96.81,Health,44.62,Monday,Night,29.17,0.0,Positive,62.51601,1,51.0
615823,Fitness First,24.88,Health,37.34,Monday,Night,83.7,1.0,Positive,16.11683,1,63.0
615844,Fitness First,77.52,Health,54.93,Monday,Night,49.09,0.0,Positive,54.39738,1,55.0
617759,Fitness First,82.15,Health,39.24,Monday,Night,43.17,2.0,Positive,43.31161,1,31.0
618698,Fitness First,105.25,Health,38.23,Monday,Night,27.02,0.0,Negative,92.9574,1,22.0
619948,Fitness First,102.41,Health,99.12,Monday,Night,32.35,0.0,Neutral,85.36004,1,99.0
620102,Fitness First,52.37,Health,28.74,Monday,Night,63.87,2.0,Positive,43.04973,1,95.0
622193,Fitness First,54.57,Health,42.15,Monday,Night,10.27,2.0,Neutral,28.47952,1,27.0
624238,Fitness First,35.35,Health,30.81,Monday,Night,0.0,0.0,Positive,20.06015,1,66.0
624424,Fitness First,82.31,Health,73.95,Monday,Night,77.55,2.0,Neutral,51.88373,1,35.0
625403,Fitness First,118.04,Health,70.5,Monday,Night,0.55,0.0,Negative,73.64382,1,65.0
625982,Fitness First,62.57,Health,33.71,Monday,Night,22.63,2.0,Neutral,50.20256,1,60.0
626333,Fitness First,97.51,Health,44.56,Monday,Night,36.5,0.0,Negative,60.55832,1,38.0
626873,Fitness First,102.36,Health,59.83,Monday,Night,44.94,3.0,Neutral,57.74116,1,42.0
627185,Fitness First,38.02,Health,63.04,Monday,Night,34.47,3.0,Positive,15.89325,1,94.0
627197,Fitness First,53.96,Health,28.84,Monday,Night,0.0,2.0,Neutral,33.18302,1,94.0
629597,Fitness First,119.01,Health,96.74,Monday,Night,99.26,2.0,Positive,105.55353,1,35.0
630637,Fitness First,54.77,Health,22.55,Monday,Night,65.52,0.0,Negative,28.26115,1,53.0
630686,Fitness First,66.93645833333333,Health,53.56,Monday,Night,52.79,1.0,Positive,60.04775,1,52.0
633512,Fitness First,106.14,Health,28.73,Monday,Night,83.86,1.0,Neutral,72.55204,1,68.0
633911,Fitness First,66.93645833333333,Health,51.18,Monday,Night,48.82,0.0,Negative,43.59532,1,52.0
634051,Fitness First,98.74,Health,48.34,Monday,Night,20.84,1.0,Positive,87.50983,1,46.0
634823,Fitness First,20.34,Health,44.85,Monday,Night,42.27,1.0,Positive,10.50522,1,88.0
634832,Fitness First,26.93,Health,39.48,Monday,Night,0.0,3.0,Positive,21.58076,1,99.0
635041,Fitness First,110.12,Health,76.37,Monday,Night,36.75,3.0,Neutral,65.5877,1,1.0
638087,Fitness First,37.53,Health,35.86,Monday,Night,28.63,3.0,Negative,21.38784,1,44.0
639507,Fitness First,91.32,Health,50.79,Monday,Night,18.5,1.0,Neutral,59.66261,1,28.0
639549,Fitness First,118.34,Health,91.79,Monday,Night,30.09,1.0,Neutral,111.36502,1,71.0
645027,Fitness First,66.93645833333333,Health,83.82,Monday,Night,47.58,2.0,Neutral,54.20929,1,74.0
645377,Fitness First,91.09,Health,66.44,Monday,Night,46.76,0.0,Positive,64.06802,1,42.0
645570,Fitness First,66.49,Health,91.29,Monday,Night,7.66,1.0,Negative,54.53703,1,30.0
646994,Fitness First,66.93645833333333,Health,31.74,Monday,Night,56.11,1.0,Neutral,79.79,1,28.0
649002,Fitness First,109.23,Health,57.44,Monday,Night,40.14,3.0,Neutral,59.30423,1,86.0
649543,Fitness First,54.85,Health,31.94,Monday,Night,61.92,1.0,Negative,31.32552,1,42.0
650144,Fitness First,16.78,Health,80.3,Monday,Night,0.0,0.0,Positive,8.69,1,51.0
651860,Fitness First,25.58,Health,78.01,Monday,Night,95.71,0.0,Positive,24.01807,1,93.0
652002,Fitness First,71.45,Health,58.34,Monday,Night,6.57,3.0,Positive,58.19244,1,18.0
652058,Fitness First,38.56,Health,47.58,Monday,Night,46.54,3.0,Positive,36.67236,1,61.0
652495,Fitness First,111.39,Health,30.02,Monday,Night,0.0,1.0,Neutral,93.32545,1,74.0
653572,Fitness First,10.82,Health,84.93,Monday,Night,72.15,0.0,Neutral,3.14438,1,42.0
654261,Fitness First,32.31,Health,49.32,Monday,Night,36.63,1.0,Neutral,31.90415,1,41.0
654429,Fitness First,66.93645833333333,Health,89.24,Monday,Night,0.0,0.0,Positive,16.63047,1,16.0
654837,Fitness First,101.78,Health,92.31,Monday,Night,56.43,3.0,Negative,65.51093,1,99.0
656407,Fitness First,113.2,Health,33.42,Monday,Night,0.0,2.0,Negative,87.46581,1,33.0
659462,Fitness First,100.43,Health,42.29,Monday,Night,80.25,1.0,Positive,83.02463,1,51.0
661772,Fitness First,73.48,Health,81.39,Monday,Night,42.95,2.0,Neutral,39.83602,1,71.0
662561,Fitness First,91.05,Health,94.52,Monday,Night,46.76,3.0,Positive,64.06802,1,42.0
662702,Fitness First,26.28,Health,31.68,Monday,Night,34.88,0.0,Negative,6.81505,1,47.0
663337,Fitness First,115.98,Health,31.14,Monday,Night,98.14,2.0,Negative,68.01,1,29.0
664039,Fitness First,96.95,Health,77.11,Monday,Night,77.85,0.0,Negative,60.70471,1,12.0
666455,Fitness First,111.98,Health,99.66,Monday,Night,83.87,1.0,Neutral,63.39738,1,96.0
667606,Fitness First,17.2,Health,85.2,Monday,Night,56.71,0.0,Positive,11.74361,1,39.0
667873,Fitness First,91.51,Health,94.52,Monday,Night,46.74,1.0,Positive,64.06802,1,42.0
668497,Fitness First,66.4,Health,61.12,Monday,Night,0.0,0.0,Neutral,46.05771,1,69.0
670202,Fitness First,103.21,Health,73.49,Monday,Night,63.49,1.0,Positive,86.60553,1,86.0
671857,Fitness First,91.51,Health,51.46,Monday,Night,55.91,0.0,Negative,54.64894,1,86.0
673840,Fitness First,100.47,Health,89.67,Monday,Night,81.45,2.0,Negative,66.56123,1,89.0
674486,Fitness First,91.49,Health,89.13,Monday,Night,18.54,1.0,Positive,59.66261,1,23.0
674553,Fitness First,39.4,Health,59.99,Monday,Night,85.85,0.0,Positive,15.79,1,48.0
674699,Fitness First,53.09,Health,28.5,Monday,Night,17.68,1.0,Positive,36.4799,1,38.0
674965,Fitness First,65.57,Health,50.71,Monday,Night,75.81,0.0,Negative,42.63082,1,62.0
675585,Fitness First,36.68,Health,31.68,Monday,Night,60.38,3.0,Positive,25.06086,1,56.0
676016,Fitness First,66.93645833333333,Health,73.87,Monday,Night,84.65,3.0,Neutral,6.03052,1,58.0
677093,Fitness First,29.98,Health,34.67,Monday,Night,91.21,1.0,Neutral,15.55015,1,92.0
678253,Fitness First,29.16,Health,20.5,Monday,Night,27.41,1.0,Negative,16.48432,1,25.0
679727,Fitness First,100.25,Health,52.29,Monday,Night,80.09,1.0,Neutral,83.02463,1,21.0
679780,Fitness First,106.07,Health,28.1,Monday,Night,81.44,0.0,Positive,97.39734,1,86.0
680238,Fitness First,50.21,Health,30.02,Monday,Night,69.68,2.0,Positive,48.56,1,37.0
682552,Fitness First,89.59,Health,67.55,Monday,Night,24.94,0.0,Negative,61.44161,1,10.0
682779,Fitness First,73.62,Health,92.82,Monday,Night,16.05,0.0,Neutral,44.42052,1,99.0
682967,Fitness First,87.96,Health,67.33,Monday,Night,24.94,1.0,Positive,61.44161,1,11.0
683328,Fitness First,7.31,Health,50.09,Monday,Night,0.43,3.0,Negative,3.78337,1,82.0
684726,Fitness First,81.72,Health,60.01,Monday,Night,57.08,3.0,Negative,43.07967,1,79.0
685344,Fitness First,49.31,Health,91.11,Monday,Night,79.91,3.0,Positive,27.54641,1,54.0
686119,Fitness First,112.26,Health,29.56,Monday,Night,0.49,0.0,Negative,77.94411,1,61.0
686254,Fitness First,115.28,Health,95.92,Monday,Night,0.0,1.0,Negative,61.61436,1,6.0
687348,Fitness First,14.76,Health,60.26,Monday,Night,12.5,2.0,Neutral,13.55,1,36.0
688339,Fitness First,92.71,Health,49.96,Monday,Night,94.76,1.0,Positive,67.81764,1,23.0
690041,Fitness First,73.74,Health,55.08,Monday,Night,42.77,0.0,Positive,44.51851,1,54.0
693490,Fitness First,114.35,Health,38.64,Monday,Night,46.81,2.0,Neutral,62.9468,1,61.0
694121,Fitness First,112.84,Health,65.87,Monday,Night,12.73,2.0,Positive,75.44446,1,91.0
696250,Fitness First,45.22,Health,74.0,Monday,Night,0.0,1.0,Positive,24.71579,1,67.0
698403,Fitness First,70.27,Health,36.59,Monday,Night,57.04,1.0,Neutral,61.44161,1,11.0
700059,Fitness First,106.36,Health,31.92,Monday,Night,3.84,2.0,Neutral,60.79016,1,95.0
700091,Fitness First,74.61,Health,90.48,Monday,Night,4.42,2.0,Neutral,71.60758,1,40.0
700299,Fitness First,23.08,Health,78.31,Monday,Night,26.58,3.0,Neutral,9.33687,1,15.0
700308,Fitness First,66.93645833333333,Health,25.59,Monday,Night,0.0,1.0,Neutral,20.6,1,45.0
700756,Fitness First,107.33,Health,71.98,Monday,Night,78.71,0.0,Positive,96.79,1,62.0
701278,Fitness First,18.69,Health,88.72,Monday,Night,7.78,0.0,Negative,4.84165,1,7.0
707325,Fitness First,43.34,Health,29.98,Monday,Night,39.98,3.0,Negative,31.66,1,29.0
709154,Fitness First,30.66,Health,85.16,Monday,Night,95.29,1.0,Negative,23.27609,1,94.0
709183,Fitness First,107.43,Health,61.4,Monday,Night,27.76,0.0,Negative,78.64193,1,27.0
709729,Fitness First,56.47,Health,30.52,Monday,Night,0.0,2.0,Neutral,32.16751,1,28.0
709745,Fitness First,58.9,Health,34.15,Monday,Night,0.0,1.0,Neutral,53.14715,1,38.0
710652,Fitness First,14.32,Health,43.03,Monday,Night,36.21,2.0,Neutral,6.63434,1,20.0
711241,Fitness First,31.68,Health,88.47,Monday,Night,96.97,3.0,Negative,20.95006,1,41.0
711386,Fitness First,91.32,Health,89.94,Monday,Night,9.54,1.0,Neutral,59.66261,1,23.0
712489,Fitness First,12.43,Health,46.32,Monday,Night,0.0,1.0,Positive,8.41,1,64.0
713182,Fitness First,71.6,Health,37.21,Monday,Night,11.49,3.0,Positive,67.493,1,67.0
713701,Fitness First,29.09,Health,53.56,Monday,Night,61.96,2.0,Negative,20.11442,1,53.0
714560,Fitness First,66.93645833333333,Health,55.69,Monday,Night,57.1,2.0,Negative,119.78,1,61.0
716297,Fitness First,29.35,Health,43.4,Monday,Night,3.01,1.0,Negative,13.82293,1,66.0
716388,Fitness First,44.75,Health,46.87,Monday,Night,98.63,3.0,Positive,26.78,1,45.0
718425,Fitness First,26.68,Health,28.48,Monday,Night,59.68,2.0,Neutral,24.95859,1,2.0
718924,Fitness First,66.93645833333333,Health,67.14,Monday,Night,46.11,1.0,Neutral,52.94702,1,15.0
719482,Fitness First,34.74,Health,51.91,Monday,Night,42.27,2.0,Neutral,25.37221,1,3.0
720658,Fitness First,64.86,Health,32.67,Monday,Night,52.32,2.0,Positive,43.35567,1,50.0
720823,Fitness First,66.93645833333333,Health,73.56,Monday,Night,52.31,1.0,Negative,60.04775,1,94.0
721504,Fitness First,107.3,Health,35.15,Monday,Night,48.93,3.0,Neutral,57.79,1,45.0
721729,Fitness First,49.41,Health,88.54,Monday,Night,35.57,2.0,Positive,43.07684,1,19.0
722330,Fitness First,82.28,Health,80.71,Monday,Night,68.68,3.0,Neutral,56.61939,1,17.0
724960,Fitness First,66.93645833333333,Health,49.59,Monday,Night,55.1,0.0,Negative,41.7915,1,54.0
725584,Fitness First,95.91,Health,53.82,Monday,Night,24.19,2.0,Positive,65.01308,1,32.0
725687,Fitness First,23.51,Health,21.95,Monday,Night,27.79,2.0,Positive,18.0442,1,90.0
725728,Fitness First,43.3,Health,56.15,Monday,Night,14.03,2.0,Positive,27.94415,1,57.0
727026,Fitness First,105.44,Health,97.84,Monday,Night,0.39,0.0,Positive,79.33068,1,1.0
732295,Fitness First,115.7,Health,91.77,Monday,Night,81.66,1.0,Neutral,99.06703,1,62.0
732399,Fitness First,90.65,Health,79.38,Monday,Night,3.67,2.0,Neutral,51.86221,1,47.0
732621,Fitness First,33.69,Health,76.55,Monday,Night,31.64,0.0,Positive,27.87,1,42.0
733244,Fitness First,66.93645833333333,Health,73.56,Monday,Night,52.79,1.0,Negative,60.04775,1,52.0
735953,Fitness First,112.96,Health,54.27,Monday,Night,40.51,2.0,Neutral,52.85821,1,74.0
736693,Fitness First,35.93,Health,47.87,Monday,Night,0.0,1.0,Negative,26.82248,1,1.0
737390,Fitness First,66.93645833333333,Health,72.78,Monday,Night,12.38,3.0,Negative,70.47693,1,64.0
737842,Fitness First,118.14,Health,71.73,Monday,Night,87.18,1.0,Positive,116.11,1,82.0
737877,Fitness First,111.39,Health,74.49,Monday,Night,89.57,0.0,Negative,85.79245,1,79.0
738012,Fitness First,112.58,Health,62.4,Monday,Night,19.3,1.0,Neutral,73.56064,1,38.0
738979,Fitness First,107.38,Health,69.57,Monday,Night,52.81,0.0,Negative,78.64193,1,27.0
741029,Fitness First,64.02,Lifestyle,35.77,Monday,Night,31.15,3.0,Negative,57.59008,1,5.0
741971,Fitness First,119.52,Health,21.49,Monday,Night,46.29,2.0,Positive,75.06562,1,71.0
743158,Fitness First,36.99,Health,59.18,Monday,Night,0.0,2.0,Positive,34.1961,1,11.0
745336,Fitness First,81.69,Health,48.11,Monday,Night,71.17,1.0,Positive,44.13,1,23.0
745464,Fitness First,92.92,Health,30.43,Monday,Night,14.4,0.0,Neutral,81.48001,1,10.0
745740,Fitness First,96.87,Health,69.92,Monday,Night,53.96,0.0,Negative,86.66724,1,51.0
748183,Fitness First,30.02,Health,91.71,Monday,Night,63.31,0.0,Neutral,16.49,1,58.0
748245,Fitness First,109.25,Health,89.36,Monday,Night,89.2,0.0,Negative,73.97855,1,52.0
749905,Fitness First,8.83,Health,29.06,Monday,Night,77.61,3.0,Negative,6.52,1,61.0
750494,Fitness First,115.3,Health,71.76,Monday,Night,81.66,1.0,Neutral,,0,62.0
750743,Fitness First,91.07,Health,83.82,Monday,Night,82.87,2.0,Neutral,,0,99.0
751162,Fitness First,116.7,Health,23.5,Monday,Night,81.22,1.0,Positive,,0,49.0
751655,Fitness First,28.2,Health,31.29,Monday,Night,50.31,2.0,Neutral,,0,48.0
753375,Fitness First,66.93645833333333,Health,49.59,Monday,Night,52.1,0.0,Negative,,0,33.0
753711,Fitness First,52.27,Health,55.63,Monday,Night,18.45,1.0,Neutral,,0,83.0
757054,Fitness First,42.58,Health,58.53,Monday,Night,58.53,1.0,Negative,,0,50.0
757926,Fitness First,38.96,Health,36.71,Monday,Night,63.01,1.0,Negative,,0,74.0
760063,Fitness First,7.87,Health,33.12,Monday,Night,40.94,1.0,Positive,,0,22.0
762367,Fitness First,112.75,Health,33.53,Monday,Night,75.48,3.0,Neutral,,0,28.0
762597,Fitness First,66.92,Health,50.91,Monday,Night,0.0,3.0,Positive,,0,3.0
764076,Fitness First,66.93645833333333,Health,56.81,Monday,Night,9.68,2.0,Positive,,0,43.0
764868,Fitness First,36.52,Health,51.32,Monday,Night,69.74,0.0,Positive,,0,72.0
765942,Fitness First,104.27,Health,69.35,Monday,Night,31.44,1.0,Neutral,,0,23.0
767472,Fitness First,42.65,Health,86.41,Monday,Night,19.42,3.0,Neutral,,0,61.0
769933,Fitness First,46.56,Health,42.01,Monday,Night,69.97,1.0,Negative,,0,67.0
770208,Fitness First,59.21,Health,34.06,Monday,Night,30.24,3.0,Negative,,0,90.0
770357,Fitness First,66.93645833333333,Health,86.27,Monday,Night,47.88,3.0,Positive,,0,41.0
770625,Fitness First,56.29,Health,23.45,Monday,Night,49.57,1.0,Neutral,,0,48.0
772215,Fitness First,100.47,Health,96.65,Monday,Night,14.65,2.0,Positive,,0,10.0
772385,Fitness First,108.5,Health,58.27,Monday,Night,54.71,2.0,Positive,,0,47.0
773455,Fitness First,49.65,Health,80.26,Monday,Night,10.68,1.0,Negative,,0,27.0
773559,Fitness First,17.02,Health,69.37,Monday,Night,0.0,0.0,Neutral,,0,18.0
773560,Fitness First,114.32,Health,23.82,Monday,Night,35.36,3.0,Neutral,,0,71.0
775281,Fitness First,66.93645833333333,Health,55.52,Monday,Night,99.01,1.0,Positive,,0,72.0
775295,Fitness First,108.74,Health,63.75,Monday,Night,45.67,1.0,Positive,,0,10.0
775574,Fitness First,102.34,Health,26.23,Monday,Night,24.29,1.0,Positive,,0,51.0
777477,Fitness First,88.32,Health,29.16,Monday,Night,77.89,0.0,Negative,,0,78.0
778130,Fitness First,87.99,Health,55.73,Monday,Night,80.68,2.0,Positive,,0,44.0
778295,Fitness First,31.68,Health,55.73,Monday,Night,99.01,0.0,Negative,,0,86.0
780991,Fitness First,19.4,Health,88.31,Monday,Night,44.54,3.0,Positive,,0,30.0
781351,Fitness First,49.06,Health,87.99,Monday,Night,73.48,2.0,Negative,,0,83.0
781892,Fitness First,112.42,Health,64.54,Monday,Night,99.71,3.0,Positive,,0,71.0
782529,Fitness First,57.99,Health,86.48,Monday,Night,0.0,1.0,Negative,,0,10.0
784598,Fitness First,37.32,Health,55.5,Monday,Night,0.0,3.0,Negative,,0,8.0
787952,Fitness First,111.15,Health,91.42,Monday,Night,75.29,1.0,Positive,,0,69.0
788597,Fitness First,62.75,Health,84.14,Monday,Night,36.23,0.0,Neutral,,0,23.0
789287,Fitness First,54.65,Health,53.35,Monday,Night,0.0,3.0,Neutral,,0,4.0
789360,Fitness First,16.54,Health,91.75,Monday,Night,46.54,3.0,Negative,,0,81.0
790554,Fitness First,25.58,Health,78.01,Monday,Night,95.38,0.0,Positive,,0,93.0
790648,Fitness First,20.3,Health,97.8,Monday,Night,35.9,1.0,Negative,,0,66.0
790953,Fitness First,18.4,Health,59.61,Monday,Night,18.05,3.0,Positive,,0,36.0
791182,Fitness First,32.43,Health,70.43,Monday,Night,70.58,1.0,Neutral,,0,64.0
791579,Fitness First,58.34,Health,67.18,Monday,Night,9.72,0.0,Neutral,,0,34.0
792651,Fitness First,30.59,Health,39.26,Monday,Night,81.8,1.0,Negative,,0,40.0
793545,Fitness First,24.48,Health,36.67,Monday,Night,82.47,1.0,Positive,,0,63.0
793777,Fitness First,105.45,Health,32.65,Monday,Night,19.04,3.0,Positive,,0,47.0
794095,Fitness First,66.93645833333333,Health,61.52,Monday,Night,67.61,0.0,Positive,,0,47.0
794342,Fitness First,32.09,Health,88.07,Monday,Night,76.5,2.0,Negative,,0,49.0
795692,Fitness First,107.54,Health,85.35,Monday,Night,56.58,1.0,Neutral,,0,17.0
796623,Fitness First,24.88,Health,98.77,Monday,Night,71.52,1.0,Positive,,0,1.0
798818,Fitness First,99.41,Health,52.91,Monday,Night,31.56,1.0,Positive,,0,31.0
799253,Fitness First,90.21,Health,51.77,Monday,Night,93.71,0.0,Positive,,0,61.0
799495,Fitness First,45.35,Health,44.76,Monday,Night,73.21,0.0,Positive,,0,53.0
800760,Fitness First,119.48,Health,78.22,Monday,Night,50.86,0.0,Neutral,,0,33.0
800936,Fitness First,68.06,Health,75.22,Monday,Night,22.9,0.0,Neutral,,0,10.0
801703,Fitness First,91.18,Health,70.82,Monday,Night,37.89,1.0,Positive,,0,31.0
803356,Fitness First,116.42,Health,65.06,Monday,Night,79.71,1.0,Neutral,,0,54.0
804673,Fitness First,62.06,Health,80.65,Monday,Night,58.89,1.0,Positive,,0,20.0
805535,Fitness First,31.62,Health,70.45,Monday,Night,71.99,3.0,Negative,,0,98.0
805747,Fitness First,100.43,Health,96.16,Monday,Night,58.33,0.0,Neutral,,0,72.0
807501,Fitness First,66.93645833333333,Health,49.51,Monday,Night,37.63,1.0,Negative,,0,25.0
807593,Fitness First,56.08,Health,71.86,Monday,Night,27.44,2.0,Negative,,0,69.0
808788,Fitness First,47.79,Health,78.81,Monday,Night,64.31,2.0,Positive,,0,39.0
809184,Fitness First,98.25,Health,29.45,Monday,Night,4.72,3.0,Negative,,0,87.0
810829,Fitness First,91.09,Health,94.16,Monday,Night,46.76,3.0,Positive,,0,42.0
811566,Fitness First,98.13,Health,97.17,Monday,Night,60.41,0.0,Positive,,0,50.0
812405,Fitness First,19.03,Health,39.41,Monday,Night,45.03,0.0,Negative,,0,88.0
812760,Fitness First,45.18,Health,98.07,Monday,Night,51.85,2.0,Positive,,0,18.0
813327,Fitness First,109.51,Health,61.15,Monday,Night,54.19,2.0,Positive,,0,82.0
813711,Fitness First,27.87,Health,77.13,Monday,Night,91.13,3.0,Positive,,0,35.0
814517,Fitness First,63.59,Health,36.19,Monday,Night,0.0,1.0,Neutral,,0,60.0
814831,Fitness First,49.32,Health,79.76,Monday,Night,0.0,1.0,Neutral,,0,75.0
817560,Fitness First,112.15,Health,58.49,Monday,Night,0.0,3.0,Neutral,,0,3.0
817919,Fitness First,8.8,Health,60.35,Monday,Night,0.0,1.0,Negative,,0,65.0
818599,Fitness First,91.22,Health,99.14,Monday,Night,0.0,1.0,Positive,,0,65.0
819403,Fitness First,92.67,Health,35.11,Monday,Night,1.66,3.0,Positive,,0,99.0
819504,Fitness First,80.38,Health,83.47,Monday,Night,0.0,2.0,Positive,,0,70.0
819929,Fitness First,66.93645833333333,Health,86.2,Monday,Night,56.51,3.0,Positive,,0,62.0
823172,Fitness First,66.93645833333333,Health,38.94,Monday,Night,17.81,1.0,Neutral,,0,49.0
823340,Fitness First,66.93645833333333,Health,72.21,Monday,Night,51.96,3.0,Negative,,0,10.0
824709,Fitness First,66.93645833333333,Health,64.26,Monday,Night,8.75,2.0,Negative,,0,30.0
825172,Fitness First,54.05,Health,76.93,Monday,Night,26.26,0.0,Negative,,0,27.0
825831,Fitness First,24.48,Health,27.15,Monday,Night,82.47,1.0,Positive,,0,63.0
826109,Fitness First,104.94,Health,81.28,Monday,Night,6.05,3.0,Positive,,0,31.0
827668,Fitness First,100.0,Health,96.37,Monday,Night,33.36,1.0,Negative,,0,49.0
828102,Fitness First,20.6,Health,27.15,Monday,Night,19.02,1.0,Neutral,,0,65.0
828226,Fitness First,67.59,Health,67.24,Monday,Night,9.14,1.0,Neutral,,0,57.0
828729,Fitness First,90.89,Health,33.23,Monday,Night,9.77,0.0,Neutral,,0,11.0
829256,Fitness First,66.93645833333333,Health,33.44,Monday,Night,66.38,0.0,Positive,,0,23.0
829411,Fitness First,99.69,Health,78.66,Monday,Night,58.69,0.0,Neutral,,0,83.0
830462,Fitness First,82.97,Health,51.71,Monday,Night,88.72,2.0,Neutral,,0,73.0
830508,Fitness First,26.81,Health,67.93,Monday,Night,56.53,3.0,Positive,,0,43.0
831767,Fitness First,39.48,Health,59.99,Monday,Night,93.63,3.0,Neutral,,0,24.0
835617,Fitness First,8.76,Health,51.03,Monday,Night,85.16,3.0,Neutral,,0,68.0
839151,Fitness First,80.0,Health,98.01,Monday,Night,5.09,0.0,Neutral,,0,5.0
839873,Fitness First,68.99,Health,34.81,Monday,Night,64.81,2.0,Neutral,,0,62.0
840593,Fitness First,96.71,Health,66.03,Monday,Night,13.17,0.0,Positive,,0,17.0
841242,Fitness First,119.66,Health,30.29,Monday,Night,65.97,0.0,Negative,,0,55.0
841812,Fitness First,107.38,Health,90.53,Monday,Night,80.23,2.0,Neutral,,0,26.0
842452,Fitness First,16.42,Health,26.79,Monday,Night,64.85,3.0,Positive,,0,16.0
842583,Fitness First,66.93645833333333,Health,49.59,Monday,Night,52.0,0.0,Negative,,0,54.0
844660,Fitness First,75.34,Health,31.19,Monday,Night,34.11,1.0,Negative,,0,30.0
844788,Fitness First,47.0,Health,49.59,Monday,Night,55.1,0.0,Negative,,0,99.0
845906,Fitness First,46.61,Health,47.6,Monday,Night,41.95,1.0,Neutral,,0,33.0
850065,Fitness First,6.84,Health,71.97,Monday,Night,62.73,0.0,Negative,,0,62.0
851437,Fitness First,94.88,Health,83.56,Monday,Night,66.23,0.0,Positive,,0,90.0
851857,Fitness First,85.53,Health,85.79,Monday,Night,0.0,0.0,Negative,,0,100.0
853294,Fitness First,107.11,Health,28.74,Monday,Night,91.86,3.0,Neutral,,0,9.0
853688,Fitness First,114.44,Health,72.71,Monday,Night,29.23,0.0,Negative,,0,46.0
854825,Fitness First,6.22,Health,28.19,Monday,Night,33.25,2.0,Negative,,0,60.0
855482,Fitness First,52.68,Health,50.46,Monday,Night,96.6,2.0,Neutral,,0,8.0
856111,Fitness First,8.32,Health,91.79,Monday,Night,41.14,1.0,Negative,,0,38.0
856138,Fitness First,88.86,Health,62.66,Monday,Night,0.0,0.0,Neutral,,0,35.0
857848,Fitness First,66.93645833333333,Health,58.09,Monday,Night,86.28,0.0,Positive,,0,48.0
858035,Fitness First,116.44,Health,77.57,Monday,Night,7.35,0.0,Positive,,0,29.0
858740,Fitness First,76.56,Health,60.26,Monday,Night,0.0,0.0,Negative,,0,13.0
860466,Fitness First,66.93645833333333,Health,75.12,Monday,Night,29.64,0.0,Negative,,0,78.0
860684,Fitness First,33.02,Health,85.21,Monday,Night,87.33,0.0,Positive,,0,92.0
861950,Fitness First,47.46,Health,39.83,Monday,Night,70.82,2.0,Positive,,0,21.0
862069,Fitness First,66.93645833333333,Health,88.74,Monday,Night,3.81,1.0,Positive,,0,37.0
862618,Fitness First,31.75,Health,26.63,Monday,Night,67.3,2.0,Positive,,0,18.0
863186,Fitness First,62.06,Health,80.54,Monday,Night,20.54,1.0,Positive,,0,20.0
863242,Fitness First,91.51,Health,46.76,Monday,Night,44.13,1.0,Positive,,0,42.0
863402,Fitness First,49.57,Health,44.06,Monday,Night,7.02,3.0,Positive,,0,95.0
864359,Fitness First,25.46,Health,73.58,Monday,Night,70.13,2.0,Positive,,0,5.0
864791,Fitness First,114.31,Health,23.05,Monday,Night,81.22,1.0,Positive,,0,49.0
866842,Fitness First,65.77,Health,27.06,Monday,Night,24.47,0.0,Neutral,,0,10.0
868096,Fitness First,107.4,Health,63.94,Monday,Night,36.16,2.0,Positive,,0,20.0
871216,Fitness First,109.39,Health,81.34,Monday,Night,51.57,2.0,Positive,,0,13.0
872509,Fitness First,46.98,Health,62.74,Monday,Night,32.04,0.0,Positive,,0,42.0
873202,Fitness First,34.15,Health,69.84,Monday,Night,91.32,1.0,Negative,,0,60.0
873927,Fitness First,66.93645833333333,Health,34.51,Monday,Night,39.41,3.0,Positive,,0,58.0
876974,Fitness First,12.11,Health,40.9,Monday,Night,84.03,1.0,Negative,,0,76.0
877140,Fitness First,100.14,Health,42.29,Monday,Night,80.25,1.0,Positive,,0,21.0
878807,Fitness First,102.39,Health,50.44,Monday,Night,47.58,1.0,Negative,,0,50.0
879807,Fitness First,93.12,Health,75.81,Monday,Night,10.2,1.0,Neutral,,0,1.0
880072,Fitness First,66.93645833333333,Health,86.21,Monday,Night,28.72,3.0,Neutral,,0,96.0
880315,Fitness First,31.37,Health,79.76,Monday,Night,0.0,1.0,Negative,,0,19.0
881444,Fitness First,31.22,Health,26.97,Monday,Night,1.66,0.0,Neutral,,0,67.0
884567,Fitness First,67.11,Health,38.08,Monday,Night,79.64,0.0,Negative,,0,93.0
886528,Fitness First,104.75,Health,33.67,Monday,Night,20.72,2.0,Positive,,0,22.0
886867,Fitness First,116.38,Health,40.02,Monday,Night,42.48,0.0,Positive,,0,7.0
887125,Fitness First,59.15,Health,72.33,Monday,Night,30.49,1.0,Negative,,0,36.0
887652,Fitness First,56.23,Health,65.01,Monday,Night,6.01,0.0,Positive,,0,4.0
890007,Fitness First,78.32,Health,25.08,Monday,Night,66.35,0.0,Neutral,,0,35.0
890214,Fitness First,31.47,Health,33.05,Monday,Night,76.36,3.0,Neutral,,0,90.0
890887,Fitness First,9.08,Health,31.4,Monday,Night,99.05,1.0,Positive,,0,51.0
891620,Fitness First,107.69,Health,72.61,Monday,Night,39.41,1.0,Negative,,0,31.0
891918,Fitness First,66.93645833333333,Health,69.5,Monday,Night,52.79,1.0,Positive,,0,69.0
892244,Fitness First,91.12,Health,44.69,Monday,Night,65.83,1.0,Negative,,0,30.0
895071,Fitness First,66.93645833333333,Health,42.97,Monday,Night,71.85,2.0,Neutral,,0,21.0
895775,Fitness First,30.96,Health,39.19,Monday,Night,32.98,2.0,Positive,,0,81.0
898070,Fitness First,46.17,Health,87.19,Monday,Night,0.0,1.0,Positive,,0,7.0
899128,Fitness First,76.87,Health,45.79,Monday,Night,0.57,0.0,Positive,,0,65.0
899315,Fitness First,90.68,Health,97.66,Monday,Night,25.06,1.0,Negative,,0,67.0
901968,Fitness First,98.63,Health,20.56,Monday,Night,9.88,0.0,Positive,,0,97.0
902391,Fitness First,107.4,Health,60.86,Monday,Night,36.59,2.0,Positive,,0,95.0
902874,Fitness First,10.97,Health,99.03,Monday,Night,30.16,2.0,Negative,,0,91.0
903413,Fitness First,117.6,Health,24.52,Monday,Night,52.81,1.0,Neutral,,0,52.0
905842,Fitness First,67.56,Health,87.6,Monday,Night,64.93,1.0,Negative,,0,11.0
905993,Fitness First,16.9,Health,83.19,Monday,Night,97.13,3.0,Negative,,0,61.0
907276,Fitness First,30.57,Health,39.06,Monday,Night,83.9,1.0,Positive,,0,40.0
911201,Fitness First,66.93645833333333,Health,73.84,Monday,Night,79.19,2.0,Positive,,0,31.0
911624,Fitness First,28.33,Health,60.37,Monday,Night,54.52,2.0,Negative,,0,36.0
914007,Fitness First,86.35,Health,96.42,Monday,Night,40.14,3.0,Negative,,0,93.0
914641,Fitness First,82.28,Health,23.46,Monday,Night,29.46,2.0,Negative,,0,58.0
915099,Fitness First,20.47,Health,47.55,Monday,Night,6.45,2.0,Negative,,0,24.0
917230,Fitness First,118.47,Health,27.86,Monday,Night,79.62,0.0,Neutral,,0,96.0
918223,Fitness First,31.46,Health,31.85,Monday,Night,89.63,1.0,Neutral,,0,70.0
918901,Fitness First,95.42,Health,59.04,Monday,Night,0.0,1.0,Positive,,0,58.0
920727,Fitness First,81.16,Health,77.96,Monday,Night,42.15,1.0,Negative,,0,17.0
920870,Fitness First,107.35,Health,26.37,Monday,Night,48.31,2.0,Neutral,,0,28.0
922428,Fitness First,6.75,Health,86.19,Monday,Night,0.19,0.0,Positive,,0,40.0
922841,Fitness First,66.93645833333333,Health,56.04,Monday,Night,22.03,0.0,Negative,,0,20.0
923520,Fitness First,42.72,Health,79.39,Monday,Night,0.0,2.0,Positive,,0,100.0
924978,Fitness First,66.93645833333333,Health,26.84,Monday,Night,50.53,0.0,Positive,,0,45.0
925689,Fitness First,106.48,Health,70.4,Monday,Night,40.11,0.0,Neutral,,0,70.0
926578,Fitness First,113.81,Health,77.0,Monday,Night,16.47,0.0,Negative,,0,59.0
927225,Fitness First,89.97,Health,61.39,Monday,Night,0.0,3.0,Neutral,,0,6.0
927747,Fitness First,23.38,Health,53.2,Monday,Night,54.08,3.0,Neutral,,0,24.0
927912,Fitness First,113.98,Health,49.55,Monday,Night,80.98,1.0,Positive,,0,23.0
927924,Fitness First,5.67,Health,31.65,Monday,Night,12.05,0.0,Positive,,0,83.0
931695,Fitness First,32.41,Health,70.43,Monday,Night,56.09,1.0,Neutral,,0,64.0
931985,Fitness First,66.93645833333333,Health,85.03,Monday,Night,0.0,0.0,Negative,,0,19.0
932057,Fitness First,52.65,Health,96.97,Monday,Night,0.0,0.0,Positive,,0,1.0
932133,Fitness First,28.46,Health,33.74,Monday,Night,29.87,2.0,Neutral,,0,29.0
935567,Fitness First,66.93645833333333,Health,95.15,Monday,Night,20.4,2.0,Negative,,0,55.0
935787,Fitness First,85.77,Health,48.71,Monday,Night,39.53,0.0,Positive,,0,41.0
937546,Fitness First,109.51,Health,91.78,Monday,Night,63.61,1.0,Neutral,,0,34.0
937557,Fitness First,44.29,Health,41.37,Monday,Night,29.31,2.0,Positive,,0,90.0
939940,Fitness First,24.94,Health,23.95,Monday,Night,0.0,0.0,Neutral,,0,43.0
940082,Fitness First,71.02,Health,86.11,Monday,Night,83.38,0.0,Negative,,0,47.0
940703,Fitness First,69.7,Health,56.28,Monday,Night,3.64,1.0,Positive,,0,46.0
943304,Fitness First,27.13,Health,36.95,Monday,Night,0.0,3.0,Neutral,,0,48.0
944952,Fitness First,66.93645833333333,Health,37.14,Monday,Night,57.7,3.0,Neutral,,0,82.0
944981,Fitness First,66.93645833333333,Health,49.25,Monday,Night,70.17,0.0,Positive,,0,21.0
945942,Fitness First,38.67,Health,99.4,Monday,Night,89.08,3.0,Negative,,0,29.0
947970,Fitness First,116.52,Health,88.73,Monday,Night,0.0,3.0,Positive,,0,31.0
950053,Fitness First,36.02,Health,35.02,Monday,Night,40.17,2.0,Neutral,,0,79.0
952300,Fitness First,100.83,Health,46.05,Monday,Night,4.65,2.0,Positive,,0,47.0
952444,Fitness First,116.12,Health,68.73,Monday,Night,70.01,0.0,Positive,,0,53.0
953071,Fitness First,89.63,Health,66.89,Monday,Night,85.06,0.0,Negative,,0,39.0
953426,Fitness First,81.59,Health,60.05,Monday,Night,0.0,3.0,Positive,,0,91.0
954913,Fitness First,32.29,Health,66.38,Monday,Night,87.38,2.0,Neutral,,0,10.0
955572,Fitness First,39.46,Health,78.35,Monday,Night,66.97,2.0,Neutral,,0,79.0
956322,Fitness First,78.22,Health,98.62,Monday,Night,0.0,3.0,Negative,,0,16.0
956365,Fitness First,114.44,Health,72.19,Monday,Night,29.16,0.0,Negative,,0,46.0
956756,Fitness First,7.38,Health,41.75,Monday,Night,7.13,3.0,Neutral,,0,37.0
956894,Fitness First,24.48,Health,36.18,Monday,Night,91.48,1.0,Positive,,0,63.0
959419,Fitness First,55.03,Health,75.22,Monday,Night,43.82,0.0,Neutral,,0,10.0
960675,Fitness First,26.71,Health,41.95,Monday,Night,33.5,1.0,Neutral,,0,36.0
961014,Fitness First,109.51,Health,61.54,Monday,Night,54.51,0.0,Positive,,0,20.0
961054,Fitness First,30.47,Health,37.36,Monday,Night,56.78,1.0,Negative,,0,81.0
961370,Fitness First,53.86,Health,46.87,Monday,Night,81.62,0.0,Negative,,0,28.0
962164,Fitness First,90.54,Health,75.74,Monday,Night,0.0,0.0,Positive,,0,16.0
962716,Fitness First,32.44,Health,48.72,Monday,Night,63.94,0.0,Positive,,0,36.0
964285,Fitness First,117.04,Health,95.74,Monday,Night,5.17,0.0,Positive,,0,91.0
966937,Fitness First,21.94,Health,47.93,Monday,Night,38.65,3.0,Neutral,,0,33.0
967249,Fitness First,66.93645833333333,Health,36.01,Monday,Night,77.11,2.0,Neutral,,0,55.0
969471,Fitness First,96.53,Health,35.41,Monday,Night,9.88,0.0,Positive,,0,97.0
969922,Fitness First,90.24,Health,61.08,Monday,Night,24.58,3.0,Negative,,0,31.0
970301,Fitness First,115.56,Health,76.11,Monday,Night,63.92,3.0,Positive,,0,10.0
971828,Fitness First,103.85,Health,40.05,Monday,Night,68.53,0.0,Neutral,,0,52.0
973116,Fitness First,46.02,Health,69.81,Monday,Night,93.22,2.0,Neutral,,0,28.0
974292,Fitness First,47.99,Health,63.15,Monday,Night,23.02,0.0,Negative,,0,65.0
975088,Fitness First,114.72,Health,72.19,Monday,Night,82.16,0.0,Negative,,0,89.0
975398,Fitness First,91.57,Health,32.66,Monday,Night,56.78,0.0,Negative,,0,21.0
975962,Fitness First,119.89,Health,78.11,Monday,Night,75.12,2.0,Neutral,,0,9.0
976560,Fitness First,46.49,Health,56.71,Monday,Night,59.93,3.0,Negative,,0,33.0
977253,Fitness First,93.14,Health,26.69,Monday,Night,45.9,1.0,Positive,,0,63.0
978035,Fitness First,79.47,Health,30.08,Monday,Night,54.32,3.0,Neutral,,0,18.0
978276,Fitness First,66.93645833333333,Health,89.89,Monday,Night,0.0,1.0,Neutral,,0,29.0
978587,Fitness First,95.25,Health,60.86,Monday,Night,32.23,2.0,Positive,,0,95.0
979752,Fitness First,26.57,Health,76.65,Monday,Night,94.17,0.0,Neutral,,0,48.0
980476,Fitness First,86.83,Health,80.07,Monday,Night,46.02,0.0,Neutral,,0,81.0
982869,Fitness First,69.99,Health,62.29,Monday,Night,3.65,2.0,Negative,,0,53.0
985026,Fitness First,85.99,Health,33.34,Monday,Night,37.84,1.0,Negative,,0,18.0
985183,Fitness First,66.93645833333333,Health,88.33,Monday,Night,85.43,2.0,Negative,,0,9.0
985684,Fitness First,54.83,Health,20.64,Monday,Night,9.29,1.0,Negative,,0,52.0
985830,Fitness First,6.33,Health,94.84,Monday,Night,34.2,0.0,Negative,,0,53.0
985915,Fitness First,98.68,Health,33.68,Monday,Night,87.3,3.0,Negative,,0,60.0
986274,Fitness First,49.26,Health,42.53,Monday,Night,79.77,3.0,Negative,,0,10.0
986612,Fitness First,32.61,Health,44.31,Monday,Night,26.6,2.0,Neutral,,0,88.0
987637,Fitness First,119.71,Health,30.76,Monday,Night,62.71,0.0,Positive,,0,46.0
988336,Fitness First,32.95,Health,93.84,Monday,Night,54.34,0.0,Neutral,,0,91.0
988866,Fitness First,66.93645833333333,Health,69.72,Monday,Night,2.89,2.0,Neutral,,0,99.0
989045,Fitness First,29.19,Health,66.99,Monday,Night,48.69,2.0,Neutral,,0,23.0
991310,Fitness First,67.19,Health,56.19,Monday,Night,0.0,3.0,Positive,,0,43.0
991681,Fitness First,71.32,Health,83.57,Monday,Night,81.1,0.0,Negative,,0,3.0
992577,Fitness First,30.02,Health,71.72,Monday,Night,79.92,3.0,Negative,,0,96.0
992685,Fitness First,66.93645833333333,Health,76.62,Monday,Night,5.4,0.0,Neutral,,0,64.0
993760,Fitness First,103.78,Health,58.42,Monday,Night,0.0,3.0,Negative,,0,83.0
994249,Fitness First,71.62,Health,31.41,Monday,Night,44.15,0.0,Neutral,,0,48.0
994938,Fitness First,88.6,Health,99.77,Monday,Night,7.74,3.0,Negative,,0,8.0
995180,Fitness First,34.28,Health,87.44,Monday,Night,0.0,2.0,Neutral,,0,14.0
996182,Fitness First,27.4,Health,58.57,Monday,Night,81.71,1.0,Negative,,0,69.0
997048,Fitness First,55.74,Health,32.01,Monday,Night,85.11,0.0,Neutral,,0,24.0
999118,Fitness First,116.88,Health,62.66,Monday,Night,6.1,1.0,Negative,,0,65.0
999358,Fitness First,76.07,Health,61.35,Monday,Night,0.0,2.0,Neutral,,0,97.0
999628,Fitness First,66.93645833333333,Health,87.67,Monday,Night,91.71,2.0,Negative,,0,88.0
