id,Podcast_Name,Episode_Length_minutes,Genre,Host_Popularity_percentage,Publication_Day,Publication_Time,Guest_Popularity_percentage,Number_of_Ads,Episode_Sentiment,Listening_Time_minutes,is_train,Episode_Number
695,News Roundup,29.28,News,44.58,Sunday,Afternoon,0.0,3.0,Neutral,24.72,1,31.0
1798,News Roundup,80.99,News,94.87,Sunday,Afternoon,81.67,0.0,Positive,48.13792,1,86.0
2300,News Roundup,60.218622158029554,News,87.89,Sunday,Afternoon,62.94,0.0,Neutral,84.75179,1,95.0
3131,News Roundup,34.51,News,62.68,Sunday,Afternoon,0.0,3.0,Neutral,9.21424,1,66.0
3649,News Roundup,22.31,News,58.74,Sunday,Afternoon,0.0,0.0,Neutral,6.25254,1,2.0
5295,News Roundup,61.71,News,24.29,Sunday,Afternoon,9.53,3.0,Negative,47.1136,1,9.0
10088,News Roundup,95.23,News,87.61,Sunday,Afternoon,65.87,2.0,Neutral,69.344,1,21.0
11973,News Roundup,109.02,News,84.77,Sunday,Afternoon,64.93,0.0,Neutral,105.55353,1,93.0
15570,News Roundup,60.218622158029554,News,63.59,Sunday,Afternoon,0.0,1.0,Positive,32.30343,1,46.0
20156,News Roundup,98.18,News,76.1,Sunday,Afternoon,22.39,0.0,Positive,54.62982,1,84.0
21254,News Roundup,70.53,News,57.56,Sunday,Afternoon,90.39,0.0,Negative,61.04555,1,12.0
22553,News Roundup,53.17,News,97.64,Sunday,Afternoon,29.29,1.0,Negative,39.2439,1,58.0
23832,News Roundup,103.77,News,27.73,Sunday,Afternoon,0.0,1.0,Neutral,80.9632,1,60.0
27512,News Roundup,19.52,News,58.74,Sunday,Afternoon,70.16,3.0,Positive,14.37809,1,77.0
29311,News Roundup,50.77,News,90.86,Sunday,Afternoon,70.35,2.0,Negative,17.82681,1,53.0
33867,News Roundup,10.16,News,36.69,Sunday,Afternoon,98.0,2.0,Neutral,6.01598,1,34.0
35532,News Roundup,21.35,News,36.82,Sunday,Afternoon,48.82,0.0,Negative,12.96017,1,63.0
36618,News Roundup,108.52,News,31.92,Sunday,Afternoon,0.0,1.0,Positive,94.09591,1,79.0
40479,News Roundup,19.74,News,63.01,Sunday,Afternoon,88.33,0.0,Negative,10.33,1,18.0
44021,News Roundup,60.218622158029554,News,20.98,Sunday,Afternoon,10.79,0.0,Positive,80.55481,1,43.0
45355,News Roundup,34.72,News,52.71,Sunday,Afternoon,97.95,2.0,Negative,30.51792,1,88.0
50373,News Roundup,25.42,News,88.92,Sunday,Afternoon,85.23,1.0,Negative,14.93,1,67.0
50958,News Roundup,60.218622158029554,News,44.88,Sunday,Afternoon,48.49,3.0,Positive,20.68012,1,9.0
51948,News Roundup,29.48,News,94.59,Sunday,Afternoon,0.16,1.0,Negative,13.73716,1,99.0
52110,News Roundup,15.94,News,64.74,Sunday,Afternoon,85.0,2.0,Positive,7.24272,1,65.0
53757,News Roundup,60.218622158029554,News,45.66,Sunday,Afternoon,85.79,0.0,Positive,38.26572,1,64.0
54808,News Roundup,25.81,News,44.9,Sunday,Afternoon,0.0,1.0,Positive,11.01681,1,78.0
59452,News Roundup,31.99,News,78.72,Sunday,Afternoon,98.67,3.0,Negative,21.21128,1,51.0
63078,News Roundup,77.52,News,55.33,Sunday,Afternoon,46.41,3.0,Neutral,49.37753,1,78.0
69793,News Roundup,51.04,News,91.82,Sunday,Afternoon,0.0,1.0,Positive,40.38262,1,56.0
71879,News Roundup,74.35,News,96.02,Sunday,Afternoon,19.09,0.0,Neutral,50.94898,1,37.0
76294,News Roundup,23.07,News,30.96,Sunday,Afternoon,96.16,3.0,Neutral,11.88502,1,12.0
79928,News Roundup,23.33,News,43.39,Sunday,Afternoon,89.03,1.0,Negative,23.26842,1,69.0
80488,News Roundup,104.71,News,47.72,Sunday,Afternoon,38.52,0.0,Positive,98.77476,1,96.0
83325,News Roundup,67.0,News,37.96,Sunday,Afternoon,88.64,2.0,Negative,62.63727,1,84.0
84745,News Roundup,23.52,News,48.9,Sunday,Afternoon,99.76,3.0,Positive,18.58877,1,20.0
85678,News Roundup,60.218622158029554,News,62.61,Sunday,Afternoon,76.72,3.0,Positive,18.00616,1,3.0
85737,News Roundup,60.218622158029554,News,34.42,Sunday,Afternoon,31.02,2.0,Neutral,59.34045,1,22.0
86516,News Roundup,95.61,News,82.84,Sunday,Afternoon,60.84,2.0,Positive,63.49601,1,39.0
90262,News Roundup,60.218622158029554,News,66.02,Sunday,Afternoon,76.09,3.0,Positive,61.91285,1,92.0
91413,News Roundup,95.51,News,34.24,Sunday,Afternoon,98.38,3.0,Neutral,47.08272,1,22.0
91812,News Roundup,109.74,News,50.78,Sunday,Afternoon,58.42,1.0,Positive,64.47474,1,37.0
92663,News Roundup,71.88,News,28.64,Sunday,Afternoon,54.47,2.0,Neutral,63.23286,1,42.0
93583,News Roundup,60.218622158029554,News,57.1,Sunday,Afternoon,0.0,2.0,Positive,35.06843,1,76.0
99328,News Roundup,84.03,News,29.15,Sunday,Afternoon,29.23,1.0,Neutral,41.31472,1,36.0
99682,News Roundup,60.218622158029554,News,76.29,Sunday,Afternoon,27.05,3.0,Positive,62.04508,1,31.0
102029,News Roundup,60.218622158029554,News,89.93,Sunday,Afternoon,14.13,2.0,Negative,44.56678,1,85.0
102391,News Roundup,36.77,News,55.75,Sunday,Afternoon,95.94,2.0,Positive,18.22324,1,24.0
106855,News Roundup,26.82,News,26.6,Sunday,Afternoon,90.76,1.0,Negative,23.46,1,6.0
107531,News Roundup,54.53,News,74.02,Sunday,Afternoon,6.93,3.0,Neutral,24.24258,1,55.0
108487,News Roundup,16.65,News,41.53,Sunday,Afternoon,86.18,3.0,Neutral,11.0749,1,7.0
109224,News Roundup,10.93,News,32.02,Sunday,Afternoon,0.0,0.0,Positive,9.35503,1,71.0
109708,News Roundup,60.218622158029554,News,76.08,Sunday,Afternoon,2.0,0.0,Positive,15.22256,1,3.0
110454,News Roundup,10.51,News,59.45,Sunday,Afternoon,89.48,1.0,Neutral,5.78625,1,84.0
111254,News Roundup,112.02,News,99.46,Sunday,Afternoon,0.0,0.0,Negative,104.90999,1,73.0
111538,News Roundup,22.29,News,55.96,Sunday,Afternoon,72.85,0.0,Positive,11.75041,1,100.0
111591,News Roundup,53.85,News,76.98,Sunday,Afternoon,46.27,2.0,Positive,41.34082,1,62.0
111938,News Roundup,119.76,News,95.99,Sunday,Afternoon,23.06,0.0,Neutral,100.35327,1,96.0
112317,News Roundup,9.8,News,34.47,Sunday,Afternoon,34.97,2.0,Neutral,6.01598,1,35.0
112617,News Roundup,44.91,News,95.6,Sunday,Afternoon,66.59,0.0,Positive,27.27057,1,11.0
113543,News Roundup,17.52,News,41.6,Sunday,Afternoon,0.0,2.0,Neutral,10.47508,1,2.0
115437,News Roundup,60.218622158029554,News,35.79,Sunday,Afternoon,53.85,0.0,Positive,35.70629,1,8.0
116310,News Roundup,80.85,News,48.97,Sunday,Afternoon,52.2,0.0,Positive,61.06005,1,35.0
117537,News Roundup,23.31,News,60.15,Sunday,Afternoon,49.36,1.0,Neutral,7.77,1,66.0
117765,News Roundup,20.24,News,64.33,Sunday,Afternoon,0.0,2.0,Negative,8.44239,1,93.0
119073,News Roundup,31.36,News,54.77,Sunday,Afternoon,0.0,0.0,Positive,24.46174,1,23.0
123917,News Roundup,60.218622158029554,News,31.98,Sunday,Afternoon,81.66,0.0,Neutral,67.58782,1,100.0
124273,News Roundup,7.39,News,44.87,Sunday,Afternoon,28.46,0.0,Positive,0.0,1,46.0
125239,News Roundup,54.43,News,37.41,Sunday,Afternoon,49.81,3.0,Positive,30.98562,1,62.0
141049,News Roundup,118.77,News,23.42,Sunday,Afternoon,60.98,2.0,Negative,89.15217,1,34.0
141339,News Roundup,61.21,News,78.17,Sunday,Afternoon,15.84,3.0,Positive,47.33024,1,15.0
142766,News Roundup,60.218622158029554,News,29.31,Sunday,Afternoon,0.0,3.0,Negative,15.36574,1,87.0
144700,News Roundup,62.97,News,25.73,Sunday,Afternoon,35.87,2.0,Negative,45.76119,1,20.0
144855,News Roundup,83.05,News,84.09,Sunday,Afternoon,44.74,0.0,Neutral,54.53703,1,24.0
144883,News Roundup,40.73,News,71.57,Sunday,Afternoon,85.22,2.0,Positive,24.25,1,61.0
146132,News Roundup,16.02,News,59.98,Sunday,Afternoon,21.38,1.0,Negative,15.00058,1,82.0
146242,News Roundup,66.51,News,66.36,Sunday,Afternoon,48.68,2.0,Neutral,53.88129,1,99.0
149540,News Roundup,58.29,News,37.22,Sunday,Afternoon,88.18,0.0,Neutral,41.03502,1,63.0
154777,News Roundup,85.37,News,82.2,Sunday,Afternoon,65.11,0.0,Negative,44.45894,1,34.0
160702,News Roundup,53.66,News,76.95,Sunday,Afternoon,46.27,0.0,Positive,41.34082,1,62.0
161545,News Roundup,38.2,News,54.96,Sunday,Afternoon,85.13,1.0,Positive,30.99856,1,60.0
163620,News Roundup,94.39,News,61.37,Sunday,Afternoon,55.38,1.0,Positive,62.79072,1,46.0
168294,News Roundup,16.98,News,47.63,Sunday,Afternoon,21.38,1.0,Negative,15.00058,1,62.0
168303,News Roundup,92.19,News,59.6,Sunday,Afternoon,38.15,2.0,Positive,63.62529,1,69.0
169725,News Roundup,73.09,News,91.47,Sunday,Afternoon,96.6,1.0,Neutral,56.76849,1,48.0
172529,News Roundup,10.47,News,65.59,Sunday,Afternoon,94.97,1.0,Neutral,6.01598,1,35.0
172604,News Roundup,27.65,News,85.81,Sunday,Afternoon,0.0,2.0,Positive,23.2634,1,51.0
175337,News Roundup,52.67,News,75.48,Sunday,Afternoon,52.55,2.0,Negative,42.75,1,99.0
183577,News Roundup,60.218622158029554,News,87.89,Sunday,Afternoon,63.23,0.0,Neutral,84.75179,1,95.0
183782,News Roundup,98.07,News,78.48,Sunday,Afternoon,0.0,0.0,Negative,64.11811,1,69.0
188587,News Roundup,99.2,News,65.05,Sunday,Afternoon,0.0,1.0,Negative,89.47482,1,8.0
191746,News Roundup,28.76,News,35.88,Sunday,Afternoon,57.35,1.0,Positive,19.71,1,35.0
192443,News Roundup,77.59,News,36.37,Sunday,Afternoon,0.0,1.0,Negative,52.42777,1,15.0
194212,News Roundup,52.99,News,48.35,Sunday,Afternoon,95.04,0.0,Neutral,41.86482,1,85.0
194250,News Roundup,114.98,News,26.46,Sunday,Afternoon,0.0,3.0,Negative,92.73,1,81.0
201390,News Roundup,46.26,News,99.68,Sunday,Afternoon,69.39,0.0,Negative,43.56307,1,36.0
207398,News Roundup,23.88,News,34.45,Sunday,Afternoon,68.45,3.0,Neutral,10.97835,1,13.0
210862,News Roundup,19.32,News,99.65,Sunday,Afternoon,38.5,1.0,Positive,10.76664,1,27.0
212169,News Roundup,67.71,News,66.79,Sunday,Afternoon,90.09,2.0,Neutral,58.45999,1,12.0
212348,News Roundup,69.54,News,29.6,Sunday,Afternoon,34.07,0.0,Negative,59.36147,1,44.0
218273,News Roundup,118.59,News,99.14,Sunday,Afternoon,58.91,0.0,Negative,117.34,1,19.0
220486,News Roundup,14.63,News,79.96,Sunday,Afternoon,0.0,1.0,Neutral,10.03704,1,64.0
224977,News Roundup,19.74,News,98.4,Sunday,Afternoon,68.26,3.0,Negative,5.21,1,58.0
225520,News Roundup,90.52,News,86.3,Sunday,Afternoon,49.01,1.0,Negative,64.68772,1,10.0
227287,News Roundup,71.02,News,31.97,Sunday,Afternoon,23.91,3.0,Negative,43.56198,1,3.0
227769,News Roundup,29.27,News,71.19,Sunday,Afternoon,54.04,3.0,Negative,28.10121,1,67.0
231926,News Roundup,61.11,News,41.68,Sunday,Afternoon,41.04,3.0,Negative,58.55,1,49.0
233085,News Roundup,31.75,News,88.23,Sunday,Afternoon,92.95,0.0,Neutral,25.82687,1,22.0
234731,News Roundup,20.41,News,41.37,Sunday,Afternoon,44.53,0.0,Positive,17.59824,1,86.0
236958,News Roundup,78.76,News,59.16,Sunday,Afternoon,34.96,0.0,Positive,63.62529,1,79.0
237152,News Roundup,60.87,News,29.77,Sunday,Afternoon,67.62,0.0,Negative,41.48184,1,33.0
237741,News Roundup,110.35,News,57.18,Sunday,Afternoon,22.96,0.0,Negative,52.95629,1,40.0
239683,News Roundup,22.77,News,53.85,Sunday,Afternoon,66.89,3.0,Positive,16.47171,1,25.0
241474,News Roundup,63.31,News,80.04,Sunday,Afternoon,79.97,0.0,Negative,31.99382,1,18.0
241496,News Roundup,82.44,News,65.61,Sunday,Afternoon,18.87,0.0,Positive,46.11939,1,18.0
243575,News Roundup,23.12,News,76.94,Sunday,Afternoon,0.0,2.0,Positive,7.39297,1,13.0
244035,News Roundup,7.41,News,88.31,Sunday,Afternoon,71.51,1.0,Negative,0.0,1,83.0
244097,News Roundup,22.39,News,93.87,Sunday,Afternoon,85.42,1.0,Positive,17.41846,1,86.0
244776,News Roundup,30.17,News,79.64,Sunday,Afternoon,69.72,0.0,Negative,16.21165,1,19.0
249128,News Roundup,52.36,News,21.52,Sunday,Afternoon,58.51,3.0,Neutral,25.63312,1,84.0
250103,News Roundup,14.46,News,82.71,Sunday,Afternoon,88.39,2.0,Positive,5.1,1,3.0
251072,News Roundup,115.98,News,34.69,Sunday,Afternoon,0.0,1.0,Positive,94.31064,1,62.0
251193,News Roundup,56.77,News,88.63,Sunday,Afternoon,52.74,3.0,Negative,34.09,1,74.0
251627,News Roundup,26.04,News,58.12,Sunday,Afternoon,77.26,0.0,Negative,8.21,1,70.0
252245,News Roundup,85.12,News,27.85,Sunday,Afternoon,82.17,1.0,Negative,75.83852,1,89.0
254089,News Roundup,60.218622158029554,News,82.97,Sunday,Afternoon,68.11,0.0,Neutral,68.03345,1,41.0
259567,News Roundup,77.84,News,55.85,Sunday,Afternoon,58.95,1.0,Negative,54.31192,1,52.0
259999,News Roundup,6.74,News,58.69,Sunday,Afternoon,0.0,1.0,Negative,0.0,1,42.0
260264,News Roundup,116.14,News,38.66,Sunday,Afternoon,71.29,3.0,Negative,103.28834,1,55.0
261819,News Roundup,76.07,News,54.0,Sunday,Afternoon,0.0,2.0,Negative,48.96931,1,72.0
261877,News Roundup,60.218622158029554,News,33.41,Sunday,Afternoon,0.0,0.0,Positive,56.48573,1,64.0
262133,News Roundup,43.8,News,25.37,Sunday,Afternoon,65.69,0.0,Negative,40.18112,1,81.0
262682,News Roundup,8.54,News,27.08,Sunday,Afternoon,0.0,3.0,Positive,6.48,1,23.0
265285,News Roundup,107.62,News,68.43,Sunday,Afternoon,84.96,0.0,Positive,98.32442,1,73.0
266790,News Roundup,60.218622158029554,News,47.25,Sunday,Afternoon,0.0,1.0,Neutral,24.42249,1,95.0
267818,News Roundup,78.29,News,70.72,Sunday,Afternoon,16.54,1.0,Neutral,55.17513,1,58.0
271834,News Roundup,67.22,News,68.39,Sunday,Afternoon,23.66,0.0,Positive,38.00792,1,34.0
272291,News Roundup,113.26,News,25.82,Sunday,Afternoon,96.6,2.0,Negative,112.76,1,6.0
272579,News Roundup,22.19,News,69.94,Sunday,Afternoon,57.91,0.0,Negative,8.46862,1,83.0
272858,News Roundup,25.31,News,32.21,Sunday,Afternoon,6.88,0.0,Neutral,18.86713,1,91.0
277558,News Roundup,60.218622158029554,News,73.7,Sunday,Afternoon,25.93,0.0,Neutral,14.18538,1,41.0
279006,News Roundup,60.218622158029554,News,45.53,Sunday,Afternoon,0.0,1.0,Negative,58.13574,1,46.0
284032,News Roundup,60.218622158029554,News,44.26,Sunday,Afternoon,34.96,1.0,Negative,41.69784,1,40.0
286386,News Roundup,69.08,News,89.62,Sunday,Afternoon,58.19,2.0,Positive,48.96818,1,89.0
292382,News Roundup,23.79,News,33.03,Sunday,Afternoon,44.54,3.0,Neutral,13.66508,1,11.0
293158,News Roundup,105.47,News,45.65,Sunday,Afternoon,17.76,1.0,Neutral,65.1925,1,91.0
295383,News Roundup,60.218622158029554,News,76.99,Sunday,Afternoon,0.0,0.0,Positive,7.04769,1,46.0
299282,News Roundup,45.85,News,41.46,Sunday,Afternoon,0.0,2.0,Negative,27.12691,1,55.0
301340,News Roundup,100.27,News,46.91,Sunday,Afternoon,9.09,2.0,Negative,59.79841,1,46.0
305452,News Roundup,84.6,News,33.35,Sunday,Afternoon,11.29,0.0,Neutral,55.41584,1,64.0
308792,News Roundup,80.05,News,48.97,Sunday,Afternoon,66.55,0.0,Neutral,61.06005,1,10.0
315124,News Roundup,53.94,News,57.77,Sunday,Afternoon,17.72,0.0,Positive,33.66784,1,23.0
316405,News Roundup,58.4,News,80.72,Sunday,Afternoon,96.8,3.0,Neutral,43.21196,1,34.0
319356,News Roundup,59.77,News,68.76,Sunday,Afternoon,22.03,1.0,Neutral,55.54832,1,44.0
321197,News Roundup,111.15,News,44.9,Sunday,Afternoon,9.22,0.0,Negative,79.02904,1,79.0
321649,News Roundup,44.0,News,64.5,Sunday,Afternoon,23.66,0.0,Positive,38.00792,1,34.0
323795,News Roundup,103.13,News,53.24,Sunday,Afternoon,61.79,0.0,Neutral,59.14574,1,25.0
325268,News Roundup,60.218622158029554,News,55.85,Sunday,Afternoon,29.96,1.0,Negative,10.15267,1,91.0
328295,News Roundup,72.42,News,79.45,Sunday,Afternoon,99.45,0.0,Neutral,57.90958,1,87.0
330220,News Roundup,95.06,News,65.7,Sunday,Afternoon,0.0,1.0,Negative,89.47482,1,43.0
331808,News Roundup,95.36,News,62.07,Sunday,Afternoon,63.08,1.0,Positive,45.24523,1,50.0
332389,News Roundup,107.6,News,56.45,Sunday,Afternoon,96.84,3.0,Negative,44.76328,1,54.0
333254,News Roundup,38.2,News,54.96,Sunday,Afternoon,85.13,0.0,Positive,30.99856,1,60.0
346524,News Roundup,29.69,News,84.13,Sunday,Afternoon,5.24,0.0,Neutral,24.58152,1,93.0
347281,News Roundup,105.29,News,83.31,Sunday,Afternoon,93.27,3.0,Neutral,74.5771,1,99.0
347910,News Roundup,6.73,News,67.19,Sunday,Afternoon,0.0,3.0,Negative,0.0,1,42.0
348731,News Roundup,114.02,News,26.72,Sunday,Afternoon,0.0,1.0,Positive,102.59,1,79.0
352375,News Roundup,26.45,News,41.58,Sunday,Afternoon,54.75,1.0,Positive,13.31192,1,77.0
356455,News Roundup,114.02,News,25.09,Sunday,Afternoon,0.0,2.0,Positive,81.93929,1,47.0
357109,News Roundup,92.35,News,76.95,Sunday,Afternoon,0.0,1.0,Negative,57.38967,1,49.0
358023,News Roundup,109.99,News,87.37,Sunday,Afternoon,80.31,2.0,Positive,102.16833,1,84.0
358832,News Roundup,31.57,News,71.39,Sunday,Afternoon,64.07,0.0,Negative,12.96017,1,63.0
359892,News Roundup,39.2,News,26.44,Sunday,Afternoon,85.08,3.0,Positive,30.55535,1,11.0
366431,News Roundup,104.14,News,80.99,Sunday,Afternoon,51.31,0.0,Negative,81.23525,1,46.0
367045,News Roundup,10.14,News,36.72,Sunday,Afternoon,17.27,1.0,Neutral,6.01598,1,34.0
370870,News Roundup,26.51,News,26.79,Sunday,Afternoon,19.39,0.0,Neutral,17.82,1,12.0
380651,News Roundup,76.27,News,35.57,Sunday,Afternoon,52.26,0.0,Neutral,59.25671,1,11.0
381938,News Roundup,59.52,News,74.03,Sunday,Afternoon,42.69,0.0,Positive,36.71654,1,4.0
382457,News Roundup,31.54,News,96.64,Sunday,Afternoon,71.08,1.0,Neutral,12.37332,1,68.0
383123,News Roundup,102.58,News,87.89,Sunday,Afternoon,59.83,0.0,Neutral,84.75179,1,62.0
383190,News Roundup,31.57,News,71.35,Sunday,Afternoon,97.74,0.0,Negative,12.96017,1,31.0
384405,News Roundup,60.218622158029554,News,49.41,Sunday,Afternoon,70.89,0.0,Negative,67.73,1,69.0
384849,News Roundup,45.82,News,80.86,Sunday,Afternoon,21.36,3.0,Neutral,19.23,1,58.0
388720,News Roundup,105.89,News,59.8,Sunday,Afternoon,8.32,0.0,Positive,57.06338,1,35.0
393019,News Roundup,112.04,News,35.85,Sunday,Afternoon,10.14,3.0,Negative,52.67157,1,100.0
398625,News Roundup,23.89,News,65.16,Sunday,Afternoon,93.06,1.0,Neutral,11.88502,1,31.0
404066,News Roundup,87.6,News,31.38,Sunday,Afternoon,83.46,3.0,Positive,62.76996,1,61.0
405395,News Roundup,100.3,News,59.36,Sunday,Afternoon,0.0,1.0,Positive,87.02693,1,83.0
409842,News Roundup,93.96,News,57.64,Sunday,Afternoon,0.0,2.0,Positive,68.95346,1,72.0
413131,News Roundup,62.56,News,29.95,Sunday,Afternoon,53.79,1.0,Neutral,54.87914,1,21.0
415940,News Roundup,94.62,News,66.04,Sunday,Afternoon,0.0,0.0,Neutral,60.94161,1,19.0
417740,News Roundup,42.93,News,58.29,Sunday,Afternoon,93.0,2.0,Neutral,31.48283,1,35.0
417960,News Roundup,24.96,News,57.34,Sunday,Afternoon,57.05,2.0,Negative,16.21213,1,66.0
421058,News Roundup,32.57,News,68.79,Sunday,Afternoon,46.4,0.0,Neutral,13.62274,1,79.0
426413,News Roundup,15.94,News,64.85,Sunday,Afternoon,80.43,2.0,Positive,7.24272,1,62.0
428511,News Roundup,67.35,News,50.42,Sunday,Afternoon,6.83,2.0,Neutral,36.22863,1,88.0
428949,News Roundup,16.59,News,46.71,Sunday,Afternoon,83.28,1.0,Negative,15.00058,1,64.0
428955,News Roundup,92.21,News,54.18,Sunday,Afternoon,0.0,1.0,Negative,41.82479,1,91.0
430752,News Roundup,111.77,News,66.35,Sunday,Afternoon,0.0,1.0,Neutral,68.81088,1,3.0
431290,News Roundup,7.76,News,67.11,Sunday,Afternoon,27.98,3.0,Negative,0.9825,1,42.0
431325,News Roundup,51.04,News,51.09,Sunday,Afternoon,0.0,1.0,Positive,40.38262,1,56.0
433384,News Roundup,60.218622158029554,News,24.5,Sunday,Afternoon,24.91,0.0,Negative,59.1922,1,7.0
434706,News Roundup,23.02,News,34.93,Sunday,Afternoon,60.83,0.0,Negative,19.10589,1,90.0
437560,News Roundup,34.94,News,55.26,Sunday,Afternoon,49.27,1.0,Negative,29.6528,1,53.0
437838,News Roundup,6.69,News,42.27,Sunday,Afternoon,82.86,2.0,Negative,0.0,1,2.0
438138,News Roundup,80.0,News,78.79,Sunday,Afternoon,83.87,3.0,Positive,37.16729,1,38.0
446102,News Roundup,104.15,News,53.24,Sunday,Afternoon,82.42,0.0,Neutral,59.14574,1,25.0
446852,News Roundup,60.18,News,65.22,Sunday,Afternoon,14.18,1.0,Neutral,33.59972,1,82.0
447749,News Roundup,53.32,News,76.79,Sunday,Afternoon,46.27,0.0,Positive,41.34082,1,62.0
450731,News Roundup,115.58,News,69.79,Sunday,Afternoon,55.12,0.0,Neutral,98.32442,1,64.0
452619,News Roundup,27.12,News,44.45,Sunday,Afternoon,67.61,0.0,Positive,18.14786,1,28.0
454152,News Roundup,13.13,News,88.57,Sunday,Afternoon,48.66,3.0,Neutral,2.87383,1,96.0
455227,News Roundup,48.76,News,95.22,Sunday,Afternoon,0.0,2.0,Negative,31.66371,1,74.0
458489,News Roundup,110.33,News,50.18,Sunday,Afternoon,90.28,0.0,Neutral,105.77918,1,88.0
459450,News Roundup,60.218622158029554,News,53.24,Sunday,Afternoon,82.39,0.0,Neutral,59.14574,1,25.0
462169,News Roundup,34.35,News,31.16,Sunday,Afternoon,9.0,3.0,Neutral,9.12487,1,30.0
464420,News Roundup,57.99,News,82.95,Sunday,Afternoon,63.08,3.0,Positive,30.47,1,61.0
469893,News Roundup,23.82,News,94.54,Sunday,Afternoon,93.4,2.0,Negative,11.15,1,9.0
472279,News Roundup,44.07,News,64.5,Sunday,Afternoon,86.82,0.0,Positive,38.00792,1,34.0
473608,News Roundup,110.55,News,34.46,Sunday,Afternoon,86.8,2.0,Neutral,95.89012,1,5.0
474069,News Roundup,62.1,News,33.41,Sunday,Afternoon,41.77,3.0,Neutral,40.29562,1,88.0
476334,News Roundup,99.41,News,56.52,Sunday,Afternoon,23.16,0.0,Neutral,84.54114,1,35.0
477054,News Roundup,44.29,News,44.81,Sunday,Afternoon,89.59,1.0,Negative,27.64282,1,87.0
485316,News Roundup,53.61,News,48.94,Sunday,Afternoon,45.06,3.0,Negative,46.35645,1,45.0
485638,News Roundup,72.31,News,83.16,Sunday,Afternoon,0.0,0.0,Neutral,59.68424,1,29.0
491273,News Roundup,83.03,News,68.7,Sunday,Afternoon,52.66,1.0,Neutral,51.58486,1,64.0
491575,News Roundup,60.218622158029554,News,51.62,Sunday,Afternoon,48.6,1.0,Positive,20.72,1,7.0
495614,News Roundup,49.73,News,88.29,Sunday,Afternoon,57.2,3.0,Neutral,41.03801,1,75.0
496386,News Roundup,83.42,News,38.39,Sunday,Afternoon,59.73,0.0,Negative,73.84631,1,52.0
497262,News Roundup,9.64,News,31.91,Sunday,Afternoon,86.33,0.0,Negative,3.23094,1,82.0
499919,News Roundup,12.02,News,29.53,Sunday,Afternoon,70.52,2.0,Neutral,5.63423,1,74.0
500652,News Roundup,67.69,News,58.82,Sunday,Afternoon,0.0,2.0,Negative,45.96147,1,43.0
501068,News Roundup,112.42,News,71.32,Sunday,Afternoon,26.81,2.0,Neutral,45.18273,1,58.0
503829,News Roundup,44.73,News,64.4,Sunday,Afternoon,72.91,0.0,Negative,29.61989,1,97.0
504520,News Roundup,105.01,News,88.74,Sunday,Afternoon,1.3,0.0,Positive,65.71956,1,9.0
505945,News Roundup,92.25,News,80.75,Sunday,Afternoon,0.0,2.0,Positive,76.07883,1,64.0
509714,News Roundup,18.14,News,67.38,Sunday,Afternoon,42.45,1.0,Neutral,16.75562,1,76.0
509787,News Roundup,33.24,News,36.27,Sunday,Afternoon,88.51,0.0,Neutral,12.86816,1,68.0
512755,News Roundup,44.02,News,84.12,Sunday,Afternoon,98.84,3.0,Negative,21.43286,1,69.0
513615,News Roundup,60.218622158029554,News,23.59,Sunday,Afternoon,0.0,2.0,Neutral,8.13765,1,54.0
519221,News Roundup,113.14,News,25.35,Sunday,Afternoon,78.84,0.0,Neutral,89.90692,1,98.0
519777,News Roundup,30.96,News,35.8,Sunday,Afternoon,67.94,0.0,Neutral,13.75,1,94.0
519872,News Roundup,119.63,News,86.65,Sunday,Afternoon,13.63,2.0,Positive,87.03411,1,97.0
520545,News Roundup,80.85,News,48.12,Sunday,Afternoon,66.25,0.0,Neutral,61.06005,1,35.0
522743,News Roundup,61.25,News,35.18,Sunday,Afternoon,89.94,0.0,Positive,54.35509,1,22.0
522857,News Roundup,58.56,News,31.56,Sunday,Afternoon,1.18,0.0,Neutral,36.09203,1,9.0
524196,News Roundup,60.218622158029554,News,66.9,Sunday,Afternoon,38.55,3.0,Positive,40.14281,1,27.0
526029,News Roundup,93.54,News,61.54,Sunday,Afternoon,69.86,1.0,Negative,53.46332,1,78.0
526883,News Roundup,85.51,News,51.73,Sunday,Afternoon,11.41,2.0,Positive,54.02382,1,64.0
532922,News Roundup,7.41,News,58.44,Sunday,Afternoon,71.38,2.0,Negative,7.28119,1,72.0
537062,News Roundup,103.43,News,84.79,Sunday,Afternoon,34.37,1.0,Positive,103.43996,1,61.0
539093,News Roundup,85.51,News,47.73,Sunday,Afternoon,11.55,0.0,Positive,54.02382,1,43.0
541483,News Roundup,77.87,News,35.26,Sunday,Afternoon,61.92,2.0,Positive,68.85751,1,28.0
546637,News Roundup,75.12,News,94.59,Sunday,Afternoon,0.0,2.0,Neutral,57.27667,1,31.0
547355,News Roundup,59.53,News,39.47,Sunday,Afternoon,0.0,1.0,Neutral,50.10465,1,21.0
549457,News Roundup,40.29,News,27.75,Sunday,Afternoon,0.0,0.0,Positive,18.75557,1,23.0
551728,News Roundup,34.31,News,65.36,Sunday,Afternoon,49.18,2.0,Negative,18.31186,1,95.0
558773,News Roundup,44.02,News,43.99,Sunday,Afternoon,79.59,0.0,Positive,31.69524,1,42.0
559325,News Roundup,40.29,News,65.29,Sunday,Afternoon,66.68,2.0,Negative,22.77486,1,97.0
562004,News Roundup,115.65,News,62.5,Sunday,Afternoon,47.66,1.0,Positive,77.95,1,82.0
564038,News Roundup,88.11,News,58.09,Sunday,Afternoon,8.17,0.0,Negative,60.35569,1,71.0
564449,News Roundup,60.87,News,67.62,Sunday,Afternoon,67.99,0.0,Negative,41.48184,1,33.0
565242,News Roundup,52.48,News,87.65,Sunday,Afternoon,22.02,0.0,Negative,43.88887,1,10.0
566162,News Roundup,24.3,News,91.75,Sunday,Afternoon,93.37,3.0,Negative,13.82293,1,44.0
566174,News Roundup,115.51,News,88.1,Sunday,Afternoon,89.58,1.0,Negative,84.8315,1,67.0
567131,News Roundup,7.38,News,33.58,Sunday,Afternoon,13.77,1.0,Neutral,4.28269,1,96.0
568563,News Roundup,16.99,News,83.98,Sunday,Afternoon,47.12,0.0,Negative,8.75,1,64.0
569607,News Roundup,60.218622158029554,News,79.14,Sunday,Afternoon,0.0,1.0,Negative,45.87107,1,18.0
570940,News Roundup,60.218622158029554,News,39.3,Sunday,Afternoon,0.0,1.0,Positive,81.56434,1,10.0
580450,News Roundup,110.27,News,37.42,Sunday,Afternoon,1.95,0.0,Neutral,106.01261,1,6.0
585435,News Roundup,8.35,News,26.27,Sunday,Afternoon,46.96,3.0,Negative,5.57259,1,60.0
587247,News Roundup,118.3,News,72.97,Sunday,Afternoon,19.86,0.0,Negative,60.72478,1,87.0
588111,News Roundup,53.08,News,54.21,Sunday,Afternoon,28.88,0.0,Neutral,42.27885,1,79.0
593656,News Roundup,12.36,News,68.71,Sunday,Afternoon,0.0,1.0,Neutral,6.01598,1,34.0
593813,News Roundup,97.74,News,59.26,Sunday,Afternoon,34.75,0.0,Positive,63.62529,1,54.0
595420,News Roundup,20.77,News,67.19,Sunday,Afternoon,97.29,2.0,Neutral,8.5,1,79.0
596248,News Roundup,12.15,News,65.59,Sunday,Afternoon,1.03,2.0,Neutral,6.01598,1,36.0
597139,News Roundup,118.67,News,69.44,Sunday,Afternoon,95.85,3.0,Positive,117.34,1,99.0
602984,News Roundup,60.218622158029554,News,98.03,Sunday,Afternoon,0.0,3.0,Negative,58.70953,1,21.0
603882,News Roundup,14.84,News,29.45,Sunday,Afternoon,31.02,3.0,Negative,5.75109,1,22.0
606029,News Roundup,29.65,News,81.75,Sunday,Afternoon,99.7,0.0,Positive,25.26885,1,23.0
611567,News Roundup,68.5,News,98.44,Sunday,Afternoon,96.43,3.0,Negative,49.31869,1,85.0
612186,News Roundup,60.218622158029554,News,86.7,Sunday,Afternoon,69.49,1.0,Positive,5.46,1,74.0
612546,News Roundup,60.218622158029554,News,53.7,Sunday,Afternoon,25.72,0.0,Neutral,14.18538,1,79.0
614283,News Roundup,60.218622158029554,News,51.52,Sunday,Afternoon,14.19,3.0,Positive,34.50229,1,100.0
621016,News Roundup,108.87,News,21.94,Sunday,Afternoon,64.87,1.0,Neutral,92.5813,1,34.0
621080,News Roundup,11.24,News,27.93,Sunday,Afternoon,0.0,0.0,Neutral,6.08315,1,97.0
628216,News Roundup,115.51,News,88.55,Sunday,Afternoon,89.73,1.0,Negative,84.8315,1,67.0
629433,News Roundup,72.73,News,49.58,Sunday,Afternoon,85.6,0.0,Positive,57.41754,1,39.0
631894,News Roundup,92.96,News,87.14,Sunday,Afternoon,87.07,1.0,Positive,92.10134,1,19.0
638082,News Roundup,63.96,News,75.55,Sunday,Afternoon,7.76,0.0,Positive,52.7153,1,40.0
638288,News Roundup,115.68,News,26.92,Sunday,Afternoon,0.0,3.0,Positive,88.21,1,27.0
646776,News Roundup,36.23,News,64.47,Sunday,Afternoon,0.0,2.0,Negative,28.28285,1,48.0
647346,News Roundup,14.07,News,82.21,Sunday,Afternoon,71.23,2.0,Negative,5.1,1,81.0
648266,News Roundup,6.61,News,56.71,Sunday,Afternoon,36.82,1.0,Neutral,1.07336,1,15.0
648513,News Roundup,77.53,News,52.71,Sunday,Afternoon,52.6,2.0,Positive,63.04579,1,67.0
648570,News Roundup,105.61,News,56.68,Sunday,Afternoon,71.37,0.0,Neutral,61.61816,1,21.0
653916,News Roundup,78.53,News,54.96,Sunday,Afternoon,85.13,1.0,Positive,30.99856,1,60.0
660574,News Roundup,107.11,News,67.87,Sunday,Afternoon,0.0,2.0,Negative,88.24901,1,47.0
660795,News Roundup,69.52,News,64.56,Sunday,Afternoon,54.71,3.0,Negative,32.36117,1,64.0
668513,News Roundup,95.7,News,59.6,Sunday,Afternoon,34.96,0.0,Positive,63.62529,1,69.0
674043,News Roundup,84.21,News,34.85,Sunday,Afternoon,69.81,0.0,Neutral,56.83046,1,2.0
677675,News Roundup,93.45,News,89.21,Sunday,Afternoon,35.13,1.0,Neutral,67.38855,1,39.0
678275,News Roundup,46.00059616,News,26.96,Sunday,Afternoon,0.0,0.0,Negative,46.0,1,18.0
678836,News Roundup,15.13,News,47.08,Sunday,Afternoon,49.96,2.0,Neutral,10.68663,1,49.0
679787,News Roundup,44.89,News,33.82,Sunday,Afternoon,86.2,1.0,Positive,21.57779,1,62.0
682238,News Roundup,63.31,News,65.8,Sunday,Afternoon,39.72,0.0,Neutral,31.99382,1,8.0
683972,News Roundup,28.46,News,27.55,Sunday,Afternoon,17.61,2.0,Neutral,16.49698,1,64.0
685988,News Roundup,11.73,News,79.26,Sunday,Afternoon,72.57,3.0,Negative,4.32702,1,8.0
688594,News Roundup,103.56,News,77.15,Sunday,Afternoon,84.66,3.0,Positive,89.55608,1,5.0
689128,News Roundup,9.41,News,36.63,Sunday,Afternoon,17.41,1.0,Negative,0.0,1,27.0
689695,News Roundup,76.53,News,54.96,Sunday,Afternoon,85.13,0.0,Positive,30.99856,1,60.0
689919,News Roundup,39.48,News,63.39,Sunday,Afternoon,71.33,1.0,Negative,16.29,1,64.0
690498,News Roundup,30.4,News,58.11,Sunday,Afternoon,0.0,3.0,Negative,8.21,1,71.0
691097,News Roundup,72.18,News,84.9,Sunday,Afternoon,23.23,0.0,Neutral,62.92749,1,68.0
691972,News Roundup,68.61,News,95.35,Sunday,Afternoon,16.44,0.0,Negative,46.99398,1,36.0
704199,News Roundup,53.04,News,65.31,Sunday,Afternoon,89.03,1.0,Neutral,31.99382,1,34.0
705334,News Roundup,87.58,News,24.9,Sunday,Afternoon,98.82,3.0,Negative,46.13325,1,59.0
708157,News Roundup,92.69,News,33.64,Sunday,Afternoon,70.89,2.0,Negative,46.6515,1,3.0
710135,News Roundup,56.95,News,87.61,Sunday,Afternoon,64.82,3.0,Positive,34.77269,1,30.0
712381,News Roundup,23.74,News,31.84,Sunday,Afternoon,29.37,1.0,Positive,20.48,1,30.0
713305,News Roundup,7.15,News,50.6,Sunday,Afternoon,0.0,1.0,Negative,0.0,1,38.0
715811,News Roundup,33.4,News,69.99,Sunday,Afternoon,18.03,3.0,Positive,19.19,1,12.0
721846,News Roundup,83.73,News,43.73,Sunday,Afternoon,82.47,3.0,Negative,49.37399,1,93.0
721869,News Roundup,31.37,News,62.96,Sunday,Afternoon,0.0,0.0,Negative,10.16,1,29.0
722304,News Roundup,82.16,News,76.1,Sunday,Afternoon,47.25,1.0,Positive,45.94609,1,68.0
722817,News Roundup,63.13,News,53.31,Sunday,Afternoon,67.34,0.0,Neutral,59.14574,1,25.0
723123,News Roundup,82.49,News,82.09,Sunday,Afternoon,90.55,1.0,Negative,60.07959,1,34.0
724158,News Roundup,63.5,News,59.4,Sunday,Afternoon,50.61,3.0,Negative,38.05537,1,59.0
725040,News Roundup,83.96,News,81.21,Sunday,Afternoon,59.17,0.0,Neutral,66.65158,1,20.0
731435,News Roundup,63.31,News,91.32,Sunday,Afternoon,79.73,0.0,Neutral,31.99382,1,66.0
732735,News Roundup,67.32,News,69.61,Sunday,Afternoon,0.0,0.0,Positive,43.45587,1,22.0
735589,News Roundup,60.218622158029554,News,70.77,Sunday,Afternoon,0.0,0.0,Positive,8.04998,1,90.0
736646,News Roundup,76.04,News,75.51,Sunday,Afternoon,45.54,3.0,Negative,46.70562,1,45.0
739308,News Roundup,116.38,News,97.43,Sunday,Afternoon,15.32,3.0,Neutral,88.83401,1,97.0
740474,News Roundup,16.02,News,46.22,Sunday,Afternoon,83.58,1.0,Negative,15.00058,1,32.0
740639,News Roundup,60.87,News,93.99,Sunday,Afternoon,67.62,0.0,Negative,41.48184,1,33.0
740665,News Roundup,53.32,News,76.28,Sunday,Afternoon,46.27,0.0,Positive,41.34082,1,62.0
742135,News Roundup,105.39,News,80.32,Sunday,Afternoon,41.3,2.0,Neutral,67.05827,1,87.0
744159,News Roundup,60.218622158029554,News,71.14,Sunday,Afternoon,89.31,1.0,Positive,16.31,1,72.0
746148,News Roundup,30.72,News,47.17,Sunday,Afternoon,76.68,2.0,Positive,21.47669,1,71.0
747907,News Roundup,60.218622158029554,News,73.72,Sunday,Afternoon,35.47,0.0,Neutral,14.18538,1,40.0
750681,News Roundup,12.17,News,65.04,Sunday,Afternoon,34.06,1.0,Neutral,,0,35.0
751025,News Roundup,106.0,News,94.04,Sunday,Afternoon,19.37,0.0,Neutral,,0,27.0
754482,News Roundup,108.29,News,21.99,Sunday,Afternoon,80.22,0.0,Positive,,0,85.0
758296,News Roundup,83.67,News,74.42,Sunday,Afternoon,79.39,3.0,Positive,,0,57.0
765029,News Roundup,94.92,News,87.89,Sunday,Afternoon,63.74,0.0,Neutral,,0,27.0
766271,News Roundup,8.12,News,76.45,Sunday,Afternoon,60.54,2.0,Neutral,,0,27.0
771081,News Roundup,61.6,News,51.63,Sunday,Afternoon,93.57,3.0,Negative,,0,3.0
774158,News Roundup,67.83,News,72.56,Sunday,Afternoon,0.0,1.0,Negative,,0,94.0
782039,News Roundup,31.57,News,94.48,Sunday,Afternoon,72.89,0.0,Positive,,0,66.0
782556,News Roundup,53.85,News,76.3,Sunday,Afternoon,46.27,0.0,Positive,,0,62.0
785701,News Roundup,41.14,News,98.39,Sunday,Afternoon,89.52,0.0,Neutral,,0,65.0
785838,News Roundup,111.11,News,65.07,Sunday,Afternoon,83.87,0.0,Positive,,0,68.0
786748,News Roundup,119.9,News,63.86,Sunday,Afternoon,23.51,0.0,Neutral,,0,76.0
787096,News Roundup,38.51,News,64.26,Sunday,Afternoon,97.68,3.0,Neutral,,0,92.0
789878,News Roundup,60.87,News,59.35,Sunday,Afternoon,67.33,0.0,Negative,,0,33.0
790969,News Roundup,60.218622158029554,News,97.62,Sunday,Afternoon,88.24,0.0,Negative,,0,29.0
792963,News Roundup,29.27,News,71.85,Sunday,Afternoon,0.0,0.0,Positive,,0,65.0
793460,News Roundup,27.43,News,83.75,Sunday,Afternoon,71.45,3.0,Negative,,0,93.0
798037,News Roundup,22.29,News,55.25,Sunday,Afternoon,96.68,0.0,Negative,,0,90.0
802493,News Roundup,93.45,News,54.71,Sunday,Afternoon,45.09,3.0,Positive,,0,7.0
803031,News Roundup,12.34,News,50.81,Sunday,Afternoon,0.0,3.0,Negative,,0,100.0
807991,News Roundup,20.66,News,26.97,Sunday,Afternoon,2.78,1.0,Neutral,,0,65.0
808072,News Roundup,47.69,News,73.4,Sunday,Afternoon,98.78,1.0,Positive,,0,56.0
808365,News Roundup,31.36,News,23.49,Sunday,Afternoon,0.0,0.0,Positive,,0,36.0
810223,News Roundup,94.2,News,80.27,Sunday,Afternoon,50.16,3.0,Neutral,,0,83.0
810245,News Roundup,52.01,News,97.77,Sunday,Afternoon,29.37,1.0,Negative,,0,29.0
814140,News Roundup,97.95,News,65.07,Sunday,Afternoon,45.71,0.0,Positive,,0,2.0
815740,News Roundup,42.42,News,81.42,Sunday,Afternoon,97.72,1.0,Negative,,0,39.0
816829,News Roundup,91.42,News,47.36,Sunday,Afternoon,0.0,1.0,Positive,,0,66.0
823035,News Roundup,68.13,News,39.06,Sunday,Afternoon,6.14,3.0,Negative,,0,33.0
825404,News Roundup,36.21,News,51.47,Sunday,Afternoon,0.0,1.0,Positive,,0,6.0
826609,News Roundup,34.68,News,92.8,Sunday,Afternoon,62.03,3.0,Negative,,0,64.0
828225,News Roundup,60.218622158029554,News,73.67,Sunday,Afternoon,35.47,0.0,Neutral,,0,41.0
828480,News Roundup,83.66,News,72.18,Sunday,Afternoon,89.55,3.0,Positive,,0,8.0
828774,News Roundup,106.76,News,37.13,Sunday,Afternoon,34.08,0.0,Neutral,,0,42.0
832344,News Roundup,108.86,News,57.23,Sunday,Afternoon,46.22,1.0,Negative,,0,37.0
836603,News Roundup,15.45,News,51.21,Sunday,Afternoon,96.74,2.0,Positive,,0,27.0
838697,News Roundup,19.68,News,34.75,Sunday,Afternoon,58.86,1.0,Negative,,0,98.0
839789,News Roundup,58.1,News,70.72,Sunday,Afternoon,52.84,0.0,Negative,,0,85.0
840514,News Roundup,75.53,News,38.76,Sunday,Afternoon,67.84,3.0,Neutral,,0,43.0
850689,News Roundup,83.31,News,30.8,Sunday,Afternoon,0.0,2.0,Negative,,0,28.0
851450,News Roundup,40.62,News,59.43,Sunday,Afternoon,78.47,1.0,Neutral,,0,14.0
854025,News Roundup,80.73,News,48.97,Sunday,Afternoon,34.55,0.0,Negative,,0,35.0
855796,News Roundup,18.23,News,46.07,Sunday,Afternoon,18.04,0.0,Negative,,0,61.0
858758,News Roundup,63.01,News,53.24,Sunday,Afternoon,82.35,0.0,Neutral,,0,25.0
861881,News Roundup,60.218622158029554,News,61.05,Sunday,Afternoon,81.13,0.0,Neutral,,0,44.0
862003,News Roundup,52.27,News,35.35,Sunday,Afternoon,0.0,1.0,Neutral,,0,47.0
862245,News Roundup,9.67,News,49.43,Sunday,Afternoon,53.65,2.0,Neutral,,0,81.0
863848,News Roundup,31.18,News,81.18,Sunday,Afternoon,53.72,1.0,Positive,,0,85.0
866045,News Roundup,34.11,News,24.44,Sunday,Afternoon,0.0,3.0,Neutral,,0,90.0
866143,News Roundup,107.2,News,57.83,Sunday,Afternoon,89.71,0.0,Neutral,,0,95.0
867629,News Roundup,29.49,News,26.23,Sunday,Afternoon,13.73,0.0,Negative,,0,83.0
868901,News Roundup,56.71,News,54.29,Sunday,Afternoon,86.65,2.0,Neutral,,0,27.0
870252,News Roundup,29.27,News,60.21,Sunday,Afternoon,94.66,1.0,Negative,,0,26.0
870582,News Roundup,77.92,News,37.17,Sunday,Afternoon,88.18,3.0,Neutral,,0,99.0
870954,News Roundup,60.218622158029554,News,66.16,Sunday,Afternoon,24.65,1.0,Positive,,0,34.0
871589,News Roundup,60.218622158029554,News,58.98,Sunday,Afternoon,89.16,0.0,Positive,,0,60.0
875614,News Roundup,14.46,News,71.98,Sunday,Afternoon,49.76,3.0,Neutral,,0,90.0
878523,News Roundup,116.98,News,59.56,Sunday,Afternoon,16.35,2.0,Neutral,,0,14.0
878644,News Roundup,55.97,News,94.72,Sunday,Afternoon,99.1,1.0,Neutral,,0,64.0
878661,News Roundup,28.65,News,35.88,Sunday,Afternoon,97.4,1.0,Positive,,0,42.0
878927,News Roundup,83.32,News,22.66,Sunday,Afternoon,0.0,3.0,Negative,,0,91.0
879446,News Roundup,99.79,News,92.47,Sunday,Afternoon,46.81,0.0,Neutral,,0,94.0
880163,News Roundup,105.82,News,21.55,Sunday,Afternoon,82.71,2.0,Neutral,,0,73.0
880599,News Roundup,59.36,News,42.23,Sunday,Afternoon,88.42,0.0,Neutral,,0,46.0
881790,News Roundup,49.03,News,45.3,Sunday,Afternoon,4.59,3.0,Negative,,0,49.0
885523,News Roundup,112.15,News,33.14,Sunday,Afternoon,42.99,3.0,Positive,,0,91.0
891059,News Roundup,78.44,News,58.2,Sunday,Afternoon,48.16,0.0,Negative,,0,2.0
894124,News Roundup,86.43,News,81.55,Sunday,Afternoon,7.9,3.0,Negative,,0,64.0
897790,News Roundup,60.218622158029554,News,82.93,Sunday,Afternoon,24.64,1.0,Positive,,0,99.0
901970,News Roundup,80.52,News,48.96,Sunday,Afternoon,66.25,0.0,Neutral,,0,35.0
901989,News Roundup,26.69,News,53.98,Sunday,Afternoon,1.46,1.0,Negative,,0,23.0
904067,News Roundup,60.218622158029554,News,22.89,Sunday,Afternoon,0.0,0.0,Positive,,0,44.0
904249,News Roundup,80.55,News,88.4,Sunday,Afternoon,0.0,2.0,Positive,,0,81.0
908916,News Roundup,102.51,News,33.15,Sunday,Afternoon,8.82,0.0,Neutral,,0,82.0
909777,News Roundup,19.05,News,68.79,Sunday,Afternoon,33.14,0.0,Neutral,,0,27.0
914231,News Roundup,60.218622158029554,News,73.69,Sunday,Afternoon,0.0,0.0,Neutral,,0,67.0
914807,News Roundup,25.52,News,30.42,Sunday,Afternoon,70.68,0.0,Negative,,0,24.0
916947,News Roundup,39.37,News,30.95,Sunday,Afternoon,86.29,1.0,Positive,,0,51.0
919685,News Roundup,48.24,News,46.21,Sunday,Afternoon,0.0,3.0,Positive,,0,56.0
921459,News Roundup,108.04,News,31.07,Sunday,Afternoon,0.0,2.0,Positive,,0,50.0
923964,News Roundup,60.218622158029554,News,21.87,Sunday,Afternoon,0.0,2.0,Negative,,0,10.0
926705,News Roundup,49.81,News,50.28,Sunday,Afternoon,0.0,3.0,Positive,,0,19.0
927115,News Roundup,13.51,News,29.24,Sunday,Afternoon,98.1,2.0,Negative,,0,71.0
927164,News Roundup,53.63,News,27.66,Sunday,Afternoon,7.2,2.0,Neutral,,0,24.0
931500,News Roundup,9.99,News,57.05,Sunday,Afternoon,31.02,1.0,Negative,,0,21.0
932131,News Roundup,101.4,News,91.69,Sunday,Afternoon,6.54,0.0,Positive,,0,56.0
932138,News Roundup,60.87,News,61.93,Sunday,Afternoon,67.33,0.0,Negative,,0,33.0
939672,News Roundup,11.4,News,41.4,Sunday,Afternoon,43.9,3.0,Positive,,0,72.0
941739,News Roundup,61.25,News,35.13,Sunday,Afternoon,39.92,0.0,Positive,,0,50.0
941883,News Roundup,35.73,News,43.17,Sunday,Afternoon,18.15,1.0,Positive,,0,38.0
948572,News Roundup,103.13,News,53.31,Sunday,Afternoon,67.34,0.0,Neutral,,0,25.0
951459,News Roundup,90.29,News,63.16,Sunday,Afternoon,59.76,0.0,Neutral,,0,80.0
952793,News Roundup,7.56,News,68.43,Sunday,Afternoon,0.0,1.0,Neutral,,0,29.0
953751,News Roundup,60.218622158029554,News,97.01,Sunday,Afternoon,7.85,2.0,Positive,,0,81.0
954834,News Roundup,60.218622158029554,News,22.15,Sunday,Afternoon,97.7,1.0,Negative,,0,89.0
955459,News Roundup,101.56,News,73.69,Sunday,Afternoon,22.45,3.0,Negative,,0,17.0
959478,News Roundup,90.68,News,59.16,Sunday,Afternoon,34.51,0.0,Positive,,0,69.0
960539,News Roundup,69.15,News,59.78,Sunday,Afternoon,57.68,0.0,Negative,,0,14.0
960617,News Roundup,16.71,News,46.71,Sunday,Afternoon,83.23,1.0,Negative,,0,64.0
962335,News Roundup,60.218622158029554,News,33.77,Sunday,Afternoon,13.41,0.0,Neutral,,0,79.0
964591,News Roundup,70.01,News,32.7,Sunday,Afternoon,0.0,0.0,Negative,,0,40.0
965902,News Roundup,80.72,News,57.26,Sunday,Afternoon,70.62,0.0,Positive,,0,12.0
967405,News Roundup,44.88,News,56.3,Sunday,Afternoon,72.91,0.0,Negative,,0,97.0
968218,News Roundup,53.34,News,76.15,Sunday,Afternoon,46.27,0.0,Positive,,0,62.0
968934,News Roundup,77.0,News,55.63,Sunday,Afternoon,58.87,2.0,Negative,,0,61.0
972506,News Roundup,106.91,News,69.34,Sunday,Afternoon,76.33,0.0,Negative,,0,14.0
974737,News Roundup,102.67,News,27.39,Sunday,Afternoon,47.29,2.0,Negative,,0,44.0
977887,News Roundup,119.66,News,76.22,Sunday,Afternoon,49.68,0.0,Neutral,,0,77.0
978883,News Roundup,70.84,News,24.65,Sunday,Afternoon,80.81,1.0,Negative,,0,5.0
979716,News Roundup,90.08,News,59.16,Sunday,Afternoon,34.75,0.0,Positive,,0,69.0
983339,News Roundup,108.18,News,29.49,Sunday,Afternoon,0.0,3.0,Negative,,0,81.0
983700,News Roundup,48.27,News,62.31,Sunday,Afternoon,2.17,3.0,Neutral,,0,98.0
989206,News Roundup,38.98,News,35.39,Sunday,Afternoon,0.0,2.0,Neutral,,0,38.0
994330,News Roundup,111.33,News,24.33,Sunday,Afternoon,0.0,1.0,Positive,,0,36.0
997054,News Roundup,60.218622158029554,News,49.39,Sunday,Afternoon,38.5,3.0,Negative,,0,36.0
