id,Podcast_Name,Episode_Length_minutes,Genre,Host_Popularity_percentage,Publication_Day,Publication_Time,Guest_Popularity_percentage,Number_of_Ads,Episode_Sentiment,Listening_Time_minutes,is_train,Episode_Number
7,News Roundup,48.52,News,44.99,Thursday,Night,20.12,0.0,Positive,22.37517,1,44.0
4384,News Roundup,78.86,News,43.54,Thursday,Night,47.54,2.0,Neutral,52.74486,1,43.0
6694,News Roundup,88.73,News,35.25,Thursday,Night,0.0,1.0,Neutral,46.35401,1,48.0
9018,News Roundup,34.28,News,73.8,Thursday,Night,0.0,0.0,Negative,22.73778,1,79.0
10287,News Roundup,117.06,News,29.99,Thursday,Night,71.02,1.0,Negative,73.71447,1,63.0
15451,News Roundup,15.45,News,22.2,Thursday,Night,58.45,1.0,Neutral,12.90364,1,44.0
17498,News Roundup,84.49,News,54.98,Thursday,Night,26.14,0.0,Positive,65.02606,1,19.0
17551,News Roundup,35.92,News,25.7,Thursday,Night,96.54,3.0,Negative,27.06792,1,82.0
18013,News Roundup,105.01,News,54.19,Thursday,Night,0.0,1.0,Neutral,68.92454,1,13.0
19701,News Roundup,87.09,News,77.47,Thursday,Night,7.44,0.0,Neutral,60.39987,1,20.0
20915,News Roundup,51.81,News,88.23,Thursday,Night,74.05,2.0,Positive,25.87427,1,64.0
20928,News Roundup,82.76,News,25.7,Thursday,Night,0.0,1.0,Positive,46.35645,1,42.0
21496,News Roundup,99.74,News,99.06,Thursday,Night,22.27,1.0,Positive,75.2779,1,64.0
26443,News Roundup,97.31,News,53.1,Thursday,Night,69.4,1.0,Negative,85.41883,1,85.0
26613,News Roundup,17.14,News,60.25,Thursday,Night,90.97,1.0,Neutral,5.39958,1,23.0
29239,News Roundup,40.29,News,60.86,Thursday,Night,65.17,0.0,Positive,37.53785,1,71.0
29346,News Roundup,22.39,News,31.78,Thursday,Night,1.45,1.0,Positive,11.70773,1,61.0
30669,News Roundup,57.59,News,93.04,Thursday,Night,0.0,0.0,Positive,48.00457,1,28.0
33532,News Roundup,18.12,News,43.11,Thursday,Night,0.0,0.0,Negative,16.30165,1,98.0
33799,News Roundup,44.7,News,35.52,Thursday,Night,22.84,1.0,Negative,35.73612,1,30.0
34540,News Roundup,96.37,News,60.39,Thursday,Night,21.32,3.0,Neutral,44.25849,1,60.0
35050,News Roundup,31.57,News,63.77,Thursday,Night,7.68,2.0,Positive,24.22676,1,32.0
35691,News Roundup,38.03,News,47.45,Thursday,Night,79.52,3.0,Positive,30.64622,1,76.0
36211,News Roundup,112.33,News,38.26,Thursday,Night,65.0,1.0,Positive,54.32311,1,32.0
40400,News Roundup,58.17,News,98.48,Thursday,Night,88.31,0.0,Neutral,42.11306,1,65.0
47685,News Roundup,119.71,News,21.3,Thursday,Night,53.74,0.0,Positive,88.83288,1,79.0
51970,News Roundup,47.21,News,63.11,Thursday,Night,78.96,3.0,Negative,21.21747,1,83.0
55220,News Roundup,40.02,News,88.21,Thursday,Night,0.0,3.0,Neutral,24.16913,1,23.0
57579,News Roundup,80.98,News,66.88,Thursday,Night,0.0,2.0,Negative,52.78068,1,12.0
61050,News Roundup,31.7,News,70.51,Thursday,Night,42.51,0.0,Positive,26.46126,1,63.0
61102,News Roundup,29.48,News,50.08,Thursday,Night,0.0,1.0,Positive,11.76,1,4.0
62250,News Roundup,87.28,News,67.17,Thursday,Night,0.0,2.0,Neutral,48.066,1,37.0
62905,News Roundup,84.62,News,22.15,Thursday,Night,9.6,1.0,Neutral,56.10937,1,75.0
64230,News Roundup,104.66,News,63.02,Thursday,Night,64.07,3.0,Neutral,63.00267,1,57.0
69045,News Roundup,99.04,News,99.89,Thursday,Night,22.27,1.0,Positive,75.2779,1,64.0
69893,News Roundup,95.93,News,99.06,Thursday,Night,22.27,1.0,Positive,75.2779,1,27.0
70786,News Roundup,33.68,News,89.33,Thursday,Night,82.71,0.0,Negative,20.79,1,82.0
71437,News Roundup,99.53,News,84.31,Thursday,Night,86.42,1.0,Neutral,92.28082,1,84.0
71724,News Roundup,31.7,News,71.51,Thursday,Night,9.71,0.0,Positive,26.46126,1,63.0
72772,News Roundup,15.12,News,28.59,Thursday,Night,26.48,0.0,Positive,0.0,1,10.0
73054,News Roundup,56.13,News,52.83,Thursday,Night,97.76,2.0,Negative,44.23499,1,24.0
73483,News Roundup,26.57,News,94.63,Thursday,Night,30.36,2.0,Neutral,17.15,1,33.0
75314,News Roundup,43.84,News,59.51,Thursday,Night,0.0,1.0,Positive,38.45183,1,8.0
75366,News Roundup,22.18,News,52.76,Thursday,Night,79.83,3.0,Positive,5.18778,1,39.0
78440,News Roundup,59.317793764988004,News,27.16,Thursday,Night,0.0,0.0,Positive,18.87178,1,88.0
78458,News Roundup,28.46,News,62.46,Thursday,Night,63.63,1.0,Negative,19.3475,1,36.0
78521,News Roundup,38.56,News,58.61,Thursday,Night,71.52,1.0,Positive,17.74347,1,59.0
79175,News Roundup,67.93,News,84.65,Thursday,Night,36.78,3.0,Positive,53.99378,1,13.0
79801,News Roundup,50.82,News,78.92,Thursday,Night,14.94,2.0,Neutral,43.17,1,8.0
80037,News Roundup,10.01,News,31.8,Thursday,Night,51.5,2.0,Negative,5.79,1,18.0
82650,News Roundup,26.84,News,86.51,Thursday,Night,0.0,1.0,Negative,18.03355,1,56.0
82804,News Roundup,98.22,News,36.69,Thursday,Night,29.12,1.0,Negative,48.99,1,3.0
83253,News Roundup,88.46,News,31.32,Thursday,Night,33.02,3.0,Neutral,69.81413,1,81.0
84751,News Roundup,45.22,News,80.49,Thursday,Night,79.03,1.0,Positive,35.8882,1,80.0
91046,News Roundup,14.65,News,21.21,Thursday,Night,73.76,2.0,Neutral,4.16686,1,93.0
92275,News Roundup,24.8,News,65.47,Thursday,Night,28.46,0.0,Negative,18.16087,1,25.0
93202,News Roundup,95.6,News,79.8,Thursday,Night,11.25,2.0,Neutral,52.93028,1,42.0
97366,News Roundup,87.04,News,78.41,Thursday,Night,8.23,2.0,Negative,59.27,1,63.0
100550,News Roundup,100.25,News,95.43,Thursday,Night,97.6,0.0,Neutral,71.62217,1,39.0
103286,News Roundup,18.73,News,50.98,Thursday,Night,97.95,0.0,Negative,17.39498,1,89.0
105578,News Roundup,119.43,News,90.35,Thursday,Night,0.0,3.0,Negative,119.22,1,28.0
105732,News Roundup,23.58,News,69.61,Thursday,Night,48.39,3.0,Positive,11.54052,1,12.0
113844,News Roundup,21.03,News,87.48,Thursday,Night,41.87,2.0,Positive,15.19592,1,19.0
117331,News Roundup,23.58,News,44.32,Thursday,Night,54.75,0.0,Positive,18.42053,1,14.0
122590,News Roundup,59.317793764988004,News,51.37,Thursday,Night,12.38,2.0,Negative,44.31028,1,51.0
128661,News Roundup,119.89,News,48.1,Thursday,Night,0.0,0.0,Positive,117.10935,1,54.0
128853,News Roundup,24.51,News,63.27,Thursday,Night,71.14,0.0,Positive,8.16,1,94.0
130957,News Roundup,19.69,News,94.07,Thursday,Night,5.07,1.0,Negative,9.42,1,20.0
131091,News Roundup,32.23,News,78.6,Thursday,Night,84.29,1.0,Positive,14.35,1,78.0
133765,News Roundup,59.317793764988004,News,25.09,Thursday,Night,86.49,2.0,Negative,37.43402,1,67.0
139290,News Roundup,58.0,News,88.73,Thursday,Night,23.17,3.0,Positive,33.86591,1,91.0
142044,News Roundup,82.73,News,20.88,Thursday,Night,89.07,1.0,Positive,77.86549,1,13.0
142390,News Roundup,84.99,News,23.01,Thursday,Night,89.07,1.0,Positive,77.86549,1,13.0
145391,News Roundup,5.45,News,89.24,Thursday,Night,93.45,1.0,Neutral,5.39958,1,39.0
149585,News Roundup,65.92,News,60.4,Thursday,Night,82.65,2.0,Negative,35.31,1,83.0
151436,News Roundup,53.6,News,42.5,Thursday,Night,89.78,3.0,Neutral,31.83,1,74.0
155546,News Roundup,117.55,News,77.58,Thursday,Night,0.81,0.0,Neutral,105.66798,1,55.0
155964,News Roundup,109.39,News,26.52,Thursday,Night,0.0,1.0,Positive,68.88753,1,39.0
157203,News Roundup,34.4,News,43.12,Thursday,Night,41.11,0.0,Positive,15.4,1,24.0
161413,News Roundup,39.3,News,60.09,Thursday,Night,83.59,0.0,Neutral,27.45912,1,50.0
162547,News Roundup,71.13,News,78.59,Thursday,Night,0.0,1.0,Positive,39.26383,1,62.0
166086,News Roundup,116.42,News,35.06,Thursday,Night,56.29,3.0,Negative,72.26746,1,23.0
167800,News Roundup,29.48,News,67.52,Thursday,Night,49.52,2.0,Neutral,18.39441,1,69.0
169724,News Roundup,96.78,News,75.29,Thursday,Night,0.0,2.0,Negative,55.49953,1,4.0
176502,News Roundup,27.42,News,21.75,Thursday,Night,0.0,3.0,Negative,7.15,1,98.0
176797,News Roundup,8.33,News,87.55,Thursday,Night,27.35,2.0,Positive,0.0,1,33.0
178374,News Roundup,90.93,News,26.68,Thursday,Night,28.63,0.0,Neutral,81.61472,1,35.0
178754,News Roundup,11.75,News,79.02,Thursday,Night,69.97,2.0,Neutral,8.68,1,10.0
180464,News Roundup,59.317793764988004,News,21.59,Thursday,Night,14.17,1.0,Neutral,19.1756,1,33.0
180579,News Roundup,110.12,News,79.83,Thursday,Night,0.0,0.0,Neutral,105.66805,1,5.0
182118,News Roundup,112.23,News,79.5,Thursday,Night,74.57,1.0,Neutral,110.9515,1,59.0
186072,News Roundup,23.43,News,46.4,Thursday,Night,52.02,0.0,Neutral,22.00293,1,33.0
188328,News Roundup,96.04,News,63.07,Thursday,Night,31.3,1.0,Positive,77.4043,1,24.0
188569,News Roundup,51.23,News,39.7,Thursday,Night,0.0,3.0,Negative,27.54,1,90.0
198070,News Roundup,7.24,News,23.44,Thursday,Night,0.0,0.0,Neutral,7.25984,1,18.0
198268,News Roundup,58.32,News,20.8,Thursday,Night,9.29,2.0,Neutral,33.06927,1,9.0
198743,News Roundup,58.17,News,62.65,Thursday,Night,73.17,2.0,Negative,52.82698,1,69.0
202575,News Roundup,100.34,News,83.43,Thursday,Night,0.0,1.0,Positive,81.32493,1,31.0
202720,News Roundup,21.94,News,55.2,Thursday,Night,38.96,3.0,Positive,2.83512,1,49.0
204858,News Roundup,31.54,News,50.18,Thursday,Night,57.59,0.0,Positive,27.20035,1,90.0
204964,News Roundup,96.91,News,86.82,Thursday,Night,0.0,3.0,Negative,77.54476,1,99.0
205173,News Roundup,15.4,News,70.28,Thursday,Night,30.05,1.0,Negative,9.42,1,19.0
208197,News Roundup,59.317793764988004,News,29.53,Thursday,Night,56.58,3.0,Positive,4.44562,1,60.0
209205,News Roundup,68.21,News,41.66,Thursday,Night,87.69,1.0,Negative,29.86721,1,90.0
209632,News Roundup,72.81,News,35.57,Thursday,Night,68.45,0.0,Negative,52.14132,1,98.0
211703,News Roundup,96.33,News,68.49,Thursday,Night,18.1,0.0,Neutral,81.18514,1,73.0
214423,News Roundup,47.21,News,63.23,Thursday,Night,83.32,2.0,Negative,21.21747,1,83.0
217349,News Roundup,112.48,News,37.68,Thursday,Night,61.59,1.0,Neutral,41.65765,1,72.0
217602,News Roundup,23.89,News,93.26,Thursday,Night,41.23,0.0,Positive,9.75362,1,14.0
217885,News Roundup,106.24,News,28.58,Thursday,Night,6.53,0.0,Positive,68.85466,1,6.0
219166,News Roundup,70.93,News,51.55,Thursday,Night,0.0,0.0,Positive,50.51957,1,96.0
227514,News Roundup,47.68,News,63.11,Thursday,Night,83.32,2.0,Negative,21.21747,1,83.0
228123,News Roundup,45.69,News,55.7,Thursday,Night,0.0,3.0,Positive,28.71007,1,35.0
231203,News Roundup,59.317793764988004,News,79.35,Thursday,Night,0.0,3.0,Negative,7.2687,1,97.0
234148,News Roundup,54.96,News,68.36,Thursday,Night,0.0,1.0,Neutral,36.04913,1,77.0
234423,News Roundup,88.73,News,50.09,Thursday,Night,82.98,3.0,Negative,38.46265,1,6.0
234519,News Roundup,64.03,News,86.62,Thursday,Night,81.73,0.0,Neutral,61.21444,1,31.0
234683,News Roundup,101.06,News,54.53,Thursday,Night,99.82,0.0,Neutral,87.99171,1,52.0
235253,News Roundup,23.88,News,34.44,Thursday,Night,97.7,0.0,Positive,13.45851,1,30.0
242180,News Roundup,71.18,News,74.0,Thursday,Night,35.6,0.0,Negative,38.66714,1,14.0
246307,News Roundup,44.8,News,25.92,Thursday,Night,14.71,0.0,Neutral,16.72084,1,16.0
246900,News Roundup,56.05,News,44.62,Thursday,Night,20.12,0.0,Positive,22.37517,1,73.0
247216,News Roundup,21.82,News,34.33,Thursday,Night,47.07,3.0,Positive,17.90042,1,79.0
250370,News Roundup,59.317793764988004,News,69.55,Thursday,Night,64.26,0.0,Positive,41.92977,1,94.0
250875,News Roundup,34.14,News,30.54,Thursday,Night,50.69,0.0,Negative,31.10267,1,32.0
255239,News Roundup,17.98,News,71.52,Thursday,Night,51.98,1.0,Positive,15.37132,1,96.0
255382,News Roundup,65.9,News,54.13,Thursday,Night,42.17,3.0,Positive,43.9725,1,51.0
255485,News Roundup,73.26,News,30.51,Thursday,Night,78.04,2.0,Positive,72.93053,1,92.0
255547,News Roundup,6.41,News,64.2,Thursday,Night,83.7,0.0,Negative,0.98413,1,88.0
257053,News Roundup,17.73,News,68.61,Thursday,Night,0.0,1.0,Negative,9.5605,1,48.0
258005,News Roundup,60.88,News,47.93,Thursday,Night,61.33,1.0,Negative,35.44844,1,27.0
258968,News Roundup,23.38,News,64.03,Thursday,Night,0.43,3.0,Positive,19.97321,1,99.0
262818,News Roundup,10.93,News,93.89,Thursday,Night,70.51,1.0,Neutral,4.03912,1,50.0
271232,News Roundup,55.02,News,40.02,Thursday,Night,63.05,3.0,Neutral,39.92822,1,14.0
273815,News Roundup,26.64,News,86.93,Thursday,Night,14.21,1.0,Positive,11.71057,1,84.0
274108,News Roundup,19.14,News,91.21,Thursday,Night,36.41,2.0,Negative,7.52423,1,60.0
283257,News Roundup,94.64,News,79.72,Thursday,Night,0.0,3.0,Positive,56.46862,1,46.0
283943,News Roundup,47.21,News,63.23,Thursday,Night,78.27,3.0,Negative,21.21747,1,83.0
284987,News Roundup,24.8,News,65.47,Thursday,Night,28.46,0.0,Negative,18.16087,1,28.0
285661,News Roundup,67.03,News,97.99,Thursday,Night,0.0,2.0,Negative,53.9827,1,13.0
287526,News Roundup,59.317793764988004,News,29.87,Thursday,Night,56.58,3.0,Positive,4.44562,1,60.0
290617,News Roundup,14.95,News,92.29,Thursday,Night,82.47,2.0,Negative,5.88967,1,58.0
291038,News Roundup,59.317793764988004,News,34.94,Thursday,Night,17.5,2.0,Positive,15.34111,1,16.0
292367,News Roundup,70.96,News,39.66,Thursday,Night,58.53,2.0,Positive,36.31077,1,13.0
295437,News Roundup,59.317793764988004,News,76.82,Thursday,Night,67.63,0.0,Neutral,0.0,1,18.0
295900,News Roundup,61.2,News,22.15,Thursday,Night,11.81,3.0,Neutral,38.81264,1,12.0
298934,News Roundup,53.98,News,94.84,Thursday,Night,0.0,2.0,Negative,43.30746,1,78.0
300256,News Roundup,55.44,News,85.67,Thursday,Night,96.83,0.0,Neutral,41.66744,1,91.0
303443,News Roundup,99.51,News,27.13,Thursday,Night,16.27,1.0,Negative,94.80537,1,69.0
303520,News Roundup,28.76,News,32.84,Thursday,Night,15.85,0.0,Negative,21.72479,1,39.0
311011,News Roundup,58.37,News,33.54,Thursday,Night,42.34,0.0,Negative,46.1521,1,44.0
316363,News Roundup,91.36,News,45.63,Thursday,Night,23.11,1.0,Positive,74.39061,1,12.0
317387,News Roundup,63.91,News,21.3,Thursday,Night,13.16,0.0,Neutral,51.14301,1,54.0
320300,News Roundup,93.99,News,73.33,Thursday,Night,0.0,0.0,Positive,76.06755,1,72.0
321635,News Roundup,76.08,News,81.08,Thursday,Night,21.44,2.0,Negative,49.32444,1,23.0
323326,News Roundup,12.59,News,24.59,Thursday,Night,57.66,3.0,Neutral,10.65517,1,92.0
324506,News Roundup,44.04,News,52.77,Thursday,Night,8.08,0.0,Positive,38.24,1,31.0
325570,News Roundup,39.94,News,74.2,Thursday,Night,14.57,2.0,Positive,26.20262,1,62.0
326027,News Roundup,49.31,News,89.05,Thursday,Night,80.34,0.0,Neutral,38.42,1,48.0
327419,News Roundup,118.97,News,54.69,Thursday,Night,67.62,0.0,Neutral,105.76945,1,6.0
327443,News Roundup,28.4,News,22.2,Thursday,Night,89.47,3.0,Negative,11.3,1,15.0
328750,News Roundup,57.39,News,62.65,Thursday,Night,73.62,2.0,Negative,52.82698,1,69.0
336593,News Roundup,96.24,News,45.89,Thursday,Night,51.76,0.0,Negative,93.04898,1,51.0
337796,News Roundup,61.77,News,81.89,Thursday,Night,68.25,1.0,Neutral,42.21121,1,11.0
340443,News Roundup,114.36,News,20.75,Thursday,Night,82.83,0.0,Positive,72.75256,1,28.0
340839,News Roundup,91.49,News,26.87,Thursday,Night,0.0,2.0,Negative,55.58691,1,91.0
344405,News Roundup,109.55,News,55.03,Thursday,Night,0.0,2.0,Neutral,63.06595,1,11.0
347205,News Roundup,59.317793764988004,News,94.97,Thursday,Night,71.47,1.0,Negative,77.18348,1,49.0
352073,News Roundup,26.18,News,94.77,Thursday,Night,94.19,1.0,Negative,15.69771,1,70.0
353429,News Roundup,95.42,News,36.16,Thursday,Night,67.82,0.0,Positive,81.61472,1,18.0
354709,News Roundup,48.88,News,26.25,Thursday,Night,26.95,2.0,Neutral,44.74544,1,67.0
355291,News Roundup,10.69,News,49.38,Thursday,Night,34.08,3.0,Negative,6.82,1,72.0
358313,News Roundup,90.12,News,57.84,Thursday,Night,0.0,3.0,Negative,52.80199,1,61.0
362165,News Roundup,116.94,News,73.7,Thursday,Night,24.84,0.0,Negative,97.97,1,98.0
363483,News Roundup,59.317793764988004,News,61.45,Thursday,Night,43.79,0.0,Negative,51.91352,1,18.0
363901,News Roundup,58.17,News,38.36,Thursday,Night,84.44,2.0,Neutral,43.99061,1,42.0
367820,News Roundup,44.37,News,89.11,Thursday,Night,10.91,1.0,Neutral,26.31717,1,37.0
368179,News Roundup,59.317793764988004,News,59.26,Thursday,Night,0.0,2.0,Negative,51.23135,1,87.0
370505,News Roundup,59.317793764988004,News,26.48,Thursday,Night,25.73,1.0,Neutral,7.97,1,24.0
375116,News Roundup,10.12,News,91.72,Thursday,Night,0.0,0.0,Neutral,7.21119,1,67.0
376406,News Roundup,40.11,News,71.45,Thursday,Night,84.27,1.0,Positive,33.97666,1,94.0
378503,News Roundup,118.37,News,42.41,Thursday,Night,23.68,1.0,Negative,102.71944,1,19.0
381814,News Roundup,35.46,News,44.28,Thursday,Night,43.47,1.0,Negative,25.41136,1,58.0
389465,News Roundup,113.23,News,79.44,Thursday,Night,66.51,0.0,Positive,96.51,1,58.0
389811,News Roundup,107.14,News,42.16,Thursday,Night,30.3,0.0,Neutral,86.7298,1,89.0
391173,News Roundup,61.1,News,42.58,Thursday,Night,67.66,0.0,Positive,51.84631,1,5.0
392904,News Roundup,59.317793764988004,News,81.23,Thursday,Night,2.62,3.0,Positive,47.13505,1,63.0
395078,News Roundup,11.08,News,62.72,Thursday,Night,44.14,1.0,Positive,7.49,1,91.0
395871,News Roundup,63.51,News,83.09,Thursday,Night,90.01,0.0,Neutral,59.58208,1,80.0
396732,News Roundup,8.56,News,31.15,Thursday,Night,89.6,2.0,Positive,7.41862,1,97.0
396983,News Roundup,116.98,News,95.04,Thursday,Night,34.55,1.0,Positive,99.87327,1,52.0
397028,News Roundup,25.51,News,29.35,Thursday,Night,0.0,3.0,Neutral,18.68,1,67.0
404343,News Roundup,119.27,News,83.72,Thursday,Night,9.99,3.0,Neutral,75.14326,1,94.0
404362,News Roundup,69.32,News,90.63,Thursday,Night,0.0,1.0,Neutral,39.03594,1,10.0
404918,News Roundup,39.12,News,51.32,Thursday,Night,10.78,1.0,Positive,35.17604,1,92.0
413528,News Roundup,16.65,News,38.42,Thursday,Night,36.12,2.0,Neutral,8.67264,1,30.0
417179,News Roundup,19.01,News,97.81,Thursday,Night,54.27,2.0,Positive,7.77199,1,31.0
418577,News Roundup,9.43,News,49.45,Thursday,Night,0.0,3.0,Neutral,6.62,1,46.0
420763,News Roundup,44.67,News,61.16,Thursday,Night,47.65,3.0,Positive,31.66,1,91.0
422957,News Roundup,117.04,News,95.03,Thursday,Night,35.15,3.0,Neutral,97.68055,1,72.0
425775,News Roundup,22.77,News,99.5,Thursday,Night,0.0,0.0,Positive,17.75675,1,29.0
427241,News Roundup,88.82,News,29.52,Thursday,Night,30.93,1.0,Positive,58.68,1,63.0
427822,News Roundup,43.31,News,56.77,Thursday,Night,6.79,3.0,Neutral,35.67863,1,30.0
430256,News Roundup,51.78,News,86.0,Thursday,Night,54.66,3.0,Negative,31.80127,1,35.0
430514,News Roundup,62.87,News,62.65,Thursday,Night,73.96,2.0,Negative,52.82698,1,69.0
430556,News Roundup,59.317793764988004,News,43.92,Thursday,Night,53.48,0.0,Neutral,4.94903,1,91.0
430795,News Roundup,114.49,News,28.49,Thursday,Night,44.48,1.0,Negative,78.49,1,75.0
432820,News Roundup,8.09,News,54.45,Thursday,Night,0.0,0.0,Negative,6.95741,1,78.0
434699,News Roundup,35.19,News,31.39,Thursday,Night,68.46,3.0,Negative,17.37307,1,3.0
443908,News Roundup,53.26,News,80.03,Thursday,Night,74.35,1.0,Negative,43.74831,1,43.0
447351,News Roundup,69.86,News,54.89,Thursday,Night,94.69,0.0,Positive,36.01252,1,39.0
448041,News Roundup,71.51,News,77.02,Thursday,Night,48.71,2.0,Negative,43.47102,1,52.0
449962,News Roundup,18.4,News,82.09,Thursday,Night,8.87,0.0,Negative,2.34437,1,57.0
451077,News Roundup,116.47,News,93.57,Thursday,Night,30.62,2.0,Neutral,106.37674,1,46.0
452125,News Roundup,30.35,News,97.68,Thursday,Night,0.0,0.0,Positive,17.85238,1,59.0
452549,News Roundup,25.93,News,42.1,Thursday,Night,96.01,3.0,Negative,10.61695,1,30.0
454603,News Roundup,62.66,News,34.67,Thursday,Night,58.38,3.0,Neutral,47.82,1,63.0
455044,News Roundup,58.84,News,71.93,Thursday,Night,93.71,2.0,Negative,34.83797,1,90.0
455235,News Roundup,25.99,News,42.1,Thursday,Night,96.01,3.0,Negative,10.61695,1,30.0
457339,News Roundup,59.317793764988004,News,69.44,Thursday,Night,78.99,3.0,Neutral,7.77736,1,19.0
459773,News Roundup,81.19,News,94.16,Thursday,Night,0.0,3.0,Negative,37.88,1,62.0
466005,News Roundup,50.54,News,66.82,Thursday,Night,66.2,3.0,Negative,34.7735,1,72.0
468755,News Roundup,91.08,News,78.12,Thursday,Night,26.81,0.0,Positive,71.36,1,79.0
476208,News Roundup,16.75,News,42.2,Thursday,Night,24.47,2.0,Negative,1.84542,1,92.0
478419,News Roundup,66.94,News,29.91,Thursday,Night,39.91,2.0,Neutral,38.3267,1,20.0
486032,News Roundup,64.05,News,22.69,Thursday,Night,50.2,0.0,Positive,54.4216,1,67.0
486199,News Roundup,31.97,News,23.52,Thursday,Night,0.0,1.0,Positive,14.93,1,33.0
488548,News Roundup,15.88,News,74.29,Thursday,Night,10.42,1.0,Negative,13.62216,1,55.0
489750,News Roundup,30.91,News,90.82,Thursday,Night,70.59,3.0,Neutral,18.26267,1,50.0
492301,News Roundup,31.7,News,70.51,Thursday,Night,9.71,0.0,Positive,26.46126,1,13.0
492694,News Roundup,62.95,News,90.86,Thursday,Night,87.37,2.0,Positive,53.06266,1,7.0
493222,News Roundup,59.317793764988004,News,64.78,Thursday,Night,0.78,2.0,Positive,44.00798,1,30.0
493818,News Roundup,76.14,News,99.18,Thursday,Night,0.0,0.0,Positive,44.51052,1,47.0
494731,News Roundup,52.29,News,81.92,Thursday,Night,1.95,1.0,Neutral,34.40773,1,96.0
495106,News Roundup,57.65,News,62.65,Thursday,Night,82.69,2.0,Negative,52.82698,1,69.0
495187,News Roundup,84.99,News,20.56,Thursday,Night,89.07,1.0,Positive,77.86549,1,13.0
498526,News Roundup,113.47,News,91.66,Thursday,Night,0.0,0.0,Positive,67.94391,1,71.0
500041,News Roundup,53.87,News,51.04,Thursday,Night,0.0,0.0,Negative,21.42933,1,31.0
501651,News Roundup,54.39,News,31.95,Thursday,Night,0.0,1.0,Neutral,24.45013,1,5.0
502265,News Roundup,28.26,News,73.46,Thursday,Night,26.41,1.0,Neutral,16.80218,1,58.0
503198,News Roundup,12.15,News,78.03,Thursday,Night,44.25,1.0,Negative,9.41,1,22.0
506107,News Roundup,80.19,News,38.33,Thursday,Night,98.86,0.0,Neutral,54.30673,1,39.0
507163,News Roundup,59.317793764988004,News,78.84,Thursday,Night,32.45,0.0,Negative,5.1188,1,99.0
513238,News Roundup,107.14,News,59.71,Thursday,Night,0.0,2.0,Positive,81.20613,1,49.0
513352,News Roundup,26.28,News,82.59,Thursday,Night,8.97,2.0,Negative,23.96827,1,68.0
517318,News Roundup,34.15,News,49.52,Thursday,Night,69.32,1.0,Neutral,20.63727,1,20.0
517475,News Roundup,22.61,News,97.78,Thursday,Night,53.27,3.0,Neutral,18.92287,1,81.0
521496,News Roundup,37.0,News,35.66,Thursday,Night,0.0,3.0,Neutral,29.6,1,24.0
522359,News Roundup,112.67,News,74.54,Thursday,Night,78.86,2.0,Neutral,112.0,1,61.0
525205,News Roundup,29.28,News,31.14,Thursday,Night,28.32,2.0,Neutral,17.35,1,34.0
530250,News Roundup,36.77,News,37.05,Thursday,Night,78.21,3.0,Neutral,28.7286,1,100.0
531181,News Roundup,25.81,News,67.28,Thursday,Night,0.69,0.0,Neutral,12.3,1,79.0
531259,News Roundup,39.27,News,44.27,Thursday,Night,81.1,3.0,Positive,23.25219,1,99.0
531773,News Roundup,58.37,News,37.36,Thursday,Night,84.44,2.0,Neutral,43.99061,1,84.0
533049,News Roundup,63.0,News,75.7,Thursday,Night,7.97,3.0,Neutral,44.26539,1,21.0
535166,News Roundup,80.19,News,38.33,Thursday,Night,98.86,0.0,Negative,54.30673,1,39.0
538275,News Roundup,59.317793764988004,News,20.39,Thursday,Night,70.98,0.0,Positive,3.91906,1,13.0
542222,News Roundup,71.43,News,58.57,Thursday,Night,60.71,2.0,Neutral,41.89505,1,31.0
544138,News Roundup,17.14,News,89.61,Thursday,Night,65.98,1.0,Neutral,5.39958,1,33.0
552527,News Roundup,93.66,News,51.93,Thursday,Night,36.05,0.0,Negative,76.45834,1,44.0
560444,News Roundup,6.62,News,65.75,Thursday,Night,85.27,1.0,Neutral,6.41119,1,68.0
561253,News Roundup,36.75,News,58.02,Thursday,Night,95.67,0.0,Positive,34.75409,1,66.0
561853,News Roundup,59.317793764988004,News,23.85,Thursday,Night,0.0,3.0,Negative,14.5106,1,92.0
563000,News Roundup,59.317793764988004,News,49.86,Thursday,Night,65.65,0.0,Positive,5.97,1,76.0
564690,News Roundup,22.24,News,28.77,Thursday,Night,32.82,3.0,Positive,14.11069,1,17.0
564834,News Roundup,59.317793764988004,News,88.16,Thursday,Night,34.12,2.0,Positive,35.70011,1,68.0
569138,News Roundup,44.33,News,46.21,Thursday,Night,54.33,0.0,Positive,18.42053,1,9.0
571665,News Roundup,93.66,News,29.34,Thursday,Night,97.9,0.0,Positive,88.51769,1,17.0
572778,News Roundup,54.98,News,97.07,Thursday,Night,91.51,3.0,Positive,40.60835,1,47.0
574880,News Roundup,110.58,News,62.11,Thursday,Night,38.95,1.0,Negative,83.14458,1,35.0
575834,News Roundup,58.37,News,38.36,Thursday,Night,84.44,2.0,Neutral,43.99061,1,84.0
577685,News Roundup,103.82,News,75.78,Thursday,Night,91.86,0.0,Positive,67.2481,1,15.0
578163,News Roundup,7.98,News,90.24,Thursday,Night,0.0,1.0,Neutral,2.21537,1,92.0
579217,News Roundup,59.317793764988004,News,83.49,Thursday,Night,19.57,1.0,Negative,53.51011,1,79.0
579537,News Roundup,59.317793764988004,News,36.46,Thursday,Night,55.84,1.0,Negative,50.1625,1,62.0
579706,News Roundup,59.317793764988004,News,94.83,Thursday,Night,0.0,1.0,Negative,49.87298,1,26.0
581837,News Roundup,82.25,News,98.38,Thursday,Night,0.0,1.0,Positive,68.93336,1,100.0
582929,News Roundup,59.317793764988004,News,54.92,Thursday,Night,50.07,2.0,Negative,16.07357,1,68.0
585106,News Roundup,82.04,News,98.24,Thursday,Night,71.78,0.0,Negative,42.32759,1,97.0
587685,News Roundup,63.94,News,41.73,Thursday,Night,55.68,3.0,Negative,51.7629,1,80.0
589613,News Roundup,93.07,News,26.07,Thursday,Night,65.79,1.0,Negative,51.66441,1,49.0
592485,News Roundup,67.73,News,75.86,Thursday,Night,92.77,3.0,Negative,50.0432,1,55.0
598425,News Roundup,59.317793764988004,News,72.29,Thursday,Night,0.0,0.0,Negative,3.7397,1,7.0
600767,News Roundup,100.37,News,28.75,Thursday,Night,92.55,2.0,Neutral,95.1041,1,25.0
601165,News Roundup,10.16,News,85.09,Thursday,Night,0.0,1.0,Positive,6.00918,1,3.0
604605,News Roundup,62.48,News,86.11,Thursday,Night,78.11,3.0,Negative,49.24,1,32.0
605187,News Roundup,101.41,News,83.65,Thursday,Night,19.32,0.0,Positive,77.51962,1,53.0
609800,News Roundup,63.91,News,21.03,Thursday,Night,13.16,0.0,Neutral,51.14301,1,54.0
610519,News Roundup,115.89,News,49.76,Thursday,Night,16.78,0.0,Positive,84.63132,1,65.0
613189,News Roundup,59.317793764988004,News,84.41,Thursday,Night,0.0,2.0,Negative,46.89094,1,12.0
614037,News Roundup,68.21,News,28.19,Thursday,Night,35.3,0.0,Negative,64.06148,1,58.0
614934,News Roundup,107.4,News,32.09,Thursday,Night,85.07,0.0,Positive,71.44573,1,78.0
615400,News Roundup,34.14,News,30.52,Thursday,Night,45.81,1.0,Positive,31.10267,1,51.0
617172,News Roundup,12.07,News,53.27,Thursday,Night,52.6,1.0,Neutral,4.30548,1,56.0
622162,News Roundup,52.89,News,76.53,Thursday,Night,6.91,2.0,Neutral,26.92637,1,53.0
623193,News Roundup,86.86,News,25.06,Thursday,Night,0.0,1.0,Positive,74.61247,1,94.0
624506,News Roundup,59.317793764988004,News,63.11,Thursday,Night,82.71,3.0,Negative,21.21747,1,83.0
624764,News Roundup,84.64,News,88.03,Thursday,Night,91.57,3.0,Negative,65.07973,1,79.0
628688,News Roundup,59.317793764988004,News,67.0,Thursday,Night,0.0,3.0,Positive,30.00193,1,73.0
632296,News Roundup,47.77,News,65.69,Thursday,Night,0.0,3.0,Positive,34.23512,1,63.0
635414,News Roundup,114.06,News,28.11,Thursday,Night,44.09,1.0,Negative,78.49,1,75.0
637900,News Roundup,23.16,News,75.34,Thursday,Night,19.34,3.0,Neutral,20.43722,1,11.0
639921,News Roundup,59.317793764988004,News,94.51,Thursday,Night,0.0,1.0,Neutral,41.51843,1,73.0
645040,News Roundup,59.317793764988004,News,51.71,Thursday,Night,91.47,3.0,Negative,33.41,1,3.0
645250,News Roundup,99.95,News,64.57,Thursday,Night,34.02,2.0,Positive,72.87725,1,18.0
647596,News Roundup,102.11,News,69.14,Thursday,Night,27.1,1.0,Neutral,59.53633,1,53.0
648116,News Roundup,57.24,News,39.12,Thursday,Night,31.57,0.0,Positive,39.16,1,62.0
652139,News Roundup,105.93,News,45.14,Thursday,Night,32.13,1.0,Positive,56.61855,1,85.0
653399,News Roundup,72.56,News,46.26,Thursday,Night,0.0,0.0,Positive,32.45327,1,9.0
655607,News Roundup,117.71,News,70.03,Thursday,Night,10.85,3.0,Neutral,89.15079,1,17.0
661584,News Roundup,78.66,News,97.49,Thursday,Night,72.37,3.0,Positive,28.51751,1,79.0
661863,News Roundup,66.63,News,52.34,Thursday,Night,0.0,2.0,Neutral,42.14537,1,14.0
662032,News Roundup,91.18,News,27.68,Thursday,Night,81.8,0.0,Negative,71.36,1,13.0
662861,News Roundup,99.74,News,53.72,Thursday,Night,87.44,2.0,Positive,66.69882,1,89.0
664705,News Roundup,59.317793764988004,News,29.63,Thursday,Night,56.96,3.0,Positive,4.44562,1,56.0
666572,News Roundup,43.21,News,41.29,Thursday,Night,0.0,3.0,Negative,17.34278,1,76.0
667203,News Roundup,114.32,News,66.41,Thursday,Night,0.0,1.0,Positive,86.06671,1,41.0
672165,News Roundup,112.68,News,27.54,Thursday,Night,82.54,2.0,Negative,96.51,1,68.0
677212,News Roundup,35.27,News,82.34,Thursday,Night,0.0,3.0,Negative,13.11,1,11.0
677401,News Roundup,105.78,News,31.45,Thursday,Night,87.34,0.0,Positive,45.99,1,14.0
678742,News Roundup,96.7,News,89.35,Thursday,Night,81.39,1.0,Positive,72.5472,1,48.0
679260,News Roundup,35.47,News,34.68,Thursday,Night,68.4,2.0,Positive,18.82172,1,49.0
681996,News Roundup,59.317793764988004,News,44.69,Thursday,Night,95.43,0.0,Positive,35.02114,1,89.0
686328,News Roundup,52.48,News,94.86,Thursday,Night,0.0,0.0,Negative,39.76809,1,80.0
688252,News Roundup,88.31,News,88.03,Thursday,Night,55.86,2.0,Negative,65.07973,1,100.0
690609,News Roundup,90.29,News,29.94,Thursday,Night,0.0,3.0,Neutral,63.47,1,65.0
694375,News Roundup,91.58,News,79.75,Thursday,Night,33.93,1.0,Negative,45.7525,1,83.0
695424,News Roundup,116.98,News,48.25,Thursday,Night,8.18,1.0,Negative,59.31952,1,61.0
701523,News Roundup,108.71,News,64.0,Thursday,Night,54.21,3.0,Positive,51.05982,1,77.0
703153,News Roundup,59.317793764988004,News,79.35,Thursday,Night,15.71,3.0,Neutral,9.91624,1,13.0
704294,News Roundup,40.11,News,56.68,Thursday,Night,0.0,0.0,Neutral,24.22967,1,69.0
705836,News Roundup,95.32,News,60.18,Thursday,Night,24.59,0.0,Neutral,91.7806,1,86.0
707668,News Roundup,43.65,News,60.08,Thursday,Night,0.0,0.0,Neutral,30.43374,1,29.0
710259,News Roundup,57.66,News,63.55,Thursday,Night,69.07,1.0,Neutral,54.70741,1,94.0
710403,News Roundup,62.24,News,62.65,Thursday,Night,73.63,2.0,Negative,52.82698,1,69.0
711256,News Roundup,19.47,News,83.49,Thursday,Night,37.15,1.0,Positive,18.68702,1,30.0
711988,News Roundup,59.317793764988004,News,27.98,Thursday,Night,0.0,0.0,Positive,81.78447,1,77.0
715602,News Roundup,106.1,News,20.43,Thursday,Night,0.53,0.0,Negative,80.10002,1,98.0
717417,News Roundup,96.14,News,66.76,Thursday,Night,0.0,1.0,Positive,91.10925,1,44.0
717839,News Roundup,14.46,News,92.29,Thursday,Night,82.47,2.0,Negative,5.88967,1,58.0
731269,News Roundup,101.92,News,65.15,Thursday,Night,0.0,3.0,Negative,55.40562,1,29.0
732227,News Roundup,104.3,News,52.66,Thursday,Night,62.2,0.0,Negative,70.40471,1,64.0
739398,News Roundup,13.85,News,56.68,Thursday,Night,38.91,2.0,Negative,7.52423,1,79.0
739620,News Roundup,39.39,News,46.11,Thursday,Night,0.0,3.0,Negative,8.82,1,34.0
739770,News Roundup,6.62,News,65.74,Thursday,Night,65.27,1.0,Neutral,6.41119,1,68.0
740059,News Roundup,69.66,News,99.42,Thursday,Night,11.71,1.0,Negative,45.81778,1,24.0
740782,News Roundup,98.36,News,31.24,Thursday,Night,0.0,3.0,Neutral,56.87358,1,89.0
742451,News Roundup,62.58,News,60.4,Thursday,Night,23.59,3.0,Positive,33.56948,1,23.0
744460,News Roundup,75.83,News,44.65,Thursday,Night,62.41,3.0,Neutral,51.40247,1,22.0
747872,News Roundup,77.87,News,46.51,Thursday,Night,46.64,0.0,Negative,70.56497,1,72.0
747982,News Roundup,51.02,News,70.6,Thursday,Night,80.38,2.0,Negative,28.0679,1,99.0
749530,News Roundup,10.91,News,63.1,Thursday,Night,80.08,2.0,Positive,6.39082,1,9.0
750472,News Roundup,74.32,News,38.42,Thursday,Night,4.1,2.0,Neutral,,0,18.0
752772,News Roundup,76.61,News,78.87,Thursday,Night,34.47,2.0,Neutral,,0,63.0
758847,News Roundup,114.99,News,82.89,Thursday,Night,58.63,3.0,Neutral,,0,75.0
763157,News Roundup,5.02,News,98.75,Thursday,Night,31.4,3.0,Negative,,0,49.0
763972,News Roundup,23.51,News,37.91,Thursday,Night,43.82,1.0,Negative,,0,71.0
767767,News Roundup,49.39,News,85.75,Thursday,Night,0.0,2.0,Positive,,0,54.0
769895,News Roundup,95.64,News,37.07,Thursday,Night,22.4,1.0,Positive,,0,54.0
774218,News Roundup,30.34,News,20.83,Thursday,Night,0.0,0.0,Negative,,0,11.0
777763,News Roundup,83.32,News,78.21,Thursday,Night,0.0,3.0,Negative,,0,47.0
780515,News Roundup,94.35,News,97.17,Thursday,Night,81.88,1.0,Negative,,0,61.0
783499,News Roundup,68.06,News,29.44,Thursday,Night,97.44,2.0,Positive,,0,43.0
785224,News Roundup,59.317793764988004,News,73.31,Thursday,Night,66.9,2.0,Negative,,0,78.0
786425,News Roundup,42.93,News,76.18,Thursday,Night,16.58,2.0,Negative,,0,99.0
789317,News Roundup,41.31,News,29.53,Thursday,Night,0.0,3.0,Neutral,,0,14.0
791951,News Roundup,105.78,News,47.33,Thursday,Night,0.0,2.0,Negative,,0,88.0
793260,News Roundup,59.317793764988004,News,96.97,Thursday,Night,0.0,3.0,Negative,,0,67.0
795796,News Roundup,27.16,News,88.31,Thursday,Night,92.19,3.0,Negative,,0,33.0
795838,News Roundup,13.85,News,51.58,Thursday,Night,39.58,2.0,Negative,,0,60.0
795887,News Roundup,106.26,News,44.17,Thursday,Night,79.17,3.0,Positive,,0,94.0
796916,News Roundup,75.25,News,64.25,Thursday,Night,44.25,1.0,Positive,,0,62.0
797887,News Roundup,81.62,News,38.33,Thursday,Night,98.86,0.0,Negative,,0,39.0
798735,News Roundup,19.23,News,92.79,Thursday,Night,41.51,0.0,Positive,,0,9.0
799071,News Roundup,56.43,News,20.85,Thursday,Night,41.73,0.0,Neutral,,0,99.0
799376,News Roundup,58.17,News,62.65,Thursday,Night,73.62,2.0,Negative,,0,69.0
801198,News Roundup,39.4,News,69.83,Thursday,Night,48.98,0.0,Positive,,0,43.0
802203,News Roundup,116.71,News,57.35,Thursday,Night,0.0,1.0,Positive,,0,42.0
805053,News Roundup,27.83,News,97.89,Thursday,Night,0.0,3.0,Positive,,0,14.0
807344,News Roundup,31.49,News,22.14,Thursday,Night,24.17,0.0,Positive,,0,6.0
808935,News Roundup,59.317793764988004,News,94.91,Thursday,Night,0.0,2.0,Positive,,0,82.0
809652,News Roundup,21.43,News,63.53,Thursday,Night,0.0,1.0,Positive,,0,37.0
813402,News Roundup,59.317793764988004,News,42.11,Thursday,Night,43.49,3.0,Negative,,0,94.0
818570,News Roundup,95.28,News,91.79,Thursday,Night,90.31,0.0,Positive,,0,14.0
820460,News Roundup,24.8,News,65.0,Thursday,Night,28.46,0.0,Negative,,0,90.0
822469,News Roundup,100.12,News,33.8,Thursday,Night,79.38,0.0,Negative,,0,81.0
822838,News Roundup,107.22,News,57.36,Thursday,Night,57.36,0.0,Negative,,0,26.0
825877,News Roundup,34.4,News,69.57,Thursday,Night,56.53,0.0,Negative,,0,66.0
835939,News Roundup,29.28,News,94.51,Thursday,Night,65.0,0.0,Negative,,0,94.0
836670,News Roundup,60.96,News,39.44,Thursday,Night,97.44,3.0,Positive,,0,13.0
837774,News Roundup,91.08,News,78.27,Thursday,Night,81.41,0.0,Positive,,0,79.0
844138,News Roundup,97.77,News,29.33,Thursday,Night,45.81,0.0,Positive,,0,39.0
846022,News Roundup,43.5,News,54.94,Thursday,Night,78.71,0.0,Negative,,0,81.0
846239,News Roundup,76.22,News,46.49,Thursday,Night,58.72,2.0,Neutral,,0,9.0
848085,News Roundup,35.83,News,91.42,Thursday,Night,0.22,0.0,Neutral,,0,52.0
851025,News Roundup,29.52,News,67.43,Thursday,Night,0.0,2.0,Neutral,,0,69.0
853476,News Roundup,12.16,News,96.81,Thursday,Night,0.0,2.0,Positive,,0,58.0
859071,News Roundup,99.32,News,95.15,Thursday,Night,65.1,1.0,Neutral,,0,83.0
860560,News Roundup,41.72,News,21.91,Thursday,Night,43.91,1.0,Negative,,0,52.0
861596,News Roundup,79.5,News,57.12,Thursday,Night,6.31,3.0,Negative,,0,53.0
863180,News Roundup,14.58,News,80.5,Thursday,Night,63.47,2.0,Positive,,0,79.0
867667,News Roundup,19.02,News,21.85,Thursday,Night,89.27,1.0,Negative,,0,57.0
868260,News Roundup,42.74,News,50.97,Thursday,Night,43.61,2.0,Neutral,,0,81.0
869866,News Roundup,69.66,News,99.43,Thursday,Night,11.29,1.0,Negative,,0,24.0
878703,News Roundup,12.14,News,70.91,Thursday,Night,0.0,2.0,Neutral,,0,85.0
880036,News Roundup,10.51,News,31.27,Thursday,Night,52.34,3.0,Positive,,0,51.0
887528,News Roundup,34.59,News,30.87,Thursday,Night,52.81,0.0,Negative,,0,32.0
888236,News Roundup,49.76,News,78.55,Thursday,Night,65.45,0.0,Negative,,0,80.0
888515,News Roundup,26.04,News,41.91,Thursday,Night,98.04,1.0,Negative,,0,86.0
893060,News Roundup,26.85,News,52.3,Thursday,Night,92.28,2.0,Negative,,0,58.0
896472,News Roundup,37.02,News,21.75,Thursday,Night,0.0,3.0,Neutral,,0,87.0
899836,News Roundup,31.03,News,51.94,Thursday,Night,96.68,0.0,Negative,,0,39.0
901983,News Roundup,59.317793764988004,News,62.59,Thursday,Night,42.67,0.0,Negative,,0,63.0
904794,News Roundup,114.98,News,28.56,Thursday,Night,31.41,1.0,Negative,,0,75.0
905023,News Roundup,12.02,News,75.47,Thursday,Night,85.47,1.0,Positive,,0,89.0
905226,News Roundup,95.28,News,49.67,Thursday,Night,34.59,3.0,Negative,,0,57.0
908640,News Roundup,17.2,News,62.05,Thursday,Night,39.68,3.0,Negative,,0,73.0
914965,News Roundup,10.07,News,82.13,Thursday,Night,76.75,0.0,Positive,,0,7.0
915273,News Roundup,61.67,News,55.3,Thursday,Night,63.65,2.0,Neutral,,0,91.0
916314,News Roundup,59.317793764988004,News,26.71,Thursday,Night,91.86,3.0,Neutral,,0,33.0
918527,News Roundup,27.43,News,69.43,Thursday,Night,14.66,3.0,Positive,,0,61.0
921981,News Roundup,14.32,News,55.61,Thursday,Night,39.19,3.0,Negative,,0,88.0
931347,News Roundup,100.24,News,78.04,Thursday,Night,97.76,0.0,Positive,,0,52.0
931528,News Roundup,72.83,News,63.88,Thursday,Night,13.46,0.0,Positive,,0,84.0
931960,News Roundup,84.57,News,68.11,Thursday,Night,57.95,0.0,Positive,,0,4.0
932591,News Roundup,19.11,News,53.02,Thursday,Night,14.08,1.0,Negative,,0,5.0
932604,News Roundup,87.24,News,32.13,Thursday,Night,0.0,3.0,Neutral,,0,81.0
933156,News Roundup,59.317793764988004,News,71.73,Thursday,Night,59.97,2.0,Neutral,,0,9.0
938345,News Roundup,98.53,News,84.41,Thursday,Night,37.11,0.0,Neutral,,0,72.0
941943,News Roundup,44.04,News,84.93,Thursday,Night,48.84,1.0,Positive,,0,69.0
943272,News Roundup,59.317793764988004,News,37.36,Thursday,Night,84.44,2.0,Neutral,,0,42.0
944340,News Roundup,59.317793764988004,News,47.73,Thursday,Night,44.34,0.0,Positive,,0,69.0
947728,News Roundup,51.24,News,27.14,Thursday,Night,22.01,2.0,Positive,,0,50.0
949232,News Roundup,108.85,News,89.35,Thursday,Night,60.31,2.0,Positive,,0,54.0
950077,News Roundup,94.68,News,43.16,Thursday,Night,65.75,1.0,Negative,,0,34.0
951203,News Roundup,101.97,News,25.54,Thursday,Night,52.8,3.0,Neutral,,0,66.0
951903,News Roundup,30.04,News,92.11,Thursday,Night,56.98,3.0,Negative,,0,94.0
952104,News Roundup,119.3,News,79.79,Thursday,Night,0.0,3.0,Neutral,,0,11.0
953602,News Roundup,46.17,News,93.63,Thursday,Night,0.0,1.0,Neutral,,0,15.0
955377,News Roundup,27.1,News,87.92,Thursday,Night,0.0,1.0,Neutral,,0,83.0
955402,News Roundup,29.68,News,63.23,Thursday,Night,78.16,0.0,Negative,,0,82.0
957186,News Roundup,26.27,News,39.94,Thursday,Night,81.84,1.0,Neutral,,0,57.0
957300,News Roundup,28.46,News,62.46,Thursday,Night,63.63,0.0,Negative,,0,36.0
957378,News Roundup,92.0,News,46.27,Thursday,Night,10.12,1.0,Neutral,,0,97.0
960311,News Roundup,21.02,News,99.77,Thursday,Night,96.68,1.0,Negative,,0,48.0
961129,News Roundup,106.42,News,43.39,Thursday,Night,92.39,3.0,Negative,,0,49.0
964224,News Roundup,14.39,News,56.35,Thursday,Night,65.08,0.0,Neutral,,0,28.0
965651,News Roundup,51.79,News,44.37,Thursday,Night,51.69,1.0,Negative,,0,89.0
966135,News Roundup,91.08,News,79.27,Thursday,Night,81.8,0.0,Positive,,0,13.0
969264,News Roundup,77.06,News,98.71,Thursday,Night,67.61,0.0,Positive,,0,33.0
971092,News Roundup,58.4,News,37.98,Thursday,Night,84.44,2.0,Neutral,,0,84.0
971517,News Roundup,15.79,News,92.48,Thursday,Night,34.11,1.0,Neutral,,0,65.0
972052,News Roundup,16.16,News,57.14,Thursday,Night,91.56,3.0,Neutral,,0,33.0
974962,News Roundup,90.54,News,69.76,Thursday,Night,0.0,0.0,Positive,,0,39.0
976104,News Roundup,42.15,News,51.33,Thursday,Night,0.0,2.0,Positive,,0,70.0
976904,News Roundup,59.317793764988004,News,60.3,Thursday,Night,57.41,0.0,Neutral,,0,54.0
980265,News Roundup,90.96,News,95.73,Thursday,Night,5.28,0.0,Negative,,0,48.0
980291,News Roundup,83.17,News,20.23,Thursday,Night,0.0,2.0,Negative,,0,98.0
984539,News Roundup,97.5,News,32.4,Thursday,Night,83.82,1.0,Neutral,,0,86.0
984992,News Roundup,18.02,News,71.92,Thursday,Night,68.04,3.0,Positive,,0,66.0
987117,News Roundup,8.83,News,22.45,Thursday,Night,0.0,3.0,Positive,,0,69.0
989820,News Roundup,57.63,News,62.65,Thursday,Night,73.17,2.0,Negative,,0,69.0
991272,News Roundup,47.3,News,31.76,Thursday,Night,90.83,2.0,Positive,,0,54.0
991824,News Roundup,30.35,News,49.98,Thursday,Night,49.96,0.0,Negative,,0,1.0
