id,Podcast_Name,Episode_Length_minutes,Genre,Host_Popularity_percentage,Publication_Day,Publication_Time,Guest_Popularity_percentage,Number_of_Ads,Episode_Sentiment,Listening_Time_minutes,is_train,Episode_Number
418,Daily Digest,42.6,News,33.65,Monday,Afternoon,79.39,1.0,Negative,41.63612,1,3.0
1097,Daily Digest,99.9,News,23.69,Monday,Afternoon,54.43,2.0,Negative,82.30809,1,33.0
1429,Daily Digest,91.0,News,68.49,Monday,Afternoon,29.68,1.0,Neutral,88.29187,1,82.0
2497,Daily Digest,28.56,News,98.33,Monday,Afternoon,36.76,3.0,Negative,18.06128,1,21.0
3177,Daily Digest,61.42,News,50.43,Monday,Afternoon,22.33,0.0,Negative,44.56141,1,81.0
3584,Daily Digest,68.61221843003413,News,66.83,Monday,Afternoon,83.79,1.0,Negative,25.57528,1,47.0
7409,Daily Digest,21.07,News,64.83,Monday,Afternoon,0.0,2.0,Positive,13.13921,1,62.0
8099,Daily Digest,91.0,News,68.4,Monday,Afternoon,29.68,1.0,Neutral,88.29187,1,38.0
9102,Daily Digest,79.18,News,23.11,Monday,Afternoon,47.84,1.0,Positive,39.21095,1,79.0
9156,Daily Digest,68.61221843003413,News,83.12,Monday,Afternoon,0.0,2.0,Positive,72.42344,1,94.0
10940,Daily Digest,73.12,News,74.8,Monday,Afternoon,29.74,2.0,Positive,56.67181,1,7.0
12683,Daily Digest,84.58,News,95.4,Monday,Afternoon,78.09,3.0,Negative,77.90481,1,33.0
14201,Daily Digest,119.52,News,36.37,Monday,Afternoon,25.73,0.0,Neutral,96.97281,1,28.0
15343,Daily Digest,91.72,Sports,81.25,Monday,Afternoon,18.53,2.0,Neutral,80.89007,1,81.0
16331,Daily Digest,111.76,News,51.4,Monday,Afternoon,31.52,0.0,Neutral,108.85,1,64.0
16895,Daily Digest,91.68,News,96.78,Monday,Afternoon,0.0,1.0,Neutral,65.75353,1,14.0
18600,Daily Digest,112.96,News,40.96,Monday,Afternoon,55.46,1.0,Positive,77.01387,1,45.0
24542,Daily Digest,10.21,News,80.6,Monday,Afternoon,0.0,0.0,Neutral,5.18279,1,70.0
25738,Daily Digest,68.61221843003413,News,38.82,Monday,Afternoon,46.98,3.0,Positive,48.71105,1,75.0
26567,Daily Digest,99.72,News,99.67,Monday,Afternoon,47.41,2.0,Positive,89.1,1,67.0
26768,Daily Digest,41.87,News,58.53,Monday,Afternoon,94.08,2.0,Positive,19.27381,1,42.0
27695,Daily Digest,16.18,News,94.84,Monday,Afternoon,0.0,2.0,Negative,11.56,1,89.0
27748,Daily Digest,118.65,News,65.57,Monday,Afternoon,47.18,1.0,Neutral,107.30249,1,61.0
29733,Daily Digest,87.64,News,24.77,Monday,Afternoon,94.25,1.0,Positive,63.25481,1,69.0
30935,Daily Digest,68.61221843003413,News,54.7,Monday,Afternoon,8.2,1.0,Neutral,54.60552,1,23.0
34170,Daily Digest,104.64,News,74.97,Monday,Afternoon,0.0,3.0,Positive,86.12799,1,60.0
34596,Daily Digest,112.25,News,91.42,Monday,Afternoon,68.94,0.0,Positive,111.30809,1,72.0
36011,Daily Digest,119.82,News,89.98,Monday,Afternoon,72.74,1.0,Neutral,75.23329,1,1.0
37689,Daily Digest,89.42,News,41.78,Monday,Afternoon,42.28,1.0,Negative,67.63261,1,30.0
45621,Daily Digest,30.5,News,22.27,Monday,Afternoon,70.28,1.0,Negative,26.2967,1,23.0
46954,Daily Digest,113.68,News,35.32,Monday,Afternoon,66.78,1.0,Negative,59.79296,1,80.0
47130,Daily Digest,112.58,News,91.42,Monday,Afternoon,68.92,2.0,Neutral,111.30809,1,54.0
48247,Daily Digest,70.11,News,36.18,Monday,Afternoon,55.11,1.0,Positive,52.02479,1,53.0
49089,Daily Digest,92.36,News,68.03,Monday,Afternoon,0.0,0.0,Negative,92.10878,1,35.0
50595,Daily Digest,31.32,News,68.23,Monday,Afternoon,33.68,0.0,Negative,19.83918,1,34.0
51640,Daily Digest,111.68,News,75.57,Monday,Afternoon,34.07,1.0,Neutral,66.34074,1,23.0
56343,Daily Digest,83.72,News,29.59,Monday,Afternoon,29.28,1.0,Positive,77.51,1,45.0
56874,Daily Digest,71.33,News,45.66,Monday,Afternoon,54.17,0.0,Neutral,38.51895,1,60.0
56988,Daily Digest,119.59,News,90.02,Monday,Afternoon,0.0,1.0,Neutral,118.09596,1,21.0
58507,Daily Digest,106.52,News,34.12,Monday,Afternoon,77.56,3.0,Neutral,57.10471,1,54.0
58784,Daily Digest,117.03,News,87.08,Monday,Afternoon,80.98,2.0,Positive,93.76973,1,28.0
58811,Daily Digest,83.25,News,71.97,Monday,Afternoon,36.05,0.0,Negative,82.15717,1,45.0
62334,Daily Digest,108.51,News,43.19,Monday,Afternoon,8.95,3.0,Positive,53.82659,1,43.0
63363,Daily Digest,65.74,News,79.53,Monday,Afternoon,71.43,0.0,Positive,51.11185,1,13.0
65789,Daily Digest,17.9,News,21.65,Monday,Afternoon,67.26,1.0,Neutral,11.17668,1,10.0
66243,Daily Digest,60.41,News,40.23,Monday,Afternoon,0.0,0.0,Positive,40.10624,1,52.0
67669,Daily Digest,84.07,News,24.37,Monday,Afternoon,8.56,3.0,Positive,52.84233,1,99.0
72714,Daily Digest,104.52,News,60.86,Monday,Afternoon,8.77,2.0,Positive,67.02767,1,62.0
72901,Daily Digest,97.89,News,35.17,Monday,Afternoon,0.0,1.0,Neutral,79.39356,1,6.0
72963,Daily Digest,104.68,News,67.82,Monday,Afternoon,97.43,2.0,Neutral,53.11,1,24.0
74026,Daily Digest,68.61221843003413,News,27.61,Monday,Afternoon,63.79,0.0,Neutral,37.29,1,66.0
77182,Daily Digest,33.36,News,27.33,Monday,Afternoon,39.8,3.0,Positive,19.76,1,45.0
78734,Daily Digest,95.91,News,31.4,Monday,Afternoon,0.0,0.0,Negative,88.89781,1,65.0
79505,Daily Digest,102.06,News,90.6,Monday,Afternoon,57.72,3.0,Neutral,75.46762,1,12.0
81759,Daily Digest,68.61221843003413,News,49.84,Monday,Afternoon,59.1,0.0,Positive,74.10289,1,61.0
81887,Daily Digest,19.94,News,93.68,Monday,Afternoon,72.64,0.0,Negative,14.44,1,95.0
84981,Daily Digest,7.99,News,67.82,Monday,Afternoon,0.0,1.0,Neutral,6.16428,1,28.0
85157,Daily Digest,89.34,News,83.69,Monday,Afternoon,71.17,1.0,Positive,62.17752,1,79.0
86600,Daily Digest,70.74,News,80.2,Monday,Afternoon,1.57,2.0,Neutral,41.10226,1,100.0
87577,Daily Digest,93.08,News,63.73,Monday,Afternoon,7.68,1.0,Negative,76.23821,1,100.0
87820,Daily Digest,52.94,News,26.59,Monday,Afternoon,5.43,3.0,Negative,41.67,1,7.0
88578,Daily Digest,73.04,News,60.35,Monday,Afternoon,41.35,1.0,Positive,53.91184,1,48.0
88860,Daily Digest,16.99,News,67.21,Monday,Afternoon,57.48,2.0,Neutral,10.68663,1,69.0
89400,Daily Digest,90.84,News,76.84,Monday,Afternoon,83.57,0.0,Neutral,90.587,1,64.0
92133,Daily Digest,68.87,News,61.18,Monday,Afternoon,56.84,3.0,Negative,46.60196,1,4.0
92407,Daily Digest,95.0,News,33.22,Monday,Afternoon,46.64,0.0,Neutral,93.6259,1,52.0
94430,Daily Digest,66.86,News,38.52,Monday,Afternoon,41.52,0.0,Neutral,40.91336,1,67.0
94818,Daily Digest,23.13,News,43.79,Monday,Afternoon,0.0,2.0,Positive,6.42934,1,100.0
97754,Daily Digest,69.52,News,33.44,Monday,Afternoon,79.68,0.0,Neutral,54.60352,1,64.0
98005,Daily Digest,33.03,News,76.51,Monday,Afternoon,9.76,2.0,Positive,19.00731,1,67.0
100981,Daily Digest,85.08,News,30.64,Monday,Afternoon,0.0,3.0,Positive,52.66733,1,99.0
101800,Daily Digest,102.33,News,38.45,Monday,Afternoon,47.88,0.0,Positive,68.8923,1,36.0
101802,Daily Digest,34.41,News,41.33,Monday,Afternoon,17.45,0.0,Neutral,28.56999,1,18.0
103010,Daily Digest,86.17,News,76.47,Monday,Afternoon,0.0,0.0,Negative,51.70074,1,48.0
103628,Daily Digest,112.59,News,91.42,Monday,Afternoon,68.92,0.0,Positive,111.30809,1,72.0
105959,Daily Digest,24.42,News,65.4,Monday,Afternoon,6.79,2.0,Positive,12.38069,1,19.0
106730,Daily Digest,68.61221843003413,News,48.27,Monday,Afternoon,0.0,0.0,Positive,91.78446,1,40.0
107768,Daily Digest,13.02,News,88.72,Monday,Afternoon,57.5,3.0,Negative,1.19324,1,60.0
108192,Daily Digest,111.93,News,27.36,Monday,Afternoon,0.0,1.0,Negative,107.48,1,61.0
108578,Daily Digest,77.77,News,26.63,Monday,Afternoon,96.76,3.0,Positive,44.99255,1,83.0
110702,Daily Digest,16.31,News,74.81,Monday,Afternoon,74.91,3.0,Neutral,6.0633,1,30.0
110845,Daily Digest,68.61221843003413,News,82.13,Monday,Afternoon,18.77,1.0,Negative,17.04276,1,37.0
113627,Daily Digest,68.61221843003413,News,49.95,Monday,Afternoon,22.72,1.0,Positive,85.01757,1,23.0
113826,Daily Digest,40.77,News,90.69,Monday,Afternoon,0.0,3.0,Positive,14.14561,1,7.0
114682,Daily Digest,35.24,News,65.17,Monday,Afternoon,0.0,3.0,Negative,16.07437,1,31.0
115422,Daily Digest,58.56,News,98.31,Monday,Afternoon,27.08,3.0,Negative,44.81101,1,31.0
118979,Daily Digest,12.53,News,47.62,Monday,Afternoon,50.31,1.0,Neutral,8.79,1,31.0
120082,Daily Digest,44.83,News,78.52,Monday,Afternoon,58.7,0.0,Negative,18.24302,1,98.0
120877,Daily Digest,61.1,News,23.14,Monday,Afternoon,61.52,1.0,Positive,30.12041,1,48.0
121470,Daily Digest,106.66,News,63.97,Monday,Afternoon,69.97,2.0,Neutral,56.86334,1,58.0
121772,Daily Digest,63.06,News,34.97,Monday,Afternoon,0.0,1.0,Neutral,51.80196,1,31.0
125369,Daily Digest,29.31,News,77.4,Monday,Afternoon,94.44,0.0,Negative,18.86607,1,73.0
127978,Daily Digest,68.61221843003413,News,39.02,Monday,Afternoon,0.0,1.0,Neutral,69.34301,1,71.0
129210,Daily Digest,49.64,News,32.09,Monday,Afternoon,97.66,1.0,Negative,24.96353,1,49.0
129682,Daily Digest,90.91,News,76.54,Monday,Afternoon,83.27,0.0,Neutral,90.587,1,12.0
132432,Daily Digest,103.89,News,93.11,Monday,Afternoon,99.51,1.0,Negative,103.09,1,33.0
132892,Daily Digest,104.07,News,45.23,Monday,Afternoon,39.04,2.0,Neutral,58.12728,1,28.0
134401,Daily Digest,47.99,News,44.4,Monday,Afternoon,79.78,2.0,Neutral,27.18209,1,77.0
138648,Daily Digest,50.26,News,31.45,Monday,Afternoon,47.71,0.0,Negative,39.34,1,88.0
138825,Daily Digest,51.43,News,65.0,Monday,Afternoon,22.15,0.0,Negative,31.61994,1,68.0
139349,Daily Digest,59.35,News,43.9,Monday,Afternoon,49.16,3.0,Positive,39.81278,1,52.0
140474,Daily Digest,34.73,News,75.62,Monday,Afternoon,48.5,0.0,Negative,22.10597,1,57.0
140687,Daily Digest,90.56,News,33.34,Monday,Afternoon,90.47,3.0,Negative,56.01953,1,29.0
140840,Daily Digest,62.33,News,36.23,Monday,Afternoon,46.23,1.0,Positive,52.02479,1,97.0
141028,Daily Digest,62.15,News,84.56,Monday,Afternoon,89.24,0.0,Neutral,46.47085,1,63.0
141927,Daily Digest,65.79,News,54.04,Monday,Afternoon,85.19,3.0,Positive,45.18,1,3.0
143500,Daily Digest,19.96,News,95.85,Monday,Afternoon,66.34,1.0,Positive,10.27287,1,44.0
146597,Daily Digest,99.12,News,71.73,Monday,Afternoon,81.24,1.0,Neutral,69.92219,1,31.0
146763,Daily Digest,76.98,News,84.62,Monday,Afternoon,0.0,0.0,Negative,70.67788,1,55.0
147923,Daily Digest,91.72,News,71.93,Monday,Afternoon,63.48,2.0,Neutral,80.89007,1,76.0
148297,Daily Digest,68.61221843003413,News,53.39,Monday,Afternoon,8.94,1.0,Neutral,23.03286,1,38.0
149507,Daily Digest,94.56,News,69.89,Monday,Afternoon,6.56,0.0,Positive,89.07932,1,96.0
149526,Daily Digest,68.61221843003413,News,57.25,Monday,Afternoon,54.25,1.0,Negative,68.59899,1,32.0
149814,Daily Digest,97.58,News,64.43,Monday,Afternoon,56.69,2.0,Negative,75.10332,1,26.0
149959,Daily Digest,113.36,News,94.54,Monday,Afternoon,40.29,3.0,Positive,95.28774,1,3.0
151287,Daily Digest,16.01,News,54.06,Monday,Afternoon,0.0,0.0,Neutral,0.99035,1,37.0
153250,Daily Digest,72.73,News,54.7,Monday,Afternoon,0.0,3.0,Neutral,39.79281,1,77.0
153314,Daily Digest,38.18,News,90.92,Monday,Afternoon,6.36,1.0,Positive,23.55376,1,74.0
153956,Daily Digest,52.51,News,85.12,Monday,Afternoon,61.47,2.0,Neutral,32.02112,1,46.0
154018,Daily Digest,97.58,News,32.0,Monday,Afternoon,11.25,2.0,Positive,53.93333,1,85.0
154927,Daily Digest,78.68,News,58.68,Monday,Afternoon,0.0,3.0,Negative,52.18252,1,8.0
155296,Daily Digest,90.05,News,92.1,Monday,Afternoon,72.74,2.0,Neutral,63.25481,1,100.0
159718,Daily Digest,98.25,News,41.78,Monday,Afternoon,70.79,0.0,Negative,99.06703,1,80.0
161966,Daily Digest,29.83,News,46.46,Monday,Afternoon,92.16,2.0,Positive,25.41501,1,54.0
162517,Daily Digest,106.2,News,89.16,Monday,Afternoon,97.81,2.0,Neutral,73.69482,1,27.0
162901,Daily Digest,67.67,News,29.33,Monday,Afternoon,5.38,3.0,Negative,46.86,1,57.0
164692,Daily Digest,79.33,News,59.99,Monday,Afternoon,64.96,1.0,Positive,54.92304,1,86.0
165048,Daily Digest,109.64,News,75.81,Monday,Afternoon,66.91,2.0,Negative,102.17392,1,66.0
166306,Daily Digest,28.05,News,64.1,Monday,Afternoon,98.38,0.0,Negative,16.38283,1,64.0
167335,Daily Digest,69.16,News,74.04,Monday,Afternoon,29.69,2.0,Positive,56.67181,1,14.0
168890,Daily Digest,64.98,News,61.41,Monday,Afternoon,1.7,1.0,Neutral,40.25863,1,19.0
171316,Daily Digest,98.46,News,41.4,Monday,Afternoon,94.92,1.0,Negative,63.25481,1,28.0
173603,Daily Digest,118.28,News,46.49,Monday,Afternoon,66.32,2.0,Neutral,64.68287,1,59.0
173786,Daily Digest,80.15,News,82.3,Monday,Afternoon,24.19,2.0,Negative,48.41556,1,89.0
178080,Daily Digest,53.83,News,48.74,Monday,Afternoon,37.36,2.0,Positive,34.77926,1,18.0
186569,Daily Digest,73.19,News,74.04,Monday,Afternoon,29.7,2.0,Positive,56.67181,1,14.0
186749,Daily Digest,101.48,News,41.93,Monday,Afternoon,31.95,3.0,Negative,82.04918,1,47.0
187046,Daily Digest,68.61221843003413,News,25.37,Monday,Afternoon,0.0,3.0,Neutral,64.12247,1,61.0
187253,Daily Digest,117.62,News,40.08,Monday,Afternoon,20.14,1.0,Positive,66.81779,1,13.0
188084,Daily Digest,34.31,News,58.27,Monday,Afternoon,22.62,3.0,Positive,23.97,1,45.0
189796,Daily Digest,68.61221843003413,News,24.34,Monday,Afternoon,59.76,2.0,Neutral,38.557,1,69.0
190348,Daily Digest,31.27,News,68.23,Monday,Afternoon,33.68,0.0,Negative,19.83918,1,34.0
195172,Daily Digest,105.9,News,33.2,Monday,Afternoon,19.3,0.0,Positive,91.84495,1,30.0
198014,Daily Digest,27.21,News,66.03,Monday,Afternoon,58.75,3.0,Negative,15.15,1,1.0
198037,Daily Digest,83.96,News,73.67,Monday,Afternoon,33.42,0.0,Neutral,47.52147,1,100.0
199081,Daily Digest,12.69,News,22.32,Monday,Afternoon,43.18,1.0,Neutral,11.87922,1,86.0
201902,Daily Digest,97.66,News,99.0,Monday,Afternoon,51.91,0.0,Neutral,85.52979,1,88.0
202919,Daily Digest,30.08,News,89.6,Monday,Afternoon,64.66,2.0,Negative,13.97,1,76.0
207298,Daily Digest,64.94,News,31.72,Monday,Afternoon,89.08,1.0,Neutral,61.67731,1,15.0
208168,Daily Digest,68.61221843003413,News,76.85,Monday,Afternoon,49.84,1.0,Neutral,16.52598,1,85.0
209522,Daily Digest,68.61221843003413,News,26.07,Monday,Afternoon,0.0,0.0,Negative,61.80585,1,15.0
211473,Daily Digest,70.83,News,59.4,Monday,Afternoon,70.83,2.0,Neutral,39.77752,1,71.0
212255,Daily Digest,68.61221843003413,News,95.95,Monday,Afternoon,95.12,1.0,Neutral,24.65292,1,78.0
213931,Daily Digest,99.24,News,20.34,Monday,Afternoon,66.53,3.0,Negative,72.01953,1,60.0
214660,Daily Digest,51.54,News,87.59,Monday,Afternoon,79.35,1.0,Positive,41.69914,1,51.0
218870,Daily Digest,41.47,News,96.78,Monday,Afternoon,43.61,2.0,Positive,27.8832,1,95.0
219355,Daily Digest,31.79,News,66.07,Monday,Afternoon,0.0,2.0,Neutral,12.69687,1,36.0
220104,Daily Digest,107.38,News,94.71,Monday,Afternoon,95.76,3.0,Neutral,76.84155,1,40.0
220125,Daily Digest,38.11,News,69.5,Monday,Afternoon,20.01,0.0,Positive,35.56483,1,44.0
221605,Daily Digest,68.61221843003413,News,23.94,Monday,Afternoon,64.79,0.0,Neutral,61.29485,1,34.0
223110,Daily Digest,49.85,News,60.58,Monday,Afternoon,85.98,1.0,Neutral,37.11187,1,52.0
223452,Daily Digest,44.3,News,22.68,Monday,Afternoon,12.07,0.0,Neutral,28.91868,1,32.0
223790,Daily Digest,74.79,News,52.79,Monday,Afternoon,72.79,3.0,Negative,54.85418,1,59.0
223870,Daily Digest,15.74,News,65.96,Monday,Afternoon,25.36,3.0,Neutral,2.41625,1,48.0
224936,Daily Digest,68.61221843003413,News,49.84,Monday,Afternoon,42.2,0.0,Positive,74.10289,1,61.0
225784,Daily Digest,115.68,News,50.02,Monday,Afternoon,0.0,3.0,Negative,70.78642,1,10.0
228857,Daily Digest,68.61221843003413,News,90.78,Monday,Afternoon,11.44,1.0,Neutral,44.31364,1,10.0
230736,Daily Digest,24.7,News,49.51,Monday,Afternoon,35.42,2.0,Positive,12.0579,1,13.0
238949,Daily Digest,68.61221843003413,News,45.32,Monday,Afternoon,0.0,2.0,Neutral,25.48265,1,39.0
240472,Daily Digest,90.91,News,68.9,Monday,Afternoon,29.45,0.0,Neutral,88.29187,1,84.0
246078,Daily Digest,82.65,News,44.61,Monday,Afternoon,0.0,0.0,Neutral,44.32169,1,5.0
246083,Daily Digest,92.67,News,84.61,Monday,Afternoon,84.08,0.0,Positive,71.33523,1,30.0
246126,Daily Digest,25.48,News,87.21,Monday,Afternoon,0.0,0.0,Positive,18.51827,1,80.0
251576,Daily Digest,21.92,News,65.39,Monday,Afternoon,92.0,2.0,Positive,18.66839,1,79.0
251609,Daily Digest,38.56,News,55.7,Monday,Afternoon,66.79,2.0,Neutral,23.5014,1,14.0
254381,Daily Digest,65.7,News,73.17,Monday,Afternoon,95.16,0.0,Negative,34.98473,1,32.0
254916,Daily Digest,102.86,News,89.02,Monday,Afternoon,71.75,1.0,Neutral,82.07348,1,6.0
256853,Daily Digest,66.7,News,79.92,Monday,Afternoon,75.62,0.0,Neutral,64.29248,1,20.0
260973,Daily Digest,53.61,News,97.54,Monday,Afternoon,70.4,2.0,Positive,24.09031,1,71.0
266590,Daily Digest,49.75,News,45.64,Monday,Afternoon,70.99,0.0,Negative,46.50145,1,66.0
270078,Daily Digest,57.87,News,48.84,Monday,Afternoon,55.87,1.0,Positive,53.313,1,34.0
270259,Daily Digest,105.84,News,94.67,Monday,Afternoon,0.0,0.0,Positive,93.99308,1,59.0
273723,Daily Digest,51.19,News,36.16,Monday,Afternoon,89.58,3.0,Neutral,31.47582,1,92.0
274888,Daily Digest,82.46,News,37.93,Monday,Afternoon,11.41,3.0,Positive,40.34472,1,83.0
277718,Daily Digest,85.96,News,54.81,Monday,Afternoon,31.41,1.0,Positive,55.42681,1,38.0
278001,Daily Digest,7.87,News,91.49,Monday,Afternoon,83.63,0.0,Neutral,7.79706,1,37.0
280205,Daily Digest,49.18,News,69.18,Monday,Afternoon,29.32,1.0,Neutral,34.01332,1,18.0
280517,Daily Digest,69.11,News,42.71,Monday,Afternoon,7.13,1.0,Positive,53.46024,1,99.0
280835,Daily Digest,50.85,News,31.57,Monday,Afternoon,56.33,1.0,Neutral,20.39167,1,26.0
285191,Daily Digest,114.38,News,54.75,Monday,Afternoon,43.47,0.0,Positive,110.2,1,79.0
286011,Daily Digest,34.43,News,94.12,Monday,Afternoon,0.0,2.0,Neutral,28.59195,1,39.0
287143,Daily Digest,64.5,News,20.34,Monday,Afternoon,80.25,0.0,Neutral,40.15349,1,25.0
294254,Daily Digest,27.4,News,20.56,Monday,Afternoon,5.59,1.0,Negative,19.24,1,78.0
296187,Daily Digest,68.35,News,70.38,Monday,Afternoon,66.78,1.0,Neutral,59.79296,1,28.0
298525,Daily Digest,91.0,News,68.94,Monday,Afternoon,29.11,1.0,Neutral,88.29187,1,38.0
298884,Daily Digest,89.44,News,33.47,Monday,Afternoon,50.98,1.0,Positive,87.46581,1,20.0
299153,Daily Digest,75.61,News,41.69,Monday,Afternoon,34.3,1.0,Positive,74.63357,1,10.0
299489,Daily Digest,45.9,News,79.65,Monday,Afternoon,91.19,0.0,Negative,23.0763,1,28.0
299767,Daily Digest,15.24,News,59.38,Monday,Afternoon,85.84,0.0,Positive,3.19987,1,58.0
301463,Daily Digest,79.28,News,76.21,Monday,Afternoon,10.13,2.0,Negative,54.43807,1,29.0
301579,Daily Digest,112.27,News,27.28,Monday,Afternoon,22.55,0.0,Negative,83.04303,1,66.0
302461,Daily Digest,29.75,News,81.99,Monday,Afternoon,0.0,3.0,Negative,22.05741,1,91.0
303362,Daily Digest,69.86,News,52.7,Monday,Afternoon,4.02,2.0,Negative,45.85963,1,5.0
304173,Daily Digest,73.15,News,82.3,Monday,Afternoon,19.04,0.0,Positive,66.15517,1,54.0
305423,Daily Digest,68.61221843003413,News,43.33,Monday,Afternoon,1.34,0.0,Positive,12.23628,1,28.0
305543,Daily Digest,114.08,News,82.2,Monday,Afternoon,46.4,3.0,Neutral,92.79971,1,61.0
308754,Daily Digest,62.92,News,83.43,Monday,Afternoon,50.76,1.0,Negative,49.8411,1,25.0
312065,Daily Digest,68.61221843003413,News,70.93,Monday,Afternoon,0.0,0.0,Neutral,41.21159,1,78.0
312229,Daily Digest,85.9,News,47.12,Monday,Afternoon,27.42,0.0,Negative,69.92616,1,1.0
313002,Daily Digest,68.61221843003413,News,23.38,Monday,Afternoon,0.0,2.0,Negative,23.96171,1,41.0
315585,Daily Digest,97.79,News,94.28,Monday,Afternoon,0.0,3.0,Positive,58.23,1,82.0
316221,Daily Digest,37.47,News,39.14,Monday,Afternoon,93.29,1.0,Positive,22.3036,1,68.0
316480,Daily Digest,16.2,News,44.76,Monday,Afternoon,86.2,0.0,Neutral,10.56,1,25.0
319710,Daily Digest,91.0,News,68.4,Monday,Afternoon,29.68,1.0,Positive,88.29187,1,84.0
319832,Daily Digest,68.61221843003413,News,66.74,Monday,Afternoon,0.0,0.0,Negative,56.46001,1,39.0
320750,Daily Digest,12.59,News,61.4,Monday,Afternoon,68.53,1.0,Negative,10.19,1,78.0
321139,Daily Digest,115.17,News,86.21,Monday,Afternoon,45.79,2.0,Positive,108.87096,1,29.0
324227,Daily Digest,61.9,News,81.41,Monday,Afternoon,71.41,0.0,Negative,61.9,1,11.0
325034,Daily Digest,90.34,News,57.14,Monday,Afternoon,78.41,0.0,Neutral,61.04604,1,69.0
325363,Daily Digest,91.72,News,71.73,Monday,Afternoon,34.96,2.0,Neutral,80.89007,1,76.0
325605,Daily Digest,68.61221843003413,News,31.94,Monday,Afternoon,0.0,0.0,Positive,56.97497,1,47.0
326261,Daily Digest,82.32,News,64.66,Monday,Afternoon,63.03,1.0,Positive,34.62781,1,94.0
327165,Daily Digest,84.41,News,88.04,Monday,Afternoon,0.0,0.0,Positive,63.78867,1,16.0
328392,Daily Digest,21.41,News,53.85,Monday,Afternoon,9.31,3.0,Negative,9.45086,1,83.0
328734,Daily Digest,20.12,News,47.55,Monday,Afternoon,63.28,0.0,Neutral,5.81082,1,1.0
329488,Daily Digest,69.32,News,51.91,Monday,Afternoon,29.48,2.0,Positive,56.67181,1,14.0
332164,Daily Digest,63.7,News,22.86,Monday,Afternoon,80.28,2.0,Positive,42.77743,1,97.0
333113,Daily Digest,111.63,News,84.33,Monday,Afternoon,0.0,0.0,Positive,103.04817,1,99.0
334461,Daily Digest,110.57,News,43.49,Monday,Afternoon,43.28,3.0,Positive,63.71586,1,85.0
336870,Daily Digest,68.61221843003413,News,39.04,Monday,Afternoon,16.04,1.0,Positive,23.00382,1,62.0
337265,Daily Digest,116.12,News,74.44,Monday,Afternoon,92.8,2.0,Negative,93.7,1,15.0
337930,Daily Digest,84.24,News,78.87,Monday,Afternoon,97.47,0.0,Positive,46.93749,1,36.0
339208,Daily Digest,68.61221843003413,News,32.1,Monday,Afternoon,19.57,2.0,Neutral,23.97449,1,23.0
339550,Daily Digest,34.79,News,54.01,Monday,Afternoon,59.74,0.0,Neutral,27.88548,1,6.0
340116,Daily Digest,67.25,News,88.25,Monday,Afternoon,0.0,2.0,Positive,40.74265,1,17.0
340180,Daily Digest,62.33,News,35.27,Monday,Afternoon,53.22,1.0,Positive,52.02479,1,53.0
341264,Daily Digest,52.17,News,46.74,Monday,Afternoon,69.36,3.0,Negative,24.34594,1,16.0
342099,Daily Digest,71.79,News,61.71,Monday,Afternoon,51.68,3.0,Neutral,32.40126,1,59.0
344423,Daily Digest,9.08,News,62.11,Monday,Afternoon,60.52,0.0,Positive,5.72262,1,52.0
344446,Daily Digest,68.61221843003413,News,32.86,Monday,Afternoon,0.0,1.0,Positive,81.92629,1,8.0
345320,Daily Digest,119.02,News,27.02,Monday,Afternoon,0.0,1.0,Positive,103.95819,1,69.0
346682,Daily Digest,62.33,News,36.18,Monday,Afternoon,92.41,1.0,Positive,52.02479,1,53.0
350203,Daily Digest,64.56,News,96.25,Monday,Afternoon,0.0,1.0,Neutral,45.09259,1,19.0
351525,Daily Digest,67.05,News,94.1,Monday,Afternoon,89.8,3.0,Negative,33.73771,1,59.0
351995,Daily Digest,51.81,News,41.08,Monday,Afternoon,0.0,3.0,Negative,18.71025,1,25.0
352037,Daily Digest,80.18,News,58.66,Monday,Afternoon,0.0,3.0,Positive,49.67,1,13.0
353595,Daily Digest,32.02,News,62.92,Monday,Afternoon,76.44,3.0,Negative,31.496,1,74.0
356992,Daily Digest,72.57,News,69.7,Monday,Afternoon,41.47,3.0,Neutral,50.37191,1,75.0
357389,Daily Digest,68.61221843003413,News,62.31,Monday,Afternoon,82.42,1.0,Neutral,35.98908,1,13.0
358231,Daily Digest,76.29,News,81.31,Monday,Afternoon,0.0,1.0,Neutral,57.33703,1,73.0
358526,Daily Digest,68.61221843003413,News,62.71,Monday,Afternoon,76.41,3.0,Negative,39.49,1,63.0
362841,Daily Digest,30.33,News,96.62,Monday,Afternoon,59.08,0.0,Negative,24.44157,1,93.0
364609,Daily Digest,79.28,News,76.21,Monday,Afternoon,10.85,0.0,Negative,54.43807,1,29.0
364997,Daily Digest,107.83,News,28.39,Monday,Afternoon,76.61,3.0,Neutral,79.3617,1,29.0
365515,Daily Digest,89.42,News,45.42,Monday,Afternoon,42.28,1.0,Negative,67.63261,1,30.0
365581,Daily Digest,61.71,News,27.21,Monday,Afternoon,17.15,0.0,Positive,37.34349,1,87.0
365599,Daily Digest,112.99,News,82.43,Monday,Afternoon,1.66,0.0,Neutral,82.67748,1,68.0
367530,Daily Digest,87.73,News,74.31,Monday,Afternoon,38.69,3.0,Neutral,67.01191,1,36.0
368069,Daily Digest,68.61221843003413,News,54.64,Monday,Afternoon,59.28,3.0,Positive,38.557,1,33.0
369442,Daily Digest,83.79,News,58.43,Monday,Afternoon,67.34,0.0,Negative,80.10002,1,28.0
369649,Daily Digest,17.31,News,50.07,Monday,Afternoon,48.6,2.0,Neutral,10.39717,1,14.0
371894,Daily Digest,82.2,News,81.93,Monday,Afternoon,58.72,3.0,Negative,58.44104,1,28.0
372556,Daily Digest,117.38,News,21.74,Monday,Afternoon,81.39,3.0,Neutral,69.28256,1,84.0
373287,Daily Digest,85.55,News,85.25,Monday,Afternoon,0.0,2.0,Neutral,66.77814,1,62.0
373832,Daily Digest,118.07,News,58.99,Monday,Afternoon,17.36,3.0,Negative,105.57,1,34.0
374766,Daily Digest,20.32,News,30.93,Monday,Afternoon,0.0,2.0,Negative,19.62717,1,71.0
375420,Daily Digest,100.58,News,29.16,Monday,Afternoon,0.0,1.0,Positive,63.56312,1,67.0
377996,Daily Digest,81.28,News,76.21,Monday,Afternoon,10.85,1.0,Negative,54.43807,1,29.0
380474,Daily Digest,47.34,News,74.04,Monday,Afternoon,56.84,1.0,Negative,18.96271,1,15.0
380780,Daily Digest,7.4,News,86.96,Monday,Afternoon,34.51,0.0,Positive,3.25273,1,56.0
384350,Daily Digest,76.48,News,58.14,Monday,Afternoon,88.44,2.0,Neutral,44.51771,1,99.0
389540,Daily Digest,18.11,News,77.77,Monday,Afternoon,19.33,0.0,Neutral,15.17338,1,77.0
393002,Daily Digest,67.61,News,66.99,Monday,Afternoon,51.18,1.0,Positive,37.3,1,79.0
393221,Daily Digest,68.61221843003413,News,54.7,Monday,Afternoon,8.41,1.0,Neutral,54.60552,1,43.0
394220,Daily Digest,62.34,News,89.37,Monday,Afternoon,0.0,3.0,Positive,49.4488,1,34.0
394415,Daily Digest,68.61221843003413,News,62.9,Monday,Afternoon,0.0,3.0,Neutral,59.39482,1,52.0
396357,Daily Digest,119.04,News,86.44,Monday,Afternoon,60.04,3.0,Positive,86.50664,1,30.0
397493,Daily Digest,83.12,News,71.02,Monday,Afternoon,11.95,0.0,Negative,82.15717,1,45.0
397950,Daily Digest,85.05,News,38.67,Monday,Afternoon,8.99,1.0,Neutral,65.46481,1,97.0
398426,Daily Digest,17.16,News,85.19,Monday,Afternoon,92.18,3.0,Positive,15.36899,1,95.0
398671,Daily Digest,119.01,News,36.12,Monday,Afternoon,33.17,0.0,Negative,116.007,1,12.0
400077,Daily Digest,5.83,News,31.75,Monday,Afternoon,0.0,1.0,Negative,1.18959,1,2.0
400585,Daily Digest,105.84,News,94.86,Monday,Afternoon,0.0,0.0,Neutral,93.99308,1,58.0
401706,Daily Digest,22.14,News,53.39,Monday,Afternoon,74.76,3.0,Positive,8.55598,1,29.0
402405,Daily Digest,64.63,News,37.23,Monday,Afternoon,61.28,2.0,Neutral,37.3965,1,90.0
402684,Daily Digest,88.51,News,37.16,Monday,Afternoon,71.22,1.0,Neutral,50.70828,1,46.0
404014,Daily Digest,68.61221843003413,News,76.85,Monday,Afternoon,49.84,1.0,Neutral,16.52598,1,51.0
404326,Daily Digest,37.46,News,38.97,Monday,Afternoon,2.16,0.0,Positive,25.41136,1,4.0
405426,Daily Digest,90.72,News,68.9,Monday,Afternoon,29.01,0.0,Positive,88.29187,1,82.0
405730,Daily Digest,68.61221843003413,News,39.41,Monday,Afternoon,73.32,0.0,Negative,65.04,1,65.0
406858,Daily Digest,117.35,News,79.66,Monday,Afternoon,9.07,3.0,Negative,75.43312,1,66.0
407350,Daily Digest,83.96,News,96.34,Monday,Afternoon,82.18,1.0,Positive,63.83748,1,81.0
407990,Daily Digest,14.57,News,48.31,Monday,Afternoon,98.08,2.0,Positive,13.36094,1,93.0
409094,Daily Digest,68.3,News,78.45,Monday,Afternoon,57.6,1.0,Negative,54.99254,1,78.0
409504,Daily Digest,40.91,News,79.36,Monday,Afternoon,0.0,1.0,Positive,34.90973,1,62.0
411872,Daily Digest,68.61221843003413,News,82.52,Monday,Afternoon,0.0,3.0,Neutral,38.91873,1,64.0
413173,Daily Digest,44.67,News,76.33,Monday,Afternoon,53.18,0.0,Positive,41.9476,1,99.0
416594,Daily Digest,68.61221843003413,News,27.94,Monday,Afternoon,39.84,1.0,Neutral,25.4884,1,85.0
416946,Daily Digest,96.99,News,59.7,Monday,Afternoon,70.83,3.0,Neutral,88.65428,1,74.0
417515,Daily Digest,29.53,News,73.51,Monday,Afternoon,72.84,2.0,Neutral,18.49753,1,6.0
417588,Daily Digest,34.44,News,85.4,Monday,Afternoon,48.69,1.0,Positive,13.5,1,81.0
421306,Daily Digest,27.65,News,51.43,Monday,Afternoon,95.66,1.0,Negative,5.78,1,72.0
424422,Daily Digest,112.33,News,67.64,Monday,Afternoon,72.09,3.0,Neutral,54.12247,1,86.0
426252,Daily Digest,68.61221843003413,News,27.14,Monday,Afternoon,0.0,2.0,Neutral,16.27447,1,62.0
426885,Daily Digest,101.91,News,74.56,Monday,Afternoon,0.0,1.0,Negative,76.1018,1,82.0
427150,Daily Digest,68.61221843003413,News,69.94,Monday,Afternoon,93.28,0.0,Neutral,34.76314,1,89.0
427995,Daily Digest,95.83,News,32.19,Monday,Afternoon,0.0,1.0,Neutral,91.61904,1,65.0
428268,Daily Digest,82.13,News,47.04,Monday,Afternoon,93.05,0.0,Neutral,64.99726,1,47.0
434582,Daily Digest,68.61221843003413,News,28.65,Monday,Afternoon,6.1,2.0,Positive,53.02347,1,24.0
435433,Daily Digest,109.08,News,76.53,Monday,Afternoon,0.0,1.0,Negative,56.05056,1,4.0
436104,Daily Digest,110.24,News,55.65,Monday,Afternoon,32.02,0.0,Neutral,104.00049,1,94.0
441499,Daily Digest,112.28,News,52.38,Monday,Afternoon,12.85,0.0,Negative,69.69501,1,18.0
441837,Daily Digest,52.54,News,54.73,Monday,Afternoon,78.1,0.0,Neutral,45.05579,1,72.0
444336,Daily Digest,116.79,News,53.66,Monday,Afternoon,88.2,2.0,Negative,106.62,1,84.0
447070,Daily Digest,49.64,News,63.26,Monday,Afternoon,60.04,1.0,Positive,33.10713,1,72.0
447109,Daily Digest,82.59,News,43.81,Monday,Afternoon,15.46,3.0,Negative,68.43289,1,80.0
447242,Daily Digest,81.62,News,89.76,Monday,Afternoon,70.78,0.0,Positive,63.61276,1,19.0
447737,Daily Digest,107.3,News,81.79,Monday,Afternoon,25.55,1.0,Neutral,104.06,1,31.0
453727,Daily Digest,40.93,News,51.47,Monday,Afternoon,72.11,3.0,Neutral,30.8026,1,94.0
454034,Daily Digest,87.55,News,83.12,Monday,Afternoon,51.42,1.0,Negative,67.63261,1,20.0
456056,Daily Digest,35.23,News,83.84,Monday,Afternoon,51.25,1.0,Positive,27.99088,1,55.0
458424,Daily Digest,91.99,News,32.6,Monday,Afternoon,59.01,0.0,Neutral,62.58233,1,86.0
459319,Daily Digest,65.69,News,68.03,Monday,Afternoon,0.0,3.0,Neutral,36.48799,1,17.0
460600,Daily Digest,95.43,News,71.91,Monday,Afternoon,56.05,2.0,Positive,61.67722,1,29.0
461741,Daily Digest,68.61221843003413,News,49.84,Monday,Afternoon,23.4,0.0,Positive,70.77178,1,55.0
463656,Daily Digest,19.02,News,98.0,Monday,Afternoon,80.88,3.0,Negative,10.69602,1,44.0
463735,Daily Digest,71.67,News,92.48,Monday,Afternoon,78.08,3.0,Neutral,41.86675,1,70.0
466799,Daily Digest,113.06,News,32.09,Monday,Afternoon,0.0,3.0,Positive,72.9675,1,35.0
467686,Daily Digest,105.84,News,50.99,Monday,Afternoon,23.97,1.0,Neutral,70.12605,1,53.0
469588,Daily Digest,91.17,News,67.7,Monday,Afternoon,52.15,1.0,Negative,65.35482,1,11.0
472579,Daily Digest,47.91,News,80.65,Monday,Afternoon,99.45,3.0,Neutral,28.39617,1,65.0
472650,Daily Digest,22.31,News,86.9,Monday,Afternoon,0.0,0.0,Positive,12.72617,1,97.0
473718,Daily Digest,37.3,News,51.61,Monday,Afternoon,45.98,0.0,Negative,20.60466,1,88.0
474121,Daily Digest,118.46,News,51.52,Monday,Afternoon,64.59,1.0,Positive,109.34,1,89.0
475265,Daily Digest,82.47,News,44.87,Monday,Afternoon,0.0,0.0,Negative,65.11186,1,9.0
477991,Daily Digest,41.05,News,43.37,Monday,Afternoon,4.65,1.0,Negative,36.17149,1,80.0
483998,Daily Digest,68.61221843003413,News,31.37,Monday,Afternoon,54.19,0.0,Neutral,50.72403,1,56.0
485872,Daily Digest,76.4,Music,22.1,Monday,Afternoon,50.27,0.0,Neutral,48.19929,1,56.0
486646,Daily Digest,68.61221843003413,News,85.79,Monday,Afternoon,48.69,0.0,Neutral,18.36054,1,26.0
487418,Daily Digest,67.54,News,84.1,Monday,Afternoon,17.35,1.0,Positive,54.06259,1,19.0
488732,Daily Digest,81.28,News,76.27,Monday,Afternoon,10.85,2.0,Negative,54.43807,1,29.0
490536,Daily Digest,68.61221843003413,News,33.53,Monday,Afternoon,56.16,3.0,Positive,65.66126,1,37.0
491521,Daily Digest,23.15,News,81.9,Monday,Afternoon,2.25,2.0,Neutral,9.75978,1,85.0
493290,Daily Digest,68.61221843003413,News,40.58,Monday,Afternoon,49.81,1.0,Neutral,107.39681,1,38.0
494585,Daily Digest,102.48,News,36.34,Monday,Afternoon,0.0,2.0,Neutral,52.0627,1,1.0
498358,Daily Digest,56.78,News,44.0,Monday,Afternoon,23.81,0.0,Negative,33.91675,1,87.0
498931,Daily Digest,62.68,News,46.67,Monday,Afternoon,1.11,3.0,Positive,29.74196,1,57.0
507779,Daily Digest,87.96,News,33.54,Monday,Afternoon,81.24,3.0,Negative,44.48701,1,17.0
508730,Daily Digest,19.56,News,56.14,Monday,Afternoon,61.14,0.0,Neutral,19.36279,1,78.0
511934,Daily Digest,96.14,News,99.14,Monday,Afternoon,72.98,1.0,Negative,86.0158,1,19.0
512241,Daily Digest,21.5,News,40.58,Monday,Afternoon,0.0,0.0,Neutral,11.51512,1,56.0
513093,Daily Digest,68.74,News,68.61,Monday,Afternoon,73.12,2.0,Neutral,31.99672,1,61.0
513316,Daily Digest,92.54,News,24.94,Monday,Afternoon,59.47,1.0,Positive,76.31018,1,72.0
514244,Daily Digest,69.87,News,41.56,Monday,Afternoon,95.46,1.0,Positive,67.24597,1,62.0
516223,Daily Digest,44.43,News,67.13,Monday,Afternoon,0.0,3.0,Negative,20.00367,1,4.0
516431,Daily Digest,94.89,News,84.37,Monday,Afternoon,0.0,0.0,Negative,78.18877,1,99.0
517589,Daily Digest,57.68,News,57.65,Monday,Afternoon,9.57,2.0,Positive,30.59831,1,64.0
517614,Daily Digest,33.13,News,35.24,Monday,Afternoon,22.68,3.0,Negative,19.3487,1,18.0
518143,Daily Digest,59.74,News,63.05,Monday,Afternoon,65.03,3.0,Neutral,29.2669,1,65.0
519465,Daily Digest,35.62,News,44.91,Monday,Afternoon,0.0,2.0,Positive,19.85841,1,98.0
520120,Daily Digest,52.85,News,23.04,Monday,Afternoon,46.74,3.0,Positive,28.45851,1,78.0
520654,Daily Digest,68.61221843003413,News,96.37,Monday,Afternoon,73.56,2.0,Positive,4.93153,1,5.0
521039,Daily Digest,82.83,News,53.46,Monday,Afternoon,61.02,0.0,Positive,62.33409,1,58.0
521947,Daily Digest,76.81,News,20.26,Monday,Afternoon,74.03,1.0,Neutral,67.17322,1,44.0
521969,Daily Digest,117.04,News,62.24,Monday,Afternoon,28.43,0.0,Neutral,97.68055,1,45.0
523001,Daily Digest,112.73,News,94.54,Monday,Afternoon,49.76,1.0,Negative,67.11135,1,96.0
529331,Daily Digest,54.67,News,77.08,Monday,Afternoon,8.04,2.0,Negative,40.99731,1,12.0
529938,Daily Digest,102.28,News,36.09,Monday,Afternoon,0.0,2.0,Neutral,52.0627,1,50.0
531867,Daily Digest,21.46,News,63.45,Monday,Afternoon,0.0,3.0,Negative,5.71,1,27.0
531869,Daily Digest,79.28,News,76.21,Monday,Afternoon,7.57,2.0,Negative,54.43807,1,29.0
531910,Daily Digest,90.56,News,26.25,Monday,Afternoon,52.6,2.0,Positive,56.01953,1,59.0
533896,Daily Digest,26.59,News,67.82,Monday,Afternoon,47.97,1.0,Positive,21.70799,1,47.0
534780,Daily Digest,49.55,News,65.58,Monday,Afternoon,66.32,1.0,Neutral,26.63932,1,1.0
538330,Daily Digest,27.16,News,88.35,Monday,Afternoon,84.38,0.0,Neutral,13.7117,1,25.0
539541,Daily Digest,72.55,News,58.56,Monday,Afternoon,17.53,0.0,Neutral,34.40129,1,22.0
540505,Daily Digest,88.42,News,86.51,Monday,Afternoon,0.0,2.0,Positive,53.21176,1,6.0
542263,Daily Digest,81.28,News,76.79,Monday,Afternoon,10.53,2.0,Negative,54.43807,1,29.0
544532,Daily Digest,108.56,News,68.92,Monday,Afternoon,19.19,1.0,Neutral,59.10536,1,35.0
544973,Daily Digest,75.19,News,38.99,Monday,Afternoon,0.0,2.0,Neutral,44.31364,1,51.0
548483,Daily Digest,68.61221843003413,News,84.24,Monday,Afternoon,59.76,0.0,Neutral,38.557,1,72.0
551385,Daily Digest,68.61221843003413,News,59.33,Monday,Afternoon,48.69,0.0,Neutral,18.36054,1,79.0
552053,Daily Digest,87.38,News,21.89,Monday,Afternoon,94.92,1.0,Positive,63.25481,1,27.0
552756,Daily Digest,112.32,News,57.63,Monday,Afternoon,30.11,2.0,Positive,70.05177,1,69.0
554707,Daily Digest,119.07,News,91.19,Monday,Afternoon,72.58,2.0,Negative,78.3113,1,87.0
555028,Daily Digest,50.02,News,22.1,Monday,Afternoon,50.85,0.0,Neutral,48.19929,1,56.0
558700,Daily Digest,24.3,News,69.65,Monday,Afternoon,35.81,1.0,Negative,15.69854,1,55.0
560154,Daily Digest,95.64,News,38.99,Monday,Afternoon,0.0,0.0,Negative,80.78591,1,32.0
563694,Daily Digest,12.91,News,83.79,Monday,Afternoon,71.14,1.0,Negative,4.60374,1,98.0
565352,Daily Digest,87.54,News,24.94,Monday,Afternoon,94.25,1.0,Neutral,63.25481,1,27.0
566057,Daily Digest,110.38,News,78.97,Monday,Afternoon,62.1,1.0,Neutral,91.56087,1,9.0
566577,Daily Digest,24.48,News,88.85,Monday,Afternoon,52.25,0.0,Neutral,15.15928,1,26.0
566816,Daily Digest,107.72,News,42.41,Monday,Afternoon,95.07,0.0,Neutral,67.23017,1,30.0
567932,Daily Digest,81.19,News,90.8,Monday,Afternoon,69.79,2.0,Negative,75.8335,1,23.0
568430,Daily Digest,105.59,News,53.76,Monday,Afternoon,87.08,0.0,Neutral,64.41142,1,84.0
568490,Daily Digest,81.28,News,79.81,Monday,Afternoon,10.85,2.0,Negative,54.43807,1,29.0
568493,Daily Digest,68.61221843003413,News,53.46,Monday,Afternoon,6.75,1.0,Positive,16.52598,1,51.0
570201,Daily Digest,68.61221843003413,News,26.77,Monday,Afternoon,0.0,3.0,Negative,21.90757,1,98.0
571736,Daily Digest,33.03,News,46.97,Monday,Afternoon,36.64,3.0,Negative,20.81895,1,3.0
576434,Daily Digest,55.11,News,76.68,Monday,Afternoon,0.0,0.0,Positive,48.59856,1,24.0
577214,Daily Digest,93.0,News,48.29,Monday,Afternoon,97.72,0.0,Positive,70.31468,1,82.0
579505,Daily Digest,97.35,News,43.39,Monday,Afternoon,66.64,0.0,Neutral,68.06123,1,75.0
579754,Daily Digest,19.23,News,63.26,Monday,Afternoon,0.0,1.0,Positive,13.99682,1,38.0
580245,Daily Digest,106.69,News,37.85,Monday,Afternoon,0.0,0.0,Negative,93.99308,1,84.0
582979,Daily Digest,63.16,News,39.94,Monday,Afternoon,0.0,1.0,Positive,43.80741,1,84.0
587786,Daily Digest,53.8,News,56.06,Monday,Afternoon,57.95,1.0,Neutral,34.23891,1,18.0
588117,Daily Digest,81.16,News,78.89,Monday,Afternoon,0.0,0.0,Neutral,44.57466,1,88.0
588635,Daily Digest,68.61221843003413,News,95.95,Monday,Afternoon,17.16,0.0,Neutral,35.69292,1,52.0
589515,Daily Digest,119.83,News,84.43,Monday,Afternoon,22.91,2.0,Neutral,64.68244,1,56.0
590568,Daily Digest,113.36,News,39.87,Monday,Afternoon,32.7,2.0,Positive,70.72,1,35.0
591805,Daily Digest,98.46,News,24.29,Monday,Afternoon,94.25,1.0,Positive,63.25481,1,27.0
593899,Daily Digest,19.74,News,49.43,Monday,Afternoon,39.74,2.0,Positive,6.52,1,45.0
594080,Daily Digest,37.46,News,38.37,Monday,Afternoon,4.02,0.0,Positive,25.41136,1,86.0
596918,Daily Digest,68.61221843003413,News,66.82,Monday,Afternoon,0.0,1.0,Neutral,0.0,1,84.0
597766,Daily Digest,9.43,News,94.72,Monday,Afternoon,30.53,0.0,Neutral,4.34574,1,69.0
598111,Daily Digest,118.65,News,65.1,Monday,Afternoon,12.73,1.0,Neutral,107.30249,1,60.0
599140,Daily Digest,119.84,News,81.41,Monday,Afternoon,27.46,1.0,Neutral,90.75477,1,99.0
599888,Daily Digest,89.4,News,79.76,Monday,Afternoon,42.44,1.0,Negative,67.63261,1,45.0
602171,Daily Digest,68.61221843003413,News,42.95,Monday,Afternoon,0.0,2.0,Neutral,31.22375,1,73.0
607991,Daily Digest,91.57,News,20.47,Monday,Afternoon,0.0,3.0,Negative,41.86271,1,30.0
613945,Daily Digest,68.61221843003413,News,60.18,Monday,Afternoon,12.81,3.0,Neutral,31.99672,1,62.0
620637,Daily Digest,52.81,News,35.9,Monday,Afternoon,12.7,1.0,Negative,45.11747,1,65.0
621250,Daily Digest,19.4,News,94.94,Monday,Afternoon,45.41,2.0,Negative,17.14726,1,27.0
621381,Daily Digest,53.71,News,84.64,Monday,Afternoon,72.26,2.0,Positive,24.09031,1,71.0
621546,Daily Digest,46.5,News,58.72,Monday,Afternoon,95.98,2.0,Positive,22.77534,1,81.0
622823,Daily Digest,33.78,News,64.75,Monday,Afternoon,0.0,0.0,Positive,24.78998,1,69.0
623444,Daily Digest,68.61221843003413,News,80.99,Monday,Afternoon,0.0,3.0,Negative,44.01,1,18.0
625979,Daily Digest,48.93,News,85.21,Monday,Afternoon,63.6,2.0,Positive,44.45824,1,70.0
628217,Daily Digest,68.61221843003413,News,23.4,Monday,Afternoon,0.0,0.0,Neutral,69.77188,1,77.0
632873,Daily Digest,117.59,News,94.66,Monday,Afternoon,92.54,1.0,Negative,67.35,1,83.0
633525,Daily Digest,31.04,News,42.88,Monday,Afternoon,99.88,3.0,Negative,15.1873,1,60.0
633614,Daily Digest,80.33,News,75.69,Monday,Afternoon,67.64,2.0,Negative,41.08507,1,30.0
633989,Daily Digest,84.21,News,71.16,Monday,Afternoon,64.12,2.0,Negative,66.46821,1,79.0
634513,Daily Digest,84.02,News,72.61,Monday,Afternoon,49.96,3.0,Neutral,72.29492,1,49.0
636812,Daily Digest,94.12,News,33.69,Monday,Afternoon,0.0,2.0,Negative,53.37745,1,45.0
637595,Daily Digest,105.37,News,41.95,Monday,Afternoon,6.96,0.0,Neutral,60.67179,1,3.0
640603,Daily Digest,116.77,News,62.62,Monday,Afternoon,77.69,1.0,Negative,87.1561,1,78.0
643947,Daily Digest,36.06,News,37.83,Monday,Afternoon,56.23,1.0,Negative,25.80085,1,21.0
645482,Daily Digest,68.61221843003413,News,27.52,Monday,Afternoon,0.0,3.0,Neutral,46.37434,1,75.0
645582,Daily Digest,101.57,News,53.31,Monday,Afternoon,43.92,0.0,Neutral,81.56434,1,11.0
648477,Daily Digest,35.76,News,57.99,Monday,Afternoon,85.07,0.0,Neutral,21.42658,1,50.0
650795,Daily Digest,68.61221843003413,News,38.31,Monday,Afternoon,99.87,1.0,Positive,15.34105,1,4.0
652732,Daily Digest,114.39,News,24.49,Monday,Afternoon,12.16,0.0,Positive,87.44177,1,10.0
656476,Daily Digest,10.19,News,94.6,Monday,Afternoon,30.9,0.0,Neutral,4.34574,1,64.0
657791,Daily Digest,78.2,News,82.8,Monday,Afternoon,48.37,1.0,Positive,56.38367,1,59.0
658424,Daily Digest,110.24,News,65.17,Monday,Afternoon,0.0,3.0,Neutral,69.04876,1,13.0
658955,Daily Digest,22.16,News,92.81,Monday,Afternoon,0.0,3.0,Neutral,14.34662,1,6.0
666015,Daily Digest,115.97,News,90.78,Monday,Afternoon,65.05,0.0,Neutral,80.96355,1,80.0
671066,Daily Digest,92.11,News,42.17,Monday,Afternoon,23.67,2.0,Positive,78.15691,1,83.0
673987,Daily Digest,74.61,News,41.94,Monday,Afternoon,94.92,1.0,Positive,63.25481,1,27.0
675584,Daily Digest,68.61221843003413,News,61.52,Monday,Afternoon,16.51,3.0,Neutral,18.1512,1,67.0
676427,Daily Digest,61.1,News,23.14,Monday,Afternoon,61.52,1.0,Positive,30.12041,1,67.0
680541,Daily Digest,68.61221843003413,News,58.69,Monday,Afternoon,71.44,1.0,Positive,29.29,1,67.0
681823,Daily Digest,93.35,News,70.41,Monday,Afternoon,9.32,0.0,Neutral,82.49723,1,60.0
681831,Daily Digest,107.22,News,48.72,Monday,Afternoon,40.85,2.0,Positive,88.51769,1,92.0
683752,Daily Digest,68.61221843003413,News,46.31,Monday,Afternoon,44.0,2.0,Positive,3.7967,1,38.0
685224,Daily Digest,117.03,News,84.11,Monday,Afternoon,0.0,1.0,Negative,108.87096,1,89.0
686028,Daily Digest,99.78,News,47.75,Monday,Afternoon,29.47,2.0,Negative,62.2958,1,46.0
687798,Daily Digest,11.43,News,83.41,Monday,Afternoon,68.28,1.0,Positive,10.36031,1,47.0
689151,Daily Digest,24.58,News,66.55,Monday,Afternoon,97.15,3.0,Negative,14.01625,1,11.0
689624,Daily Digest,13.04,News,64.13,Monday,Afternoon,78.16,2.0,Positive,8.77853,1,91.0
690315,Daily Digest,104.25,News,42.38,Monday,Afternoon,27.62,3.0,Positive,71.42507,1,71.0
690435,Daily Digest,19.24,News,32.2,Monday,Afternoon,45.66,0.0,Neutral,17.57522,1,95.0
691882,Daily Digest,66.88,News,47.88,Monday,Afternoon,24.72,3.0,Negative,36.08548,1,86.0
693370,Daily Digest,108.18,News,69.57,Monday,Afternoon,42.81,0.0,Neutral,100.05701,1,84.0
694230,Daily Digest,30.78,News,77.3,Monday,Afternoon,30.95,0.0,Neutral,31.69583,1,75.0
694649,Daily Digest,19.14,News,50.99,Monday,Afternoon,64.18,0.0,Negative,17.1,1,28.0
694882,Daily Digest,18.16,News,58.16,Monday,Afternoon,79.84,3.0,Negative,6.16,1,29.0
696932,Daily Digest,91.54,News,38.35,Monday,Afternoon,0.0,1.0,Neutral,63.74857,1,90.0
697338,Daily Digest,79.28,News,76.21,Monday,Afternoon,10.85,2.0,Negative,54.43807,1,29.0
698474,Daily Digest,44.99,News,59.1,Monday,Afternoon,18.67,3.0,Negative,15.01267,1,72.0
700466,Daily Digest,68.61221843003413,News,22.72,Monday,Afternoon,72.68,2.0,Neutral,33.44218,1,58.0
700907,Daily Digest,33.11,News,36.56,Monday,Afternoon,88.31,3.0,Negative,25.59798,1,66.0
702095,Daily Digest,68.61221843003413,News,76.39,Monday,Afternoon,77.53,0.0,Negative,98.65114,1,47.0
702333,Daily Digest,61.6,News,61.66,Monday,Afternoon,6.62,3.0,Negative,24.0136,1,38.0
703592,Daily Digest,117.38,News,40.69,Monday,Afternoon,20.2,1.0,Positive,66.81779,1,13.0
703901,Daily Digest,107.51,News,41.55,Monday,Afternoon,78.16,1.0,Positive,72.74852,1,39.0
706623,Daily Digest,95.46,News,98.11,Monday,Afternoon,21.41,0.0,Negative,77.58396,1,54.0
708812,Daily Digest,38.73,News,35.05,Monday,Afternoon,73.0,2.0,Neutral,33.15247,1,23.0
709984,Daily Digest,75.22,News,22.1,Monday,Afternoon,50.19,0.0,Neutral,48.19929,1,52.0
710727,Daily Digest,68.24,News,87.25,Monday,Afternoon,45.95,1.0,Neutral,61.33476,1,61.0
711928,Daily Digest,113.16,News,84.03,Monday,Afternoon,0.0,0.0,Negative,102.20542,1,100.0
712882,Daily Digest,100.76,News,74.29,Monday,Afternoon,24.43,0.0,Positive,73.90903,1,66.0
713011,Daily Digest,57.39,News,33.7,Monday,Afternoon,11.44,2.0,Neutral,25.32909,1,27.0
714100,Daily Digest,99.92,News,32.92,Monday,Afternoon,26.68,0.0,Positive,75.95444,1,92.0
715200,Daily Digest,70.35,News,27.98,Monday,Afternoon,83.01,1.0,Neutral,59.79296,1,81.0
715579,Daily Digest,13.58,News,31.3,Monday,Afternoon,22.54,1.0,Negative,7.68157,1,56.0
715722,Daily Digest,10.73,News,80.24,Monday,Afternoon,0.0,3.0,Negative,9.40058,1,93.0
716314,Daily Digest,85.38,News,54.33,Monday,Afternoon,44.85,0.0,Positive,59.34589,1,60.0
719239,Daily Digest,78.04,News,35.04,Monday,Afternoon,98.8,0.0,Negative,73.71883,1,46.0
719498,Daily Digest,31.17,News,99.5,Monday,Afternoon,0.82,0.0,Neutral,26.00151,1,18.0
722200,Daily Digest,22.65,News,78.08,Monday,Afternoon,36.96,3.0,Positive,11.54052,1,14.0
722228,Daily Digest,43.31,News,67.3,Monday,Afternoon,67.67,0.0,Neutral,22.20941,1,78.0
722430,Daily Digest,91.99,News,61.26,Monday,Afternoon,69.16,2.0,Negative,71.42507,1,93.0
723740,Daily Digest,13.53,News,83.7,Monday,Afternoon,97.49,2.0,Negative,7.86,1,97.0
723828,Daily Digest,46.11,News,43.47,Monday,Afternoon,13.41,2.0,Negative,29.44002,1,11.0
725471,Daily Digest,68.61221843003413,News,51.69,Monday,Afternoon,51.44,0.0,Positive,111.2,1,61.0
725858,Daily Digest,19.89,News,43.71,Monday,Afternoon,62.56,2.0,Positive,7.97603,1,24.0
726047,Daily Digest,9.76,News,65.26,Monday,Afternoon,52.31,0.0,Neutral,6.28,1,98.0
730583,Daily Digest,59.34,News,80.7,Monday,Afternoon,0.0,3.0,Positive,43.05,1,77.0
731097,Daily Digest,62.33,News,36.23,Monday,Afternoon,22.46,1.0,Positive,52.02479,1,53.0
731480,Daily Digest,68.61221843003413,News,63.43,Monday,Afternoon,41.21,1.0,Negative,67.34744,1,53.0
733420,Daily Digest,36.64,News,76.83,Monday,Afternoon,0.0,0.0,Negative,12.22686,1,69.0
735905,Daily Digest,20.07,News,93.42,Monday,Afternoon,48.94,3.0,Negative,9.27444,1,96.0
739470,Daily Digest,48.18,News,86.58,Monday,Afternoon,13.95,2.0,Neutral,26.72271,1,44.0
741882,Daily Digest,10.86,News,94.13,Monday,Afternoon,20.11,0.0,Neutral,4.34574,1,64.0
741994,Daily Digest,96.24,News,51.89,Monday,Afternoon,47.98,0.0,Negative,93.04898,1,31.0
745696,Daily Digest,68.61221843003413,News,45.33,Monday,Afternoon,0.0,1.0,Negative,24.12947,1,72.0
755240,Daily Digest,66.17,News,82.99,Monday,Afternoon,83.45,3.0,Negative,,0,63.0
759903,Daily Digest,66.6,News,57.52,Monday,Afternoon,56.32,2.0,Negative,,0,43.0
760699,Daily Digest,69.66,News,39.68,Monday,Afternoon,0.0,1.0,Neutral,,0,84.0
763785,Daily Digest,86.76,News,89.1,Monday,Afternoon,5.1,1.0,Neutral,,0,61.0
764135,Daily Digest,18.82,News,98.63,Monday,Afternoon,0.0,0.0,Negative,,0,79.0
764673,Daily Digest,68.61221843003413,News,87.47,Monday,Afternoon,93.61,3.0,Negative,,0,8.0
768278,Daily Digest,95.51,News,95.48,Monday,Afternoon,34.04,3.0,Positive,,0,46.0
769048,Daily Digest,91.54,News,33.06,Monday,Afternoon,71.4,1.0,Negative,,0,22.0
769186,Daily Digest,31.73,News,41.8,Monday,Afternoon,90.42,1.0,Neutral,,0,42.0
770791,Daily Digest,47.41,News,36.04,Monday,Afternoon,64.3,0.0,Negative,,0,92.0
771085,Daily Digest,115.96,News,36.79,Monday,Afternoon,98.78,3.0,Negative,,0,82.0
771304,Daily Digest,31.75,News,49.74,Monday,Afternoon,32.61,0.0,Negative,,0,25.0
772626,Daily Digest,119.34,News,35.17,Monday,Afternoon,33.17,0.0,Positive,,0,6.0
772706,Daily Digest,114.65,News,78.06,Monday,Afternoon,59.17,1.0,Positive,,0,87.0
773380,Daily Digest,118.88,News,65.77,Monday,Afternoon,12.58,1.0,Neutral,,0,80.0
774945,Daily Digest,103.04,News,91.32,Monday,Afternoon,63.1,3.0,Negative,,0,61.0
775338,Daily Digest,66.37,News,60.3,Monday,Afternoon,61.7,3.0,Neutral,,0,47.0
776093,Daily Digest,52.47,News,54.6,Monday,Afternoon,78.9,0.0,Neutral,,0,62.0
776367,Daily Digest,70.19,News,95.64,Monday,Afternoon,0.0,3.0,Positive,,0,26.0
777303,Daily Digest,101.06,News,46.83,Monday,Afternoon,65.1,1.0,Positive,,0,95.0
777915,Daily Digest,95.06,News,84.99,Monday,Afternoon,56.08,2.0,Positive,,0,35.0
779040,Daily Digest,68.41,News,87.73,Monday,Afternoon,69.33,0.0,Positive,,0,100.0
785790,Daily Digest,34.51,News,72.51,Monday,Afternoon,0.0,3.0,Positive,,0,92.0
787222,Daily Digest,62.95,News,65.25,Monday,Afternoon,72.24,0.0,Neutral,,0,26.0
787353,Daily Digest,68.61221843003413,News,74.33,Monday,Afternoon,78.86,2.0,Neutral,,0,87.0
788753,Daily Digest,53.96,News,24.5,Monday,Afternoon,0.0,3.0,Neutral,,0,62.0
791523,Daily Digest,84.99,News,85.98,Monday,Afternoon,0.0,1.0,Negative,,0,73.0
796021,Daily Digest,96.4,News,62.08,Monday,Afternoon,71.18,2.0,Neutral,,0,2.0
796136,Daily Digest,37.37,News,38.37,Monday,Afternoon,83.41,0.0,Positive,,0,3.0
796508,Daily Digest,117.97,News,53.1,Monday,Afternoon,65.97,0.0,Neutral,,0,53.0
801070,Daily Digest,72.34,News,21.16,Monday,Afternoon,88.96,2.0,Negative,,0,83.0
801984,Daily Digest,68.61221843003413,News,94.71,Monday,Afternoon,0.0,1.0,Positive,,0,52.0
803933,Daily Digest,84.03,News,92.16,Monday,Afternoon,77.09,2.0,Neutral,,0,75.0
810486,Daily Digest,107.88,News,46.07,Monday,Afternoon,51.18,0.0,Negative,,0,17.0
811290,Daily Digest,13.18,News,70.15,Monday,Afternoon,0.0,1.0,Neutral,,0,70.0
811360,Daily Digest,39.37,News,53.8,Monday,Afternoon,60.86,3.0,Neutral,,0,74.0
811563,Daily Digest,81.28,News,76.21,Monday,Afternoon,95.07,0.0,Negative,,0,29.0
811743,Daily Digest,19.03,News,52.38,Monday,Afternoon,21.94,2.0,Neutral,,0,72.0
811797,Daily Digest,102.9,News,95.75,Monday,Afternoon,88.87,0.0,Neutral,,0,75.0
812823,Daily Digest,47.17,News,44.87,Monday,Afternoon,98.96,2.0,Negative,,0,65.0
813512,Daily Digest,45.97,News,45.81,Monday,Afternoon,20.3,2.0,Positive,,0,52.0
815541,Daily Digest,101.92,News,51.99,Monday,Afternoon,65.83,0.0,Neutral,,0,20.0
816040,Daily Digest,36.77,News,21.8,Monday,Afternoon,82.77,0.0,Positive,,0,87.0
816823,Daily Digest,28.69,News,76.11,Monday,Afternoon,0.0,0.0,Positive,,0,36.0
817373,Daily Digest,65.96,News,30.39,Monday,Afternoon,75.7,2.0,Neutral,,0,88.0
819639,Daily Digest,16.97,News,44.15,Monday,Afternoon,62.27,1.0,Positive,,0,78.0
819646,Daily Digest,111.98,News,71.72,Monday,Afternoon,34.96,2.0,Neutral,,0,76.0
819704,Daily Digest,96.87,News,23.89,Monday,Afternoon,57.62,1.0,Neutral,,0,81.0
820178,Daily Digest,49.4,News,71.22,Monday,Afternoon,81.59,0.0,Negative,,0,15.0
826152,Daily Digest,80.78,News,36.47,Monday,Afternoon,3.17,1.0,Negative,,0,70.0
827202,Daily Digest,14.71,News,29.43,Monday,Afternoon,0.0,2.0,Neutral,,0,3.0
827920,Daily Digest,42.58,News,36.12,Monday,Afternoon,8.9,0.0,Positive,,0,7.0
828159,Daily Digest,68.61221843003413,News,76.39,Monday,Afternoon,0.0,2.0,Neutral,,0,61.0
828555,Daily Digest,68.19,News,41.94,Monday,Afternoon,94.92,1.0,Positive,,0,27.0
832758,Daily Digest,9.16,News,28.05,Monday,Afternoon,0.0,1.0,Positive,,0,68.0
832801,Daily Digest,31.03,News,68.23,Monday,Afternoon,22.82,0.0,Negative,,0,34.0
832932,Daily Digest,20.73,News,29.54,Monday,Afternoon,69.73,3.0,Negative,,0,59.0
835107,Daily Digest,37.13,News,73.36,Monday,Afternoon,44.63,0.0,Neutral,,0,60.0
836301,Daily Digest,74.68,News,94.58,Monday,Afternoon,46.84,0.0,Negative,,0,52.0
838557,Daily Digest,16.66,News,30.23,Monday,Afternoon,8.2,1.0,Positive,,0,11.0
841055,Daily Digest,75.21,News,94.69,Monday,Afternoon,0.0,3.0,Positive,,0,83.0
841915,Daily Digest,95.7,News,34.44,Monday,Afternoon,23.91,0.0,Neutral,,0,29.0
842590,Daily Digest,30.76,News,71.41,Monday,Afternoon,66.04,2.0,Negative,,0,68.0
844087,Daily Digest,84.51,News,86.49,Monday,Afternoon,5.17,0.0,Negative,,0,36.0
844157,Daily Digest,68.61221843003413,News,39.07,Monday,Afternoon,82.24,0.0,Negative,,0,24.0
844213,Daily Digest,100.86,News,35.0,Monday,Afternoon,0.0,3.0,Negative,,0,71.0
847967,Daily Digest,68.61221843003413,News,58.16,Monday,Afternoon,55.79,3.0,Neutral,,0,30.0
849247,Daily Digest,101.04,News,67.73,Monday,Afternoon,42.26,1.0,Positive,,0,66.0
849782,Daily Digest,28.18,News,53.55,Monday,Afternoon,34.6,0.0,Neutral,,0,50.0
850659,Daily Digest,80.62,News,57.14,Monday,Afternoon,78.41,0.0,Neutral,,0,70.0
851029,Daily Digest,111.36,News,37.16,Monday,Afternoon,65.85,2.0,Positive,,0,42.0
851270,Daily Digest,92.88,News,27.67,Monday,Afternoon,53.46,2.0,Positive,,0,65.0
854718,Daily Digest,64.97,News,64.97,Monday,Afternoon,0.0,1.0,Negative,,0,47.0
855504,Daily Digest,83.47,News,23.97,Monday,Afternoon,2.78,2.0,Positive,,0,66.0
860239,Daily Digest,116.37,News,62.16,Monday,Afternoon,33.59,0.0,Negative,,0,22.0
860849,Daily Digest,102.04,News,81.83,Monday,Afternoon,97.95,0.0,Positive,,0,88.0
862875,Daily Digest,119.18,News,82.4,Monday,Afternoon,0.0,1.0,Neutral,,0,14.0
863745,Daily Digest,34.35,News,93.84,Monday,Afternoon,88.74,1.0,Neutral,,0,16.0
864145,Daily Digest,57.92,News,30.51,Monday,Afternoon,0.0,1.0,Negative,,0,41.0
866217,Daily Digest,102.27,News,42.97,Monday,Afternoon,14.08,2.0,Negative,,0,88.0
869873,Daily Digest,15.68,News,44.53,Monday,Afternoon,5.38,3.0,Negative,,0,83.0
875905,Daily Digest,37.48,News,39.3,Monday,Afternoon,24.3,1.0,Neutral,,0,66.0
876927,Daily Digest,119.67,News,62.92,Monday,Afternoon,17.82,1.0,Neutral,,0,87.0
877992,Daily Digest,24.28,News,79.71,Monday,Afternoon,58.53,1.0,Positive,,0,78.0
881530,Daily Digest,49.32,News,60.57,Monday,Afternoon,37.17,0.0,Neutral,,0,9.0
882002,Daily Digest,68.96,News,47.68,Monday,Afternoon,0.0,0.0,Negative,,0,9.0
882680,Daily Digest,54.4,News,74.5,Monday,Afternoon,0.0,0.0,Neutral,,0,17.0
884382,Daily Digest,29.02,News,38.26,Monday,Afternoon,44.87,0.0,Positive,,0,37.0
886533,Daily Digest,68.61221843003413,News,26.97,Monday,Afternoon,14.97,2.0,Negative,,0,16.0
891933,Daily Digest,28.93,News,29.03,Monday,Afternoon,59.59,2.0,Positive,,0,61.0
891955,Daily Digest,117.5,News,20.25,Monday,Afternoon,28.04,1.0,Positive,,0,13.0
892603,Daily Digest,78.5,News,43.77,Monday,Afternoon,0.0,1.0,Negative,,0,35.0
892765,Daily Digest,107.82,News,33.73,Monday,Afternoon,0.0,3.0,Negative,,0,36.0
894940,Daily Digest,68.61221843003413,News,23.29,Monday,Afternoon,0.0,0.0,Neutral,,0,77.0
895625,Daily Digest,88.71,News,31.74,Monday,Afternoon,32.45,0.0,Positive,,0,33.0
897930,Daily Digest,37.18,News,39.3,Monday,Afternoon,16.68,1.0,Neutral,,0,61.0
898124,Daily Digest,68.61221843003413,News,36.52,Monday,Afternoon,83.7,0.0,Negative,,0,97.0
899054,Daily Digest,20.84,News,93.75,Monday,Afternoon,48.69,0.0,Neutral,,0,52.0
900488,Daily Digest,37.25,News,83.02,Monday,Afternoon,0.0,3.0,Neutral,,0,17.0
901263,Daily Digest,74.03,News,20.58,Monday,Afternoon,75.06,0.0,Neutral,,0,25.0
905242,Daily Digest,68.61221843003413,News,91.92,Monday,Afternoon,50.18,2.0,Negative,,0,63.0
906284,Daily Digest,39.26,News,69.92,Monday,Afternoon,93.28,1.0,Neutral,,0,31.0
906297,Daily Digest,117.06,News,32.66,Monday,Afternoon,8.77,3.0,Negative,,0,51.0
907475,Daily Digest,21.04,News,43.7,Monday,Afternoon,0.0,2.0,Neutral,,0,81.0
907542,Daily Digest,60.28,News,77.14,Monday,Afternoon,0.0,2.0,Negative,,0,1.0
915255,Daily Digest,35.87,News,56.95,Monday,Afternoon,41.29,3.0,Negative,,0,38.0
915412,Daily Digest,19.12,News,69.81,Monday,Afternoon,78.09,1.0,Negative,,0,62.0
919688,Daily Digest,85.28,News,58.65,Monday,Afternoon,9.04,0.0,Neutral,,0,78.0
920232,Daily Digest,38.92,News,38.62,Monday,Afternoon,33.83,1.0,Neutral,,0,12.0
921419,Daily Digest,111.98,News,71.72,Monday,Afternoon,18.96,2.0,Neutral,,0,81.0
922167,Daily Digest,68.61221843003413,News,47.61,Monday,Afternoon,53.41,1.0,Neutral,,0,59.0
923246,Daily Digest,92.49,News,58.4,Monday,Afternoon,44.41,2.0,Positive,,0,44.0
923392,Daily Digest,68.61221843003413,News,36.2,Monday,Afternoon,0.0,0.0,Positive,,0,60.0
923535,Daily Digest,85.0,News,58.61,Monday,Afternoon,46.69,0.0,Positive,,0,56.0
923557,Daily Digest,83.05,News,71.78,Monday,Afternoon,11.57,0.0,Negative,,0,45.0
924777,Daily Digest,98.04,News,80.86,Monday,Afternoon,79.55,1.0,Neutral,,0,17.0
927945,Daily Digest,29.08,News,34.21,Monday,Afternoon,61.03,3.0,Negative,,0,20.0
928333,Daily Digest,42.97,News,27.23,Monday,Afternoon,58.67,1.0,Positive,,0,55.0
930660,Daily Digest,108.1,News,91.95,Monday,Afternoon,41.69,3.0,Positive,,0,68.0
930725,Daily Digest,85.07,News,38.67,Monday,Afternoon,22.84,2.0,Positive,,0,61.0
932627,Daily Digest,68.61221843003413,News,69.4,Monday,Afternoon,50.2,0.0,Neutral,,0,36.0
932726,Daily Digest,99.05,News,41.62,Monday,Afternoon,8.95,3.0,Neutral,,0,36.0
939110,Daily Digest,118.62,News,60.56,Monday,Afternoon,20.74,2.0,Negative,,0,64.0
939209,Daily Digest,28.47,News,79.2,Monday,Afternoon,37.65,1.0,Negative,,0,36.0
942801,Daily Digest,79.28,News,76.21,Monday,Afternoon,10.87,0.0,Negative,,0,29.0
943912,Daily Digest,18.73,News,80.75,Monday,Afternoon,53.41,2.0,Neutral,,0,52.0
945357,Daily Digest,68.61221843003413,News,46.77,Monday,Afternoon,46.64,2.0,Neutral,,0,65.0
946140,Daily Digest,116.37,News,37.59,Monday,Afternoon,60.05,0.0,Negative,,0,22.0
946999,Daily Digest,90.66,News,45.62,Monday,Afternoon,91.42,3.0,Neutral,,0,19.0
947989,Daily Digest,71.8,News,80.51,Monday,Afternoon,90.1,2.0,Positive,,0,23.0
953961,Daily Digest,23.64,News,35.84,Monday,Afternoon,54.03,0.0,Positive,,0,70.0
955216,Daily Digest,104.51,News,53.34,Monday,Afternoon,69.16,2.0,Positive,,0,5.0
955720,Daily Digest,70.83,News,60.15,Monday,Afternoon,73.7,0.0,Neutral,,0,79.0
960837,Daily Digest,22.41,News,44.6,Monday,Afternoon,10.8,1.0,Neutral,,0,11.0
961055,Daily Digest,59.69,News,41.36,Monday,Afternoon,76.33,3.0,Positive,,0,73.0
961784,Daily Digest,32.02,News,74.99,Monday,Afternoon,50.43,3.0,Negative,,0,20.0
963232,Daily Digest,16.97,News,44.71,Monday,Afternoon,62.27,1.0,Positive,,0,58.0
964598,Daily Digest,50.08,News,22.1,Monday,Afternoon,50.27,0.0,Neutral,,0,56.0
964695,Daily Digest,25.1,News,31.07,Monday,Afternoon,29.1,0.0,Neutral,,0,69.0
967122,Daily Digest,55.22,News,51.26,Monday,Afternoon,0.0,2.0,Positive,,0,34.0
967680,Daily Digest,69.56,News,41.95,Monday,Afternoon,15.97,1.0,Positive,,0,35.0
968823,Daily Digest,86.78,News,90.18,Monday,Afternoon,89.71,1.0,Negative,,0,81.0
969380,Daily Digest,107.92,News,29.94,Monday,Afternoon,0.0,0.0,Positive,,0,11.0
970858,Daily Digest,68.61221843003413,News,69.66,Monday,Afternoon,59.66,3.0,Negative,,0,52.0
972715,Daily Digest,68.61221843003413,News,42.6,Monday,Afternoon,4.22,3.0,Positive,,0,30.0
973278,Daily Digest,7.96,News,92.17,Monday,Afternoon,4.68,3.0,Positive,,0,7.0
976533,Daily Digest,86.33,News,88.97,Monday,Afternoon,79.05,0.0,Positive,,0,77.0
976889,Daily Digest,103.02,News,25.06,Monday,Afternoon,34.64,3.0,Neutral,,0,82.0
981716,Daily Digest,75.33,News,44.05,Monday,Afternoon,86.42,2.0,Positive,,0,100.0
981736,Daily Digest,103.44,News,24.71,Monday,Afternoon,81.62,0.0,Positive,,0,78.0
982110,Daily Digest,113.19,News,49.72,Monday,Afternoon,0.0,2.0,Positive,,0,89.0
982812,Daily Digest,35.19,News,73.04,Monday,Afternoon,30.64,3.0,Positive,,0,8.0
983660,Daily Digest,114.18,News,38.59,Monday,Afternoon,37.37,3.0,Negative,,0,11.0
984616,Daily Digest,119.31,News,48.54,Monday,Afternoon,51.82,1.0,Negative,,0,42.0
986521,Daily Digest,65.13,News,79.72,Monday,Afternoon,8.28,3.0,Positive,,0,27.0
986794,Daily Digest,90.29,News,76.45,Monday,Afternoon,0.0,0.0,Positive,,0,26.0
987460,Daily Digest,92.86,News,73.1,Monday,Afternoon,44.34,0.0,Positive,,0,11.0
991964,Daily Digest,55.77,News,97.74,Monday,Afternoon,97.95,2.0,Neutral,,0,94.0
994235,Daily Digest,68.61221843003413,News,78.73,Monday,Afternoon,60.52,0.0,Negative,,0,48.0
995711,Daily Digest,8.48,News,41.75,Monday,Afternoon,30.99,0.0,Negative,,0,20.0
997090,Daily Digest,57.22,News,91.82,Monday,Afternoon,80.91,0.0,Negative,,0,40.0
997670,Daily Digest,9.74,News,61.86,Monday,Afternoon,8.97,2.0,Negative,,0,85.0
999802,Daily Digest,52.98,News,52.19,Monday,Afternoon,78.6,0.0,Neutral,,0,72.0
