id,Podcast_Name,Episode_Length_minutes,Genre,Host_Popularity_percentage,Publication_Day,Publication_Time,Guest_Popularity_percentage,Number_of_Ads,Episode_Sentiment,Listening_Time_minutes,is_train,Episode_Number
186,Daily Digest,7.76,News,93.73,Wednesday,Evening,76.27,0.0,Neutral,1.07053,1,43.0
258,Daily Digest,81.67,News,21.43,Wednesday,Evening,87.94,1.0,Positive,68.22282,1,65.0
1948,Daily Digest,33.79,News,43.83,Wednesday,Evening,98.38,1.0,Negative,25.04,1,98.0
1997,Daily Digest,63.315613540197454,News,75.39,Wednesday,Evening,0.0,2.0,Positive,30.28892,1,52.0
2372,Daily Digest,72.47,News,72.43,Wednesday,Evening,88.67,2.0,Positive,34.8976,1,58.0
4746,Daily Digest,79.84,News,33.58,Wednesday,Evening,42.57,2.0,Neutral,79.15474,1,47.0
6501,Daily Digest,31.57,News,64.18,Wednesday,Evening,4.21,2.0,Neutral,12.44465,1,58.0
8149,Daily Digest,57.61,News,95.76,Wednesday,Evening,65.32,1.0,Neutral,54.89467,1,30.0
9389,Daily Digest,72.93,News,82.67,Wednesday,Evening,67.6,1.0,Negative,52.46295,1,92.0
13419,Daily Digest,39.87,Health,29.53,Wednesday,Evening,48.39,1.0,Positive,16.09265,1,50.0
13452,Daily Digest,47.21,News,38.55,Wednesday,Evening,38.53,0.0,Positive,22.49537,1,35.0
14735,Daily Digest,103.86,News,35.19,Wednesday,Evening,0.0,2.0,Positive,47.46364,1,10.0
18900,Daily Digest,63.315613540197454,News,91.23,Wednesday,Evening,38.34,3.0,Neutral,69.02701,1,36.0
19786,Daily Digest,21.09,News,32.57,Wednesday,Evening,30.92,2.0,Negative,9.06711,1,69.0
20535,Daily Digest,64.92,News,78.48,Wednesday,Evening,40.54,2.0,Negative,43.57168,1,16.0
22410,Daily Digest,88.32,News,42.18,Wednesday,Evening,3.64,2.0,Negative,56.53666,1,82.0
22609,Daily Digest,79.84,News,96.54,Wednesday,Evening,0.0,0.0,Negative,70.16944,1,33.0
22695,Daily Digest,57.12,News,84.32,Wednesday,Evening,29.38,3.0,Neutral,40.31688,1,36.0
23608,Daily Digest,85.57,News,79.42,Wednesday,Evening,74.26,3.0,Neutral,40.17866,1,31.0
27199,Daily Digest,13.14,News,75.92,Wednesday,Evening,58.68,0.0,Neutral,11.32903,1,57.0
27231,Daily Digest,64.66,News,43.98,Wednesday,Evening,89.2,2.0,Positive,36.15,1,85.0
28288,Daily Digest,32.57,News,87.43,Wednesday,Evening,37.81,0.0,Negative,24.88235,1,47.0
28885,Daily Digest,54.76,News,48.27,Wednesday,Evening,4.63,3.0,Positive,35.77877,1,62.0
29284,Daily Digest,57.17,News,43.35,Wednesday,Evening,39.61,1.0,Negative,37.21885,1,40.0
33776,Daily Digest,97.93,News,97.63,Wednesday,Evening,60.46,3.0,Neutral,74.66616,1,3.0
35006,Daily Digest,115.41,News,24.19,Wednesday,Evening,21.92,1.0,Negative,70.60942,1,12.0
36490,Daily Digest,62.35,News,65.85,Wednesday,Evening,0.0,1.0,Neutral,44.93496,1,46.0
36822,Daily Digest,25.67,News,38.64,Wednesday,Evening,75.63,1.0,Neutral,23.22155,1,72.0
38527,Daily Digest,44.07,News,87.07,Wednesday,Evening,93.46,0.0,Positive,31.80717,1,93.0
38581,Daily Digest,81.71,News,98.71,Wednesday,Evening,51.41,1.0,Positive,39.36677,1,100.0
38982,Daily Digest,71.06,News,58.94,Wednesday,Evening,69.99,1.0,Negative,32.12868,1,51.0
40047,Daily Digest,17.88,News,87.81,Wednesday,Evening,9.5,2.0,Positive,15.09235,1,9.0
42583,Daily Digest,71.28,News,28.74,Wednesday,Evening,71.53,0.0,Negative,57.4,1,43.0
45877,Daily Digest,83.93,News,60.58,Wednesday,Evening,3.11,3.0,Positive,37.06748,1,65.0
46097,Daily Digest,63.315613540197454,News,78.43,Wednesday,Evening,11.06,0.0,Negative,10.99598,1,85.0
47238,Daily Digest,63.315613540197454,News,37.64,Wednesday,Evening,32.04,0.0,Negative,36.65942,1,30.0
47633,Daily Digest,17.5,News,39.67,Wednesday,Evening,38.56,0.0,Neutral,14.99258,1,39.0
49693,Daily Digest,63.315613540197454,News,49.86,Wednesday,Evening,0.0,1.0,Negative,11.36888,1,85.0
50530,Daily Digest,34.4,News,63.59,Wednesday,Evening,71.38,3.0,Negative,16.28,1,61.0
51466,Daily Digest,35.94,News,69.79,Wednesday,Evening,96.26,0.0,Neutral,23.96827,1,69.0
53134,Daily Digest,60.21,News,35.09,Wednesday,Evening,0.0,2.0,Negative,33.57776,1,25.0
55991,Daily Digest,78.07,News,20.93,Wednesday,Evening,97.93,1.0,Neutral,54.89467,1,1.0
57031,Daily Digest,59.39,News,59.97,Wednesday,Evening,0.0,3.0,Neutral,43.86,1,80.0
57886,Daily Digest,106.76,News,96.04,Wednesday,Evening,20.23,1.0,Positive,101.11774,1,39.0
58582,Daily Digest,39.74,News,84.27,Wednesday,Evening,45.33,1.0,Negative,10.94,1,51.0
62998,Daily Digest,113.43,News,79.71,Wednesday,Evening,7.71,0.0,Neutral,73.09467,1,71.0
63760,Daily Digest,69.2,News,20.73,Wednesday,Evening,76.42,1.0,Neutral,67.15355,1,38.0
63812,Daily Digest,63.315613540197454,News,98.3,Wednesday,Evening,9.53,3.0,Neutral,56.79816,1,96.0
64121,Daily Digest,57.61,News,96.43,Wednesday,Evening,65.32,1.0,Positive,54.89467,1,45.0
65513,Daily Digest,17.63,News,50.28,Wednesday,Evening,56.51,2.0,Neutral,10.39717,1,56.0
65898,Daily Digest,62.54,News,41.72,Wednesday,Evening,89.34,0.0,Neutral,49.897,1,9.0
68000,Daily Digest,99.38,News,77.92,Wednesday,Evening,8.95,0.0,Neutral,67.05827,1,43.0
68071,Daily Digest,75.31,News,71.08,Wednesday,Evening,29.19,3.0,Neutral,46.7309,1,12.0
68336,Daily Digest,41.33,News,20.34,Wednesday,Evening,11.59,2.0,Positive,32.46039,1,12.0
68687,Daily Digest,50.46,News,87.17,Wednesday,Evening,53.76,0.0,Neutral,31.89555,1,34.0
69309,Daily Digest,109.35,News,47.98,Wednesday,Evening,58.4,3.0,Positive,92.85972,1,19.0
70378,Daily Digest,81.44,News,91.1,Wednesday,Evening,0.0,1.0,Positive,55.04888,1,28.0
71789,Daily Digest,22.47,News,44.27,Wednesday,Evening,5.05,2.0,Neutral,7.7544,1,52.0
72021,Daily Digest,63.05,News,36.29,Wednesday,Evening,58.71,1.0,Positive,50.05512,1,43.0
73365,Daily Digest,117.84,News,82.95,Wednesday,Evening,17.66,3.0,Positive,105.16011,1,51.0
79644,Daily Digest,107.95,News,29.33,Wednesday,Evening,39.69,2.0,Positive,86.34565,1,82.0
79932,Daily Digest,115.69,News,23.52,Wednesday,Evening,6.1,2.0,Positive,101.99314,1,36.0
81237,Daily Digest,42.22,News,35.23,Wednesday,Evening,97.51,0.0,Neutral,11.57864,1,95.0
82334,Daily Digest,78.06,News,84.39,Wednesday,Evening,31.86,2.0,Negative,63.42665,1,58.0
84257,Daily Digest,40.23,News,83.59,Wednesday,Evening,52.39,0.0,Neutral,30.7692,1,67.0
84694,Daily Digest,30.21,News,98.53,Wednesday,Evening,23.9,1.0,Neutral,24.23645,1,34.0
84770,Daily Digest,61.11,News,62.52,Wednesday,Evening,52.17,3.0,Neutral,28.88385,1,67.0
86410,Daily Digest,63.315613540197454,News,33.68,Wednesday,Evening,0.0,0.0,Negative,57.05953,1,31.0
86480,Daily Digest,63.315613540197454,News,50.46,Wednesday,Evening,66.97,2.0,Neutral,32.03107,1,67.0
86981,Daily Digest,53.71,News,73.43,Wednesday,Evening,79.53,3.0,Neutral,40.09483,1,31.0
88189,Daily Digest,93.42,News,89.86,Wednesday,Evening,55.96,0.0,Negative,61.58598,1,64.0
90076,Daily Digest,111.78,News,43.59,Wednesday,Evening,76.65,0.0,Negative,103.04778,1,82.0
90277,Daily Digest,63.315613540197454,News,27.36,Wednesday,Evening,0.0,0.0,Negative,50.24374,1,49.0
91317,Daily Digest,45.06,News,60.35,Wednesday,Evening,26.86,0.0,Neutral,43.79774,1,8.0
91469,Daily Digest,25.81,News,31.58,Wednesday,Evening,45.58,3.0,Positive,11.41955,1,99.0
92387,Daily Digest,32.85,News,23.55,Wednesday,Evening,47.98,0.0,Negative,24.88235,1,59.0
94761,Daily Digest,110.56,News,90.76,Wednesday,Evening,0.0,0.0,Neutral,77.10927,1,22.0
95932,Daily Digest,63.315613540197454,News,47.79,Wednesday,Evening,6.28,2.0,Negative,9.05,1,83.0
98030,Daily Digest,63.315613540197454,News,90.48,Wednesday,Evening,0.0,1.0,Negative,73.62333,1,63.0
98539,Daily Digest,63.315613540197454,News,30.53,Wednesday,Evening,97.53,3.0,Neutral,54.36499,1,87.0
99502,Daily Digest,87.73,News,48.64,Wednesday,Evening,0.0,0.0,Neutral,75.19681,1,41.0
100899,Daily Digest,27.5,News,66.61,Wednesday,Evening,34.15,3.0,Neutral,13.79,1,68.0
101072,Daily Digest,27.41,News,44.56,Wednesday,Evening,44.09,3.0,Neutral,13.6172,1,75.0
101640,Daily Digest,36.27,News,55.35,Wednesday,Evening,5.15,0.0,Neutral,17.56338,1,5.0
102818,Daily Digest,101.85,News,53.34,Wednesday,Evening,15.6,1.0,Neutral,84.84527,1,45.0
103295,Daily Digest,12.14,News,61.85,Wednesday,Evening,50.12,1.0,Positive,8.9,1,29.0
103938,Daily Digest,100.68,News,45.11,Wednesday,Evening,69.79,0.0,Negative,92.55,1,45.0
105365,Daily Digest,116.01,News,87.55,Wednesday,Evening,0.0,2.0,Positive,78.2225,1,79.0
106663,Daily Digest,69.72,News,25.67,Wednesday,Evening,62.54,1.0,Positive,48.64379,1,21.0
109355,Daily Digest,93.58,News,76.88,Wednesday,Evening,84.07,1.0,Neutral,67.98237,1,32.0
109426,Daily Digest,83.56,News,28.98,Wednesday,Evening,76.36,3.0,Positive,62.01215,1,94.0
109528,Daily Digest,99.72,News,85.08,Wednesday,Evening,37.45,1.0,Negative,98.45578,1,81.0
111113,Daily Digest,99.51,News,95.18,Wednesday,Evening,48.26,3.0,Neutral,73.46689,1,94.0
112401,Daily Digest,103.16,News,35.33,Wednesday,Evening,66.94,2.0,Neutral,70.15368,1,62.0
112922,Daily Digest,101.79,News,97.84,Wednesday,Evening,0.0,2.0,Neutral,83.36329,1,88.0
113341,Daily Digest,97.93,News,27.68,Wednesday,Evening,86.13,3.0,Neutral,49.76822,1,94.0
115918,Daily Digest,31.11,News,82.93,Wednesday,Evening,81.77,0.0,Positive,22.51017,1,80.0
117229,Daily Digest,25.01,News,81.27,Wednesday,Evening,32.47,2.0,Neutral,21.33025,1,51.0
117928,Daily Digest,111.11,News,77.53,Wednesday,Evening,40.45,1.0,Positive,70.89649,1,23.0
118731,Daily Digest,75.76,News,30.11,Wednesday,Evening,0.0,2.0,Neutral,36.59309,1,74.0
121291,Daily Digest,6.49,News,90.86,Wednesday,Evening,34.68,2.0,Neutral,2.70981,1,43.0
121979,Daily Digest,93.3,News,22.28,Wednesday,Evening,92.09,1.0,Negative,57.43213,1,12.0
122794,Daily Digest,47.14,News,59.13,Wednesday,Evening,0.0,0.0,Neutral,40.55594,1,72.0
123697,Daily Digest,103.77,News,49.84,Wednesday,Evening,59.18,3.0,Neutral,96.18189,1,10.0
124223,Daily Digest,9.83,News,58.52,Wednesday,Evening,97.26,2.0,Negative,0.19587,1,100.0
124485,Daily Digest,76.83,News,25.72,Wednesday,Evening,22.04,1.0,Neutral,49.65743,1,14.0
124570,Daily Digest,63.315613540197454,News,97.13,Wednesday,Evening,0.0,2.0,Negative,56.79816,1,96.0
126478,Daily Digest,20.44,News,68.71,Wednesday,Evening,97.6,1.0,Negative,18.3066,1,71.0
126786,Daily Digest,76.78,News,69.39,Wednesday,Evening,0.0,1.0,Positive,67.26216,1,81.0
127354,Daily Digest,62.35,News,65.85,Wednesday,Evening,0.0,0.0,Negative,44.93496,1,97.0
130202,Daily Digest,63.315613540197454,News,78.21,Wednesday,Evening,23.57,2.0,Neutral,32.72725,1,80.0
132098,Daily Digest,19.8,News,51.29,Wednesday,Evening,12.32,1.0,Negative,13.99682,1,39.0
132163,Daily Digest,63.315613540197454,News,42.89,Wednesday,Evening,0.0,0.0,Positive,67.64592,1,63.0
135080,Daily Digest,108.34,News,41.75,Wednesday,Evening,0.0,1.0,Negative,76.52,1,71.0
135938,Daily Digest,57.25,News,66.6,Wednesday,Evening,0.0,1.0,Neutral,31.39,1,96.0
136260,Daily Digest,95.94,News,41.66,Wednesday,Evening,0.0,2.0,Positive,65.3198,1,80.0
136359,Daily Digest,65.93,News,53.82,Wednesday,Evening,0.0,2.0,Positive,41.88349,1,64.0
137769,Daily Digest,111.91,News,48.23,Wednesday,Evening,10.89,3.0,Negative,81.53,1,5.0
138313,Daily Digest,65.39,News,72.44,Wednesday,Evening,38.17,1.0,Negative,38.09824,1,20.0
140745,Daily Digest,114.03,News,60.12,Wednesday,Evening,33.01,2.0,Positive,71.65659,1,46.0
143342,Daily Digest,13.43,News,27.28,Wednesday,Evening,4.15,1.0,Neutral,8.14364,1,86.0
143613,Daily Digest,116.93,News,88.72,Wednesday,Evening,19.8,2.0,Neutral,91.81855,1,76.0
144770,Daily Digest,63.52,News,79.58,Wednesday,Evening,0.0,1.0,Neutral,41.89299,1,30.0
149348,Daily Digest,82.25,News,74.47,Wednesday,Evening,70.98,3.0,Negative,44.22,1,67.0
149672,Daily Digest,59.2,News,88.98,Wednesday,Evening,83.43,0.0,Neutral,55.46841,1,89.0
151892,Daily Digest,20.08,News,66.75,Wednesday,Evening,0.0,0.0,Negative,20.05852,1,3.0
152251,Daily Digest,63.315613540197454,News,24.58,Wednesday,Evening,0.0,2.0,Neutral,26.45733,1,33.0
152551,Daily Digest,63.315613540197454,News,59.63,Wednesday,Evening,23.96,0.0,Negative,42.22098,1,91.0
155180,Daily Digest,35.35,News,80.56,Wednesday,Evening,0.0,1.0,Negative,20.78003,1,81.0
155221,Daily Digest,116.16,News,24.0,Wednesday,Evening,17.98,0.0,Positive,54.39844,1,66.0
158953,Daily Digest,87.65,News,72.16,Wednesday,Evening,97.45,0.0,Negative,62.52328,1,18.0
159269,Daily Digest,85.96,News,58.06,Wednesday,Evening,52.85,0.0,Negative,57.72039,1,80.0
163525,Daily Digest,63.315613540197454,News,70.99,Wednesday,Evening,0.0,2.0,Negative,28.16802,1,62.0
165905,Daily Digest,63.315613540197454,News,47.03,Wednesday,Evening,18.31,0.0,Negative,22.16508,1,7.0
166030,Daily Digest,59.78,News,48.88,Wednesday,Evening,22.54,1.0,Negative,33.36739,1,77.0
174238,Daily Digest,111.78,News,24.65,Wednesday,Evening,23.48,0.0,Negative,103.04778,1,48.0
176902,Daily Digest,71.51,News,95.15,Wednesday,Evening,0.0,3.0,Positive,31.65117,1,88.0
177059,Daily Digest,44.27,News,87.27,Wednesday,Evening,93.46,0.0,Positive,31.80717,1,54.0
177090,Daily Digest,63.315613540197454,News,90.59,Wednesday,Evening,0.0,3.0,Neutral,24.64628,1,14.0
177642,Daily Digest,111.05,News,37.44,Wednesday,Evening,48.5,1.0,Neutral,93.87689,1,36.0
177987,Daily Digest,76.18,News,42.3,Wednesday,Evening,33.8,3.0,Positive,55.00653,1,59.0
181344,Daily Digest,68.59,News,82.49,Wednesday,Evening,0.0,2.0,Negative,36.83985,1,2.0
181862,Daily Digest,44.07,News,87.07,Wednesday,Evening,93.46,2.0,Positive,31.80717,1,54.0
182375,Daily Digest,70.28,News,58.94,Wednesday,Evening,35.82,0.0,Neutral,59.79384,1,20.0
183482,Daily Digest,12.09,News,62.6,Wednesday,Evening,58.7,3.0,Negative,10.53,1,19.0
184016,Daily Digest,99.33,News,68.82,Wednesday,Evening,29.45,2.0,Negative,75.82993,1,43.0
184288,Daily Digest,37.54,News,63.8,Wednesday,Evening,64.65,2.0,Positive,25.77838,1,78.0
184964,Daily Digest,23.31,News,47.63,Wednesday,Evening,84.28,1.0,Positive,20.68904,1,51.0
184996,Daily Digest,15.43,News,28.26,Wednesday,Evening,9.12,2.0,Positive,10.03803,1,41.0
186991,Daily Digest,51.98,News,70.68,Wednesday,Evening,0.0,0.0,Neutral,40.55594,1,72.0
186994,Daily Digest,108.28,News,64.53,Wednesday,Evening,94.71,2.0,Positive,58.17138,1,94.0
188716,Daily Digest,38.35,News,72.18,Wednesday,Evening,59.16,1.0,Neutral,23.9078,1,88.0
190323,Daily Digest,117.24,News,39.91,Wednesday,Evening,35.76,0.0,Positive,85.31998,1,77.0
192312,Daily Digest,38.21,News,28.0,Wednesday,Evening,43.23,0.0,Positive,22.49537,1,35.0
193553,Daily Digest,117.16,News,57.19,Wednesday,Evening,0.0,3.0,Negative,65.69826,1,26.0
193818,Daily Digest,63.315613540197454,News,57.82,Wednesday,Evening,16.99,0.0,Negative,7.05,1,79.0
195430,Daily Digest,63.315613540197454,News,31.28,Wednesday,Evening,57.28,3.0,Neutral,34.02055,1,43.0
195832,Daily Digest,35.78,News,31.72,Wednesday,Evening,0.0,1.0,Positive,29.39,1,8.0
196409,Daily Digest,111.04,News,21.67,Wednesday,Evening,59.96,0.0,Negative,101.42457,1,87.0
197698,Daily Digest,18.11,News,70.72,Wednesday,Evening,50.07,2.0,Negative,6.68647,1,26.0
198334,Daily Digest,115.38,News,36.24,Wednesday,Evening,71.21,0.0,Positive,68.75309,1,80.0
198450,Daily Digest,117.03,News,71.07,Wednesday,Evening,5.4,3.0,Positive,71.43338,1,17.0
199426,Daily Digest,63.315613540197454,News,79.7,Wednesday,Evening,0.0,0.0,Negative,74.96008,1,46.0
199935,Daily Digest,63.315613540197454,News,79.44,Wednesday,Evening,0.0,3.0,Neutral,24.05942,1,71.0
200165,Daily Digest,44.07,News,87.27,Wednesday,Evening,93.27,0.0,Positive,31.80717,1,54.0
200216,Daily Digest,25.08,News,95.78,Wednesday,Evening,19.88,1.0,Neutral,19.76049,1,98.0
201618,Daily Digest,74.97,News,38.22,Wednesday,Evening,0.0,2.0,Positive,58.7883,1,41.0
205620,Daily Digest,32.85,News,47.65,Wednesday,Evening,60.59,0.0,Negative,28.35934,1,78.0
206060,Daily Digest,63.315613540197454,News,73.48,Wednesday,Evening,69.85,0.0,Positive,110.30716,1,67.0
206436,Daily Digest,86.47,News,52.16,Wednesday,Evening,9.49,1.0,Negative,69.98182,1,56.0
207231,Daily Digest,47.04,News,64.11,Wednesday,Evening,3.89,0.0,Neutral,39.98661,1,52.0
207390,Daily Digest,60.54,News,85.9,Wednesday,Evening,39.41,0.0,Neutral,30.31685,1,87.0
211515,Daily Digest,63.315613540197454,News,29.26,Wednesday,Evening,0.0,0.0,Positive,83.05927,1,81.0
212233,Daily Digest,39.24,News,77.77,Wednesday,Evening,93.16,2.0,Positive,23.16895,1,99.0
212461,Daily Digest,47.99,News,83.36,Wednesday,Evening,0.0,3.0,Neutral,26.80891,1,87.0
213129,Daily Digest,11.8,News,46.68,Wednesday,Evening,80.85,1.0,Neutral,1.97426,1,76.0
213355,Daily Digest,68.26,News,78.95,Wednesday,Evening,30.67,0.0,Negative,44.86334,1,11.0
213807,Daily Digest,70.49,News,87.87,Wednesday,Evening,97.66,1.0,Negative,54.35864,1,22.0
214195,Daily Digest,48.46,News,48.96,Wednesday,Evening,0.0,1.0,Neutral,34.2836,1,75.0
214659,Daily Digest,107.66,News,41.39,Wednesday,Evening,74.87,1.0,Negative,57.84518,1,62.0
215895,Daily Digest,39.24,News,78.57,Wednesday,Evening,97.3,3.0,Negative,31.14244,1,100.0
216650,Daily Digest,62.99,News,91.89,Wednesday,Evening,13.33,0.0,Neutral,48.67769,1,76.0
217586,Daily Digest,34.23,News,74.59,Wednesday,Evening,29.31,2.0,Positive,31.38881,1,22.0
218517,Daily Digest,42.08,News,81.3,Wednesday,Evening,79.53,3.0,Negative,27.18209,1,90.0
220070,Daily Digest,17.44,News,58.12,Wednesday,Evening,19.6,0.0,Negative,11.59699,1,19.0
221952,Daily Digest,19.32,News,57.89,Wednesday,Evening,59.07,3.0,Neutral,16.25936,1,64.0
223059,Daily Digest,39.87,Health,29.53,Wednesday,Evening,49.75,1.0,Positive,16.09265,1,50.0
223115,Daily Digest,63.315613540197454,News,96.59,Wednesday,Evening,40.94,0.0,Neutral,79.76053,1,97.0
223969,Daily Digest,63.315613540197454,News,93.11,Wednesday,Evening,93.12,2.0,Negative,46.71555,1,77.0
226561,Daily Digest,108.57,News,26.39,Wednesday,Evening,22.42,2.0,Positive,79.74065,1,62.0
227774,Daily Digest,7.43,News,46.64,Wednesday,Evening,29.64,0.0,Neutral,0.23504,1,92.0
229008,Daily Digest,78.33,News,30.63,Wednesday,Evening,35.82,0.0,Positive,60.9002,1,63.0
229911,Daily Digest,46.71,News,62.69,Wednesday,Evening,23.37,0.0,Negative,29.51293,1,48.0
230265,Daily Digest,5.73,News,84.41,Wednesday,Evening,13.14,1.0,Positive,0.0,1,74.0
230814,Daily Digest,63.315613540197454,News,83.38,Wednesday,Evening,0.0,1.0,Negative,48.39268,1,11.0
233165,Daily Digest,74.76,News,58.38,Wednesday,Evening,0.0,0.0,Negative,42.61105,1,34.0
233249,Daily Digest,95.55,News,29.72,Wednesday,Evening,59.92,1.0,Positive,80.97,1,40.0
233318,Daily Digest,17.3,News,34.51,Wednesday,Evening,62.71,2.0,Neutral,7.48197,1,3.0
234119,Daily Digest,59.52,News,96.13,Wednesday,Evening,42.03,1.0,Neutral,27.26445,1,63.0
234719,Daily Digest,15.43,News,94.64,Wednesday,Evening,10.0,2.0,Positive,10.03803,1,43.0
236377,Daily Digest,17.99,News,81.64,Wednesday,Evening,32.56,0.0,Neutral,4.86431,1,66.0
239022,Daily Digest,14.22,News,82.72,Wednesday,Evening,41.27,1.0,Neutral,1.70722,1,16.0
239956,Daily Digest,78.49,News,61.3,Wednesday,Evening,0.0,0.0,Neutral,70.23921,1,91.0
240620,Daily Digest,113.78,News,62.59,Wednesday,Evening,41.4,1.0,Positive,95.27975,1,71.0
241177,Daily Digest,63.315613540197454,News,58.71,Wednesday,Evening,22.66,0.0,Neutral,37.26857,1,29.0
241181,Daily Digest,97.53,News,40.06,Wednesday,Evening,72.73,1.0,Positive,71.7693,1,9.0
242374,Daily Digest,12.36,News,50.54,Wednesday,Evening,98.38,0.0,Neutral,12.03605,1,33.0
246995,Daily Digest,81.53,News,43.88,Wednesday,Evening,6.98,3.0,Negative,53.87269,1,11.0
247768,Daily Digest,65.66,News,99.13,Wednesday,Evening,2.35,1.0,Negative,63.54381,1,7.0
247838,Daily Digest,63.315613540197454,News,60.18,Wednesday,Evening,86.1,1.0,Positive,43.716,1,24.0
254064,Daily Digest,8.31,News,91.75,Wednesday,Evening,66.55,0.0,Positive,6.0031,1,84.0
255976,Daily Digest,103.77,News,81.05,Wednesday,Evening,6.34,2.0,Neutral,79.52147,1,98.0
256722,Daily Digest,63.315613540197454,News,40.81,Wednesday,Evening,66.67,2.0,Neutral,20.8924,1,26.0
257121,Daily Digest,24.47,News,74.42,Wednesday,Evening,28.04,0.0,Neutral,9.63,1,32.0
258386,Daily Digest,32.46,News,47.65,Wednesday,Evening,65.4,0.0,Negative,28.35934,1,31.0
258633,Daily Digest,103.25,News,89.99,Wednesday,Evening,73.39,0.0,Neutral,63.05,1,73.0
259137,Daily Digest,63.315613540197454,News,20.34,Wednesday,Evening,4.21,2.0,Negative,46.52008,1,11.0
260813,Daily Digest,17.67,News,42.91,Wednesday,Evening,34.37,0.0,Neutral,14.99258,1,39.0
262908,Daily Digest,76.44,News,84.41,Wednesday,Evening,51.57,3.0,Neutral,58.70953,1,11.0
264048,Daily Digest,62.35,News,24.03,Wednesday,Evening,66.63,0.0,Neutral,44.93496,1,97.0
265086,Daily Digest,75.98,News,28.81,Wednesday,Evening,11.01,0.0,Positive,62.59769,1,6.0
265572,Daily Digest,15.99,News,94.37,Wednesday,Evening,64.12,2.0,Positive,10.03803,1,43.0
266863,Daily Digest,50.99,News,84.03,Wednesday,Evening,72.23,0.0,Positive,30.73807,1,51.0
267268,Daily Digest,80.4,News,33.94,Wednesday,Evening,76.66,2.0,Negative,53.25717,1,98.0
267710,Daily Digest,35.33,News,33.36,Wednesday,Evening,0.0,0.0,Negative,23.7621,1,80.0
267819,Daily Digest,43.62,News,93.21,Wednesday,Evening,42.41,3.0,Neutral,19.28064,1,41.0
268604,Daily Digest,63.315613540197454,News,76.16,Wednesday,Evening,0.0,0.0,Neutral,90.43297,1,27.0
268615,Daily Digest,99.05,News,68.81,Wednesday,Evening,47.38,1.0,Positive,78.23625,1,81.0
269634,Daily Digest,117.3,News,90.78,Wednesday,Evening,12.26,1.0,Neutral,110.06464,1,1.0
271168,Daily Digest,100.59,News,96.57,Wednesday,Evening,45.53,0.0,Positive,92.10474,1,22.0
271177,Daily Digest,30.29,News,27.81,Wednesday,Evening,60.66,0.0,Neutral,12.10668,1,51.0
274170,Daily Digest,117.88,News,34.05,Wednesday,Evening,39.91,1.0,Neutral,108.03748,1,54.0
274938,Daily Digest,47.19,News,28.92,Wednesday,Evening,14.81,2.0,Neutral,22.39584,1,78.0
274971,Daily Digest,80.99,News,52.26,Wednesday,Evening,40.78,3.0,Neutral,63.34922,1,33.0
277527,Daily Digest,94.14,News,85.02,Wednesday,Evening,3.87,0.0,Neutral,72.89545,1,66.0
278268,Daily Digest,54.41,News,81.86,Wednesday,Evening,51.41,1.0,Positive,39.36677,1,100.0
279367,Daily Digest,72.74,News,66.65,Wednesday,Evening,57.67,3.0,Negative,48.35468,1,54.0
280263,Daily Digest,31.85,News,87.43,Wednesday,Evening,34.28,0.0,Positive,24.88235,1,74.0
283282,Daily Digest,91.98,News,20.73,Wednesday,Evening,63.96,0.0,Positive,71.36829,1,90.0
283484,Daily Digest,114.48,News,23.22,Wednesday,Evening,56.26,0.0,Neutral,80.1775,1,94.0
283510,Daily Digest,79.42,News,69.13,Wednesday,Evening,5.33,0.0,Neutral,56.48595,1,100.0
284009,Daily Digest,106.9,News,33.41,Wednesday,Evening,89.69,3.0,Negative,102.51,1,46.0
288034,Daily Digest,63.315613540197454,News,94.63,Wednesday,Evening,57.9,3.0,Positive,17.94265,1,57.0
288772,Daily Digest,88.18,News,60.24,Wednesday,Evening,0.0,2.0,Neutral,52.88467,1,68.0
291775,Daily Digest,38.71,News,71.97,Wednesday,Evening,0.0,2.0,Negative,27.51822,1,3.0
293055,Daily Digest,39.41,News,66.36,Wednesday,Evening,8.83,2.0,Positive,28.94,1,78.0
293392,Daily Digest,26.12,News,27.18,Wednesday,Evening,74.26,0.0,Neutral,18.15178,1,13.0
296257,Daily Digest,100.69,News,32.27,Wednesday,Evening,88.05,2.0,Neutral,79.56061,1,80.0
296457,Daily Digest,63.315613540197454,News,97.74,Wednesday,Evening,0.0,3.0,Positive,50.97399,1,17.0
296791,Daily Digest,34.15,News,68.23,Wednesday,Evening,6.1,3.0,Neutral,25.53,1,72.0
298402,Daily Digest,42.68,News,35.23,Wednesday,Evening,97.51,0.0,Neutral,11.57864,1,95.0
299431,Daily Digest,63.315613540197454,News,44.63,Wednesday,Evening,49.61,2.0,Neutral,57.94521,1,34.0
300222,Daily Digest,110.86,News,53.01,Wednesday,Evening,65.78,1.0,Negative,84.84527,1,96.0
303075,Daily Digest,42.17,News,35.23,Wednesday,Evening,97.51,0.0,Neutral,11.57864,1,92.0
304751,Daily Digest,91.16,News,57.07,Wednesday,Evening,77.52,2.0,Positive,63.60969,1,58.0
305789,Daily Digest,63.315613540197454,News,29.03,Wednesday,Evening,71.23,1.0,Neutral,48.94,1,64.0
305822,Daily Digest,23.65,News,42.07,Wednesday,Evening,97.78,1.0,Positive,13.60915,1,28.0
308581,Daily Digest,99.05,News,85.12,Wednesday,Evening,32.06,1.0,Negative,98.45578,1,74.0
308783,Daily Digest,97.27,News,91.79,Wednesday,Evening,0.0,0.0,Negative,81.75548,1,30.0
309240,Daily Digest,42.85,News,54.25,Wednesday,Evening,0.0,0.0,Neutral,30.02399,1,10.0
310171,Daily Digest,88.31,News,29.82,Wednesday,Evening,69.85,0.0,Neutral,69.88679,1,69.0
311124,Daily Digest,60.82,News,58.4,Wednesday,Evening,0.0,0.0,Negative,48.37833,1,37.0
311895,Daily Digest,92.84,News,71.34,Wednesday,Evening,95.82,1.0,Positive,82.24049,1,34.0
312760,Daily Digest,102.42,News,37.71,Wednesday,Evening,26.58,1.0,Neutral,84.84527,1,96.0
313800,Daily Digest,63.6,News,39.63,Wednesday,Evening,44.12,1.0,Positive,61.42677,1,3.0
313970,Daily Digest,106.69,News,57.33,Wednesday,Evening,0.0,0.0,Negative,77.91669,1,31.0
315291,Daily Digest,117.07,News,93.57,Wednesday,Evening,58.58,3.0,Positive,84.49098,1,99.0
316141,Daily Digest,41.28,News,85.25,Wednesday,Evening,0.0,2.0,Positive,28.96228,1,52.0
316382,Daily Digest,63.315613540197454,News,78.4,Wednesday,Evening,89.82,2.0,Positive,4.04221,1,96.0
318327,Daily Digest,48.24,News,22.47,Wednesday,Evening,95.35,1.0,Positive,38.11962,1,35.0
320306,Daily Digest,91.83,News,51.73,Wednesday,Evening,8.15,0.0,Negative,54.57563,1,36.0
322520,Daily Digest,83.65,News,87.0,Wednesday,Evening,96.38,0.0,Negative,53.96128,1,73.0
322822,Daily Digest,63.315613540197454,News,57.65,Wednesday,Evening,88.53,1.0,Positive,61.73831,1,45.0
323283,Daily Digest,63.315613540197454,News,79.13,Wednesday,Evening,20.06,0.0,Neutral,16.7794,1,8.0
323792,Daily Digest,48.05,News,30.4,Wednesday,Evening,37.11,1.0,Positive,39.22185,1,97.0
325018,Daily Digest,57.03,News,64.69,Wednesday,Evening,1.87,1.0,Negative,53.68102,1,43.0
325101,Daily Digest,107.24,News,49.5,Wednesday,Evening,0.0,0.0,Negative,96.18189,1,51.0
326131,Daily Digest,18.16,News,83.36,Wednesday,Evening,91.48,0.0,Neutral,7.61821,1,79.0
326766,Daily Digest,78.58,News,50.75,Wednesday,Evening,38.08,0.0,Neutral,62.40069,1,66.0
327340,Daily Digest,63.315613540197454,News,78.15,Wednesday,Evening,66.23,0.0,Positive,10.99598,1,85.0
328606,Daily Digest,63.315613540197454,News,84.38,Wednesday,Evening,4.62,2.0,Positive,53.94515,1,20.0
329268,Daily Digest,71.6,News,71.34,Wednesday,Evening,67.43,1.0,Neutral,49.02247,1,53.0
330654,Daily Digest,89.99,News,77.11,Wednesday,Evening,0.0,1.0,Negative,72.16804,1,65.0
332904,Daily Digest,34.14,News,53.36,Wednesday,Evening,0.0,2.0,Positive,31.18674,1,1.0
340875,Daily Digest,53.59,News,29.66,Wednesday,Evening,55.76,0.0,Positive,36.26974,1,66.0
341744,Daily Digest,56.15,News,37.86,Wednesday,Evening,73.87,3.0,Neutral,47.72236,1,93.0
341959,Daily Digest,34.19,News,20.99,Wednesday,Evening,82.17,1.0,Neutral,23.5051,1,80.0
343038,Daily Digest,112.41,News,76.11,Wednesday,Evening,0.0,1.0,Negative,84.64436,1,79.0
343449,Daily Digest,118.51,News,98.05,Wednesday,Evening,46.13,0.0,Positive,116.46883,1,42.0
347312,Daily Digest,16.72,News,56.33,Wednesday,Evening,66.52,0.0,Positive,7.58413,1,15.0
350057,Daily Digest,109.41,News,87.43,Wednesday,Evening,0.0,0.0,Positive,88.17696,1,70.0
350570,Daily Digest,79.04,News,27.25,Wednesday,Evening,97.28,0.0,Positive,42.89942,1,86.0
351925,Daily Digest,71.32,News,44.85,Wednesday,Evening,5.24,3.0,Positive,47.37423,1,46.0
354650,Daily Digest,48.7,News,78.05,Wednesday,Evening,0.0,3.0,Neutral,36.43328,1,59.0
355234,Daily Digest,68.19,News,87.59,Wednesday,Evening,63.87,2.0,Positive,64.24717,1,24.0
358105,Daily Digest,31.7,News,31.99,Wednesday,Evening,81.77,0.0,Positive,22.51017,1,80.0
362363,Daily Digest,112.63,News,58.02,Wednesday,Evening,37.81,0.0,Neutral,93.64738,1,53.0
363039,Daily Digest,86.79,News,26.98,Wednesday,Evening,63.08,2.0,Negative,64.66,1,26.0
363115,Daily Digest,63.0,News,71.11,Wednesday,Evening,97.33,3.0,Positive,53.27848,1,31.0
363546,Daily Digest,112.49,News,55.32,Wednesday,Evening,58.66,1.0,Positive,74.40403,1,69.0
366877,Daily Digest,71.26,News,69.4,Wednesday,Evening,8.14,0.0,Negative,38.51895,1,96.0
367696,Daily Digest,81.83,News,75.8,Wednesday,Evening,0.72,2.0,Positive,44.42439,1,81.0
369471,Daily Digest,78.08,News,76.35,Wednesday,Evening,34.67,2.0,Neutral,54.36496,1,82.0
369816,Daily Digest,113.43,News,94.77,Wednesday,Evening,88.22,1.0,Neutral,73.09467,1,6.0
369968,Daily Digest,33.68,News,92.68,Wednesday,Evening,49.01,1.0,Positive,21.79,1,79.0
370065,Daily Digest,12.64,News,78.87,Wednesday,Evening,75.65,3.0,Positive,11.97543,1,81.0
370114,Daily Digest,53.4,News,78.89,Wednesday,Evening,29.63,3.0,Positive,32.24172,1,76.0
370248,Daily Digest,9.16,News,84.08,Wednesday,Evening,0.0,2.0,Positive,3.51377,1,94.0
371820,Daily Digest,32.44,News,87.37,Wednesday,Evening,58.51,1.0,Negative,23.65367,1,84.0
372578,Daily Digest,111.78,News,43.65,Wednesday,Evening,64.48,0.0,Negative,103.04778,1,76.0
372643,Daily Digest,108.02,News,47.73,Wednesday,Evening,93.18,0.0,Neutral,99.06703,1,39.0
374019,Daily Digest,77.37,News,94.86,Wednesday,Evening,85.41,0.0,Neutral,57.58615,1,81.0
374084,Daily Digest,98.68,News,30.96,Wednesday,Evening,82.5,2.0,Neutral,66.32636,1,37.0
374559,Daily Digest,68.06,News,64.62,Wednesday,Evening,0.0,2.0,Neutral,41.98532,1,75.0
375458,Daily Digest,89.02,News,56.29,Wednesday,Evening,69.73,1.0,Neutral,55.07293,1,74.0
376445,Daily Digest,41.04,News,95.84,Wednesday,Evening,0.0,0.0,Positive,24.78527,1,38.0
377585,Daily Digest,41.07,News,56.29,Wednesday,Evening,38.26,3.0,Negative,22.56314,1,36.0
379128,Daily Digest,8.58,News,76.68,Wednesday,Evening,0.0,1.0,Positive,0.0,1,78.0
380200,Daily Digest,48.22,News,42.6,Wednesday,Evening,64.8,0.0,Neutral,40.84528,1,48.0
380813,Daily Digest,119.45,News,64.94,Wednesday,Evening,5.65,2.0,Neutral,99.79117,1,2.0
381313,Daily Digest,27.88,News,70.04,Wednesday,Evening,50.72,3.0,Neutral,27.68985,1,67.0
381601,Daily Digest,76.88,News,54.66,Wednesday,Evening,86.07,1.0,Neutral,66.28924,1,60.0
382700,Daily Digest,63.315613540197454,News,50.42,Wednesday,Evening,64.06,2.0,Positive,34.36823,1,56.0
382830,Daily Digest,79.02,News,56.14,Wednesday,Evening,0.0,2.0,Negative,54.84713,1,83.0
385867,Daily Digest,87.27,News,87.21,Wednesday,Evening,18.53,0.0,Positive,55.09235,1,10.0
387028,Daily Digest,105.04,News,31.4,Wednesday,Evening,42.41,1.0,Positive,73.6998,1,21.0
389453,Daily Digest,63.315613540197454,News,81.98,Wednesday,Evening,32.55,1.0,Neutral,6.83338,1,94.0
390441,Daily Digest,14.23,News,94.68,Wednesday,Evening,4.18,1.0,Negative,0.0,1,27.0
391831,Daily Digest,116.75,News,90.32,Wednesday,Evening,54.17,0.0,Neutral,79.76053,1,80.0
392064,Daily Digest,49.64,News,52.29,Wednesday,Evening,66.44,3.0,Positive,40.9897,1,7.0
393105,Daily Digest,113.03,News,88.55,Wednesday,Evening,77.53,3.0,Neutral,59.9281,1,93.0
393756,Daily Digest,18.27,News,93.33,Wednesday,Evening,82.0,3.0,Neutral,7.07288,1,13.0
393825,Daily Digest,23.41,News,29.09,Wednesday,Evening,41.54,0.0,Negative,12.03605,1,53.0
394013,Daily Digest,81.04,News,24.24,Wednesday,Evening,21.57,0.0,Positive,68.75309,1,80.0
394328,Daily Digest,8.65,News,88.12,Wednesday,Evening,94.14,0.0,Positive,2.36135,1,55.0
395368,Daily Digest,14.65,News,76.84,Wednesday,Evening,33.76,1.0,Positive,11.54052,1,59.0
398810,Daily Digest,6.49,News,74.25,Wednesday,Evening,46.2,2.0,Neutral,1.06696,1,33.0
400057,Daily Digest,64.51,News,65.09,Wednesday,Evening,79.58,2.0,Positive,29.97488,1,33.0
401820,Daily Digest,54.41,News,31.87,Wednesday,Evening,41.09,1.0,Positive,39.36677,1,100.0
404688,Daily Digest,108.31,News,57.37,Wednesday,Evening,62.86,0.0,Positive,96.8766,1,53.0
406598,Daily Digest,95.19,News,82.16,Wednesday,Evening,0.0,0.0,Negative,82.58,1,32.0
406881,Daily Digest,63.315613540197454,News,32.59,Wednesday,Evening,71.53,0.0,Negative,42.4,1,24.0
407355,Daily Digest,54.67,News,70.54,Wednesday,Evening,62.51,0.0,Negative,48.02248,1,53.0
408277,Daily Digest,10.16,News,70.52,Wednesday,Evening,56.69,1.0,Positive,6.10413,1,98.0
408693,Daily Digest,117.32,News,38.04,Wednesday,Evening,60.09,3.0,Positive,78.42491,1,17.0
409560,Daily Digest,31.7,News,53.22,Wednesday,Evening,81.77,0.0,Positive,22.51017,1,80.0
410604,Daily Digest,35.96,News,87.28,Wednesday,Evening,91.18,2.0,Negative,20.80826,1,94.0
411460,Daily Digest,49.02,News,97.05,Wednesday,Evening,83.86,1.0,Negative,46.43785,1,59.0
412666,Daily Digest,112.89,News,48.07,Wednesday,Evening,39.54,0.0,Negative,70.55467,1,84.0
413166,Daily Digest,41.21,News,33.18,Wednesday,Evening,29.0,0.0,Neutral,21.00305,1,70.0
414311,Daily Digest,53.61,News,70.61,Wednesday,Evening,62.29,0.0,Negative,48.02248,1,53.0
415052,Daily Digest,63.315613540197454,News,27.7,Wednesday,Evening,0.0,0.0,Negative,20.24796,1,61.0
415284,Daily Digest,31.2,News,83.6,Wednesday,Evening,0.0,2.0,Neutral,12.95451,1,70.0
415304,Daily Digest,85.72,News,28.4,Wednesday,Evening,27.7,0.0,Negative,67.39853,1,80.0
415504,Daily Digest,99.44,News,91.86,Wednesday,Evening,9.15,0.0,Positive,66.61906,1,37.0
416732,Daily Digest,62.35,News,28.94,Wednesday,Evening,0.0,0.0,Negative,44.93496,1,45.0
417486,Daily Digest,65.17,News,49.97,Wednesday,Evening,59.47,2.0,Negative,46.56358,1,82.0
426631,Daily Digest,104.17,News,97.26,Wednesday,Evening,0.0,2.0,Neutral,71.09698,1,6.0
426985,Daily Digest,43.27,News,65.99,Wednesday,Evening,81.49,0.0,Positive,34.2428,1,63.0
427716,Daily Digest,119.79,News,79.02,Wednesday,Evening,59.72,0.0,Neutral,79.61331,1,35.0
433087,Daily Digest,80.93,News,77.87,Wednesday,Evening,99.6,0.0,Neutral,80.10861,1,78.0
435240,Daily Digest,63.315613540197454,News,31.57,Wednesday,Evening,0.0,3.0,Negative,57.05953,1,33.0
436864,Daily Digest,32.29,News,92.16,Wednesday,Evening,77.73,2.0,Positive,22.49838,1,52.0
437012,Daily Digest,32.05,News,47.3,Wednesday,Evening,86.65,0.0,Positive,28.35934,1,31.0
437963,Daily Digest,40.68,News,60.14,Wednesday,Evening,54.08,1.0,Negative,32.16751,1,75.0
439728,Daily Digest,9.16,News,93.63,Wednesday,Evening,10.01,2.0,Negative,8.33813,1,9.0
439822,Daily Digest,33.28,News,42.31,Wednesday,Evening,0.83,2.0,Neutral,26.42785,1,6.0
441726,Daily Digest,48.36,Comedy,87.07,Wednesday,Evening,93.46,0.0,Positive,31.80717,1,54.0
444160,Daily Digest,61.81,News,51.69,Wednesday,Evening,99.27,2.0,Negative,35.42125,1,5.0
444804,Daily Digest,50.39,News,27.4,Wednesday,Evening,46.39,3.0,Negative,36.76,1,52.0
446396,Daily Digest,34.41,News,99.22,Wednesday,Evening,0.0,3.0,Neutral,24.65159,1,35.0
447680,Daily Digest,78.38,News,64.54,Wednesday,Evening,36.38,3.0,Negative,47.11948,1,92.0
448818,Daily Digest,27.16,News,27.23,Wednesday,Evening,47.63,3.0,Positive,13.65944,1,34.0
451716,Daily Digest,38.74,News,63.14,Wednesday,Evening,0.0,3.0,Positive,31.5169,1,18.0
452129,Daily Digest,107.99,News,37.34,Wednesday,Evening,7.43,1.0,Positive,82.50434,1,75.0
455321,Daily Digest,63.315613540197454,News,50.42,Wednesday,Evening,65.78,2.0,Negative,34.36823,1,56.0
457050,Daily Digest,27.86,News,96.07,Wednesday,Evening,27.7,2.0,Neutral,24.42028,1,87.0
457253,Daily Digest,26.97,News,46.52,Wednesday,Evening,0.0,3.0,Negative,21.4021,1,13.0
458859,Daily Digest,25.26,News,27.65,Wednesday,Evening,0.0,2.0,Positive,23.15887,1,31.0
461361,Daily Digest,63.315613540197454,News,22.58,Wednesday,Evening,81.15,2.0,Positive,57.51344,1,85.0
462121,Daily Digest,29.76,News,72.34,Wednesday,Evening,73.47,2.0,Positive,20.97501,1,48.0
462618,Daily Digest,45.37,News,70.37,Wednesday,Evening,7.68,3.0,Negative,40.90055,1,43.0
462743,Daily Digest,57.55,News,21.25,Wednesday,Evening,4.17,0.0,Neutral,54.3336,1,41.0
463209,Daily Digest,71.64,News,91.19,Wednesday,Evening,85.19,1.0,Positive,71.65927,1,98.0
463229,Daily Digest,38.21,News,33.12,Wednesday,Evening,38.81,0.0,Positive,22.49537,1,35.0
464148,Daily Digest,113.24,News,95.64,Wednesday,Evening,22.26,2.0,Positive,95.5,1,17.0
464374,Daily Digest,112.68,News,26.37,Wednesday,Evening,48.29,0.0,Neutral,76.50258,1,23.0
464760,Daily Digest,69.07,News,74.22,Wednesday,Evening,5.87,3.0,Negative,53.58062,1,60.0
464825,Daily Digest,42.82,News,54.31,Wednesday,Evening,0.0,3.0,Neutral,22.77406,1,64.0
465133,Daily Digest,94.14,News,85.79,Wednesday,Evening,2.86,0.0,Neutral,72.89545,1,66.0
466950,Daily Digest,93.88,News,28.89,Wednesday,Evening,0.0,0.0,Positive,53.80835,1,24.0
472323,Daily Digest,74.44,News,47.49,Wednesday,Evening,40.91,2.0,Neutral,54.57563,1,71.0
477429,Daily Digest,86.91,News,90.5,Wednesday,Evening,86.33,1.0,Neutral,50.867,1,39.0
478532,Daily Digest,55.95,News,34.43,Wednesday,Evening,51.77,0.0,Negative,26.26677,1,30.0
479888,Daily Digest,39.16,News,77.77,Wednesday,Evening,93.24,0.0,Positive,23.16895,1,99.0
479984,Daily Digest,12.64,News,96.65,Wednesday,Evening,57.64,2.0,Neutral,10.88418,1,54.0
480086,Daily Digest,114.29,News,83.84,Wednesday,Evening,76.83,1.0,Neutral,110.29738,1,82.0
482820,Daily Digest,16.35,News,28.93,Wednesday,Evening,24.6,1.0,Positive,10.46587,1,78.0
483236,Daily Digest,24.31,News,71.07,Wednesday,Evening,0.0,1.0,Negative,16.28,1,87.0
484749,Daily Digest,33.98,News,65.54,Wednesday,Evening,95.09,2.0,Positive,18.15047,1,12.0
485154,Daily Digest,24.29,News,83.15,Wednesday,Evening,97.91,2.0,Positive,23.32959,1,71.0
485267,Daily Digest,63.315613540197454,News,20.58,Wednesday,Evening,0.0,0.0,Negative,60.92997,1,10.0
485268,Daily Digest,50.51,News,76.53,Wednesday,Evening,25.51,1.0,Negative,26.38616,1,61.0
486781,Daily Digest,100.01,News,38.04,Wednesday,Evening,58.01,3.0,Positive,57.64294,1,58.0
489159,Daily Digest,63.315613540197454,News,97.0,Wednesday,Evening,26.31,2.0,Positive,97.70039,1,54.0
490628,Daily Digest,114.57,News,79.46,Wednesday,Evening,58.61,1.0,Neutral,107.45066,1,48.0
491409,Daily Digest,25.82,News,84.1,Wednesday,Evening,0.0,3.0,Positive,24.91529,1,67.0
492743,Daily Digest,63.315613540197454,News,79.17,Wednesday,Evening,8.2,0.0,Neutral,16.7794,1,6.0
495179,Daily Digest,106.83,News,95.59,Wednesday,Evening,51.76,0.0,Neutral,76.39213,1,78.0
496349,Daily Digest,96.16,News,86.92,Wednesday,Evening,45.11,0.0,Positive,86.70943,1,31.0
496712,Daily Digest,80.65,News,84.19,Wednesday,Evening,0.0,0.0,Negative,74.31621,1,22.0
496818,Daily Digest,109.27,News,78.55,Wednesday,Evening,0.0,0.0,Positive,74.92475,1,61.0
497162,Daily Digest,10.26,News,25.38,Wednesday,Evening,13.11,0.0,Negative,5.16796,1,92.0
497537,Daily Digest,115.99,News,68.11,Wednesday,Evening,0.0,1.0,Negative,98.36956,1,69.0
497965,Daily Digest,55.8,News,84.11,Wednesday,Evening,27.37,3.0,Negative,44.77565,1,93.0
499573,Daily Digest,75.74,News,92.25,Wednesday,Evening,81.08,0.0,Positive,36.52797,1,81.0
500704,Daily Digest,30.46,News,24.18,Wednesday,Evening,76.99,0.0,Neutral,22.70727,1,14.0
500912,Daily Digest,87.08,News,59.06,Wednesday,Evening,56.98,1.0,Positive,64.17,1,65.0
502511,Daily Digest,63.315613540197454,News,63.01,Wednesday,Evening,0.0,3.0,Neutral,21.1301,1,33.0
502838,Daily Digest,63.315613540197454,News,84.24,Wednesday,Evening,0.0,0.0,Positive,54.51464,1,34.0
503937,Daily Digest,90.03,News,23.47,Wednesday,Evening,48.2,1.0,Positive,48.33,1,13.0
504584,Daily Digest,44.13,News,64.11,Wednesday,Evening,3.44,0.0,Neutral,39.98661,1,49.0
505398,Daily Digest,15.64,News,58.71,Wednesday,Evening,82.18,1.0,Neutral,12.99333,1,12.0
506320,Daily Digest,99.05,News,68.81,Wednesday,Evening,47.61,1.0,Positive,78.23625,1,81.0
506777,Daily Digest,106.69,News,94.73,Wednesday,Evening,20.02,2.0,Positive,101.11774,1,39.0
507384,Daily Digest,118.02,News,31.92,Wednesday,Evening,56.78,1.0,Positive,85.66,1,78.0
508552,Daily Digest,27.65,News,40.5,Wednesday,Evening,0.0,0.0,Neutral,27.2502,1,40.0
509083,Daily Digest,63.315613540197454,News,34.92,Wednesday,Evening,61.08,1.0,Positive,52.09552,1,54.0
511444,Daily Digest,19.32,News,31.77,Wednesday,Evening,12.96,1.0,Neutral,17.36,1,61.0
511622,Daily Digest,70.03,News,27.2,Wednesday,Evening,27.33,0.0,Positive,44.34559,1,54.0
513888,Daily Digest,44.09,News,58.6,Wednesday,Evening,0.0,0.0,Positive,28.6323,1,49.0
514302,Daily Digest,48.14,News,64.47,Wednesday,Evening,94.45,2.0,Neutral,40.84528,1,67.0
517321,Daily Digest,58.51,News,46.84,Wednesday,Evening,19.32,2.0,Positive,30.88201,1,74.0
519084,Daily Digest,61.12,News,33.57,Wednesday,Evening,0.0,0.0,Negative,50.76488,1,12.0
519605,Daily Digest,117.03,News,92.83,Wednesday,Evening,47.38,1.0,Neutral,110.06464,1,1.0
519999,Daily Digest,63.315613540197454,News,24.34,Wednesday,Evening,59.76,3.0,Neutral,38.557,1,84.0
520506,Daily Digest,97.52,News,33.93,Wednesday,Evening,73.87,3.0,Neutral,55.37123,1,5.0
520689,Daily Digest,96.17,News,69.84,Wednesday,Evening,21.11,0.0,Neutral,53.3257,1,59.0
523439,Daily Digest,108.78,News,47.28,Wednesday,Evening,56.26,2.0,Neutral,83.70293,1,52.0
523447,Daily Digest,70.71,News,25.07,Wednesday,Evening,0.0,2.0,Negative,54.76725,1,65.0
524555,Daily Digest,17.11,News,88.11,Wednesday,Evening,57.38,0.0,Negative,8.85563,1,30.0
525483,Daily Digest,95.57,News,84.25,Wednesday,Evening,0.0,0.0,Neutral,61.37,1,81.0
525899,Daily Digest,38.21,News,33.12,Wednesday,Evening,37.6,0.0,Positive,22.49537,1,35.0
526292,Daily Digest,63.315613540197454,News,39.67,Wednesday,Evening,52.85,3.0,Negative,27.30835,1,27.0
527990,Daily Digest,48.59,News,27.67,Wednesday,Evening,0.0,2.0,Positive,26.04307,1,98.0
529156,Daily Digest,15.75,News,21.82,Wednesday,Evening,57.25,2.0,Negative,11.66604,1,64.0
529710,Daily Digest,63.315613540197454,News,71.55,Wednesday,Evening,0.0,2.0,Positive,10.22139,1,77.0
530921,Daily Digest,97.02,News,65.29,Wednesday,Evening,6.41,1.0,Positive,55.08457,1,28.0
531374,Daily Digest,74.2,News,79.81,Wednesday,Evening,22.51,2.0,Negative,50.6542,1,52.0
531669,Daily Digest,108.29,News,86.1,Wednesday,Evening,20.12,0.0,Positive,58.13629,1,40.0
532381,Daily Digest,70.81,News,56.99,Wednesday,Evening,50.2,1.0,Positive,43.68847,1,6.0
534472,Daily Digest,109.03,News,33.54,Wednesday,Evening,46.16,0.0,Positive,69.14474,1,37.0
535754,Daily Digest,119.09,News,83.29,Wednesday,Evening,40.86,2.0,Positive,110.29738,1,86.0
537417,Daily Digest,54.67,News,70.25,Wednesday,Evening,0.0,0.0,Negative,48.02248,1,11.0
537823,Daily Digest,41.38,News,99.65,Wednesday,Evening,56.03,3.0,Positive,17.94265,1,52.0
540302,Daily Digest,112.15,News,46.74,Wednesday,Evening,50.43,0.0,Negative,78.63778,1,70.0
541198,Daily Digest,58.57,News,39.56,Wednesday,Evening,17.64,2.0,Neutral,24.00949,1,81.0
541587,Daily Digest,117.56,News,29.81,Wednesday,Evening,81.08,0.0,Negative,94.00011,1,83.0
543545,Daily Digest,63.315613540197454,News,83.03,Wednesday,Evening,0.0,1.0,Positive,50.60132,1,45.0
543732,Daily Digest,57.61,News,94.76,Wednesday,Evening,65.86,1.0,Neutral,54.89467,1,47.0
544097,Daily Digest,51.38,News,56.18,Wednesday,Evening,0.0,1.0,Negative,40.47943,1,92.0
545297,Daily Digest,56.08,News,24.52,Wednesday,Evening,96.84,0.0,Negative,30.18439,1,22.0
546392,Daily Digest,30.94,News,26.8,Wednesday,Evening,51.79,0.0,Negative,18.67,1,73.0
552482,Daily Digest,97.52,News,46.02,Wednesday,Evening,5.1,0.0,Positive,65.28065,1,50.0
553633,Daily Digest,23.64,News,53.56,Wednesday,Evening,36.51,1.0,Positive,14.51847,1,90.0
554989,Daily Digest,62.31,News,58.09,Wednesday,Evening,86.36,3.0,Negative,58.04329,1,59.0
556464,Daily Digest,116.95,News,52.39,Wednesday,Evening,64.95,1.0,Negative,97.29994,1,22.0
557299,Daily Digest,63.71,News,71.76,Wednesday,Evening,3.53,0.0,Negative,34.96977,1,24.0
559391,Daily Digest,91.93,News,85.61,Wednesday,Evening,39.46,0.0,Negative,57.19864,1,72.0
560264,Daily Digest,106.97,News,27.4,Wednesday,Evening,44.64,1.0,Negative,70.07,1,65.0
560790,Daily Digest,103.37,News,84.69,Wednesday,Evening,21.24,1.0,Neutral,53.77856,1,18.0
561428,Daily Digest,101.52,News,38.04,Wednesday,Evening,82.17,0.0,Negative,74.41227,1,57.0
564866,Daily Digest,53.08,News,79.06,Wednesday,Evening,58.05,2.0,Negative,48.64418,1,17.0
565421,Daily Digest,56.54,News,68.86,Wednesday,Evening,86.19,1.0,Negative,37.06,1,13.0
566182,Daily Digest,64.3,News,48.51,Wednesday,Evening,69.38,2.0,Negative,43.61566,1,88.0
573611,Daily Digest,20.57,News,27.41,Wednesday,Evening,33.7,0.0,Neutral,18.74912,1,96.0
573643,Daily Digest,96.9,News,99.27,Wednesday,Evening,55.83,1.0,Positive,91.10577,1,35.0
574262,Daily Digest,63.315613540197454,News,85.48,Wednesday,Evening,90.36,1.0,Neutral,100.59411,1,72.0
577104,Daily Digest,63.315613540197454,News,79.27,Wednesday,Evening,0.0,0.0,Negative,29.9,1,35.0
577501,Daily Digest,29.61,News,44.19,Wednesday,Evening,91.74,0.0,Positive,23.7268,1,10.0
581131,Daily Digest,7.76,News,60.26,Wednesday,Evening,1.53,0.0,Positive,6.93779,1,57.0
583119,Daily Digest,94.28,News,71.39,Wednesday,Evening,73.87,1.0,Positive,82.24049,1,88.0
586094,Daily Digest,63.315613540197454,News,38.17,Wednesday,Evening,99.87,3.0,Positive,15.34105,1,38.0
589026,Daily Digest,45.61,News,51.61,Wednesday,Evening,73.61,1.0,Negative,25.31889,1,63.0
589984,Daily Digest,65.29,News,59.67,Wednesday,Evening,59.47,2.0,Negative,46.56358,1,82.0
590309,Daily Digest,85.33,News,60.15,Wednesday,Evening,27.91,0.0,Neutral,44.44087,1,81.0
590796,Daily Digest,119.85,News,61.31,Wednesday,Evening,0.0,3.0,Neutral,104.41708,1,10.0
592409,Daily Digest,51.98,News,68.98,Wednesday,Evening,0.0,0.0,Neutral,40.55594,1,72.0
593445,Daily Digest,48.88,News,87.07,Wednesday,Evening,93.19,2.0,Positive,31.80717,1,54.0
593547,Daily Digest,112.4,News,69.69,Wednesday,Evening,18.2,3.0,Negative,89.18952,1,40.0
601856,Daily Digest,61.53,News,41.33,Wednesday,Evening,32.53,2.0,Negative,48.11638,1,22.0
602804,Daily Digest,98.18,News,84.98,Wednesday,Evening,0.0,0.0,Positive,95.36833,1,39.0
604438,Daily Digest,77.31,News,37.6,Wednesday,Evening,58.36,2.0,Neutral,63.0379,1,76.0
604669,Daily Digest,26.48,News,81.09,Wednesday,Evening,24.3,2.0,Positive,12.2192,1,79.0
604984,Daily Digest,6.16,News,95.38,Wednesday,Evening,1.61,2.0,Neutral,1.12802,1,43.0
605601,Daily Digest,20.69,News,29.33,Wednesday,Evening,72.91,0.0,Neutral,18.65512,1,71.0
606739,Daily Digest,119.27,News,37.86,Wednesday,Evening,69.72,3.0,Positive,92.46313,1,27.0
607584,Daily Digest,110.22,News,55.58,Wednesday,Evening,0.0,0.0,Positive,75.40964,1,81.0
608475,Daily Digest,24.73,News,27.91,Wednesday,Evening,69.96,2.0,Neutral,20.05343,1,63.0
610279,Daily Digest,19.79,News,51.76,Wednesday,Evening,0.0,3.0,Positive,16.36,1,36.0
611038,Daily Digest,17.4,News,39.87,Wednesday,Evening,34.11,0.0,Neutral,14.99258,1,73.0
611135,Daily Digest,63.315613540197454,News,58.95,Wednesday,Evening,0.0,0.0,Neutral,17.06372,1,59.0
612246,Daily Digest,79.46,News,88.46,Wednesday,Evening,84.59,2.0,Negative,58.12769,1,16.0
612873,Daily Digest,85.33,News,71.65,Wednesday,Evening,0.0,2.0,Neutral,57.31353,1,9.0
613402,Daily Digest,63.315613540197454,News,47.64,Wednesday,Evening,89.56,0.0,Negative,22.71447,1,64.0
616034,Daily Digest,57.17,News,43.35,Wednesday,Evening,39.61,1.0,Positive,37.21885,1,35.0
616097,Daily Digest,63.315613540197454,News,92.83,Wednesday,Evening,94.83,2.0,Positive,17.97204,1,13.0
616948,Daily Digest,72.95,News,32.67,Wednesday,Evening,67.73,1.0,Negative,52.46295,1,33.0
620875,Daily Digest,23.51,News,51.41,Wednesday,Evening,57.25,3.0,Neutral,20.8996,1,58.0
621033,Daily Digest,59.27,News,36.73,Wednesday,Evening,81.49,0.0,Positive,34.2428,1,77.0
621275,Daily Digest,30.37,News,40.84,Wednesday,Evening,50.86,3.0,Negative,18.42753,1,73.0
623109,Daily Digest,98.08,News,62.46,Wednesday,Evening,60.31,1.0,Negative,49.28645,1,97.0
624077,Daily Digest,118.88,News,62.0,Wednesday,Evening,18.88,2.0,Neutral,62.66505,1,94.0
624393,Daily Digest,81.05,News,32.03,Wednesday,Evening,91.81,2.0,Negative,43.57417,1,12.0
626166,Daily Digest,44.56,News,32.68,Wednesday,Evening,19.28,1.0,Neutral,26.59915,1,30.0
626814,Daily Digest,73.97,News,62.95,Wednesday,Evening,92.81,3.0,Negative,52.76012,1,4.0
626864,Daily Digest,31.85,News,87.65,Wednesday,Evening,47.98,0.0,Negative,24.88235,1,59.0
627204,Daily Digest,116.37,News,79.07,Wednesday,Evening,0.0,0.0,Negative,103.72686,1,60.0
628333,Daily Digest,58.34,News,56.05,Wednesday,Evening,17.21,2.0,Positive,35.52328,1,91.0
629045,Daily Digest,29.08,News,29.63,Wednesday,Evening,0.0,3.0,Negative,25.17,1,87.0
629389,Daily Digest,19.79,News,92.38,Wednesday,Evening,96.12,2.0,Neutral,15.26666,1,38.0
630793,Daily Digest,71.45,News,24.68,Wednesday,Evening,0.0,1.0,Positive,46.28692,1,40.0
631677,Daily Digest,48.51,News,40.96,Wednesday,Evening,0.0,0.0,Neutral,44.88253,1,40.0
636943,Daily Digest,114.87,News,24.02,Wednesday,Evening,43.64,3.0,Positive,58.53401,1,80.0
638283,Daily Digest,63.315613540197454,News,90.63,Wednesday,Evening,43.7,3.0,Neutral,24.64628,1,14.0
638377,Daily Digest,63.315613540197454,News,27.93,Wednesday,Evening,17.11,3.0,Neutral,45.7567,1,79.0
641277,Daily Digest,82.99,News,58.29,Wednesday,Evening,79.27,0.0,Positive,58.43458,1,82.0
642437,Daily Digest,119.98,News,81.39,Wednesday,Evening,48.0,0.0,Negative,88.5573,1,15.0
644392,Daily Digest,52.64,News,58.92,Wednesday,Evening,14.99,2.0,Negative,27.88,1,80.0
646143,Daily Digest,72.75,News,76.82,Wednesday,Evening,99.8,0.0,Neutral,41.74716,1,28.0
647758,Daily Digest,68.72,News,35.51,Wednesday,Evening,99.59,3.0,Negative,60.73605,1,73.0
648228,Daily Digest,96.09,News,62.59,Wednesday,Evening,95.69,0.0,Neutral,53.9408,1,32.0
649078,Daily Digest,14.75,News,37.79,Wednesday,Evening,0.0,2.0,Neutral,10.91853,1,99.0
649900,Daily Digest,33.53,News,73.66,Wednesday,Evening,91.5,0.0,Negative,21.08,1,95.0
651254,Daily Digest,39.59,News,29.55,Wednesday,Evening,54.53,3.0,Negative,37.94185,1,24.0
653819,Daily Digest,65.12,News,28.61,Wednesday,Evening,0.0,3.0,Positive,37.87304,1,57.0
654355,Daily Digest,18.75,News,26.68,Wednesday,Evening,0.0,3.0,Negative,14.15182,1,64.0
654432,Daily Digest,89.22,News,60.26,Wednesday,Evening,0.0,1.0,Neutral,53.86281,1,46.0
654456,Daily Digest,34.51,News,62.6,Wednesday,Evening,53.82,1.0,Positive,23.72123,1,33.0
655970,Daily Digest,17.63,News,53.93,Wednesday,Evening,51.04,2.0,Positive,17.06061,1,22.0
656817,Daily Digest,31.7,News,80.77,Wednesday,Evening,81.77,0.0,Positive,22.51017,1,80.0
657566,Daily Digest,63.315613540197454,News,45.52,Wednesday,Evening,89.25,1.0,Positive,11.2694,1,69.0
657857,Daily Digest,67.93,News,34.96,Wednesday,Evening,0.0,1.0,Negative,60.36463,1,18.0
659594,Daily Digest,80.82,News,62.31,Wednesday,Evening,91.5,1.0,Negative,52.08,1,65.0
664452,Daily Digest,82.69,News,29.02,Wednesday,Evening,32.7,1.0,Positive,54.47833,1,37.0
665759,Daily Digest,63.57,News,76.61,Wednesday,Evening,47.97,0.0,Neutral,39.89555,1,87.0
666945,Daily Digest,117.67,News,30.92,Wednesday,Evening,60.61,2.0,Positive,86.52608,1,93.0
668629,Daily Digest,116.58,News,33.6,Wednesday,Evening,9.25,1.0,Neutral,103.51784,1,100.0
676227,Daily Digest,109.05,News,28.05,Wednesday,Evening,73.69,0.0,Positive,73.08135,1,53.0
677411,Daily Digest,45.75,News,45.97,Wednesday,Evening,7.68,3.0,Negative,40.90055,1,35.0
679608,Daily Digest,52.62,News,96.42,Wednesday,Evening,0.0,3.0,Neutral,46.16967,1,48.0
680567,Daily Digest,63.315613540197454,News,60.6,Wednesday,Evening,73.19,1.0,Negative,23.96285,1,42.0
682116,Daily Digest,63.315613540197454,News,96.33,Wednesday,Evening,74.52,2.0,Positive,66.87446,1,33.0
682684,Daily Digest,62.69,News,23.21,Wednesday,Evening,0.0,0.0,Positive,44.93496,1,47.0
687000,Daily Digest,84.11,News,54.13,Wednesday,Evening,18.95,0.0,Neutral,67.26468,1,18.0
689492,Daily Digest,117.78,News,28.77,Wednesday,Evening,29.71,2.0,Negative,111.24,1,35.0
689594,Daily Digest,39.68,News,78.36,Wednesday,Evening,58.65,3.0,Neutral,30.57313,1,81.0
693915,Daily Digest,54.67,News,70.68,Wednesday,Evening,94.61,0.0,Negative,48.02248,1,53.0
693937,Daily Digest,67.52,News,81.97,Wednesday,Evening,99.11,0.0,Negative,54.38093,1,47.0
694754,Daily Digest,13.98,News,94.43,Wednesday,Evening,0.0,0.0,Neutral,8.78063,1,80.0
695189,Daily Digest,106.69,News,97.0,Wednesday,Evening,20.73,2.0,Positive,101.11774,1,39.0
696300,Daily Digest,117.82,News,38.68,Wednesday,Evening,79.2,2.0,Positive,65.97959,1,94.0
696523,Daily Digest,63.315613540197454,News,27.0,Wednesday,Evening,37.61,2.0,Positive,23.05477,1,23.0
700656,Daily Digest,115.37,News,27.25,Wednesday,Evening,85.57,0.0,Neutral,110.12748,1,83.0
700770,Daily Digest,18.32,News,89.19,Wednesday,Evening,85.04,1.0,Negative,8.56441,1,63.0
701559,Daily Digest,49.81,News,88.95,Wednesday,Evening,0.0,1.0,Neutral,45.56672,1,92.0
702296,Daily Digest,33.3,News,29.3,Wednesday,Evening,11.96,3.0,Negative,22.51017,1,77.0
702914,Daily Digest,37.27,News,27.36,Wednesday,Evening,52.41,3.0,Neutral,33.69448,1,47.0
703143,Daily Digest,58.92,News,32.25,Wednesday,Evening,0.0,2.0,Negative,41.07749,1,75.0
703706,Daily Digest,7.54,News,98.83,Wednesday,Evening,42.81,3.0,Positive,0.73461,1,39.0
705744,Daily Digest,57.59,News,27.03,Wednesday,Evening,0.0,1.0,Neutral,33.16,1,96.0
706856,Daily Digest,30.69,News,45.69,Wednesday,Evening,71.69,3.0,Neutral,13.29,1,69.0
707052,Daily Digest,98.06,News,81.09,Wednesday,Evening,27.62,2.0,Negative,67.92978,1,68.0
707677,Daily Digest,31.82,News,52.67,Wednesday,Evening,81.0,3.0,Neutral,11.87,1,94.0
707791,Daily Digest,47.04,News,58.25,Wednesday,Evening,0.0,0.0,Neutral,39.98661,1,51.0
708002,Daily Digest,88.98,News,36.79,Wednesday,Evening,0.0,1.0,Neutral,54.92587,1,40.0
709501,Daily Digest,118.15,News,71.76,Wednesday,Evening,18.69,1.0,Neutral,106.21,1,96.0
709541,Daily Digest,116.26,News,45.96,Wednesday,Evening,5.91,3.0,Negative,54.95555,1,10.0
710108,Daily Digest,7.91,News,26.81,Wednesday,Evening,0.0,3.0,Neutral,7.81375,1,16.0
710590,Daily Digest,24.29,News,89.54,Wednesday,Evening,39.61,2.0,Neutral,23.32959,1,71.0
711631,Daily Digest,25.57,News,26.05,Wednesday,Evening,0.0,3.0,Neutral,7.86358,1,69.0
713251,Daily Digest,17.32,News,95.84,Wednesday,Evening,64.51,2.0,Positive,8.6623,1,70.0
713282,Daily Digest,63.315613540197454,News,79.17,Wednesday,Evening,20.06,0.0,Neutral,16.7794,1,8.0
719343,Daily Digest,92.07,News,60.48,Wednesday,Evening,52.01,1.0,Positive,41.82479,1,6.0
719640,Daily Digest,63.315613540197454,News,69.82,Wednesday,Evening,82.82,0.0,Negative,25.99,1,67.0
719772,Daily Digest,106.39,News,29.12,Wednesday,Evening,30.44,1.0,Positive,102.97,1,29.0
719792,Daily Digest,110.51,News,50.44,Wednesday,Evening,62.61,0.0,Neutral,109.68511,1,83.0
721100,Daily Digest,65.57,News,67.9,Wednesday,Evening,2.55,1.0,Negative,63.54381,1,7.0
723268,Daily Digest,43.35,News,22.33,Wednesday,Evening,24.65,3.0,Negative,21.49,1,6.0
724647,Daily Digest,116.07,News,44.38,Wednesday,Evening,77.47,0.0,Positive,75.40887,1,96.0
726099,Daily Digest,51.69,News,67.24,Wednesday,Evening,61.04,3.0,Neutral,27.42869,1,100.0
726202,Daily Digest,60.84,News,51.96,Wednesday,Evening,87.46,1.0,Positive,44.41739,1,94.0
728016,Daily Digest,32.03,News,60.07,Wednesday,Evening,68.53,1.0,Neutral,29.17127,1,57.0
732119,Daily Digest,36.44,News,94.09,Wednesday,Evening,38.53,3.0,Positive,21.69485,1,37.0
732841,Daily Digest,98.78,News,30.33,Wednesday,Evening,0.0,1.0,Positive,91.99439,1,50.0
733857,Daily Digest,56.37,News,80.84,Wednesday,Evening,0.0,1.0,Positive,37.53785,1,31.0
733974,Daily Digest,76.43,News,80.97,Wednesday,Evening,62.99,1.0,Neutral,57.64,1,58.0
735375,Daily Digest,34.17,News,89.36,Wednesday,Evening,45.17,3.0,Negative,19.70655,1,27.0
736776,Daily Digest,68.02,News,36.29,Wednesday,Evening,0.0,0.0,Neutral,48.56,1,18.0
737633,Daily Digest,112.87,News,48.76,Wednesday,Evening,34.28,0.0,Positive,70.55467,1,79.0
738250,Daily Digest,91.85,News,97.28,Wednesday,Evening,94.88,2.0,Neutral,68.31251,1,19.0
739132,Daily Digest,80.63,News,57.05,Wednesday,Evening,84.92,1.0,Negative,51.64142,1,68.0
739152,Daily Digest,63.315613540197454,News,22.94,Wednesday,Evening,82.27,2.0,Negative,54.35864,1,21.0
739915,Daily Digest,81.71,News,63.27,Wednesday,Evening,51.41,1.0,Positive,39.36677,1,100.0
740671,Daily Digest,44.18,News,87.04,Wednesday,Evening,73.77,3.0,Positive,37.89911,1,83.0
741585,Daily Digest,66.38,News,62.97,Wednesday,Evening,0.0,1.0,Positive,44.57771,1,26.0
745236,Daily Digest,61.69,News,69.26,Wednesday,Evening,88.41,1.0,Neutral,44.80052,1,40.0
745463,Daily Digest,26.81,News,41.74,Wednesday,Evening,9.81,1.0,Negative,20.99182,1,36.0
748580,Daily Digest,63.315613540197454,News,21.02,Wednesday,Evening,0.0,3.0,Neutral,79.50578,1,72.0
750984,Daily Digest,44.4,News,70.92,Wednesday,Evening,72.33,0.0,Neutral,,0,79.0
751653,Daily Digest,42.22,News,35.23,Wednesday,Evening,97.51,0.0,Neutral,,0,91.0
751723,Daily Digest,20.44,News,68.71,Wednesday,Evening,92.22,0.0,Negative,,0,32.0
752155,Daily Digest,66.52,News,36.67,Wednesday,Evening,13.44,0.0,Neutral,,0,6.0
752678,Daily Digest,118.98,News,26.71,Wednesday,Evening,86.23,2.0,Negative,,0,55.0
753545,Daily Digest,115.92,News,50.4,Wednesday,Evening,6.94,2.0,Positive,,0,36.0
753845,Daily Digest,43.13,News,68.39,Wednesday,Evening,9.36,2.0,Neutral,,0,63.0
754223,Daily Digest,28.62,News,30.34,Wednesday,Evening,0.0,3.0,Neutral,,0,40.0
758414,Daily Digest,10.89,News,30.65,Wednesday,Evening,6.81,3.0,Neutral,,0,95.0
760451,Daily Digest,90.46,News,45.21,Wednesday,Evening,19.73,3.0,Neutral,,0,38.0
761952,Daily Digest,41.64,News,42.58,Wednesday,Evening,0.0,2.0,Positive,,0,26.0
764413,Daily Digest,62.69,News,65.85,Wednesday,Evening,88.51,0.0,Negative,,0,45.0
765665,Daily Digest,48.53,News,40.96,Wednesday,Evening,48.45,0.0,Neutral,,0,56.0
766221,Daily Digest,63.315613540197454,News,26.82,Wednesday,Evening,79.16,3.0,Neutral,,0,84.0
769053,Daily Digest,33.41,News,46.76,Wednesday,Evening,48.69,0.0,Negative,,0,74.0
771227,Daily Digest,26.39,News,39.12,Wednesday,Evening,95.12,2.0,Neutral,,0,11.0
772580,Daily Digest,12.07,News,76.36,Wednesday,Evening,52.22,3.0,Negative,,0,15.0
773507,Daily Digest,105.69,News,82.18,Wednesday,Evening,87.66,0.0,Neutral,,0,67.0
773919,Daily Digest,58.77,News,70.22,Wednesday,Evening,68.74,2.0,Positive,,0,79.0
775675,Daily Digest,84.09,News,38.25,Wednesday,Evening,0.0,3.0,Positive,,0,60.0
777114,Daily Digest,40.08,News,64.72,Wednesday,Evening,64.49,1.0,Negative,,0,62.0
777177,Daily Digest,91.53,News,20.73,Wednesday,Evening,92.63,0.0,Positive,,0,90.0
778349,Daily Digest,6.36,News,30.01,Wednesday,Evening,0.0,2.0,Positive,,0,50.0
778573,Daily Digest,39.56,News,25.24,Wednesday,Evening,14.49,2.0,Positive,,0,25.0
780961,Daily Digest,63.315613540197454,News,86.47,Wednesday,Evening,34.52,0.0,Negative,,0,96.0
781504,Daily Digest,47.04,News,61.8,Wednesday,Evening,3.63,0.0,Neutral,,0,49.0
782953,Daily Digest,60.84,News,51.04,Wednesday,Evening,8.86,1.0,Positive,,0,94.0
784710,Daily Digest,31.42,News,76.18,Wednesday,Evening,26.98,1.0,Negative,,0,67.0
786161,Daily Digest,35.98,News,79.94,Wednesday,Evening,0.0,1.0,Negative,,0,46.0
786906,Daily Digest,95.32,News,94.32,Wednesday,Evening,99.01,2.0,Negative,,0,72.0
787602,Daily Digest,50.19,News,78.87,Wednesday,Evening,24.59,3.0,Positive,,0,27.0
788203,Daily Digest,63.315613540197454,News,45.41,Wednesday,Evening,64.94,2.0,Neutral,,0,96.0
788797,Daily Digest,50.0,News,39.87,Wednesday,Evening,61.43,0.0,Neutral,,0,44.0
789437,Daily Digest,15.53,News,79.05,Wednesday,Evening,19.82,2.0,Positive,,0,27.0
790200,Daily Digest,26.3,News,53.14,Wednesday,Evening,45.79,2.0,Negative,,0,74.0
790406,Daily Digest,77.46,News,27.75,Wednesday,Evening,75.29,0.0,Negative,,0,46.0
790681,Daily Digest,12.64,News,61.32,Wednesday,Evening,57.64,2.0,Neutral,,0,84.0
790872,Daily Digest,23.42,News,73.53,Wednesday,Evening,54.77,1.0,Neutral,,0,31.0
790913,Daily Digest,43.19,News,49.3,Wednesday,Evening,79.15,0.0,Positive,,0,48.0
792391,Daily Digest,68.84,News,41.4,Wednesday,Evening,89.63,0.0,Negative,,0,87.0
794272,Daily Digest,98.28,News,24.6,Wednesday,Evening,29.68,2.0,Positive,,0,8.0
796883,Daily Digest,63.315613540197454,News,24.68,Wednesday,Evening,48.74,1.0,Negative,,0,34.0
799391,Daily Digest,84.59,News,55.29,Wednesday,Evening,67.58,1.0,Neutral,,0,10.0
801410,Daily Digest,20.39,News,27.08,Wednesday,Evening,0.0,2.0,Positive,,0,97.0
802441,Daily Digest,106.76,News,76.08,Wednesday,Evening,0.0,2.0,Neutral,,0,53.0
806461,Daily Digest,31.53,News,58.58,Wednesday,Evening,97.7,3.0,Neutral,,0,69.0
806473,Daily Digest,38.96,News,44.47,Wednesday,Evening,59.56,3.0,Neutral,,0,87.0
808023,Daily Digest,48.36,News,87.07,Wednesday,Evening,93.71,0.0,Positive,,0,54.0
808632,Daily Digest,106.02,News,47.0,Wednesday,Evening,63.78,0.0,Positive,,0,79.0
809027,Daily Digest,63.315613540197454,News,84.65,Wednesday,Evening,90.41,2.0,Positive,,0,31.0
810470,Daily Digest,102.03,News,53.56,Wednesday,Evening,0.0,0.0,Neutral,,0,23.0
813393,Daily Digest,115.6,News,51.88,Wednesday,Evening,18.11,1.0,Neutral,,0,76.0
816021,Daily Digest,117.15,News,44.71,Wednesday,Evening,67.52,2.0,Negative,,0,81.0
817219,Daily Digest,84.71,News,20.87,Wednesday,Evening,12.09,3.0,Neutral,,0,72.0
818243,Daily Digest,57.16,News,85.74,Wednesday,Evening,17.94,0.0,Neutral,,0,39.0
818446,Daily Digest,63.315613540197454,News,66.5,Wednesday,Evening,9.94,0.0,Neutral,,0,61.0
818710,Daily Digest,34.63,News,27.14,Wednesday,Evening,71.39,3.0,Negative,,0,67.0
818714,Daily Digest,63.315613540197454,News,35.57,Wednesday,Evening,0.0,2.0,Negative,,0,29.0
820971,Daily Digest,44.66,News,57.91,Wednesday,Evening,1.96,1.0,Negative,,0,100.0
821247,Daily Digest,69.52,News,28.62,Wednesday,Evening,0.0,2.0,Positive,,0,16.0
821952,Daily Digest,63.315613540197454,News,48.29,Wednesday,Evening,91.32,0.0,Positive,,0,100.0
822582,Daily Digest,60.37,News,82.34,Wednesday,Evening,68.19,3.0,Positive,,0,38.0
823211,Daily Digest,39.87,Health,51.35,Wednesday,Evening,49.75,0.0,Positive,,0,95.0
824864,Daily Digest,63.315613540197454,News,93.1,Wednesday,Evening,0.0,1.0,Negative,,0,46.0
825174,Daily Digest,12.09,News,64.84,Wednesday,Evening,50.47,1.0,Positive,,0,29.0
825816,Daily Digest,105.01,News,48.38,Wednesday,Evening,85.39,0.0,Negative,,0,84.0
828820,Daily Digest,54.82,News,29.4,Wednesday,Evening,79.2,1.0,Neutral,,0,54.0
829442,Daily Digest,63.315613540197454,News,78.15,Wednesday,Evening,66.44,0.0,Negative,,0,85.0
830251,Daily Digest,48.99,News,97.62,Wednesday,Evening,70.61,1.0,Negative,,0,98.0
831848,Daily Digest,78.28,News,36.51,Wednesday,Evening,9.45,3.0,Neutral,,0,69.0
833620,Daily Digest,33.83,News,42.63,Wednesday,Evening,59.49,3.0,Neutral,,0,45.0
836051,Daily Digest,99.04,News,24.24,Wednesday,Evening,88.36,0.0,Negative,,0,24.0
836212,Daily Digest,40.94,News,87.25,Wednesday,Evening,0.35,3.0,Neutral,,0,42.0
837493,Daily Digest,92.97,News,89.4,Wednesday,Evening,71.6,0.0,Positive,,0,76.0
838768,Daily Digest,29.81,News,42.54,Wednesday,Evening,0.0,3.0,Negative,,0,36.0
839292,Daily Digest,31.34,News,48.29,Wednesday,Evening,89.76,1.0,Positive,,0,67.0
842013,Daily Digest,31.17,News,33.43,Wednesday,Evening,29.36,3.0,Positive,,0,73.0
842850,Daily Digest,107.79,News,81.39,Wednesday,Evening,76.68,0.0,Neutral,,0,28.0
845270,Daily Digest,82.56,News,89.75,Wednesday,Evening,0.0,2.0,Neutral,,0,34.0
845980,Daily Digest,63.315613540197454,News,22.44,Wednesday,Evening,22.84,2.0,Positive,,0,70.0
846383,Daily Digest,39.18,News,97.82,Wednesday,Evening,95.86,0.0,Neutral,,0,76.0
846489,Daily Digest,9.29,News,66.03,Wednesday,Evening,20.33,0.0,Negative,,0,99.0
848079,Daily Digest,37.24,News,54.19,Wednesday,Evening,0.0,0.0,Positive,,0,42.0
848285,Daily Digest,56.0,News,97.95,Wednesday,Evening,63.33,2.0,Negative,,0,64.0
848710,Daily Digest,82.08,News,70.97,Wednesday,Evening,0.0,0.0,Negative,,0,81.0
850367,Daily Digest,102.66,News,55.66,Wednesday,Evening,61.86,0.0,Neutral,,0,75.0
855904,Daily Digest,25.01,News,56.07,Wednesday,Evening,59.08,3.0,Positive,,0,21.0
855968,Daily Digest,63.315613540197454,News,73.68,Wednesday,Evening,34.7,2.0,Positive,,0,91.0
856472,Daily Digest,57.17,News,43.7,Wednesday,Evening,39.61,1.0,Negative,,0,17.0
857033,Daily Digest,92.2,News,65.22,Wednesday,Evening,15.12,1.0,Neutral,,0,62.0
857110,Daily Digest,24.09,News,79.38,Wednesday,Evening,19.82,3.0,Neutral,,0,68.0
857916,Daily Digest,63.315613540197454,News,96.74,Wednesday,Evening,0.0,0.0,Negative,,0,14.0
858371,Daily Digest,111.99,News,69.62,Wednesday,Evening,71.69,3.0,Negative,,0,6.0
859218,Daily Digest,57.09,News,84.36,Wednesday,Evening,0.0,0.0,Negative,,0,40.0
860243,Daily Digest,63.315613540197454,News,22.18,Wednesday,Evening,17.41,0.0,Positive,,0,55.0
861037,Daily Digest,27.54,News,79.41,Wednesday,Evening,32.04,2.0,Positive,,0,82.0
861280,Daily Digest,16.84,News,30.65,Wednesday,Evening,0.0,0.0,Negative,,0,26.0
862639,Daily Digest,13.33,News,28.87,Wednesday,Evening,56.83,2.0,Positive,,0,41.0
862697,Daily Digest,9.01,News,34.94,Wednesday,Evening,2.2,0.0,Neutral,,0,34.0
862942,Daily Digest,72.59,News,86.59,Wednesday,Evening,6.21,1.0,Neutral,,0,87.0
863039,Daily Digest,63.315613540197454,News,76.53,Wednesday,Evening,90.36,1.0,Negative,,0,64.0
864891,Daily Digest,63.315613540197454,News,38.93,Wednesday,Evening,64.91,2.0,Neutral,,0,55.0
867865,Daily Digest,67.97,News,53.37,Wednesday,Evening,34.29,3.0,Positive,,0,38.0
867958,Daily Digest,58.73,News,55.13,Wednesday,Evening,0.0,2.0,Negative,,0,31.0
868744,Daily Digest,100.43,News,31.81,Wednesday,Evening,19.32,2.0,Negative,,0,70.0
870920,Daily Digest,113.65,News,77.54,Wednesday,Evening,34.87,2.0,Negative,,0,38.0
872357,Daily Digest,46.31,News,31.68,Wednesday,Evening,41.05,2.0,Neutral,,0,31.0
872571,Daily Digest,63.58,News,82.12,Wednesday,Evening,68.48,1.0,Negative,,0,68.0
874203,Daily Digest,15.53,News,48.12,Wednesday,Evening,34.44,0.0,Positive,,0,39.0
876227,Daily Digest,106.91,News,40.86,Wednesday,Evening,76.99,0.0,Neutral,,0,55.0
879051,Daily Digest,57.66,News,57.61,Wednesday,Evening,39.93,3.0,Positive,,0,7.0
880358,Daily Digest,76.72,News,44.38,Wednesday,Evening,33.42,3.0,Neutral,,0,80.0
880471,Daily Digest,104.98,News,41.73,Wednesday,Evening,40.24,0.0,Neutral,,0,81.0
880858,Daily Digest,24.56,News,48.85,Wednesday,Evening,0.0,0.0,Positive,,0,22.0
882023,Daily Digest,96.26,News,37.68,Wednesday,Evening,89.05,2.0,Negative,,0,88.0
882040,Daily Digest,87.69,News,66.24,Wednesday,Evening,73.71,1.0,Positive,,0,62.0
882527,Daily Digest,32.01,News,95.74,Wednesday,Evening,79.61,3.0,Positive,,0,40.0
883732,Daily Digest,52.62,News,97.37,Wednesday,Evening,32.46,0.0,Negative,,0,82.0
883844,Daily Digest,61.2,News,29.02,Wednesday,Evening,58.04,3.0,Negative,,0,9.0
885879,Daily Digest,43.36,News,87.07,Wednesday,Evening,93.46,0.0,Positive,,0,54.0
887551,Daily Digest,68.3,News,24.03,Wednesday,Evening,60.53,3.0,Neutral,,0,77.0
890481,Daily Digest,63.315613540197454,News,55.97,Wednesday,Evening,0.0,3.0,Negative,,0,8.0
890633,Daily Digest,28.97,News,47.55,Wednesday,Evening,73.92,3.0,Negative,,0,47.0
892889,Daily Digest,57.52,News,45.12,Wednesday,Evening,17.72,1.0,Negative,,0,86.0
893626,Daily Digest,68.82,News,96.51,Wednesday,Evening,98.26,3.0,Neutral,,0,63.0
894376,Daily Digest,57.64,News,69.94,Wednesday,Evening,0.0,3.0,Neutral,,0,96.0
894388,Daily Digest,56.26,News,76.61,Wednesday,Evening,74.26,0.0,Negative,,0,97.0
895941,Daily Digest,39.87,Health,51.35,Wednesday,Evening,49.75,1.0,Positive,,0,45.0
901322,Daily Digest,17.5,News,94.76,Wednesday,Evening,49.67,0.0,Neutral,,0,39.0
905331,Daily Digest,76.27,News,51.92,Wednesday,Evening,61.58,2.0,Negative,,0,24.0
907765,Daily Digest,98.92,News,31.57,Wednesday,Evening,0.0,1.0,Positive,,0,62.0
908622,Daily Digest,57.05,News,85.74,Wednesday,Evening,17.94,0.0,Neutral,,0,39.0
909643,Daily Digest,63.315613540197454,News,67.97,Wednesday,Evening,29.69,0.0,Neutral,,0,28.0
910258,Daily Digest,15.81,News,78.84,Wednesday,Evening,0.0,3.0,Negative,,0,23.0
911900,Daily Digest,56.23,News,48.23,Wednesday,Evening,96.84,0.0,Negative,,0,22.0
913324,Daily Digest,38.08,News,45.76,Wednesday,Evening,28.92,0.0,Negative,,0,69.0
916281,Daily Digest,23.02,News,21.02,Wednesday,Evening,25.73,3.0,Positive,,0,27.0
916367,Daily Digest,63.72,News,79.57,Wednesday,Evening,3.6,1.0,Negative,,0,71.0
916512,Daily Digest,14.33,News,61.76,Wednesday,Evening,48.64,3.0,Negative,,0,13.0
916609,Daily Digest,76.09,News,43.9,Wednesday,Evening,27.03,0.0,Positive,,0,75.0
916774,Daily Digest,103.69,News,26.79,Wednesday,Evening,68.94,1.0,Positive,,0,48.0
919455,Daily Digest,25.92,News,31.22,Wednesday,Evening,97.55,3.0,Negative,,0,47.0
920452,Daily Digest,51.24,News,78.59,Wednesday,Evening,73.71,1.0,Negative,,0,71.0
921102,Daily Digest,10.48,News,89.45,Wednesday,Evening,81.25,0.0,Negative,,0,62.0
923375,Daily Digest,82.42,News,85.34,Wednesday,Evening,1.75,0.0,Neutral,,0,72.0
923919,Daily Digest,50.46,News,51.93,Wednesday,Evening,55.88,0.0,Neutral,,0,87.0
925574,Daily Digest,90.7,News,31.54,Wednesday,Evening,10.55,3.0,Neutral,,0,99.0
928058,Daily Digest,107.04,News,65.28,Wednesday,Evening,54.49,0.0,Negative,,0,86.0
928158,Daily Digest,110.58,News,70.25,Wednesday,Evening,88.96,1.0,Negative,,0,13.0
928539,Daily Digest,60.26,News,30.29,Wednesday,Evening,79.05,2.0,Neutral,,0,16.0
932836,Daily Digest,56.03,News,24.14,Wednesday,Evening,0.0,2.0,Negative,,0,24.0
934111,Daily Digest,63.72,News,71.76,Wednesday,Evening,3.23,1.0,Negative,,0,71.0
934824,Daily Digest,54.43,News,50.35,Wednesday,Evening,43.16,0.0,Neutral,,0,57.0
936060,Daily Digest,90.18,News,28.73,Wednesday,Evening,73.1,1.0,Positive,,0,58.0
938000,Daily Digest,63.315613540197454,News,98.62,Wednesday,Evening,0.0,2.0,Neutral,,0,30.0
942105,Daily Digest,68.86,News,88.02,Wednesday,Evening,27.78,3.0,Neutral,,0,48.0
942798,Daily Digest,55.07,News,41.9,Wednesday,Evening,87.32,3.0,Negative,,0,99.0
946755,Daily Digest,106.02,News,43.78,Wednesday,Evening,61.76,3.0,Negative,,0,66.0
946944,Daily Digest,36.83,News,74.58,Wednesday,Evening,0.0,3.0,Positive,,0,44.0
948709,Daily Digest,84.42,News,70.94,Wednesday,Evening,0.0,2.0,Negative,,0,29.0
948936,Daily Digest,7.56,News,37.78,Wednesday,Evening,82.15,2.0,Neutral,,0,76.0
949338,Daily Digest,95.09,News,97.35,Wednesday,Evening,76.68,0.0,Positive,,0,13.0
951545,Daily Digest,25.26,News,27.65,Wednesday,Evening,0.0,0.0,Neutral,,0,30.0
956449,Daily Digest,110.71,News,51.06,Wednesday,Evening,42.41,1.0,Neutral,,0,72.0
958112,Daily Digest,51.57,News,72.16,Wednesday,Evening,40.29,1.0,Neutral,,0,39.0
958310,Daily Digest,47.14,News,91.78,Wednesday,Evening,0.0,0.0,Positive,,0,91.0
958369,Daily Digest,63.315613540197454,News,78.43,Wednesday,Evening,26.82,0.0,Positive,,0,85.0
958733,Daily Digest,13.74,News,66.77,Wednesday,Evening,59.54,2.0,Positive,,0,47.0
958773,Daily Digest,98.32,News,46.87,Wednesday,Evening,29.49,3.0,Positive,,0,96.0
958987,Daily Digest,117.14,News,92.97,Wednesday,Evening,28.43,3.0,Negative,,0,6.0
960056,Daily Digest,54.67,News,70.06,Wednesday,Evening,62.51,0.0,Negative,,0,47.0
960526,Daily Digest,63.315613540197454,News,57.91,Wednesday,Evening,0.0,0.0,Negative,,0,52.0
961864,Daily Digest,113.43,News,94.43,Wednesday,Evening,79.77,1.0,Neutral,,0,6.0
962537,Daily Digest,72.93,News,32.58,Wednesday,Evening,67.7,0.0,Negative,,0,73.0
966779,Daily Digest,88.51,News,60.6,Wednesday,Evening,96.4,3.0,Positive,,0,27.0
967648,Daily Digest,76.97,News,71.39,Wednesday,Evening,73.36,1.0,Positive,,0,51.0
967874,Daily Digest,63.315613540197454,News,40.84,Wednesday,Evening,46.57,2.0,Negative,,0,5.0
969345,Daily Digest,52.07,News,92.52,Wednesday,Evening,22.16,1.0,Negative,,0,96.0
970480,Daily Digest,85.69,News,45.15,Wednesday,Evening,39.69,1.0,Negative,,0,64.0
970845,Daily Digest,63.315613540197454,News,41.29,Wednesday,Evening,0.0,3.0,Positive,,0,5.0
972106,Daily Digest,56.98,News,24.17,Wednesday,Evening,96.84,0.0,Negative,,0,22.0
973135,Daily Digest,69.71,News,61.51,Wednesday,Evening,10.64,2.0,Neutral,,0,34.0
974770,Daily Digest,48.14,News,49.42,Wednesday,Evening,64.77,2.0,Neutral,,0,67.0
975191,Daily Digest,85.09,News,25.88,Wednesday,Evening,0.0,0.0,Neutral,,0,30.0
975230,Daily Digest,111.78,News,23.17,Wednesday,Evening,0.0,1.0,Negative,,0,63.0
975471,Daily Digest,63.315613540197454,News,78.43,Wednesday,Evening,11.58,0.0,Positive,,0,85.0
978037,Daily Digest,65.88,News,22.87,Wednesday,Evening,0.0,2.0,Negative,,0,48.0
986530,Daily Digest,99.99,News,54.03,Wednesday,Evening,71.93,3.0,Positive,,0,22.0
987423,Daily Digest,63.13,News,38.72,Wednesday,Evening,38.92,1.0,Positive,,0,64.0
987692,Daily Digest,17.51,News,28.69,Wednesday,Evening,64.76,2.0,Positive,,0,41.0
987977,Daily Digest,49.33,News,73.46,Wednesday,Evening,94.08,0.0,Neutral,,0,73.0
989489,Daily Digest,62.97,News,69.82,Wednesday,Evening,37.52,0.0,Negative,,0,42.0
990662,Daily Digest,19.89,News,71.03,Wednesday,Evening,71.92,2.0,Positive,,0,86.0
990752,Daily Digest,21.52,News,68.87,Wednesday,Evening,61.4,0.0,Neutral,,0,8.0
995863,Daily Digest,116.66,News,95.84,Wednesday,Evening,88.76,2.0,Negative,,0,73.0
996515,Daily Digest,44.67,News,93.21,Wednesday,Evening,10.39,1.0,Neutral,,0,46.0
997477,Daily Digest,57.05,News,85.22,Wednesday,Evening,4.18,0.0,Neutral,,0,39.0
998909,Daily Digest,28.88,News,78.41,Wednesday,Evening,88.62,2.0,Positive,,0,90.0
998910,Daily Digest,9.41,News,91.95,Wednesday,Evening,75.11,3.0,Positive,,0,12.0
999955,Daily Digest,63.315613540197454,News,37.32,Wednesday,Evening,32.32,0.0,Negative,,0,24.0
999980,Daily Digest,11.41,News,87.73,Wednesday,Evening,2.05,1.0,Neutral,,0,37.0
