id,Podcast_Name,Episode_Length_minutes,Genre,Host_Popularity_percentage,Publication_Day,Publication_Time,Guest_Popularity_percentage,Number_of_Ads,Episode_Sentiment,Listening_Time_minutes,is_train,Episode_Number
2091,Daily Digest,56.05,News,60.86,Thursday,Evening,12.84,2.0,Positive,23.71495,1,33.0
5480,Daily Digest,52.22,News,88.98,Thursday,Evening,89.27,1.0,Negative,36.45458,1,7.0
5717,Daily Digest,31.31,News,31.27,Thursday,Evening,92.16,2.0,Neutral,13.41582,1,84.0
6486,Daily Digest,16.27,News,38.64,Thursday,Evening,63.35,3.0,Negative,13.948,1,88.0
7163,Daily Digest,53.11,News,41.95,Thursday,Evening,65.7,2.0,Positive,29.74896,1,71.0
7739,Daily Digest,106.05,News,83.16,Thursday,Evening,83.38,0.0,Negative,86.61327,1,46.0
8243,Daily Digest,54.13,News,62.54,Thursday,Evening,26.95,1.0,Negative,25.05026,1,40.0
9659,Daily Digest,104.83,News,47.3,Thursday,Evening,99.64,0.0,Neutral,103.0521,1,58.0
13398,Daily Digest,106.89,News,21.87,Thursday,Evening,80.02,3.0,Neutral,47.19098,1,13.0
15601,Daily Digest,104.74,News,72.71,Thursday,Evening,0.0,3.0,Neutral,62.63008,1,82.0
15831,Daily Digest,107.82,News,63.54,Thursday,Evening,84.84,0.0,Negative,97.4525,1,70.0
17626,Daily Digest,52.43,News,33.17,Thursday,Evening,0.0,2.0,Negative,36.99531,1,19.0
17632,Daily Digest,106.91,News,93.63,Thursday,Evening,80.02,3.0,Neutral,47.19098,1,13.0
17741,Daily Digest,102.75,News,47.98,Thursday,Evening,82.82,2.0,Negative,74.56259,1,25.0
18609,Daily Digest,17.52,News,60.07,Thursday,Evening,69.02,0.0,Neutral,13.90593,1,48.0
26433,Daily Digest,47.23,News,48.77,Thursday,Evening,46.14,3.0,Positive,32.78399,1,75.0
26664,Daily Digest,88.29,News,80.75,Thursday,Evening,27.13,0.0,Neutral,69.43439,1,83.0
27559,Daily Digest,119.73,News,95.93,Thursday,Evening,6.16,0.0,Positive,112.90614,1,54.0
32930,Daily Digest,14.87,News,84.21,Thursday,Evening,86.42,3.0,Positive,8.81079,1,47.0
33540,Daily Digest,97.9,News,20.65,Thursday,Evening,38.97,1.0,Negative,49.30706,1,21.0
33625,Daily Digest,64.79,News,56.08,Thursday,Evening,62.92,1.0,Negative,33.84624,1,61.0
34136,Daily Digest,109.0,News,46.83,Thursday,Evening,84.81,2.0,Negative,47.69742,1,15.0
34339,Daily Digest,33.49,News,95.73,Thursday,Evening,81.8,3.0,Negative,20.08729,1,35.0
35644,Daily Digest,39.46,News,31.76,Thursday,Evening,48.47,2.0,Positive,29.41591,1,21.0
38250,Daily Digest,26.84,News,28.51,Thursday,Evening,58.09,1.0,Neutral,11.3319,1,51.0
39773,Daily Digest,57.83,News,77.71,Thursday,Evening,89.94,0.0,Positive,53.9951,1,75.0
41314,Daily Digest,69.09798668885192,News,88.2,Thursday,Evening,44.17,2.0,Neutral,38.05434,1,30.0
43914,Daily Digest,69.09798668885192,News,43.68,Thursday,Evening,0.0,2.0,Neutral,69.60753,1,34.0
45840,Daily Digest,53.11,News,43.56,Thursday,Evening,65.7,2.0,Positive,29.74896,1,71.0
52246,Daily Digest,11.33,News,24.17,Thursday,Evening,0.0,2.0,Neutral,7.2687,1,54.0
55137,Daily Digest,69.09798668885192,News,73.46,Thursday,Evening,26.23,3.0,Negative,70.47693,1,100.0
56357,Daily Digest,62.38,News,64.13,Thursday,Evening,44.97,0.0,Positive,53.21997,1,96.0
57735,Daily Digest,93.75,News,27.36,Thursday,Evening,81.19,0.0,Negative,81.02068,1,52.0
59894,Daily Digest,98.94,News,81.29,Thursday,Evening,9.68,1.0,Negative,65.3198,1,24.0
60724,Daily Digest,85.17,News,59.87,Thursday,Evening,17.6,3.0,Neutral,33.71755,1,78.0
61598,Daily Digest,82.68,News,28.05,Thursday,Evening,11.42,0.0,Positive,62.59769,1,6.0
63981,Daily Digest,112.76,News,45.09,Thursday,Evening,0.0,2.0,Negative,64.26214,1,60.0
65450,Daily Digest,108.05,News,83.72,Thursday,Evening,11.83,0.0,Negative,86.61377,1,46.0
66483,Daily Digest,118.46,News,64.29,Thursday,Evening,16.01,0.0,Neutral,75.11488,1,95.0
67266,Daily Digest,53.07,News,87.31,Thursday,Evening,27.56,3.0,Positive,27.02273,1,39.0
68447,Daily Digest,51.81,News,57.46,Thursday,Evening,75.93,2.0,Negative,17.52701,1,6.0
68928,Daily Digest,69.09798668885192,News,82.54,Thursday,Evening,0.0,0.0,Negative,75.70206,1,39.0
69575,Daily Digest,79.74,News,24.17,Thursday,Evening,82.18,3.0,Neutral,39.43851,1,12.0
69645,Daily Digest,24.16,News,68.52,Thursday,Evening,76.81,1.0,Neutral,21.33482,1,63.0
69768,Daily Digest,113.72,News,43.38,Thursday,Evening,0.0,1.0,Negative,70.64688,1,56.0
72193,Daily Digest,11.77,News,34.45,Thursday,Evening,65.57,1.0,Negative,10.75585,1,85.0
73018,Daily Digest,10.86,News,58.5,Thursday,Evening,91.15,0.0,Neutral,8.2521,1,33.0
73180,Daily Digest,114.29,News,83.12,Thursday,Evening,43.29,1.0,Negative,110.06833,1,43.0
73603,Daily Digest,109.25,News,77.73,Thursday,Evening,0.0,0.0,Positive,104.74743,1,74.0
74540,Daily Digest,112.82,News,90.55,Thursday,Evening,0.0,1.0,Negative,110.92,1,33.0
77397,Daily Digest,83.74,News,26.12,Thursday,Evening,88.4,2.0,Neutral,69.47548,1,26.0
77861,Daily Digest,67.35,News,95.22,Thursday,Evening,47.27,3.0,Negative,40.78567,1,78.0
83410,Daily Digest,69.09798668885192,News,73.34,Thursday,Evening,65.91,0.0,Positive,63.27588,1,76.0
83886,Daily Digest,103.23,News,63.01,Thursday,Evening,29.35,0.0,Neutral,84.08317,1,87.0
86149,Daily Digest,22.65,News,45.33,Thursday,Evening,52.84,3.0,Negative,10.52081,1,84.0
88342,Daily Digest,27.88,News,65.13,Thursday,Evening,43.04,0.0,Positive,27.75592,1,20.0
88447,Daily Digest,37.0,News,97.64,Thursday,Evening,16.4,1.0,Negative,16.70028,1,88.0
89873,Daily Digest,110.21,News,36.83,Thursday,Evening,0.0,0.0,Neutral,98.25087,1,83.0
90394,Daily Digest,94.96,News,20.32,Thursday,Evening,0.0,1.0,Negative,72.65868,1,86.0
92868,Daily Digest,105.17,News,61.05,Thursday,Evening,72.04,0.0,Negative,98.43562,1,52.0
93601,Daily Digest,57.83,News,77.95,Thursday,Evening,89.94,0.0,Positive,53.9951,1,75.0
93690,Daily Digest,30.02,News,39.94,Thursday,Evening,91.49,2.0,Negative,17.04,1,47.0
96776,Daily Digest,69.09798668885192,News,52.41,Thursday,Evening,0.0,0.0,Neutral,57.3,1,89.0
99091,Daily Digest,115.3,News,98.83,Thursday,Evening,0.0,1.0,Negative,70.92215,1,41.0
100115,Daily Digest,44.88,News,75.88,Thursday,Evening,85.16,3.0,Positive,33.5834,1,92.0
100390,Daily Digest,38.77,News,76.82,Thursday,Evening,62.72,2.0,Positive,33.35818,1,92.0
101141,Daily Digest,40.15,News,97.79,Thursday,Evening,78.96,3.0,Neutral,20.46655,1,86.0
103945,Daily Digest,33.11,News,50.72,Thursday,Evening,77.96,1.0,Neutral,27.32604,1,92.0
104060,Daily Digest,11.24,News,24.66,Thursday,Evening,41.54,0.0,Positive,3.17173,1,19.0
105855,Daily Digest,85.36,News,69.3,Thursday,Evening,19.66,0.0,Neutral,50.62953,1,22.0
106622,Daily Digest,115.6,News,66.81,Thursday,Evening,21.79,0.0,Neutral,79.83825,1,29.0
106946,Daily Digest,46.53,News,82.99,Thursday,Evening,0.0,2.0,Neutral,22.25107,1,19.0
108579,Daily Digest,107.37,News,45.58,Thursday,Evening,9.55,0.0,Neutral,41.66744,1,37.0
108944,Daily Digest,35.06,News,48.34,Thursday,Evening,75.32,3.0,Positive,23.70567,1,40.0
111288,Daily Digest,26.24,News,85.43,Thursday,Evening,47.39,1.0,Neutral,10.74442,1,43.0
113693,Daily Digest,51.78,News,51.84,Thursday,Evening,0.0,1.0,Negative,30.2,1,45.0
113704,Daily Digest,67.24,News,53.17,Thursday,Evening,94.42,0.0,Neutral,28.77632,1,53.0
114342,Daily Digest,115.92,News,55.59,Thursday,Evening,12.72,0.0,Neutral,73.60544,1,9.0
114537,Daily Digest,69.09798668885192,News,69.83,Thursday,Evening,68.48,0.0,Negative,40.65989,1,64.0
114594,Daily Digest,105.05,News,39.06,Thursday,Evening,65.05,0.0,Positive,100.70866,1,88.0
114954,Daily Digest,80.77,News,72.15,Thursday,Evening,64.12,3.0,Neutral,66.6847,1,71.0
115035,Daily Digest,66.86,News,27.92,Thursday,Evening,73.19,0.0,Positive,51.44285,1,15.0
115654,Daily Digest,119.07,News,82.18,Thursday,Evening,12.38,2.0,Negative,75.71357,1,26.0
118774,Daily Digest,101.09,News,89.02,Thursday,Evening,0.0,3.0,Neutral,85.3002,1,63.0
119815,Daily Digest,69.09798668885192,News,30.45,Thursday,Evening,80.99,3.0,Neutral,71.41774,1,20.0
121363,Daily Digest,41.71,News,60.72,Thursday,Evening,64.29,0.0,Positive,27.8,1,88.0
126731,Daily Digest,58.28,News,84.02,Thursday,Evening,75.5,3.0,Negative,27.51822,1,65.0
129268,Daily Digest,23.68,News,87.46,Thursday,Evening,48.06,0.0,Neutral,11.33718,1,50.0
130143,Daily Digest,27.68,News,47.56,Thursday,Evening,20.33,3.0,Positive,10.89923,1,73.0
130329,Daily Digest,116.84,News,76.5,Thursday,Evening,39.42,1.0,Neutral,112.53862,1,78.0
134638,Daily Digest,113.41,News,69.67,Thursday,Evening,0.0,3.0,Neutral,59.13728,1,57.0
135522,Daily Digest,119.24,News,83.72,Thursday,Evening,84.82,1.0,Negative,86.61377,1,46.0
136192,Daily Digest,39.73,News,49.23,Thursday,Evening,48.84,1.0,Positive,14.18757,1,73.0
137811,Daily Digest,24.16,News,42.07,Thursday,Evening,87.3,3.0,Positive,10.23766,1,87.0
138248,Daily Digest,83.75,News,61.2,Thursday,Evening,5.18,2.0,Positive,58.88878,1,29.0
138604,Daily Digest,69.09798668885192,News,82.75,Thursday,Evening,63.54,2.0,Positive,2.30568,1,44.0
139307,Daily Digest,95.42,News,54.28,Thursday,Evening,22.28,1.0,Positive,69.61739,1,79.0
139399,Daily Digest,53.61,News,80.46,Thursday,Evening,63.72,0.0,Negative,29.71469,1,66.0
140942,Daily Digest,69.09798668885192,News,61.74,Thursday,Evening,9.14,0.0,Negative,23.09,1,56.0
143328,Daily Digest,23.88,News,97.81,Thursday,Evening,42.47,1.0,Positive,19.73988,1,31.0
144490,Daily Digest,50.81,News,72.62,Thursday,Evening,89.62,1.0,Neutral,40.28202,1,62.0
144578,Daily Digest,20.32,News,94.12,Thursday,Evening,99.64,3.0,Negative,14.35,1,14.0
145950,Daily Digest,74.07,News,97.34,Thursday,Evening,0.0,1.0,Neutral,45.70508,1,17.0
146875,Daily Digest,106.91,News,93.82,Thursday,Evening,80.02,3.0,Neutral,47.19098,1,13.0
147372,Daily Digest,62.38,News,73.34,Thursday,Evening,64.97,0.0,Positive,53.21997,1,46.0
149220,Daily Digest,45.75,News,85.19,Thursday,Evening,68.91,3.0,Positive,44.6338,1,35.0
151517,Daily Digest,31.82,News,58.44,Thursday,Evening,98.11,1.0,Positive,7.15,1,18.0
152570,Daily Digest,58.12,News,70.68,Thursday,Evening,50.42,1.0,Neutral,42.04297,1,39.0
153737,Daily Digest,99.53,News,22.33,Thursday,Evening,0.0,3.0,Neutral,78.74585,1,81.0
156633,Daily Digest,108.82,News,83.29,Thursday,Evening,11.51,1.0,Negative,86.61377,1,46.0
156687,Daily Digest,87.87,News,92.25,Thursday,Evening,56.51,2.0,Positive,43.49929,1,57.0
159308,Daily Digest,66.15,News,32.88,Thursday,Evening,39.68,2.0,Neutral,46.09455,1,67.0
160089,Daily Digest,48.41,News,38.55,Thursday,Evening,27.64,3.0,Neutral,35.1497,1,28.0
160232,Daily Digest,95.29,News,67.18,Thursday,Evening,75.58,3.0,Neutral,88.24452,1,22.0
160643,Daily Digest,69.09798668885192,News,86.19,Thursday,Evening,22.75,0.0,Negative,70.0367,1,17.0
162263,Daily Digest,69.09798668885192,News,79.65,Thursday,Evening,44.85,0.0,Neutral,42.46842,1,52.0
162552,Daily Digest,33.79,News,63.94,Thursday,Evening,71.6,0.0,Negative,23.06,1,89.0
162642,Daily Digest,104.79,News,32.97,Thursday,Evening,32.32,2.0,Neutral,70.89095,1,83.0
163553,Daily Digest,30.95,News,90.48,Thursday,Evening,0.0,3.0,Positive,18.66571,1,95.0
165205,Daily Digest,46.53,News,71.03,Thursday,Evening,6.31,3.0,Neutral,22.37,1,61.0
165327,Daily Digest,52.99,News,64.49,Thursday,Evening,92.81,3.0,Negative,29.72946,1,66.0
166075,Daily Digest,57.41,News,40.25,Thursday,Evening,44.39,2.0,Neutral,17.92745,1,58.0
168943,Daily Digest,94.18,News,86.5,Thursday,Evening,80.85,0.0,Neutral,80.13,1,67.0
170183,Daily Digest,91.8,News,59.75,Thursday,Evening,96.07,2.0,Negative,63.60969,1,57.0
172182,Daily Digest,87.5,News,92.11,Thursday,Evening,77.5,1.0,Negative,79.86148,1,71.0
172333,Daily Digest,60.18,News,95.07,Thursday,Evening,4.93,0.0,Neutral,56.79002,1,40.0
175414,Daily Digest,10.35,News,53.56,Thursday,Evening,5.09,0.0,Positive,6.25254,1,1.0
179686,Daily Digest,20.0,News,79.17,Thursday,Evening,71.09,3.0,Negative,10.06742,1,55.0
179941,Daily Digest,58.61,News,48.79,Thursday,Evening,39.77,2.0,Neutral,42.04297,1,39.0
182020,Daily Digest,109.68,News,98.77,Thursday,Evening,31.64,0.0,Negative,106.38931,1,74.0
182944,Daily Digest,32.04,News,49.59,Thursday,Evening,88.47,0.0,Neutral,14.78,1,72.0
183957,Daily Digest,63.41,News,58.84,Thursday,Evening,0.0,3.0,Positive,51.3554,1,48.0
186440,Daily Digest,9.31,News,58.83,Thursday,Evening,34.28,3.0,Negative,6.97278,1,98.0
187106,Daily Digest,72.91,News,84.03,Thursday,Evening,84.24,3.0,Neutral,35.15042,1,5.0
187736,Daily Digest,103.01,News,60.07,Thursday,Evening,89.76,0.0,Neutral,74.02247,1,99.0
189238,Daily Digest,34.7,News,30.5,Thursday,Evening,84.27,1.0,Negative,25.46972,1,3.0
190015,Daily Digest,111.04,News,63.4,Thursday,Evening,0.0,1.0,Positive,78.11539,1,54.0
190843,Daily Digest,10.25,News,35.79,Thursday,Evening,3.75,1.0,Positive,0.0,1,52.0
191210,Daily Digest,97.81,News,21.97,Thursday,Evening,78.72,3.0,Negative,75.36804,1,81.0
192464,Daily Digest,18.88,News,68.18,Thursday,Evening,0.0,3.0,Positive,6.15556,1,22.0
193451,Daily Digest,48.92,News,28.91,Thursday,Evening,65.62,3.0,Positive,45.84316,1,79.0
199377,Daily Digest,33.81,News,91.85,Thursday,Evening,18.96,2.0,Neutral,9.45411,1,26.0
199542,Daily Digest,90.72,News,34.98,Thursday,Evening,4.96,3.0,Negative,54.21,1,4.0
201912,Daily Digest,115.56,News,28.13,Thursday,Evening,12.79,0.0,Neutral,73.60544,1,9.0
202218,Daily Digest,69.09798668885192,News,85.09,Thursday,Evening,0.0,3.0,Positive,19.87617,1,16.0
202471,Daily Digest,52.44,News,96.65,Thursday,Evening,0.0,2.0,Neutral,38.22564,1,63.0
202514,Daily Digest,11.87,News,58.07,Thursday,Evening,0.0,2.0,Neutral,7.67278,1,55.0
202897,Daily Digest,116.83,News,35.95,Thursday,Evening,73.67,1.0,Negative,76.52,1,62.0
203387,Daily Digest,69.09798668885192,News,28.56,Thursday,Evening,14.8,3.0,Negative,20.41,1,58.0
203561,Daily Digest,86.31,News,40.06,Thursday,Evening,78.21,0.0,Neutral,60.83661,1,17.0
204747,Daily Digest,95.09,News,23.15,Thursday,Evening,78.73,2.0,Negative,64.03709,1,99.0
206472,Daily Digest,119.97,News,72.4,Thursday,Evening,22.12,0.0,Positive,110.60391,1,22.0
207646,Daily Digest,36.94,News,51.64,Thursday,Evening,35.06,2.0,Negative,20.78,1,99.0
208722,Daily Digest,97.58,News,20.39,Thursday,Evening,38.07,1.0,Negative,49.30706,1,65.0
208728,Daily Digest,113.97,News,31.24,Thursday,Evening,85.58,2.0,Neutral,107.88,1,65.0
211630,Daily Digest,51.81,News,36.34,Thursday,Evening,6.08,2.0,Neutral,33.71885,1,72.0
216739,Daily Digest,70.04,News,40.25,Thursday,Evening,18.5,3.0,Neutral,31.10535,1,28.0
218200,Daily Digest,92.34,News,91.04,Thursday,Evening,91.81,2.0,Positive,66.12741,1,46.0
219428,Daily Digest,74.87,News,39.6,Thursday,Evening,88.42,2.0,Neutral,62.2263,1,64.0
221384,Daily Digest,47.79,News,56.69,Thursday,Evening,69.69,0.0,Negative,38.29,1,39.0
221873,Daily Digest,28.82,News,27.35,Thursday,Evening,0.0,3.0,Negative,21.17,1,71.0
222318,Daily Digest,71.41,News,96.34,Thursday,Evening,0.0,2.0,Neutral,58.6877,1,40.0
224087,Daily Digest,91.44,News,98.05,Thursday,Evening,0.0,2.0,Neutral,57.93008,1,40.0
224284,Daily Digest,67.37,News,86.8,Thursday,Evening,79.17,2.0,Negative,57.24231,1,27.0
226196,Daily Digest,53.01,Lifestyle,55.83,Thursday,Evening,65.7,2.0,Positive,29.74896,1,71.0
226275,Daily Digest,5.6,News,20.93,Thursday,Evening,71.96,1.0,Positive,3.48897,1,91.0
229207,Daily Digest,106.41,News,67.56,Thursday,Evening,0.0,0.0,Neutral,70.56497,1,28.0
230471,Daily Digest,97.42,News,94.96,Thursday,Evening,81.42,0.0,Neutral,75.71357,1,11.0
231476,Daily Digest,16.31,News,75.16,Thursday,Evening,64.56,2.0,Negative,8.75,1,86.0
234916,Daily Digest,30.57,News,56.6,Thursday,Evening,51.76,1.0,Neutral,25.51207,1,54.0
235958,Daily Digest,69.09798668885192,News,73.24,Thursday,Evening,73.28,0.0,Neutral,34.7961,1,73.0
239000,Daily Digest,99.35,News,69.13,Thursday,Evening,75.8,0.0,Negative,56.90052,1,63.0
243114,Daily Digest,69.09798668885192,News,25.8,Thursday,Evening,27.19,2.0,Positive,55.3231,1,21.0
243650,Daily Digest,84.53,News,71.85,Thursday,Evening,24.59,1.0,Neutral,71.40972,1,74.0
245647,Daily Digest,113.32,News,98.61,Thursday,Evening,28.37,0.0,Neutral,79.76053,1,9.0
246943,Daily Digest,62.38,News,73.34,Thursday,Evening,44.97,2.0,Positive,53.21997,1,96.0
248733,Daily Digest,102.5,News,95.39,Thursday,Evening,29.79,3.0,Neutral,100.78228,1,73.0
249730,Daily Digest,99.24,News,20.72,Thursday,Evening,96.03,0.0,Negative,80.92789,1,73.0
252645,Daily Digest,18.75,News,49.56,Thursday,Evening,67.24,1.0,Neutral,9.02339,1,70.0
255719,Daily Digest,97.58,News,20.31,Thursday,Evening,41.24,1.0,Negative,49.30706,1,65.0
256286,Daily Digest,67.75,News,78.61,Thursday,Evening,67.71,1.0,Neutral,45.96147,1,83.0
256601,Daily Digest,41.65,News,66.27,Thursday,Evening,91.9,3.0,Neutral,29.51966,1,64.0
257228,Daily Digest,69.09798668885192,News,83.39,Thursday,Evening,0.0,3.0,Neutral,28.17624,1,97.0
257355,Daily Digest,69.09798668885192,News,84.31,Thursday,Evening,91.06,0.0,Negative,70.05742,1,87.0
258838,Daily Digest,48.65,News,22.75,Thursday,Evening,55.69,1.0,Positive,34.32275,1,65.0
259384,Daily Digest,25.72,News,31.39,Thursday,Evening,62.97,1.0,Negative,25.63049,1,47.0
259911,Daily Digest,69.09798668885192,News,98.18,Thursday,Evening,8.97,0.0,Positive,79.15825,1,35.0
263073,Daily Digest,69.09798668885192,News,75.6,Thursday,Evening,0.0,1.0,Neutral,14.36,1,23.0
263117,Daily Digest,90.18,News,78.75,Thursday,Evening,17.14,0.0,Neutral,54.88598,1,22.0
263530,Daily Digest,97.16,News,48.68,Thursday,Evening,47.88,1.0,Positive,91.69218,1,83.0
263888,Daily Digest,69.09798668885192,News,73.71,Thursday,Evening,88.81,3.0,Negative,48.19,1,69.0
265703,Daily Digest,114.32,News,99.4,Thursday,Evening,47.77,1.0,Negative,113.32,1,56.0
266003,Daily Digest,83.24,News,60.39,Thursday,Evening,0.0,2.0,Positive,49.27849,1,88.0
266504,Daily Digest,88.16,News,47.97,Thursday,Evening,0.0,1.0,Positive,50.18017,1,57.0
267877,Daily Digest,69.09798668885192,News,99.75,Thursday,Evening,0.0,0.0,Negative,91.3998,1,53.0
273790,Daily Digest,85.28,News,82.44,Thursday,Evening,52.4,1.0,Positive,71.89386,1,32.0
275316,Daily Digest,10.16,News,40.33,Thursday,Evening,0.0,0.0,Negative,6.67927,1,77.0
276020,Daily Digest,114.76,News,30.56,Thursday,Evening,37.49,0.0,Neutral,97.96472,1,70.0
276508,Daily Digest,86.17,News,46.36,Thursday,Evening,87.0,0.0,Positive,77.90732,1,79.0
280079,Daily Digest,31.91,News,27.73,Thursday,Evening,63.33,3.0,Neutral,31.68,1,67.0
285325,Daily Digest,74.22,News,93.12,Thursday,Evening,0.0,3.0,Neutral,68.30629,1,83.0
287338,Daily Digest,91.2,News,58.03,Thursday,Evening,0.0,1.0,Negative,35.54634,1,84.0
290228,Daily Digest,20.62,News,48.35,Thursday,Evening,20.06,0.0,Positive,11.71735,1,30.0
291590,Daily Digest,69.09798668885192,News,80.24,Thursday,Evening,49.26,0.0,Neutral,81.0901,1,94.0
294806,Daily Digest,69.09798668885192,News,73.34,Thursday,Evening,60.52,0.0,Positive,63.27588,1,95.0
296625,Daily Digest,42.92,News,79.97,Thursday,Evening,0.0,2.0,Negative,23.95128,1,6.0
297567,Daily Digest,54.29,News,86.29,Thursday,Evening,0.0,3.0,Positive,40.74477,1,81.0
298203,Daily Digest,96.8,News,87.02,Thursday,Evening,68.16,3.0,Negative,47.79046,1,59.0
298721,Daily Digest,100.82,News,28.13,Thursday,Evening,12.72,0.0,Neutral,73.60544,1,9.0
300672,Daily Digest,20.12,News,79.87,Thursday,Evening,67.56,0.0,Positive,17.10425,1,92.0
303074,Daily Digest,14.73,News,85.66,Thursday,Evening,55.8,3.0,Neutral,10.47722,1,82.0
305763,Daily Digest,52.42,News,54.84,Thursday,Evening,0.0,3.0,Positive,38.83133,1,71.0
306838,Daily Digest,103.21,News,73.41,Thursday,Evening,4.81,3.0,Negative,73.42198,1,11.0
307085,Daily Digest,59.28,News,20.97,Thursday,Evening,86.87,2.0,Neutral,42.32147,1,87.0
309400,Daily Digest,98.63,News,69.9,Thursday,Evening,0.0,0.0,Positive,79.1106,1,82.0
310041,Daily Digest,112.97,News,37.99,Thursday,Evening,37.11,1.0,Positive,79.22307,1,16.0
312285,Daily Digest,94.12,News,80.43,Thursday,Evening,0.0,1.0,Neutral,77.204,1,20.0
313196,Daily Digest,39.2,News,23.46,Thursday,Evening,54.33,2.0,Negative,19.84342,1,28.0
313584,Daily Digest,105.61,News,57.29,Thursday,Evening,19.81,1.0,Negative,71.5181,1,27.0
316042,Daily Digest,116.32,News,68.78,Thursday,Evening,14.64,0.0,Positive,104.58448,1,78.0
316531,Daily Digest,69.09798668885192,News,64.36,Thursday,Evening,79.36,0.0,Neutral,59.72429,1,6.0
318782,Daily Digest,105.55,News,45.6,Thursday,Evening,40.46,0.0,Neutral,102.95234,1,58.0
321244,Daily Digest,53.96,News,81.84,Thursday,Evening,0.0,0.0,Negative,33.43687,1,9.0
322666,Daily Digest,11.43,News,90.2,Thursday,Evening,80.76,1.0,Positive,3.46961,1,100.0
324326,Daily Digest,108.79,News,83.72,Thursday,Evening,84.68,1.0,Negative,86.61377,1,46.0
327461,Daily Digest,24.24,News,55.69,Thursday,Evening,19.01,0.0,Negative,8.21,1,58.0
329940,Daily Digest,103.87,News,60.86,Thursday,Evening,89.47,0.0,Neutral,74.02247,1,99.0
332734,Daily Digest,103.83,News,27.82,Thursday,Evening,0.0,0.0,Positive,102.09452,1,81.0
334519,Daily Digest,45.9,News,43.05,Thursday,Evening,0.0,3.0,Neutral,16.24046,1,8.0
335316,Daily Digest,114.52,News,24.87,Thursday,Evening,94.28,1.0,Positive,90.65832,1,24.0
338748,Daily Digest,46.36,News,58.72,Thursday,Evening,0.0,0.0,Neutral,40.76103,1,63.0
338751,Daily Digest,24.47,News,38.31,Thursday,Evening,0.0,1.0,Negative,16.36,1,26.0
341085,Daily Digest,24.39,News,70.49,Thursday,Evening,78.63,2.0,Positive,9.66619,1,78.0
342498,Daily Digest,118.93,News,98.64,Thursday,Evening,83.93,1.0,Positive,68.64732,1,54.0
342771,Daily Digest,70.27,News,23.4,Thursday,Evening,82.56,3.0,Negative,54.35864,1,21.0
343994,Daily Digest,101.69,News,81.01,Thursday,Evening,0.0,3.0,Neutral,48.67535,1,95.0
344734,Daily Digest,11.02,News,43.05,Thursday,Evening,0.0,3.0,Neutral,0.0,1,80.0
345631,Daily Digest,15.43,News,55.48,Thursday,Evening,93.62,0.0,Negative,1.784,1,2.0
348080,Daily Digest,20.85,News,77.5,Thursday,Evening,68.8,0.0,Positive,17.10425,1,92.0
349732,Daily Digest,64.02,News,35.83,Thursday,Evening,34.24,1.0,Neutral,48.5069,1,59.0
351180,Daily Digest,26.74,News,43.91,Thursday,Evening,21.79,1.0,Positive,25.49077,1,5.0
352702,Daily Digest,69.09798668885192,News,89.47,Thursday,Evening,56.09,0.0,Positive,20.83,1,85.0
353348,Daily Digest,113.38,News,23.62,Thursday,Evening,0.0,1.0,Negative,70.64688,1,47.0
354557,Daily Digest,35.35,News,29.51,Thursday,Evening,71.12,1.0,Negative,34.79004,1,56.0
354573,Daily Digest,27.92,News,60.86,Thursday,Evening,0.0,2.0,Negative,18.87,1,87.0
355036,Daily Digest,107.66,News,60.39,Thursday,Evening,42.78,1.0,Neutral,57.84518,1,74.0
356650,Daily Digest,20.46,News,63.0,Thursday,Evening,0.0,1.0,Negative,10.41,1,75.0
357479,Daily Digest,36.58,News,44.31,Thursday,Evening,9.01,3.0,Negative,28.15716,1,73.0
357965,Daily Digest,19.56,News,97.62,Thursday,Evening,13.38,1.0,Negative,10.65617,1,7.0
360168,Daily Digest,24.51,News,99.51,Thursday,Evening,72.17,1.0,Positive,19.66775,1,76.0
360983,Daily Digest,117.85,News,65.28,Thursday,Evening,24.28,2.0,Negative,79.16597,1,3.0
362311,Daily Digest,66.44,News,34.13,Thursday,Evening,62.54,2.0,Positive,55.2,1,38.0
363651,Daily Digest,45.37,News,22.15,Thursday,Evening,66.17,3.0,Neutral,39.71693,1,19.0
364227,Daily Digest,69.09798668885192,News,33.81,Thursday,Evening,0.0,3.0,Negative,18.11599,1,41.0
367385,Daily Digest,20.78,News,37.7,Thursday,Evening,0.0,0.0,Positive,17.13187,1,63.0
369635,Daily Digest,42.14,News,61.5,Thursday,Evening,58.26,3.0,Negative,28.4342,1,10.0
371933,Daily Digest,93.21,News,31.29,Thursday,Evening,93.43,1.0,Positive,49.6174,1,49.0
373666,Daily Digest,27.5,News,80.43,Thursday,Evening,0.0,1.0,Neutral,13.86928,1,81.0
373702,Daily Digest,69.09798668885192,News,61.47,Thursday,Evening,8.67,0.0,Neutral,51.72655,1,70.0
376451,Daily Digest,35.99,News,54.72,Thursday,Evening,0.0,0.0,Neutral,22.25111,1,74.0
376498,Daily Digest,81.78,News,98.94,Thursday,Evening,0.0,0.0,Neutral,81.15851,1,2.0
377197,Daily Digest,44.54,News,28.5,Thursday,Evening,66.15,2.0,Neutral,33.39116,1,63.0
377842,Daily Digest,95.35,News,24.64,Thursday,Evening,61.64,1.0,Positive,80.27826,1,24.0
379887,Daily Digest,69.09798668885192,News,59.9,Thursday,Evening,0.0,3.0,Neutral,44.60866,1,22.0
383381,Daily Digest,42.87,News,32.29,Thursday,Evening,99.02,1.0,Neutral,34.63908,1,5.0
383475,Daily Digest,59.06,News,27.44,Thursday,Evening,55.69,3.0,Negative,36.82,1,12.0
384145,Daily Digest,69.09798668885192,News,84.3,Thursday,Evening,63.0,2.0,Negative,73.03899,1,58.0
384248,Daily Digest,35.06,News,61.25,Thursday,Evening,72.75,1.0,Negative,31.69,1,68.0
385072,Daily Digest,54.48,News,51.27,Thursday,Evening,2.78,0.0,Positive,37.79709,1,42.0
386062,Daily Digest,109.83,News,93.78,Thursday,Evening,63.93,0.0,Positive,62.58,1,68.0
386859,Daily Digest,59.35,News,80.18,Thursday,Evening,84.96,2.0,Neutral,47.31747,1,76.0
387114,Daily Digest,112.5,News,96.86,Thursday,Evening,0.0,3.0,Negative,66.01748,1,57.0
387766,Daily Digest,95.0,News,96.53,Thursday,Evening,45.29,0.0,Positive,92.10474,1,22.0
388238,Daily Digest,108.86,News,23.38,Thursday,Evening,84.05,1.0,Negative,86.61377,1,46.0
389422,Daily Digest,51.32,News,90.54,Thursday,Evening,89.08,0.0,Positive,33.89817,1,9.0
390272,Daily Digest,97.82,News,49.25,Thursday,Evening,19.48,3.0,Negative,63.54741,1,70.0
390386,Daily Digest,42.75,News,32.09,Thursday,Evening,59.71,3.0,Positive,34.77713,1,51.0
390423,Daily Digest,26.75,News,58.68,Thursday,Evening,66.6,2.0,Neutral,16.62,1,67.0
392356,Daily Digest,16.28,News,27.07,Thursday,Evening,52.01,0.0,Neutral,9.20949,1,79.0
392933,Daily Digest,92.63,News,76.79,Thursday,Evening,97.35,1.0,Positive,70.39984,1,75.0
394115,Daily Digest,85.87,News,83.16,Thursday,Evening,0.0,0.0,Positive,75.46481,1,100.0
399682,Daily Digest,30.69,News,24.52,Thursday,Evening,8.04,2.0,Neutral,27.41752,1,58.0
399821,Daily Digest,46.38,News,84.51,Thursday,Evening,63.51,0.0,Neutral,23.72982,1,85.0
400558,Daily Digest,17.16,News,85.71,Thursday,Evening,0.0,3.0,Positive,10.15327,1,34.0
401965,Daily Digest,53.85,News,26.54,Thursday,Evening,25.56,3.0,Neutral,38.23178,1,62.0
402717,Daily Digest,69.09798668885192,News,84.34,Thursday,Evening,59.76,0.0,Neutral,38.557,1,84.0
402796,Daily Digest,119.03,News,84.19,Thursday,Evening,71.39,3.0,Negative,73.52354,1,12.0
403094,Daily Digest,103.23,News,66.38,Thursday,Evening,30.18,0.0,Neutral,64.18563,1,15.0
404471,Daily Digest,106.61,News,31.59,Thursday,Evening,26.57,0.0,Neutral,89.6104,1,55.0
411304,Daily Digest,77.82,News,73.81,Thursday,Evening,68.13,0.0,Negative,60.9002,1,63.0
411798,Daily Digest,60.85,News,61.55,Thursday,Evening,38.94,1.0,Positive,49.1844,1,84.0
413553,Daily Digest,49.65,News,68.63,Thursday,Evening,89.58,2.0,Neutral,33.17247,1,98.0
414377,Daily Digest,24.03,News,85.08,Thursday,Evening,1.95,0.0,Neutral,9.59028,1,90.0
416494,Daily Digest,59.16,News,38.94,Thursday,Evening,0.0,0.0,Negative,25.05026,1,79.0
421186,Daily Digest,57.03,News,56.3,Thursday,Evening,4.03,0.0,Positive,35.32088,1,85.0
424351,Daily Digest,49.64,News,24.52,Thursday,Evening,56.89,0.0,Negative,34.46566,1,94.0
427437,Daily Digest,103.19,News,60.42,Thursday,Evening,1.66,2.0,Negative,73.67318,1,6.0
428082,Daily Digest,91.88,News,29.23,Thursday,Evening,13.78,0.0,Negative,81.61505,1,84.0
429975,Daily Digest,69.09798668885192,News,87.51,Thursday,Evening,35.25,1.0,Positive,86.61327,1,86.0
430798,Daily Digest,99.32,News,57.82,Thursday,Evening,0.0,2.0,Negative,65.3198,1,65.0
431448,Daily Digest,69.09798668885192,News,29.58,Thursday,Evening,82.23,2.0,Positive,57.22667,1,25.0
433379,Daily Digest,93.45,News,77.36,Thursday,Evening,37.11,3.0,Neutral,76.43655,1,27.0
435379,Daily Digest,69.09798668885192,News,77.59,Thursday,Evening,85.37,0.0,Positive,76.43655,1,24.0
435501,Daily Digest,69.09798668885192,News,75.09,Thursday,Evening,0.0,0.0,Positive,91.00982,1,65.0
435666,Daily Digest,58.66,News,24.92,Thursday,Evening,6.88,2.0,Neutral,24.45834,1,15.0
435758,Daily Digest,76.74,News,24.33,Thursday,Evening,0.0,3.0,Positive,64.58,1,91.0
436592,Daily Digest,103.98,News,26.54,Thursday,Evening,75.4,0.0,Negative,79.22307,1,25.0
439479,Daily Digest,69.09798668885192,News,37.58,Thursday,Evening,17.65,1.0,Positive,92.26598,1,23.0
441287,Daily Digest,119.05,News,28.13,Thursday,Evening,0.0,3.0,Negative,82.37247,1,48.0
441640,Daily Digest,78.53,News,52.52,Thursday,Evening,8.81,0.0,Neutral,36.68303,1,97.0
444047,Daily Digest,47.03,News,44.27,Thursday,Evening,22.79,3.0,Neutral,25.2671,1,82.0
444664,Daily Digest,69.09798668885192,News,55.26,Thursday,Evening,17.19,3.0,Neutral,76.47968,1,56.0
444761,Daily Digest,96.08,News,58.36,Thursday,Evening,5.42,0.0,Neutral,68.06318,1,94.0
446072,Daily Digest,61.02,News,34.72,Thursday,Evening,82.51,2.0,Neutral,33.71382,1,71.0
447624,Daily Digest,57.83,News,77.6,Thursday,Evening,89.96,0.0,Positive,53.9951,1,75.0
449149,Daily Digest,69.09798668885192,News,75.54,Thursday,Evening,27.5,3.0,Negative,69.43257,1,83.0
449636,Daily Digest,102.67,News,63.31,Thursday,Evening,12.7,1.0,Neutral,62.46168,1,1.0
450203,Daily Digest,118.64,News,92.44,Thursday,Evening,87.19,2.0,Negative,97.50039,1,13.0
450782,Daily Digest,47.3,News,74.81,Thursday,Evening,95.83,1.0,Neutral,44.80289,1,17.0
451153,Daily Digest,93.02,News,53.73,Thursday,Evening,7.56,2.0,Positive,49.41385,1,77.0
451368,Daily Digest,69.09798668885192,News,57.09,Thursday,Evening,0.0,1.0,Negative,16.91757,1,14.0
453335,Daily Digest,69.09798668885192,News,91.01,Thursday,Evening,6.18,0.0,Negative,57.55936,1,26.0
455388,Daily Digest,34.57,News,33.56,Thursday,Evening,0.0,0.0,Positive,21.33859,1,45.0
455814,Daily Digest,75.12,News,69.45,Thursday,Evening,68.43,1.0,Neutral,58.75857,1,62.0
457371,Daily Digest,119.27,News,83.38,Thursday,Evening,0.0,0.0,Positive,79.43737,1,53.0
459111,Daily Digest,47.3,News,95.81,Thursday,Evening,95.83,1.0,Neutral,44.80289,1,44.0
463535,Daily Digest,107.37,News,45.58,Thursday,Evening,9.55,0.0,Neutral,41.66744,1,18.0
463872,Daily Digest,23.16,News,53.6,Thursday,Evening,21.9,0.0,Positive,11.41854,1,86.0
464974,Daily Digest,69.09798668885192,News,45.25,Thursday,Evening,47.55,3.0,Neutral,5.58136,1,54.0
467211,Daily Digest,22.86,News,28.96,Thursday,Evening,89.13,0.0,Neutral,11.45879,1,37.0
474253,Daily Digest,98.51,Lifestyle,20.65,Thursday,Evening,35.82,1.0,Negative,49.30706,1,21.0
478800,Daily Digest,81.77,News,40.15,Thursday,Evening,9.72,2.0,Neutral,54.57071,1,14.0
479421,Daily Digest,81.39,News,82.24,Thursday,Evening,0.0,0.0,Positive,67.8312,1,86.0
483367,Daily Digest,119.83,News,83.72,Thursday,Evening,14.51,1.0,Negative,86.61377,1,16.0
484326,Daily Digest,83.03,News,51.7,Thursday,Evening,1.55,3.0,Neutral,71.35796,1,32.0
488087,Daily Digest,69.09798668885192,News,35.44,Thursday,Evening,14.27,0.0,Negative,21.14328,1,67.0
488159,Daily Digest,118.3,News,95.84,Thursday,Evening,55.66,0.0,Positive,118.28,1,63.0
490747,Daily Digest,108.28,News,88.6,Thursday,Evening,86.49,3.0,Negative,56.41707,1,34.0
493436,Daily Digest,103.13,News,22.37,Thursday,Evening,0.0,1.0,Neutral,53.69768,1,33.0
494755,Daily Digest,53.47,News,96.78,Thursday,Evening,9.08,0.0,Positive,37.69379,1,17.0
496385,Daily Digest,34.51,News,84.31,Thursday,Evening,26.98,1.0,Positive,26.70363,1,90.0
497252,Daily Digest,44.5,News,99.59,Thursday,Evening,91.53,2.0,Neutral,28.30617,1,1.0
509920,Daily Digest,115.52,News,95.99,Thursday,Evening,64.4,2.0,Neutral,77.72249,1,94.0
513879,Daily Digest,106.91,News,65.97,Thursday,Evening,80.02,3.0,Neutral,47.19098,1,13.0
514404,Daily Digest,28.02,News,64.5,Thursday,Evening,0.0,3.0,Neutral,24.78527,1,81.0
516265,Daily Digest,68.85,News,36.24,Thursday,Evening,59.02,1.0,Negative,43.95187,1,9.0
517649,Daily Digest,66.36,News,25.92,Thursday,Evening,69.02,2.0,Negative,44.32604,1,10.0
519091,Daily Digest,95.42,News,31.65,Thursday,Evening,21.76,1.0,Positive,69.61739,1,77.0
520259,Daily Digest,107.29,News,44.9,Thursday,Evening,96.59,3.0,Neutral,84.40173,1,88.0
522249,Daily Digest,54.17,News,70.32,Thursday,Evening,17.29,1.0,Negative,31.70975,1,22.0
527826,Daily Digest,119.65,News,27.76,Thursday,Evening,27.34,0.0,Positive,79.6267,1,26.0
528087,Daily Digest,59.2,News,53.73,Thursday,Evening,7.56,0.0,Positive,49.41385,1,47.0
529736,Daily Digest,52.66,News,56.51,Thursday,Evening,69.57,0.0,Negative,39.652,1,31.0
533297,Daily Digest,101.93,News,98.62,Thursday,Evening,0.0,3.0,Neutral,48.72223,1,14.0
533388,Daily Digest,69.09798668885192,News,96.61,Thursday,Evening,53.78,1.0,Neutral,30.62073,1,61.0
534062,Daily Digest,106.91,News,93.82,Thursday,Evening,79.02,3.0,Neutral,47.19098,1,13.0
535713,Daily Digest,29.1,News,39.57,Thursday,Evening,8.79,3.0,Negative,18.74912,1,92.0
538772,Daily Digest,40.71,News,82.68,Thursday,Evening,20.54,3.0,Neutral,15.09276,1,59.0
539339,Daily Digest,42.35,News,65.88,Thursday,Evening,0.0,1.0,Negative,30.2,1,45.0
539347,Daily Digest,69.09798668885192,News,82.19,Thursday,Evening,69.43,0.0,Neutral,73.48161,1,62.0
541461,Daily Digest,100.31,News,72.97,Thursday,Evening,29.35,0.0,Neutral,92.06363,1,6.0
547014,Daily Digest,23.71,News,40.56,Thursday,Evening,69.02,0.0,Positive,11.45829,1,36.0
552253,Daily Digest,66.28,News,28.83,Thursday,Evening,92.84,0.0,Neutral,43.99604,1,11.0
552792,Daily Digest,31.37,News,52.48,Thursday,Evening,18.1,0.0,Negative,23.97449,1,32.0
556733,Daily Digest,41.66,News,96.5,Thursday,Evening,3.3,3.0,Negative,30.5701,1,11.0
557468,Daily Digest,52.75,News,65.7,Thursday,Evening,0.0,1.0,Negative,41.69366,1,7.0
558253,Daily Digest,86.23,News,81.75,Thursday,Evening,69.72,0.0,Positive,74.49484,1,6.0
558869,Daily Digest,61.63,News,36.27,Thursday,Evening,29.06,0.0,Neutral,36.31979,1,56.0
561008,Daily Digest,62.29,News,80.54,Thursday,Evening,0.0,1.0,Positive,47.72048,1,48.0
564312,Daily Digest,50.98,News,50.96,Thursday,Evening,30.02,3.0,Neutral,36.37,1,27.0
566033,Daily Digest,69.09798668885192,News,79.45,Thursday,Evening,89.33,2.0,Neutral,88.27532,1,74.0
566370,Daily Digest,110.53,News,84.5,Thursday,Evening,93.54,2.0,Neutral,95.67954,1,56.0
569754,Daily Digest,102.97,News,54.67,Thursday,Evening,86.9,3.0,Neutral,61.22747,1,5.0
572444,Daily Digest,50.93,News,27.38,Thursday,Evening,0.0,0.0,Negative,34.98473,1,87.0
572912,Daily Digest,29.81,News,24.81,Thursday,Evening,11.89,3.0,Neutral,15.09,1,87.0
574711,Daily Digest,82.09,News,47.44,Thursday,Evening,14.64,0.0,Negative,69.50931,1,71.0
581394,Daily Digest,26.65,News,74.03,Thursday,Evening,45.79,3.0,Neutral,17.99,1,34.0
581457,Daily Digest,100.78,News,82.29,Thursday,Evening,92.65,3.0,Neutral,68.60866,1,24.0
583514,Daily Digest,9.08,News,86.52,Thursday,Evening,0.0,2.0,Neutral,6.17375,1,68.0
585289,Daily Digest,55.58,News,84.2,Thursday,Evening,9.25,2.0,Neutral,24.98887,1,52.0
586781,Daily Digest,93.84,News,74.06,Thursday,Evening,0.0,0.0,Negative,58.20097,1,32.0
588805,Daily Digest,110.12,News,64.39,Thursday,Evening,37.11,3.0,Neutral,65.45122,1,91.0
590045,Daily Digest,23.04,News,92.15,Thursday,Evening,0.0,3.0,Positive,18.25536,1,27.0
591110,Daily Digest,31.41,News,36.75,Thursday,Evening,76.4,1.0,Positive,17.89,1,62.0
599073,Daily Digest,105.97,News,82.56,Thursday,Evening,0.0,0.0,Positive,104.00516,1,52.0
601077,Daily Digest,78.89,News,98.78,Thursday,Evening,80.72,0.0,Negative,70.96778,1,42.0
602250,Daily Digest,39.97,Health,82.08,Thursday,Evening,58.75,2.0,Negative,31.05,1,63.0
603371,Daily Digest,97.01,News,71.82,Thursday,Evening,0.0,1.0,Positive,76.80523,1,21.0
603707,Daily Digest,113.11,News,27.95,Thursday,Evening,3.11,2.0,Negative,69.48388,1,16.0
604581,Daily Digest,65.16,News,97.07,Thursday,Evening,98.11,0.0,Positive,41.60093,1,11.0
605839,Daily Digest,68.52,News,84.99,Thursday,Evening,8.18,0.0,Negative,55.34362,1,60.0
607052,Daily Digest,69.09798668885192,News,82.97,Thursday,Evening,0.0,3.0,Neutral,56.56112,1,5.0
608089,Daily Digest,114.08,News,89.24,Thursday,Evening,28.43,1.0,Positive,90.65832,1,24.0
610187,Daily Digest,112.35,News,29.39,Thursday,Evening,0.0,0.0,Neutral,98.8147,1,35.0
610818,Daily Digest,54.77,News,93.78,Thursday,Evening,18.11,2.0,Positive,33.89817,1,10.0
617292,Daily Digest,66.2,News,59.64,Thursday,Evening,19.82,0.0,Positive,40.20862,1,90.0
618476,Daily Digest,69.09798668885192,News,90.04,Thursday,Evening,17.49,1.0,Negative,69.63738,1,49.0
618563,Daily Digest,10.91,News,79.65,Thursday,Evening,20.49,3.0,Negative,0.27796,1,43.0
619414,Daily Digest,14.96,News,75.91,Thursday,Evening,81.81,1.0,Negative,13.45591,1,36.0
620497,Daily Digest,109.56,News,38.09,Thursday,Evening,22.42,2.0,Neutral,79.74065,1,61.0
621307,Daily Digest,69.32,News,60.28,Thursday,Evening,44.64,2.0,Negative,52.77678,1,42.0
624430,Daily Digest,105.24,News,24.77,Thursday,Evening,17.71,0.0,Positive,86.01262,1,88.0
624874,Daily Digest,79.83,News,49.96,Thursday,Evening,36.86,1.0,Positive,61.98854,1,70.0
627524,Daily Digest,93.32,News,67.22,Thursday,Evening,0.0,2.0,Positive,53.35942,1,49.0
628782,Daily Digest,105.84,News,53.33,Thursday,Evening,79.19,2.0,Negative,91.84495,1,64.0
631137,Daily Digest,58.82,News,93.91,Thursday,Evening,84.23,0.0,Neutral,45.90355,1,60.0
631910,Daily Digest,60.21,News,32.99,Thursday,Evening,0.0,3.0,Negative,32.02599,1,50.0
632205,Daily Digest,69.09798668885192,News,86.68,Thursday,Evening,89.35,0.0,Neutral,66.03816,1,32.0
633262,Daily Digest,40.03,News,65.44,Thursday,Evening,74.46,0.0,Positive,18.58047,1,65.0
633544,Daily Digest,104.8,News,70.96,Thursday,Evening,51.87,0.0,Neutral,93.04898,1,96.0
635216,Daily Digest,16.98,News,57.92,Thursday,Evening,19.35,3.0,Negative,9.45976,1,93.0
635382,Daily Digest,49.64,News,53.56,Thursday,Evening,0.0,3.0,Positive,39.41454,1,14.0
637607,Daily Digest,40.69,News,29.82,Thursday,Evening,30.47,3.0,Neutral,31.53,1,56.0
640047,Daily Digest,69.09798668885192,News,68.12,Thursday,Evening,59.4,2.0,Negative,30.95638,1,24.0
640740,Daily Digest,16.91,News,60.75,Thursday,Evening,94.84,3.0,Neutral,8.82,1,36.0
643305,Daily Digest,90.08,News,57.2,Thursday,Evening,8.52,0.0,Negative,62.46122,1,92.0
643526,Daily Digest,69.09798668885192,News,44.87,Thursday,Evening,46.89,0.0,Negative,76.53801,1,73.0
644190,Daily Digest,110.99,News,97.6,Thursday,Evening,60.3,0.0,Negative,97.07873,1,90.0
645528,Daily Digest,53.82,News,42.48,Thursday,Evening,52.61,1.0,Positive,40.94744,1,70.0
645868,Daily Digest,98.0,News,86.58,Thursday,Evening,0.0,0.0,Negative,80.01,1,74.0
647068,Daily Digest,51.28,News,78.23,Thursday,Evening,98.85,1.0,Negative,23.61771,1,69.0
647748,Daily Digest,8.65,News,54.63,Thursday,Evening,36.63,1.0,Positive,3.41389,1,78.0
650592,Daily Digest,12.61,News,44.99,Thursday,Evening,74.92,1.0,Negative,7.36947,1,93.0
650996,Daily Digest,67.17,News,60.39,Thursday,Evening,42.62,2.0,Positive,57.84518,1,23.0
653086,Daily Digest,108.28,News,36.65,Thursday,Evening,64.72,3.0,Positive,66.607,1,93.0
653473,Daily Digest,104.89,News,63.63,Thursday,Evening,60.37,2.0,Negative,77.80028,1,60.0
655522,Daily Digest,61.34,News,65.63,Thursday,Evening,97.8,1.0,Negative,50.85332,1,60.0
657973,Daily Digest,46.19,News,84.63,Thursday,Evening,76.88,1.0,Negative,22.26087,1,86.0
662142,Daily Digest,76.34,News,35.21,Thursday,Evening,0.0,0.0,Neutral,43.92643,1,7.0
662456,Daily Digest,118.5,News,43.11,Thursday,Evening,9.0,2.0,Neutral,77.05189,1,3.0
662726,Daily Digest,20.12,News,77.16,Thursday,Evening,68.53,0.0,Positive,17.10425,1,92.0
663399,Daily Digest,118.37,News,29.64,Thursday,Evening,73.42,0.0,Negative,78.24158,1,73.0
666435,Daily Digest,60.82,News,53.18,Thursday,Evening,34.57,0.0,Neutral,39.83175,1,4.0
670208,Daily Digest,102.15,News,61.32,Thursday,Evening,96.94,1.0,Neutral,62.8491,1,67.0
671910,Daily Digest,106.91,News,21.66,Thursday,Evening,80.02,3.0,Neutral,47.19098,1,13.0
672599,Daily Digest,111.99,News,73.33,Thursday,Evening,47.59,0.0,Positive,81.91,1,30.0
676012,Daily Digest,69.09798668885192,News,89.02,Thursday,Evening,0.0,2.0,Neutral,64.36577,1,70.0
677051,Daily Digest,69.09798668885192,News,64.11,Thursday,Evening,10.41,0.0,Positive,46.19543,1,25.0
679505,Daily Digest,29.88,News,63.49,Thursday,Evening,30.56,0.0,Neutral,18.6095,1,43.0
679907,Daily Digest,69.09798668885192,News,98.44,Thursday,Evening,17.93,0.0,Neutral,80.75058,1,84.0
681539,Daily Digest,17.42,News,75.06,Thursday,Evening,18.11,3.0,Positive,12.5701,1,79.0
682554,Daily Digest,16.78,News,35.32,Thursday,Evening,29.37,0.0,Positive,13.90758,1,29.0
682773,Daily Digest,89.42,News,92.45,Thursday,Evening,41.21,3.0,Positive,79.78866,1,29.0
684138,Daily Digest,47.34,News,44.27,Thursday,Evening,22.79,3.0,Neutral,25.2671,1,82.0
684710,Daily Digest,106.99,News,62.6,Thursday,Evening,83.6,1.0,Negative,56.92,1,71.0
684739,Daily Digest,51.27,News,65.06,Thursday,Evening,0.0,1.0,Negative,30.2,1,45.0
684880,Daily Digest,18.85,News,83.03,Thursday,Evening,10.81,1.0,Positive,7.60658,1,93.0
685170,Daily Digest,111.82,News,79.22,Thursday,Evening,52.44,1.0,Negative,100.59,1,52.0
685265,Daily Digest,101.51,News,75.03,Thursday,Evening,99.98,3.0,Positive,71.50775,1,29.0
685872,Daily Digest,96.9,News,43.55,Thursday,Evening,17.88,1.0,Negative,63.74914,1,63.0
686967,Daily Digest,27.97,News,20.69,Thursday,Evening,84.71,1.0,Positive,23.72123,1,61.0
687482,Daily Digest,105.99,News,57.93,Thursday,Evening,48.35,1.0,Neutral,58.09265,1,50.0
688666,Daily Digest,40.66,News,96.44,Thursday,Evening,6.0,0.0,Neutral,24.85568,1,83.0
689392,Daily Digest,58.61,News,70.68,Thursday,Evening,50.42,1.0,Neutral,42.04297,1,39.0
692323,Daily Digest,60.07,News,89.07,Thursday,Evening,97.19,1.0,Negative,37.22769,1,57.0
695626,Daily Digest,87.0,News,37.64,Thursday,Evening,29.76,3.0,Negative,79.98532,1,32.0
696722,Daily Digest,117.58,News,82.75,Thursday,Evening,26.39,1.0,Positive,114.09973,1,44.0
698935,Daily Digest,43.8,News,95.03,Thursday,Evening,11.89,0.0,Neutral,43.84497,1,19.0
699091,Daily Digest,76.77,News,38.85,Thursday,Evening,94.94,0.0,Neutral,44.42052,1,96.0
701888,Daily Digest,21.92,News,69.09,Thursday,Evening,44.64,1.0,Positive,7.32577,1,8.0
702808,Daily Digest,97.84,News,32.25,Thursday,Evening,56.01,3.0,Neutral,82.09027,1,98.0
706307,Daily Digest,87.21,News,89.29,Thursday,Evening,5.21,1.0,Negative,74.17613,1,75.0
706716,Daily Digest,95.11,News,33.33,Thursday,Evening,55.5,2.0,Negative,47.15687,1,75.0
707086,Daily Digest,23.68,News,96.15,Thursday,Evening,0.0,3.0,Neutral,11.9623,1,2.0
707245,Daily Digest,69.09798668885192,News,52.49,Thursday,Evening,0.0,2.0,Negative,27.13894,1,21.0
707982,Daily Digest,41.7,News,41.3,Thursday,Evening,9.4,3.0,Negative,30.5701,1,72.0
708726,Daily Digest,72.78,News,41.47,Thursday,Evening,0.0,3.0,Negative,37.41449,1,57.0
712232,Daily Digest,50.91,News,90.54,Thursday,Evening,0.0,1.0,Neutral,48.86213,1,71.0
713263,Daily Digest,55.7,News,82.36,Thursday,Evening,9.19,0.0,Neutral,36.31979,1,66.0
713333,Daily Digest,100.91,News,81.5,Thursday,Evening,5.58,2.0,Positive,92.26621,1,96.0
714031,Daily Digest,32.83,News,81.65,Thursday,Evening,76.83,2.0,Neutral,28.51234,1,57.0
714207,Daily Digest,31.68,News,28.78,Thursday,Evening,0.0,0.0,Neutral,23.41111,1,70.0
714949,Daily Digest,69.09798668885192,News,70.18,Thursday,Evening,31.48,1.0,Neutral,85.13948,1,99.0
716527,Daily Digest,99.18,News,60.01,Thursday,Evening,0.0,3.0,Negative,51.3554,1,55.0
718109,Daily Digest,77.82,News,73.11,Thursday,Evening,35.82,1.0,Negative,60.9002,1,63.0
720475,Daily Digest,103.87,News,69.43,Thursday,Evening,93.7,2.0,Positive,78.64609,1,81.0
720545,Daily Digest,106.05,News,83.16,Thursday,Evening,61.68,1.0,Negative,86.61327,1,46.0
721242,Daily Digest,67.4,News,48.4,Thursday,Evening,63.41,0.0,Negative,57.4,1,43.0
721458,Daily Digest,16.45,News,86.37,Thursday,Evening,0.0,3.0,Neutral,7.15025,1,99.0
721498,Daily Digest,110.78,News,94.35,Thursday,Evening,80.75,3.0,Positive,54.33129,1,82.0
724244,Daily Digest,14.52,News,54.85,Thursday,Evening,39.87,3.0,Positive,0.51862,1,99.0
727735,Daily Digest,111.71,News,28.13,Thursday,Evening,12.72,0.0,Neutral,73.60544,1,9.0
727858,Daily Digest,22.31,News,31.31,Thursday,Evening,61.31,2.0,Neutral,13.41582,1,84.0
731905,Daily Digest,71.03,News,42.29,Thursday,Evening,4.75,0.0,Negative,44.00066,1,63.0
732173,Daily Digest,103.67,News,43.81,Thursday,Evening,53.38,0.0,Negative,101.29847,1,43.0
734572,Daily Digest,97.99,News,60.94,Thursday,Evening,26.95,0.0,Neutral,74.02247,1,44.0
734708,Daily Digest,103.98,News,52.76,Thursday,Evening,36.38,1.0,Positive,81.59435,1,4.0
735091,Daily Digest,61.58,News,66.09,Thursday,Evening,1.71,3.0,Negative,36.25228,1,20.0
737151,Daily Digest,72.69,News,22.69,Thursday,Evening,0.0,3.0,Positive,44.23112,1,76.0
737596,Daily Digest,62.16,News,65.6,Thursday,Evening,4.09,2.0,Negative,38.634,1,92.0
737931,Daily Digest,35.24,News,43.89,Thursday,Evening,54.89,0.0,Negative,29.06155,1,42.0
738238,Daily Digest,54.59,News,48.24,Thursday,Evening,0.0,0.0,Positive,34.17407,1,57.0
738266,Daily Digest,111.2,News,71.27,Thursday,Evening,29.81,1.0,Positive,82.97197,1,10.0
738859,Daily Digest,84.05,News,95.19,Thursday,Evening,79.71,0.0,Positive,64.01034,1,81.0
740364,Daily Digest,21.64,News,35.68,Thursday,Evening,49.84,2.0,Neutral,16.95857,1,19.0
741348,Daily Digest,117.14,News,87.73,Thursday,Evening,0.0,0.0,Positive,108.02795,1,50.0
746324,Daily Digest,56.1,News,91.11,Thursday,Evening,53.37,1.0,Neutral,45.82318,1,82.0
747634,Daily Digest,100.14,News,34.98,Thursday,Evening,90.64,2.0,Neutral,48.64286,1,47.0
749410,Daily Digest,31.27,News,88.98,Thursday,Evening,0.0,0.0,Positive,31.0,1,82.0
751885,Daily Digest,97.35,News,71.66,Thursday,Evening,82.66,1.0,Neutral,,0,49.0
753992,Daily Digest,84.08,News,36.77,Thursday,Evening,77.03,2.0,Neutral,,0,66.0
755562,Daily Digest,106.05,News,83.16,Thursday,Evening,81.69,0.0,Negative,,0,46.0
760595,Daily Digest,79.57,News,59.97,Thursday,Evening,59.31,3.0,Neutral,,0,83.0
763772,Daily Digest,108.52,News,77.13,Thursday,Evening,0.0,2.0,Neutral,,0,63.0
763939,Daily Digest,112.46,News,44.92,Thursday,Evening,0.0,1.0,Neutral,,0,81.0
764117,Daily Digest,55.12,News,36.27,Thursday,Evening,29.09,0.0,Positive,,0,58.0
765881,Daily Digest,74.22,News,26.31,Thursday,Evening,15.12,1.0,Negative,,0,42.0
766161,Daily Digest,106.05,News,83.16,Thursday,Evening,36.69,1.0,Negative,,0,46.0
768064,Daily Digest,78.49,News,97.35,Thursday,Evening,0.0,2.0,Positive,,0,77.0
774268,Daily Digest,33.47,News,38.14,Thursday,Evening,0.81,3.0,Negative,,0,49.0
774733,Daily Digest,32.32,News,75.77,Thursday,Evening,0.0,1.0,Negative,,0,17.0
775684,Daily Digest,105.98,News,97.7,Thursday,Evening,8.71,1.0,Negative,,0,21.0
776413,Daily Digest,39.47,News,21.04,Thursday,Evening,44.85,3.0,Positive,,0,36.0
778647,Daily Digest,75.27,News,28.05,Thursday,Evening,11.83,0.0,Positive,,0,6.0
778906,Daily Digest,89.92,News,39.24,Thursday,Evening,0.0,1.0,Negative,,0,60.0
779996,Daily Digest,69.09798668885192,News,96.02,Thursday,Evening,53.46,1.0,Positive,,0,61.0
783888,Daily Digest,29.77,News,22.74,Thursday,Evening,98.84,1.0,Negative,,0,47.0
784020,Daily Digest,99.05,News,88.79,Thursday,Evening,38.87,3.0,Positive,,0,54.0
784059,Daily Digest,97.14,News,67.86,Thursday,Evening,57.79,2.0,Positive,,0,78.0
787492,Daily Digest,92.15,News,88.76,Thursday,Evening,65.55,2.0,Negative,,0,44.0
791985,Daily Digest,63.05,News,94.49,Thursday,Evening,80.77,0.0,Positive,,0,98.0
792309,Daily Digest,69.09798668885192,News,73.72,Thursday,Evening,65.91,0.0,Positive,,0,46.0
792534,Daily Digest,7.92,News,60.18,Thursday,Evening,0.0,1.0,Negative,,0,11.0
792838,Daily Digest,20.12,News,79.37,Thursday,Evening,67.24,0.0,Positive,,0,41.0
795982,Daily Digest,118.23,News,40.33,Thursday,Evening,39.69,0.0,Neutral,,0,40.0
803233,Daily Digest,15.14,News,46.02,Thursday,Evening,32.63,0.0,Negative,,0,62.0
804014,Daily Digest,116.18,News,37.05,Thursday,Evening,96.22,0.0,Positive,,0,37.0
804455,Daily Digest,40.94,News,94.36,Thursday,Evening,85.1,1.0,Negative,,0,90.0
806194,Daily Digest,13.31,News,80.24,Thursday,Evening,19.18,3.0,Neutral,,0,81.0
808057,Daily Digest,54.87,News,20.65,Thursday,Evening,41.4,1.0,Negative,,0,21.0
809679,Daily Digest,80.73,News,69.73,Thursday,Evening,17.06,1.0,Neutral,,0,69.0
810488,Daily Digest,85.35,News,69.06,Thursday,Evening,78.02,0.0,Positive,,0,52.0
812886,Daily Digest,28.55,News,46.77,Thursday,Evening,22.15,1.0,Neutral,,0,31.0
816804,Daily Digest,60.53,News,21.51,Thursday,Evening,0.0,0.0,Negative,,0,72.0
817700,Daily Digest,13.71,News,78.99,Thursday,Evening,84.85,2.0,Positive,,0,86.0
819031,Daily Digest,26.1,News,56.27,Thursday,Evening,39.04,3.0,Neutral,,0,92.0
820777,Daily Digest,112.24,News,70.41,Thursday,Evening,63.73,1.0,Neutral,,0,64.0
821529,Daily Digest,111.25,News,85.34,Thursday,Evening,0.0,1.0,Negative,,0,50.0
823474,Daily Digest,69.09798668885192,News,32.09,Thursday,Evening,0.0,1.0,Neutral,,0,79.0
823550,Daily Digest,39.99,News,45.78,Thursday,Evening,60.4,1.0,Negative,,0,9.0
823923,Daily Digest,79.93,News,66.02,Thursday,Evening,34.07,1.0,Neutral,,0,22.0
825672,Daily Digest,39.26,News,69.28,Thursday,Evening,93.29,3.0,Neutral,,0,31.0
828909,Daily Digest,69.09798668885192,News,67.89,Thursday,Evening,79.81,0.0,Negative,,0,59.0
831165,Daily Digest,69.09798668885192,News,86.89,Thursday,Evening,0.0,2.0,Negative,,0,35.0
831202,Daily Digest,69.09798668885192,News,31.74,Thursday,Evening,4.94,3.0,Negative,,0,21.0
833997,Daily Digest,98.3,News,20.24,Thursday,Evening,91.67,0.0,Positive,,0,80.0
835694,Daily Digest,86.56,News,24.71,Thursday,Evening,0.0,3.0,Neutral,,0,31.0
835735,Daily Digest,18.28,News,69.69,Thursday,Evening,53.94,2.0,Positive,,0,68.0
838432,Daily Digest,71.35,News,52.64,Thursday,Evening,80.08,2.0,Neutral,,0,84.0
840773,Daily Digest,114.02,News,26.08,Thursday,Evening,81.3,3.0,Neutral,,0,46.0
841165,Daily Digest,103.01,News,64.02,Thursday,Evening,69.99,0.0,Negative,,0,12.0
842524,Daily Digest,35.35,News,78.97,Thursday,Evening,8.78,1.0,Positive,,0,4.0
843841,Daily Digest,19.69,News,62.08,Thursday,Evening,83.66,1.0,Negative,,0,35.0
844908,Daily Digest,64.93,News,66.68,Thursday,Evening,97.38,2.0,Negative,,0,16.0
844934,Daily Digest,104.83,News,72.95,Thursday,Evening,50.94,1.0,Negative,,0,5.0
845457,Daily Digest,110.99,News,97.4,Thursday,Evening,0.0,2.0,Neutral,,0,9.0
845519,Daily Digest,100.55,News,64.05,Thursday,Evening,9.7,3.0,Negative,,0,31.0
846045,Daily Digest,115.02,News,96.05,Thursday,Evening,22.06,0.0,Positive,,0,36.0
846219,Daily Digest,17.42,News,76.14,Thursday,Evening,83.14,3.0,Positive,,0,79.0
846682,Daily Digest,24.52,News,67.37,Thursday,Evening,0.0,1.0,Neutral,,0,55.0
847605,Daily Digest,53.81,News,78.03,Thursday,Evening,42.69,2.0,Negative,,0,93.0
848134,Daily Digest,13.71,News,38.74,Thursday,Evening,68.04,3.0,Neutral,,0,12.0
850330,Daily Digest,24.16,News,62.83,Thursday,Evening,88.5,1.0,Negative,,0,68.0
851885,Daily Digest,69.09798668885192,News,58.85,Thursday,Evening,9.26,3.0,Negative,,0,97.0
855434,Daily Digest,20.08,News,22.27,Thursday,Evening,42.94,3.0,Positive,,0,7.0
856459,Daily Digest,78.33,News,73.63,Thursday,Evening,40.81,1.0,Neutral,,0,35.0
857548,Daily Digest,46.7,News,25.7,Thursday,Evening,75.35,3.0,Negative,,0,75.0
857745,Daily Digest,92.84,News,71.9,Thursday,Evening,63.1,1.0,Neutral,,0,90.0
858330,Daily Digest,98.65,News,91.11,Thursday,Evening,0.0,1.0,Positive,,0,55.0
858952,Daily Digest,76.28,News,76.16,Thursday,Evening,41.48,2.0,Neutral,,0,79.0
859052,Daily Digest,102.59,News,43.28,Thursday,Evening,82.53,2.0,Positive,,0,56.0
859563,Daily Digest,72.32,News,43.22,Thursday,Evening,0.0,3.0,Negative,,0,80.0
860103,Daily Digest,15.63,News,29.03,Thursday,Evening,0.0,2.0,Negative,,0,82.0
860548,Daily Digest,69.09798668885192,News,61.52,Thursday,Evening,0.0,0.0,Negative,,0,21.0
862652,Daily Digest,25.56,News,48.29,Thursday,Evening,0.0,3.0,Positive,,0,100.0
863290,Daily Digest,58.09,News,34.43,Thursday,Evening,0.0,2.0,Positive,,0,23.0
863863,Daily Digest,12.69,News,36.42,Thursday,Evening,69.67,2.0,Positive,,0,30.0
864832,Daily Digest,87.24,News,32.37,Thursday,Evening,1.08,1.0,Negative,,0,57.0
865460,Daily Digest,116.7,News,39.1,Thursday,Evening,29.47,2.0,Negative,,0,48.0
868533,Daily Digest,69.09798668885192,News,93.31,Thursday,Evening,0.0,2.0,Positive,,0,61.0
870797,Daily Digest,47.64,News,76.18,Thursday,Evening,78.64,0.0,Negative,,0,47.0
870832,Daily Digest,108.44,News,96.02,Thursday,Evening,0.0,0.0,Positive,,0,10.0
871137,Daily Digest,100.42,News,30.68,Thursday,Evening,40.24,0.0,Neutral,,0,88.0
877168,Daily Digest,40.75,News,60.39,Thursday,Evening,0.0,1.0,Negative,,0,80.0
879029,Daily Digest,20.12,News,77.16,Thursday,Evening,68.8,0.0,Positive,,0,92.0
879242,Daily Digest,69.09798668885192,News,36.57,Thursday,Evening,28.44,0.0,Negative,,0,20.0
881063,Daily Digest,50.94,News,65.87,Thursday,Evening,80.02,3.0,Neutral,,0,13.0
881405,Daily Digest,37.74,News,94.1,Thursday,Evening,87.81,2.0,Positive,,0,22.0
882791,Daily Digest,63.87,News,38.74,Thursday,Evening,47.68,2.0,Positive,,0,83.0
883020,Daily Digest,69.09798668885192,News,85.02,Thursday,Evening,45.09,1.0,Negative,,0,18.0
884011,Daily Digest,24.07,News,66.25,Thursday,Evening,82.4,2.0,Positive,,0,43.0
884357,Daily Digest,116.28,News,49.25,Thursday,Evening,57.01,1.0,Positive,,0,90.0
885021,Daily Digest,49.37,News,59.79,Thursday,Evening,0.0,1.0,Neutral,,0,10.0
889308,Daily Digest,95.0,News,83.16,Thursday,Evening,58.49,0.0,Negative,,0,82.0
890286,Daily Digest,79.12,News,78.84,Thursday,Evening,27.67,2.0,Positive,,0,48.0
891118,Daily Digest,69.09798668885192,News,70.98,Thursday,Evening,37.17,0.0,Positive,,0,72.0
893130,Daily Digest,50.85,News,53.22,Thursday,Evening,80.43,0.0,Neutral,,0,85.0
894232,Daily Digest,69.09798668885192,News,74.74,Thursday,Evening,0.0,1.0,Positive,,0,88.0
894655,Daily Digest,87.41,News,39.8,Thursday,Evening,0.0,1.0,Negative,,0,60.0
895581,Daily Digest,77.28,News,66.91,Thursday,Evening,0.0,2.0,Neutral,,0,58.0
896471,Daily Digest,81.62,News,67.43,Thursday,Evening,95.36,3.0,Neutral,,0,6.0
898510,Daily Digest,23.75,News,38.63,Thursday,Evening,0.0,2.0,Positive,,0,23.0
898969,Daily Digest,98.94,News,81.29,Thursday,Evening,49.83,1.0,Negative,,0,24.0
899115,Daily Digest,54.13,News,79.1,Thursday,Evening,12.03,1.0,Negative,,0,13.0
900462,Daily Digest,119.48,News,83.69,Thursday,Evening,84.68,1.0,Negative,,0,46.0
903211,Daily Digest,27.88,News,67.98,Thursday,Evening,35.21,1.0,Neutral,,0,1.0
906229,Daily Digest,48.25,News,22.25,Thursday,Evening,80.78,0.0,Neutral,,0,47.0
906249,Daily Digest,104.79,News,93.32,Thursday,Evening,0.0,0.0,Positive,,0,91.0
907867,Daily Digest,69.09798668885192,News,84.91,Thursday,Evening,87.17,3.0,Positive,,0,98.0
909231,Daily Digest,30.61,News,43.95,Thursday,Evening,0.0,1.0,Neutral,,0,99.0
912294,Daily Digest,73.57,News,85.97,Thursday,Evening,49.03,0.0,Positive,,0,87.0
914217,Daily Digest,83.31,News,54.24,Thursday,Evening,0.0,3.0,Negative,,0,92.0
916207,Daily Digest,109.78,News,89.99,Thursday,Evening,10.81,1.0,Negative,,0,71.0
917705,Daily Digest,107.38,News,40.84,Thursday,Evening,24.45,3.0,Neutral,,0,87.0
917960,Daily Digest,109.04,News,86.81,Thursday,Evening,40.49,0.0,Negative,,0,77.0
918911,Daily Digest,104.73,News,93.24,Thursday,Evening,0.0,1.0,Negative,,0,62.0
919762,Daily Digest,46.9,News,47.82,Thursday,Evening,17.51,0.0,Neutral,,0,94.0
920698,Daily Digest,119.3,News,64.16,Thursday,Evening,0.0,0.0,Neutral,,0,47.0
923382,Daily Digest,106.05,News,83.16,Thursday,Evening,61.69,1.0,Negative,,0,46.0
923607,Daily Digest,66.17,News,56.18,Thursday,Evening,0.0,1.0,Neutral,,0,2.0
924370,Daily Digest,87.39,News,80.72,Thursday,Evening,17.11,0.0,Neutral,,0,13.0
925580,Daily Digest,69.09798668885192,News,58.69,Thursday,Evening,49.2,1.0,Negative,,0,78.0
929793,Daily Digest,11.57,News,73.03,Thursday,Evening,74.58,1.0,Negative,,0,97.0
930361,Daily Digest,114.03,News,51.93,Thursday,Evening,87.87,1.0,Positive,,0,79.0
930419,Daily Digest,41.11,News,60.81,Thursday,Evening,0.0,2.0,Negative,,0,8.0
932327,Daily Digest,95.81,News,28.99,Thursday,Evening,50.23,0.0,Positive,,0,28.0
935424,Daily Digest,13.0,News,94.38,Thursday,Evening,64.76,2.0,Positive,,0,87.0
938387,Daily Digest,29.81,News,97.42,Thursday,Evening,54.08,2.0,Neutral,,0,3.0
939021,Daily Digest,106.91,News,65.77,Thursday,Evening,80.02,3.0,Neutral,,0,13.0
940498,Daily Digest,39.19,News,97.95,Thursday,Evening,0.0,1.0,Negative,,0,82.0
941128,Daily Digest,118.23,News,62.07,Thursday,Evening,78.9,0.0,Positive,,0,1.0
941409,Daily Digest,119.03,News,79.41,Thursday,Evening,12.21,0.0,Neutral,,0,32.0
942815,Daily Digest,113.38,News,23.55,Thursday,Evening,0.0,1.0,Negative,,0,47.0
943686,Daily Digest,60.24,News,78.67,Thursday,Evening,0.0,1.0,Neutral,,0,66.0
944408,Daily Digest,69.09798668885192,News,95.24,Thursday,Evening,0.0,2.0,Neutral,,0,10.0
944417,Daily Digest,114.09,News,20.82,Thursday,Evening,64.72,1.0,Positive,,0,60.0
945254,Daily Digest,114.29,News,73.67,Thursday,Evening,43.29,1.0,Negative,,0,73.0
948502,Daily Digest,72.72,News,84.77,Thursday,Evening,23.72,0.0,Positive,,0,54.0
948740,Daily Digest,113.66,News,46.33,Thursday,Evening,65.83,2.0,Negative,,0,53.0
950752,Daily Digest,55.67,News,30.13,Thursday,Evening,80.24,1.0,Positive,,0,37.0
951408,Daily Digest,28.64,News,50.84,Thursday,Evening,0.0,0.0,Neutral,,0,31.0
951722,Daily Digest,108.53,News,70.43,Thursday,Evening,9.0,0.0,Negative,,0,57.0
951787,Daily Digest,30.5,News,66.91,Thursday,Evening,63.55,3.0,Neutral,,0,98.0
952730,Daily Digest,37.08,News,79.42,Thursday,Evening,46.52,3.0,Neutral,,0,62.0
952773,Daily Digest,52.93,News,27.94,Thursday,Evening,0.0,0.0,Negative,,0,88.0
954723,Daily Digest,111.68,News,34.85,Thursday,Evening,24.74,2.0,Neutral,,0,31.0
954921,Daily Digest,58.42,News,82.53,Thursday,Evening,93.47,0.0,Neutral,,0,43.0
957496,Daily Digest,106.05,News,83.16,Thursday,Evening,61.14,1.0,Negative,,0,46.0
958170,Daily Digest,63.75,News,60.24,Thursday,Evening,0.0,3.0,Neutral,,0,79.0
959547,Daily Digest,116.54,News,38.98,Thursday,Evening,62.77,1.0,Positive,,0,42.0
960315,Daily Digest,32.05,News,84.48,Thursday,Evening,0.0,3.0,Neutral,,0,36.0
960748,Daily Digest,51.38,News,57.33,Thursday,Evening,71.23,3.0,Negative,,0,77.0
962352,Daily Digest,85.57,News,82.76,Thursday,Evening,98.0,2.0,Positive,,0,86.0
963180,Daily Digest,69.09798668885192,News,93.37,Thursday,Evening,0.0,2.0,Neutral,,0,40.0
964303,Daily Digest,17.4,News,49.02,Thursday,Evening,0.0,3.0,Negative,,0,31.0
966315,Daily Digest,69.09798668885192,News,41.44,Thursday,Evening,80.3,0.0,Positive,,0,23.0
966320,Daily Digest,114.65,News,29.15,Thursday,Evening,8.04,0.0,Positive,,0,28.0
966429,Daily Digest,93.07,News,36.68,Thursday,Evening,45.87,0.0,Neutral,,0,5.0
969365,Daily Digest,33.11,News,35.61,Thursday,Evening,21.76,0.0,Neutral,,0,71.0
970222,Daily Digest,31.46,News,61.16,Thursday,Evening,94.28,0.0,Positive,,0,64.0
971480,Daily Digest,100.35,News,42.15,Thursday,Evening,61.34,1.0,Neutral,,0,100.0
972616,Daily Digest,100.4,News,30.24,Thursday,Evening,0.0,0.0,Neutral,,0,24.0
975267,Daily Digest,91.23,News,89.31,Thursday,Evening,59.17,1.0,Positive,,0,14.0
975868,Daily Digest,116.29,News,89.5,Thursday,Evening,55.4,0.0,Positive,,0,33.0
977322,Daily Digest,24.96,News,99.95,Thursday,Evening,23.14,2.0,Negative,,0,15.0
979343,Daily Digest,95.05,News,95.74,Thursday,Evening,40.73,3.0,Positive,,0,17.0
979944,Daily Digest,72.32,News,65.1,Thursday,Evening,0.0,1.0,Positive,,0,71.0
981591,Daily Digest,18.82,News,63.19,Thursday,Evening,63.33,0.0,Negative,,0,86.0
990406,Daily Digest,79.06,News,48.18,Thursday,Evening,0.0,0.0,Positive,,0,95.0
990415,Daily Digest,66.86,News,22.2,Thursday,Evening,49.63,0.0,Positive,,0,62.0
991160,Daily Digest,62.34,News,26.6,Thursday,Evening,63.87,1.0,Positive,,0,21.0
992485,Daily Digest,86.56,News,22.29,Thursday,Evening,61.58,1.0,Negative,,0,66.0
994538,Daily Digest,78.59,News,47.49,Thursday,Evening,0.0,3.0,Neutral,,0,46.0
995566,Daily Digest,112.77,News,57.43,Thursday,Evening,99.22,2.0,Neutral,,0,44.0
