id,Podcast_Name,Episode_Length_minutes,Genre,Host_Popularity_percentage,Publication_Day,Publication_Time,Guest_Popularity_percentage,Number_of_Ads,Episode_Sentiment,Listening_Time_minutes,is_train,Episode_Number
853,Daily Digest,48.4,News,49.44,Saturday,Night,48.74,1.0,Neutral,21.07786,1,6.0
900,Daily Digest,63.02,News,84.92,Saturday,Night,8.37,3.0,Positive,42.37316,1,96.0
1139,Daily Digest,30.05,News,69.81,Saturday,Night,56.06,2.0,Negative,14.93802,1,97.0
3484,Daily Digest,67.89719241007194,News,31.78,Saturday,Night,0.0,1.0,Negative,57.86,1,78.0
4700,Daily Digest,91.96,News,80.33,Saturday,Night,0.0,1.0,Neutral,73.3172,1,87.0
5541,Daily Digest,27.13,News,35.12,Saturday,Night,94.46,2.0,Neutral,8.94167,1,33.0
5946,Daily Digest,7.24,News,76.37,Saturday,Night,89.38,0.0,Neutral,3.32909,1,18.0
8907,Daily Digest,87.37,News,97.39,Saturday,Night,73.26,0.0,Negative,41.46807,1,31.0
9732,Daily Digest,39.81,News,24.0,Saturday,Night,1.78,1.0,Neutral,23.04854,1,48.0
12979,Daily Digest,56.2,News,39.66,Saturday,Night,0.0,0.0,Neutral,46.24968,1,57.0
14430,Daily Digest,18.58,News,28.43,Saturday,Night,10.35,1.0,Negative,11.01547,1,10.0
14912,Daily Digest,59.37,News,59.11,Saturday,Night,17.61,2.0,Neutral,47.92458,1,57.0
16303,Daily Digest,67.89719241007194,News,29.78,Saturday,Night,71.23,0.0,Negative,38.29,1,73.0
18936,Daily Digest,113.24,News,83.11,Saturday,Night,74.57,1.0,Neutral,82.49877,1,8.0
18953,Daily Digest,21.77,News,57.25,Saturday,Night,16.28,0.0,Negative,9.93552,1,19.0
24073,Daily Digest,67.89719241007194,News,38.38,Saturday,Night,43.27,1.0,Negative,65.31375,1,79.0
25870,Daily Digest,86.03,News,89.52,Saturday,Night,0.0,0.0,Neutral,74.07601,1,65.0
26658,Daily Digest,71.08,News,94.14,Saturday,Night,0.0,1.0,Positive,51.87248,1,30.0
29226,Daily Digest,95.73,News,53.23,Saturday,Night,53.72,3.0,Positive,64.94735,1,50.0
29343,Daily Digest,67.89719241007194,News,62.71,Saturday,Night,62.59,1.0,Negative,60.85251,1,61.0
30186,Daily Digest,67.89719241007194,News,94.62,Saturday,Night,0.0,1.0,Positive,65.04196,1,33.0
32061,Daily Digest,76.42,News,89.36,Saturday,Night,88.12,2.0,Negative,48.60017,1,63.0
34597,Daily Digest,67.89719241007194,News,95.07,Saturday,Night,31.01,3.0,Negative,27.27757,1,61.0
38026,Daily Digest,55.01,News,64.24,Saturday,Night,24.45945,0.0,Neutral,24.45945,1,55.0
38629,Daily Digest,67.89719241007194,News,41.69,Saturday,Night,0.0,3.0,Neutral,60.3,1,38.0
40798,Daily Digest,104.66,News,89.37,Saturday,Night,5.96,1.0,Positive,90.6776,1,25.0
41543,Daily Digest,38.29,News,88.21,Saturday,Night,0.0,2.0,Neutral,29.18363,1,76.0
42285,Daily Digest,63.59,News,39.12,Saturday,Night,39.91,2.0,Neutral,39.098,1,16.0
43830,Daily Digest,67.89719241007194,News,52.67,Saturday,Night,32.81,1.0,Neutral,85.51433,1,55.0
44295,Daily Digest,81.77,News,30.49,Saturday,Night,0.0,0.0,Positive,46.87424,1,62.0
46650,Daily Digest,67.89719241007194,News,55.35,Saturday,Night,0.0,2.0,Negative,21.76808,1,44.0
46766,Daily Digest,21.38,News,30.2,Saturday,Night,14.11,2.0,Positive,9.8875,1,12.0
46828,Daily Digest,33.25,News,33.64,Saturday,Night,88.8,3.0,Negative,14.78,1,89.0
47057,Daily Digest,36.81,News,39.47,Saturday,Night,0.0,0.0,Neutral,16.48351,1,23.0
55000,Daily Digest,36.21,News,33.18,Saturday,Night,19.88,1.0,Neutral,15.09317,1,87.0
56366,Daily Digest,52.43,News,58.27,Saturday,Night,88.38,1.0,Negative,36.07431,1,51.0
57277,Daily Digest,115.12,News,94.62,Saturday,Night,0.0,1.0,Neutral,66.02155,1,50.0
57642,Daily Digest,6.41,News,21.79,Saturday,Night,63.96,2.0,Neutral,6.41119,1,83.0
60857,Daily Digest,67.89719241007194,News,34.25,Saturday,Night,42.71,3.0,Positive,0.0,1,82.0
61519,Daily Digest,112.1,News,44.38,Saturday,Night,47.06,3.0,Negative,84.32179,1,61.0
61895,Daily Digest,67.89719241007194,News,92.85,Saturday,Night,0.0,0.0,Positive,30.37877,1,40.0
62185,Daily Digest,67.89719241007194,News,78.43,Saturday,Night,0.0,1.0,Positive,8.52,1,94.0
63343,Daily Digest,48.02,News,29.0,Saturday,Night,26.7,3.0,Neutral,16.14,1,83.0
64949,Daily Digest,36.82,News,56.06,Saturday,Night,99.02,2.0,Negative,14.01579,1,79.0
65932,Daily Digest,37.01,News,52.56,Saturday,Night,89.1,1.0,Negative,23.03977,1,53.0
66252,Daily Digest,67.89719241007194,News,53.34,Saturday,Night,74.88,0.0,Negative,35.3,1,22.0
69401,Daily Digest,33.67,News,85.66,Saturday,Night,0.0,3.0,Positive,7.93,1,61.0
70775,Daily Digest,29.43,News,27.32,Saturday,Night,99.12,3.0,Negative,25.76333,1,47.0
71238,Daily Digest,110.78,News,30.1,Saturday,Night,60.86,2.0,Negative,56.97497,1,77.0
82008,Daily Digest,27.09,News,34.65,Saturday,Night,28.76,1.0,Negative,16.60953,1,37.0
83757,Daily Digest,82.61,News,25.59,Saturday,Night,0.0,0.0,Negative,32.46111,1,55.0
84013,Daily Digest,14.41,News,92.03,Saturday,Night,30.18,1.0,Negative,7.98,1,4.0
86488,Daily Digest,67.89719241007194,News,81.11,Saturday,Night,78.82,2.0,Negative,24.88641,1,77.0
86806,Daily Digest,117.03,News,96.97,Saturday,Night,0.0,1.0,Negative,100.03109,1,15.0
89416,Daily Digest,43.41,News,38.35,Saturday,Night,98.82,2.0,Negative,32.03107,1,83.0
92616,Daily Digest,81.26,News,72.04,Saturday,Night,0.0,0.0,Negative,65.67273,1,59.0
92645,Daily Digest,23.88,News,69.04,Saturday,Night,91.44,1.0,Positive,18.87626,1,17.0
94385,Daily Digest,64.09,News,43.11,Saturday,Night,0.0,3.0,Negative,31.44168,1,80.0
94830,Daily Digest,112.75,News,56.31,Saturday,Night,71.48,1.0,Neutral,67.26722,1,47.0
96400,Daily Digest,44.26,News,30.06,Saturday,Night,36.67,2.0,Negative,34.2487,1,48.0
96551,Daily Digest,23.67,News,34.15,Saturday,Night,28.76,1.0,Positive,16.60953,1,37.0
96748,Daily Digest,23.27,News,38.2,Saturday,Night,75.04,0.0,Neutral,16.31335,1,78.0
99115,Daily Digest,27.11,News,64.94,Saturday,Night,97.11,2.0,Neutral,0.75859,1,15.0
101550,Daily Digest,93.48,News,86.49,Saturday,Night,33.85,0.0,Neutral,74.07601,1,51.0
102211,Daily Digest,59.52,News,84.92,Saturday,Night,8.37,1.0,Positive,42.37316,1,96.0
102345,Daily Digest,102.41,News,55.21,Saturday,Night,20.38,1.0,Positive,84.30363,1,74.0
103131,Daily Digest,67.61,News,23.51,Saturday,Night,0.0,3.0,Negative,52.52124,1,32.0
103667,Daily Digest,70.96,News,55.39,Saturday,Night,0.0,1.0,Neutral,59.54377,1,57.0
106716,Daily Digest,35.28,News,71.74,Saturday,Night,62.18,3.0,Neutral,19.54,1,31.0
106894,Daily Digest,98.02,News,99.68,Saturday,Night,0.68,1.0,Positive,71.30886,1,82.0
107896,Daily Digest,105.64,News,69.9,Saturday,Night,96.13,2.0,Positive,88.89378,1,42.0
109553,Daily Digest,109.14,News,27.36,Saturday,Night,22.61,2.0,Positive,70.91,1,96.0
111906,Daily Digest,89.11,News,23.11,Saturday,Night,39.07,1.0,Positive,51.4678,1,23.0
112269,Daily Digest,52.67,News,41.2,Saturday,Night,57.79,2.0,Negative,37.85107,1,24.0
112588,Daily Digest,91.08,News,56.4,Saturday,Night,0.0,3.0,Negative,80.19,1,64.0
113734,Daily Digest,115.59,News,54.85,Saturday,Night,54.15,0.0,Neutral,106.41769,1,9.0
114361,Daily Digest,67.89719241007194,News,52.33,Saturday,Night,0.5,1.0,Neutral,22.03222,1,87.0
114421,Daily Digest,31.27,News,58.49,Saturday,Night,23.8,1.0,Neutral,21.04628,1,98.0
114916,Daily Digest,108.43,News,61.59,Saturday,Night,0.0,1.0,Positive,71.10953,1,61.0
115714,Daily Digest,19.26,News,44.46,Saturday,Night,0.0,3.0,Negative,5.81,1,48.0
116299,Daily Digest,62.02,News,85.23,Saturday,Night,58.9,2.0,Positive,37.91331,1,29.0
116493,Daily Digest,44.31,News,94.37,Saturday,Night,34.23,3.0,Positive,40.42067,1,96.0
119173,Daily Digest,81.28,News,94.78,Saturday,Night,95.05,2.0,Negative,58.88,1,69.0
120409,Daily Digest,108.07,News,84.16,Saturday,Night,13.17,1.0,Neutral,66.68807,1,14.0
123551,Daily Digest,96.73,News,87.41,Saturday,Night,97.35,1.0,Neutral,76.77861,1,68.0
125595,Daily Digest,15.74,News,80.16,Saturday,Night,54.36,3.0,Neutral,1.95213,1,91.0
128835,Daily Digest,88.45,News,35.27,Saturday,Night,0.0,1.0,Neutral,66.49645,1,40.0
130537,Daily Digest,31.07,News,99.51,Saturday,Night,88.27,2.0,Positive,24.70262,1,100.0
132190,Daily Digest,78.28,News,31.65,Saturday,Night,93.32,2.0,Positive,67.09333,1,9.0
133292,Daily Digest,9.13,News,84.11,Saturday,Night,10.64,1.0,Negative,5.86,1,62.0
135125,Daily Digest,67.89719241007194,News,74.13,Saturday,Night,92.66,0.0,Neutral,53.43962,1,61.0
136727,Daily Digest,48.44,News,53.45,Saturday,Night,48.66,1.0,Neutral,21.07786,1,6.0
137939,Daily Digest,57.11,News,73.3,Saturday,Night,78.3,0.0,Neutral,41.99669,1,49.0
138963,Daily Digest,111.32,News,28.84,Saturday,Night,5.91,1.0,Positive,90.6776,1,38.0
140655,Daily Digest,18.05,News,52.96,Saturday,Night,20.09,3.0,Positive,13.18517,1,9.0
140776,Daily Digest,50.34,News,38.48,Saturday,Night,37.2,0.0,Positive,41.077,1,23.0
142329,Daily Digest,85.66,News,80.66,Saturday,Night,0.0,1.0,Positive,73.43917,1,55.0
142717,Daily Digest,8.54,News,30.14,Saturday,Night,57.31,2.0,Neutral,0.0,1,31.0
144560,Daily Digest,27.82,News,92.11,Saturday,Night,88.86,2.0,Negative,15.13001,1,86.0
145742,Daily Digest,85.37,News,42.6,Saturday,Night,58.69,2.0,Negative,53.59619,1,75.0
148854,Daily Digest,48.44,News,45.53,Saturday,Night,0.0,1.0,Positive,31.9,1,24.0
149022,Daily Digest,91.19,News,90.52,Saturday,Night,52.85,1.0,Negative,69.26327,1,81.0
153150,Daily Digest,108.07,News,88.16,Saturday,Night,13.3,1.0,Neutral,66.68807,1,74.0
154136,Daily Digest,67.89719241007194,News,77.25,Saturday,Night,0.0,0.0,Neutral,27.38965,1,88.0
155343,Daily Digest,114.01,News,36.01,Saturday,Night,0.03,3.0,Negative,63.12618,1,2.0
156637,Daily Digest,67.89719241007194,News,48.26,Saturday,Night,51.37,2.0,Neutral,58.0631,1,50.0
156728,Daily Digest,47.48,News,43.8,Saturday,Night,0.0,2.0,Neutral,34.84801,1,48.0
157496,Daily Digest,119.03,News,79.65,Saturday,Night,52.4,3.0,Negative,59.58261,1,16.0
158956,Daily Digest,71.89,News,63.74,Saturday,Night,7.84,0.0,Positive,71.89114,1,61.0
161668,Daily Digest,102.41,News,55.21,Saturday,Night,23.49,1.0,Neutral,84.30363,1,73.0
162083,Daily Digest,9.5,News,68.24,Saturday,Night,29.71,0.0,Neutral,0.0,1,76.0
164650,Daily Digest,119.16,News,78.98,Saturday,Night,16.05,0.0,Negative,80.25428,1,48.0
164980,Daily Digest,67.89719241007194,News,40.05,Saturday,Night,39.01,3.0,Positive,52.17065,1,23.0
165802,Daily Digest,115.17,News,86.2,Saturday,Night,76.11,3.0,Positive,60.1405,1,48.0
169006,Daily Digest,67.89719241007194,News,64.36,Saturday,Night,53.32,2.0,Positive,36.14076,1,72.0
171282,Daily Digest,67.89719241007194,News,51.58,Saturday,Night,1.71,1.0,Positive,15.16967,1,45.0
171975,Daily Digest,111.94,News,64.4,Saturday,Night,61.71,1.0,Negative,88.52,1,9.0
172198,Daily Digest,67.89719241007194,News,88.69,Saturday,Night,34.76,1.0,Negative,25.02,1,31.0
174340,Daily Digest,36.25,News,79.88,Saturday,Night,62.74,2.0,Negative,31.56001,1,32.0
177311,Daily Digest,20.23,News,69.54,Saturday,Night,0.0,1.0,Neutral,8.68215,1,65.0
182907,Daily Digest,99.12,News,79.79,Saturday,Night,76.5,1.0,Positive,57.35126,1,36.0
183403,Daily Digest,37.75,News,64.3,Saturday,Night,88.34,1.0,Negative,36.07431,1,52.0
188077,Daily Digest,50.04,News,88.04,Saturday,Night,34.83,1.0,Neutral,24.21473,1,33.0
188923,Daily Digest,114.06,News,39.67,Saturday,Night,16.59,0.0,Neutral,67.24663,1,73.0
189778,Daily Digest,86.68,News,28.11,Saturday,Night,15.11,3.0,Positive,50.3,1,44.0
192541,Daily Digest,75.99,News,37.16,Saturday,Night,39.72,0.0,Neutral,46.24968,1,57.0
192915,Daily Digest,90.46,News,68.12,Saturday,Night,7.97,3.0,Neutral,56.38151,1,36.0
194061,Daily Digest,40.06,News,35.39,Saturday,Night,57.25,0.0,Negative,37.1,1,27.0
194607,Daily Digest,23.15,News,34.15,Saturday,Night,28.66,1.0,Negative,16.60953,1,27.0
194652,Daily Digest,117.14,News,32.91,Saturday,Night,79.84,1.0,Negative,85.79245,1,44.0
196397,Daily Digest,51.65,News,26.7,Saturday,Night,70.37,0.0,Positive,45.74998,1,36.0
196690,Daily Digest,84.41,News,40.33,Saturday,Night,61.67,0.0,Neutral,51.10654,1,62.0
200227,Daily Digest,65.92,News,86.57,Saturday,Night,0.0,1.0,Neutral,63.18648,1,18.0
202627,Daily Digest,79.17,News,73.17,Saturday,Night,73.21,3.0,Negative,30.10048,1,61.0
205568,Daily Digest,79.21,News,34.87,Saturday,Night,61.03,3.0,Neutral,61.32253,1,71.0
206887,Daily Digest,23.76,News,64.45,Saturday,Night,0.0,1.0,Negative,20.89104,1,98.0
207359,Daily Digest,75.57,News,98.69,Saturday,Night,0.35,0.0,Neutral,56.42782,1,73.0
208364,Daily Digest,13.94,News,26.53,Saturday,Night,0.0,2.0,Negative,0.0,1,16.0
208796,Daily Digest,54.56,News,77.29,Saturday,Night,17.47,2.0,Negative,36.77443,1,27.0
213789,Daily Digest,35.08,News,96.72,Saturday,Night,45.77,1.0,Negative,24.68344,1,74.0
214768,Daily Digest,63.05,News,69.18,Saturday,Night,0.0,0.0,Neutral,51.89662,1,60.0
218147,Daily Digest,67.17,News,59.75,Saturday,Night,23.97,3.0,Neutral,39.40532,1,42.0
221563,Daily Digest,114.32,News,44.31,Saturday,Night,0.0,2.0,Negative,98.25,1,33.0
224894,Daily Digest,94.08,News,33.01,Saturday,Night,68.46,3.0,Positive,91.08551,1,71.0
226598,Daily Digest,67.89719241007194,News,84.85,Saturday,Night,36.78,3.0,Negative,63.12618,1,92.0
228424,Daily Digest,108.71,News,31.69,Saturday,Night,72.74,1.0,Positive,86.29,1,99.0
230351,Daily Digest,34.21,News,56.29,Saturday,Night,44.22,0.0,Neutral,21.0233,1,28.0
230595,Daily Digest,42.99,News,83.29,Saturday,Night,24.77,0.0,Neutral,21.60598,1,90.0
232737,Daily Digest,97.51,News,76.32,Saturday,Night,23.05,1.0,Neutral,54.40471,1,64.0
234703,Daily Digest,107.41,News,50.72,Saturday,Night,93.35,3.0,Positive,46.06834,1,85.0
238796,Daily Digest,62.65,News,82.91,Saturday,Night,48.61,0.0,Positive,49.68562,1,61.0
240950,Daily Digest,10.89,News,49.56,Saturday,Night,64.54,3.0,Negative,0.57704,1,79.0
245878,Daily Digest,107.27,News,76.78,Saturday,Night,94.55,1.0,Positive,42.80287,1,36.0
248202,Daily Digest,39.28,News,20.66,Saturday,Night,0.44,0.0,Neutral,27.42788,1,81.0
252024,Daily Digest,77.46,News,34.85,Saturday,Night,71.34,1.0,Negative,43.08786,1,53.0
252430,Daily Digest,71.3,News,63.94,Saturday,Night,54.21,1.0,Negative,53.17637,1,51.0
252934,Daily Digest,106.14,News,29.53,Saturday,Night,47.14,3.0,Neutral,49.19485,1,8.0
254238,Daily Digest,48.38,News,98.78,Saturday,Night,0.0,1.0,Negative,41.077,1,34.0
254986,Daily Digest,119.53,News,23.7,Saturday,Night,47.06,0.0,Positive,66.15566,1,72.0
255869,Daily Digest,45.66,News,72.99,Saturday,Night,64.88,1.0,Negative,34.42,1,63.0
260236,Daily Digest,119.68,News,96.43,Saturday,Night,8.02,0.0,Neutral,93.99138,1,52.0
261004,Daily Digest,67.89719241007194,News,78.75,Saturday,Night,42.86,0.0,Positive,80.99563,1,21.0
263231,Daily Digest,118.92,News,62.53,Saturday,Night,4.89,1.0,Neutral,83.59,1,62.0
265078,Daily Digest,67.89719241007194,News,81.38,Saturday,Night,48.41,1.0,Positive,90.68563,1,1.0
265745,Daily Digest,67.89719241007194,News,43.57,Saturday,Night,15.15,1.0,Positive,59.26371,1,26.0
265789,Daily Digest,32.34,News,46.52,Saturday,Night,20.91,2.0,Negative,14.47422,1,38.0
266686,Daily Digest,51.11,News,77.95,Saturday,Night,75.97,3.0,Negative,30.74178,1,26.0
269820,Daily Digest,31.3,News,95.05,Saturday,Night,31.66,0.0,Negative,27.27757,1,85.0
270809,Daily Digest,116.12,News,49.86,Saturday,Night,0.0,2.0,Neutral,75.66308,1,84.0
271652,Daily Digest,91.48,News,83.57,Saturday,Night,0.0,0.0,Positive,71.68552,1,74.0
275060,Daily Digest,93.17,News,79.57,Saturday,Night,0.0,1.0,Neutral,81.60483,1,54.0
276962,Daily Digest,33.47,News,49.13,Saturday,Night,65.48,0.0,Neutral,25.53,1,19.0
281787,Daily Digest,67.89719241007194,News,39.86,Saturday,Night,32.35,0.0,Positive,51.72721,1,84.0
281831,Daily Digest,56.13,News,60.07,Saturday,Night,0.0,3.0,Negative,28.71468,1,67.0
282349,Daily Digest,26.73,News,43.48,Saturday,Night,93.28,1.0,Positive,13.05452,1,23.0
283313,Daily Digest,107.05,News,64.6,Saturday,Night,0.0,3.0,Negative,57.72473,1,7.0
284145,Daily Digest,67.89719241007194,News,80.39,Saturday,Night,0.0,0.0,Neutral,17.83063,1,11.0
285258,Daily Digest,104.86,News,89.31,Saturday,Night,55.05,1.0,Positive,90.6776,1,64.0
286622,Daily Digest,118.44,News,86.51,Saturday,Night,6.57,0.0,Neutral,117.11,1,69.0
287947,Daily Digest,67.89719241007194,News,46.02,Saturday,Night,28.43,0.0,Positive,89.25356,1,71.0
291664,Daily Digest,99.18,News,84.28,Saturday,Night,21.03,1.0,Neutral,95.90089,1,23.0
295561,Daily Digest,59.34,News,31.15,Saturday,Night,42.05,2.0,Neutral,23.86794,1,41.0
297970,Daily Digest,77.62,News,80.43,Saturday,Night,0.0,2.0,Negative,48.15474,1,69.0
298048,Daily Digest,88.6,News,63.49,Saturday,Night,90.73,1.0,Negative,55.63186,1,99.0
302462,Daily Digest,46.35,News,25.22,Saturday,Night,34.43,2.0,Negative,45.02898,1,39.0
305521,Daily Digest,98.17,News,79.71,Saturday,Night,97.75,0.0,Negative,70.12509,1,58.0
306377,Daily Digest,102.41,News,55.21,Saturday,Night,23.15,1.0,Positive,84.30363,1,74.0
308265,Daily Digest,111.73,News,30.49,Saturday,Night,30.18,0.0,Neutral,58.98744,1,98.0
313906,Daily Digest,39.74,News,63.94,Saturday,Night,68.48,0.0,Positive,18.21,1,69.0
314543,Daily Digest,40.48,News,40.2,Saturday,Night,0.0,1.0,Neutral,27.5976,1,37.0
317383,Daily Digest,116.79,News,91.58,Saturday,Night,99.56,1.0,Negative,115.39,1,69.0
319883,Daily Digest,53.02,News,86.2,Saturday,Night,16.3,1.0,Neutral,45.65173,1,19.0
321286,Daily Digest,95.0,News,33.81,Saturday,Night,58.91,0.0,Neutral,76.07503,1,44.0
321726,Daily Digest,51.31,News,49.64,Saturday,Night,95.01,2.0,Negative,32.23609,1,56.0
322503,Daily Digest,70.71,News,85.73,Saturday,Night,31.57,0.0,Neutral,64.11111,1,28.0
322677,Daily Digest,67.89719241007194,News,57.35,Saturday,Night,0.0,3.0,Positive,17.06061,1,21.0
323228,Daily Digest,85.51,News,27.5,Saturday,Night,27.16,3.0,Negative,42.24659,1,67.0
324232,Daily Digest,41.05,News,43.35,Saturday,Night,0.0,2.0,Positive,34.7858,1,83.0
327020,Daily Digest,108.07,News,87.06,Saturday,Night,13.17,1.0,Neutral,66.68807,1,14.0
327309,Daily Digest,33.3,News,30.14,Saturday,Night,91.18,3.0,Negative,11.17,1,62.0
327986,Daily Digest,75.49,News,41.42,Saturday,Night,16.42,1.0,Neutral,63.12844,1,32.0
328848,Daily Digest,64.66,News,38.02,Saturday,Night,73.19,3.0,Neutral,45.43,1,15.0
330881,Daily Digest,114.42,News,36.76,Saturday,Night,83.28,0.0,Negative,84.48716,1,14.0
331144,Daily Digest,62.26,News,84.92,Saturday,Night,76.84,3.0,Positive,42.37316,1,96.0
335701,Daily Digest,112.07,News,95.04,Saturday,Night,96.19,0.0,Neutral,107.60214,1,26.0
336724,Daily Digest,9.51,News,30.13,Saturday,Night,96.27,0.0,Negative,3.35032,1,36.0
340880,Daily Digest,78.05,News,68.68,Saturday,Night,86.45,2.0,Neutral,72.65885,1,30.0
341733,Daily Digest,89.98,News,52.73,Saturday,Night,71.6,0.0,Positive,56.28067,1,11.0
343863,Daily Digest,101.14,News,58.87,Saturday,Night,85.54,0.0,Neutral,86.30273,1,63.0
345605,Daily Digest,74.86,News,89.84,Saturday,Night,94.64,1.0,Negative,36.45458,1,69.0
347552,Daily Digest,44.93,News,74.72,Saturday,Night,17.34,0.0,Negative,44.51731,1,48.0
348312,Daily Digest,67.98,News,76.7,Saturday,Night,46.11,3.0,Positive,48.344,1,80.0
349225,Daily Digest,71.47,News,20.25,Saturday,Night,55.54,3.0,Positive,48.17165,1,53.0
349410,Daily Digest,84.31,News,78.04,Saturday,Night,51.59,3.0,Negative,33.23631,1,53.0
349655,Daily Digest,108.07,News,87.06,Saturday,Night,13.43,1.0,Neutral,66.68807,1,74.0
349890,Daily Digest,24.0,News,83.35,Saturday,Night,49.72,1.0,Neutral,20.62052,1,88.0
351700,Daily Digest,67.89719241007194,News,70.92,Saturday,Night,0.0,2.0,Positive,33.19896,1,9.0
356260,Daily Digest,34.21,News,41.86,Saturday,Night,0.0,1.0,Negative,18.20757,1,91.0
358248,Daily Digest,107.48,News,72.65,Saturday,Night,31.1,3.0,Negative,91.30714,1,96.0
358605,Daily Digest,73.24,News,75.59,Saturday,Night,54.71,0.0,Negative,50.86934,1,67.0
358654,Daily Digest,76.47,News,45.12,Saturday,Night,0.0,3.0,Neutral,49.65766,1,70.0
359454,Daily Digest,57.07,News,73.3,Saturday,Night,78.3,0.0,Neutral,41.99669,1,13.0
360390,Daily Digest,53.26,News,75.92,Saturday,Night,41.44,0.0,Neutral,36.31053,1,72.0
360647,Daily Digest,70.45,News,84.65,Saturday,Night,0.0,0.0,Positive,55.87755,1,82.0
361350,Daily Digest,86.47,News,86.73,Saturday,Night,29.37,2.0,Neutral,46.45864,1,44.0
362522,Daily Digest,60.22,News,68.42,Saturday,Night,0.0,1.0,Neutral,53.70668,1,38.0
363204,Daily Digest,67.89719241007194,News,33.69,Saturday,Night,64.51,0.0,Positive,34.58704,1,89.0
364332,Daily Digest,67.03,News,80.17,Saturday,Night,0.0,1.0,Positive,62.06863,1,61.0
364755,Daily Digest,99.05,News,63.24,Saturday,Night,52.47,2.0,Negative,77.65,1,31.0
367517,Daily Digest,67.89719241007194,News,31.1,Saturday,Night,11.38,2.0,Neutral,13.15704,1,14.0
367843,Daily Digest,90.61,News,89.31,Saturday,Night,0.0,0.0,Positive,63.7568,1,88.0
367895,Daily Digest,8.72,News,78.77,Saturday,Night,26.45,3.0,Positive,6.86,1,79.0
368877,Daily Digest,63.73,News,80.69,Saturday,Night,54.35,3.0,Negative,26.01,1,3.0
369861,Daily Digest,93.36,News,97.39,Saturday,Night,80.53,1.0,Positive,87.25337,1,14.0
370749,Daily Digest,31.68,News,93.26,Saturday,Night,81.69,1.0,Positive,16.12,1,78.0
371922,Daily Digest,46.17,News,70.36,Saturday,Night,78.72,3.0,Positive,33.1358,1,51.0
372706,Daily Digest,19.28,News,71.04,Saturday,Night,77.99,1.0,Neutral,13.07084,1,85.0
376339,Daily Digest,72.31,News,21.42,Saturday,Night,79.81,0.0,Negative,69.05885,1,13.0
376417,Daily Digest,31.2,News,92.78,Saturday,Night,0.0,1.0,Negative,16.43,1,27.0
376746,Daily Digest,39.72,News,53.93,Saturday,Night,42.14,0.0,Positive,29.94198,1,26.0
377693,Daily Digest,22.55,News,95.85,Saturday,Night,60.45,2.0,Positive,16.31186,1,70.0
377729,Daily Digest,114.11,News,78.99,Saturday,Night,34.28,2.0,Neutral,83.1641,1,100.0
378444,Daily Digest,48.44,News,45.29,Saturday,Night,0.0,1.0,Positive,31.9,1,48.0
380380,Daily Digest,88.56,News,49.29,Saturday,Night,66.57,2.0,Neutral,58.37482,1,26.0
382002,Daily Digest,28.86,News,24.84,Saturday,Night,96.7,0.0,Positive,24.28776,1,80.0
385060,Daily Digest,67.89719241007194,News,87.43,Saturday,Night,22.04,1.0,Neutral,4.86937,1,65.0
387001,Daily Digest,42.88,News,92.45,Saturday,Night,38.72,1.0,Neutral,29.18363,1,14.0
390143,Daily Digest,69.98,News,20.94,Saturday,Night,73.0,3.0,Negative,40.159,1,13.0
396658,Daily Digest,54.62,News,85.29,Saturday,Night,0.0,2.0,Neutral,42.63572,1,59.0
400137,Daily Digest,32.87,News,20.09,Saturday,Night,39.75,2.0,Negative,13.05452,1,46.0
402554,Daily Digest,53.81,News,80.35,Saturday,Night,25.63,2.0,Neutral,35.76263,1,50.0
402614,Daily Digest,54.47,News,92.79,Saturday,Night,0.0,2.0,Positive,43.70751,1,91.0
404831,Daily Digest,19.04,News,68.36,Saturday,Night,36.35,3.0,Neutral,15.31555,1,96.0
407632,Daily Digest,67.89719241007194,News,45.32,Saturday,Night,41.74,1.0,Negative,42.71271,1,6.0
407838,Daily Digest,18.59,News,63.1,Saturday,Night,52.24,2.0,Neutral,15.69577,1,8.0
411012,Daily Digest,87.09,News,83.16,Saturday,Night,73.1,1.0,Positive,59.39518,1,31.0
412837,Daily Digest,57.63,News,31.69,Saturday,Night,11.71,1.0,Negative,54.64009,1,52.0
413047,Daily Digest,74.91,News,38.12,Saturday,Night,87.54,2.0,Positive,57.59517,1,92.0
418795,Daily Digest,41.5,News,27.71,Saturday,Night,63.55,2.0,Negative,32.55,1,46.0
422986,Daily Digest,67.89719241007194,News,79.5,Saturday,Night,80.81,3.0,Positive,5.82119,1,86.0
425857,Daily Digest,111.84,News,69.97,Saturday,Night,82.42,2.0,Positive,111.30809,1,66.0
426320,Daily Digest,50.2,News,23.52,Saturday,Night,0.0,2.0,Positive,33.16,1,67.0
428187,Daily Digest,103.4,News,32.38,Saturday,Night,0.0,0.0,Negative,87.03964,1,38.0
429023,Daily Digest,71.71,News,29.61,Saturday,Night,65.88,1.0,Positive,60.92988,1,20.0
429406,Daily Digest,115.0,News,82.86,Saturday,Night,93.03,0.0,Neutral,62.55894,1,76.0
430955,Daily Digest,104.87,News,89.52,Saturday,Night,5.3,1.0,Positive,90.6776,1,20.0
432729,Daily Digest,67.89719241007194,News,93.15,Saturday,Night,83.21,3.0,Neutral,74.68611,1,86.0
432755,Daily Digest,115.67,News,80.46,Saturday,Night,75.85,3.0,Neutral,64.3054,1,42.0
441098,Daily Digest,32.53,News,87.16,Saturday,Night,0.0,1.0,Neutral,28.36641,1,81.0
441493,Daily Digest,28.5,News,30.18,Saturday,Night,0.0,3.0,Negative,17.68,1,57.0
442351,Daily Digest,102.48,News,55.21,Saturday,Night,23.82,1.0,Neutral,84.30363,1,73.0
442770,Daily Digest,59.84,News,74.19,Saturday,Night,0.0,1.0,Positive,45.51758,1,44.0
444385,Daily Digest,106.43,News,35.02,Saturday,Night,82.32,3.0,Neutral,60.98657,1,32.0
445506,Daily Digest,29.77,News,56.05,Saturday,Night,79.39,0.0,Negative,18.99092,1,19.0
447083,Daily Digest,15.45,News,94.78,Saturday,Night,0.0,0.0,Negative,7.50084,1,26.0
448114,Daily Digest,19.38,News,59.8,Saturday,Night,16.9,3.0,Negative,19.21,1,7.0
449358,Daily Digest,92.66,News,42.67,Saturday,Night,0.0,2.0,Positive,43.10201,1,93.0
451511,Daily Digest,24.58,News,23.82,Saturday,Night,61.82,1.0,Neutral,15.93,1,38.0
451800,Daily Digest,36.59,News,53.01,Saturday,Night,19.15,0.0,Neutral,29.2353,1,35.0
452279,Daily Digest,67.89719241007194,News,27.28,Saturday,Night,52.33,0.0,Negative,27.36408,1,73.0
457837,Daily Digest,107.87,News,38.68,Saturday,Night,80.94,3.0,Neutral,43.12,1,55.0
458994,Daily Digest,33.08,News,30.14,Saturday,Night,52.45,1.0,Negative,13.94,1,62.0
461020,Daily Digest,102.41,News,55.21,Saturday,Night,23.58,1.0,Positive,84.30363,1,73.0
461432,Daily Digest,30.43,News,80.56,Saturday,Night,87.66,2.0,Positive,17.94967,1,87.0
463874,Daily Digest,115.98,News,40.17,Saturday,Night,58.07,2.0,Positive,58.56118,1,32.0
464032,Daily Digest,67.89719241007194,News,29.53,Saturday,Night,51.19,2.0,Positive,14.50509,1,98.0
464865,Daily Digest,23.98,News,38.01,Saturday,Night,81.67,2.0,Neutral,14.40738,1,24.0
465203,Daily Digest,77.62,News,33.64,Saturday,Night,40.95,3.0,Neutral,51.70074,1,48.0
470999,Daily Digest,48.67,News,96.95,Saturday,Night,60.62,1.0,Neutral,45.69242,1,37.0
472072,Daily Digest,88.18,News,90.75,Saturday,Night,47.81,1.0,Neutral,72.31787,1,15.0
473959,Daily Digest,113.67,News,88.31,Saturday,Night,18.96,1.0,Negative,105.51,1,93.0
477073,Daily Digest,52.48,News,70.93,Saturday,Night,97.48,3.0,Negative,46.70499,1,97.0
479015,Daily Digest,10.48,News,76.05,Saturday,Night,85.79,1.0,Positive,9.79052,1,81.0
480900,Daily Digest,34.57,News,87.67,Saturday,Night,0.0,0.0,Neutral,26.53871,1,68.0
483174,Daily Digest,115.13,News,46.52,Saturday,Night,27.24,0.0,Positive,60.83261,1,34.0
484343,Daily Digest,94.24,News,93.18,Saturday,Night,27.2,0.0,Positive,82.82708,1,36.0
487931,Daily Digest,46.3,News,61.46,Saturday,Night,16.94,1.0,Neutral,43.22862,1,82.0
490009,Daily Digest,48.87,News,34.5,Saturday,Night,0.0,3.0,Neutral,44.14655,1,32.0
490806,Daily Digest,61.31,News,89.22,Saturday,Night,42.67,2.0,Positive,40.37521,1,15.0
491087,Daily Digest,27.83,News,76.18,Saturday,Night,59.91,0.0,Neutral,15.2066,1,6.0
492109,Daily Digest,15.41,News,84.81,Saturday,Night,54.84,3.0,Neutral,7.77,1,78.0
494055,Daily Digest,50.67,News,86.69,Saturday,Night,0.0,2.0,Positive,50.0,1,46.0
495781,Daily Digest,36.78,News,58.73,Saturday,Night,55.73,1.0,Negative,29.29,1,65.0
496674,Daily Digest,27.9,News,72.26,Saturday,Night,80.03,1.0,Positive,19.24065,1,56.0
498815,Daily Digest,110.02,News,37.14,Saturday,Night,17.32,3.0,Negative,80.1528,1,17.0
500514,Daily Digest,67.89719241007194,News,46.65,Saturday,Night,51.03,2.0,Negative,52.16846,1,14.0
502937,Daily Digest,64.57,News,68.87,Saturday,Night,14.57,2.0,Positive,60.09356,1,12.0
502950,Daily Digest,82.26898,News,49.3,Saturday,Night,26.49,1.0,Positive,82.26899,1,50.0
505612,Daily Digest,37.26,News,66.7,Saturday,Night,71.41,1.0,Negative,32.94,1,60.0
508122,Daily Digest,106.72,News,68.58,Saturday,Night,58.82,0.0,Neutral,78.49122,1,60.0
513196,Daily Digest,119.79,News,87.92,Saturday,Night,0.0,1.0,Positive,90.53497,1,89.0
514603,Daily Digest,43.05,News,98.74,Saturday,Night,52.4,0.0,Positive,33.46831,1,99.0
514888,Daily Digest,84.56,News,60.87,Saturday,Night,27.16,1.0,Neutral,51.77839,1,28.0
516616,Daily Digest,25.67,News,81.81,Saturday,Night,0.0,0.0,Positive,7.85473,1,31.0
517027,Daily Digest,34.6,News,75.65,Saturday,Night,15.12,1.0,Neutral,20.79002,1,82.0
517050,Daily Digest,66.14,News,34.75,Saturday,Night,63.36,0.0,Positive,49.34205,1,69.0
517794,Daily Digest,69.92,News,84.57,Saturday,Night,18.99,1.0,Neutral,69.11044,1,100.0
518233,Daily Digest,79.78,News,84.39,Saturday,Night,69.27,3.0,Neutral,60.51217,1,59.0
519064,Daily Digest,43.01,News,31.86,Saturday,Night,73.33,1.0,Positive,22.33474,1,52.0
521475,Daily Digest,91.33,News,76.29,Saturday,Night,87.62,0.0,Positive,53.04553,1,75.0
523957,Daily Digest,67.89719241007194,News,45.36,Saturday,Night,61.71,3.0,Positive,65.44757,1,38.0
524179,Daily Digest,67.89719241007194,News,60.14,Saturday,Night,8.77,1.0,Neutral,56.79823,1,25.0
524858,Daily Digest,32.0,News,49.29,Saturday,Night,81.41,3.0,Positive,21.57739,1,44.0
525977,Daily Digest,113.2,News,31.52,Saturday,Night,0.0,0.0,Positive,87.28,1,67.0
526447,Daily Digest,52.6,News,47.55,Saturday,Night,92.08,2.0,Positive,34.26319,1,71.0
527879,Daily Digest,67.89719241007194,News,57.96,Saturday,Night,58.08,2.0,Negative,36.7989,1,79.0
528841,Daily Digest,67.89719241007194,News,99.98,Saturday,Night,70.89,3.0,Neutral,40.29529,1,52.0
531564,Daily Digest,48.87,News,34.5,Saturday,Night,0.0,3.0,Neutral,44.14655,1,36.0
532696,Daily Digest,67.89719241007194,News,22.2,Saturday,Night,0.0,0.0,Neutral,62.66465,1,59.0
533473,Daily Digest,98.77,News,79.37,Saturday,Night,22.73,0.0,Positive,87.56083,1,56.0
533894,Daily Digest,57.13,News,26.49,Saturday,Night,5.33,2.0,Neutral,20.84004,1,71.0
534385,Daily Digest,14.83,News,91.52,Saturday,Night,19.68,0.0,Negative,10.67602,1,90.0
534742,Daily Digest,106.06,News,33.09,Saturday,Night,71.19,1.0,Neutral,69.02,1,56.0
535179,Daily Digest,48.49,News,49.44,Saturday,Night,47.2,1.0,Neutral,21.07786,1,6.0
535591,Daily Digest,99.32,News,70.15,Saturday,Night,95.88,3.0,Negative,80.86799,1,15.0
536694,Daily Digest,111.95,News,77.06,Saturday,Night,0.0,1.0,Positive,74.50562,1,34.0
537323,Daily Digest,36.68,News,32.29,Saturday,Night,73.42,2.0,Neutral,9.80365,1,12.0
538414,Daily Digest,22.14,News,26.68,Saturday,Night,34.75,0.0,Neutral,21.41702,1,66.0
538474,Daily Digest,96.14,News,44.18,Saturday,Night,25.17,1.0,Negative,75.02578,1,79.0
540222,Daily Digest,107.68,News,89.57,Saturday,Night,42.32,2.0,Negative,72.83417,1,89.0
545189,Daily Digest,43.67,News,36.44,Saturday,Night,42.27,0.0,Neutral,35.3,1,66.0
545243,Daily Digest,62.69,News,28.89,Saturday,Night,57.34,3.0,Positive,34.28959,1,19.0
547838,Daily Digest,39.72,News,73.93,Saturday,Night,50.48,1.0,Positive,29.94198,1,42.0
548045,Daily Digest,65.29,News,85.83,Saturday,Night,38.75,2.0,Negative,46.75285,1,65.0
549923,Daily Digest,87.16,News,82.72,Saturday,Night,19.83,1.0,Positive,72.67732,1,13.0
550276,Daily Digest,39.72,News,53.93,Saturday,Night,11.57,0.0,Positive,29.94198,1,26.0
550981,Daily Digest,92.84,News,82.47,Saturday,Night,69.35,1.0,Negative,76.69716,1,51.0
551237,Daily Digest,90.02,News,55.87,Saturday,Night,99.69,1.0,Negative,46.01961,1,28.0
551440,Daily Digest,118.76,News,43.76,Saturday,Night,51.76,0.0,Positive,107.54068,1,64.0
552371,Daily Digest,18.68,News,79.53,Saturday,Night,0.0,0.0,Positive,17.74022,1,96.0
554684,Daily Digest,102.41,News,55.21,Saturday,Night,23.42,1.0,Neutral,84.30363,1,73.0
556629,Daily Digest,41.31,News,58.04,Saturday,Night,48.84,3.0,Positive,20.41675,1,86.0
559953,Daily Digest,67.89719241007194,News,26.83,Saturday,Night,0.0,0.0,Negative,10.74442,1,100.0
561297,Daily Digest,119.27,News,56.91,Saturday,Night,91.23,0.0,Positive,116.80526,1,64.0
564538,Daily Digest,95.72,News,54.75,Saturday,Night,0.0,3.0,Negative,48.80925,1,80.0
566223,Daily Digest,47.12,News,77.06,Saturday,Night,67.51,2.0,Neutral,32.25477,1,99.0
571412,Daily Digest,64.31,News,39.82,Saturday,Night,0.0,0.0,Positive,37.09666,1,79.0
573585,Daily Digest,72.82,News,48.71,Saturday,Night,53.14,1.0,Positive,29.9,1,79.0
574073,Daily Digest,114.98,News,29.1,Saturday,Night,0.0,2.0,Negative,85.1271,1,81.0
577233,Daily Digest,63.69,News,58.08,Saturday,Night,43.19,0.0,Positive,36.73,1,83.0
580207,Daily Digest,88.71,News,86.71,Saturday,Night,52.26,3.0,Negative,63.67728,1,94.0
580388,Daily Digest,100.35,News,93.35,Saturday,Night,0.0,2.0,Positive,53.68518,1,82.0
581035,Daily Digest,46.32,News,94.02,Saturday,Night,77.62,3.0,Neutral,23.8397,1,7.0
581750,Daily Digest,67.89719241007194,News,38.71,Saturday,Night,8.45,1.0,Positive,46.9687,1,48.0
582042,Daily Digest,42.14,News,29.93,Saturday,Night,53.58,0.0,Positive,29.94198,1,26.0
582700,Daily Digest,63.52,News,94.05,Saturday,Night,24.34,0.0,Positive,51.26786,1,53.0
583249,Daily Digest,92.95,News,55.21,Saturday,Night,23.82,1.0,Positive,84.30363,1,73.0
588821,Daily Digest,102.59,News,55.15,Saturday,Night,23.82,1.0,Neutral,84.30363,1,74.0
590006,Daily Digest,104.06,News,61.49,Saturday,Night,13.3,2.0,Neutral,57.94521,1,46.0
592715,Daily Digest,58.33,News,83.95,Saturday,Night,0.0,0.0,Negative,36.18691,1,66.0
592941,Daily Digest,82.49,News,91.08,Saturday,Night,0.0,2.0,Negative,72.46048,1,13.0
593627,Daily Digest,28.71,News,32.02,Saturday,Night,9.09,2.0,Positive,16.12701,1,97.0
596577,Daily Digest,24.0,News,29.84,Saturday,Night,52.78,3.0,Positive,12.0579,1,13.0
596700,Daily Digest,34.31,News,34.03,Saturday,Night,65.77,3.0,Negative,22.397,1,90.0
597955,Daily Digest,104.87,News,21.72,Saturday,Night,5.1,1.0,Positive,90.6776,1,64.0
599369,Daily Digest,98.22,News,95.25,Saturday,Night,68.97,0.0,Positive,96.58611,1,84.0
599394,Daily Digest,94.24,News,94.92,Saturday,Night,83.69,2.0,Negative,45.20241,1,88.0
599444,Daily Digest,109.83,News,86.64,Saturday,Night,0.0,3.0,Negative,50.16462,1,17.0
603013,Daily Digest,67.89719241007194,News,89.25,Saturday,Night,0.0,0.0,Positive,97.2157,1,25.0
603177,Daily Digest,95.89,News,84.19,Saturday,Night,92.86,3.0,Negative,76.15564,1,54.0
604147,Daily Digest,19.33,News,69.24,Saturday,Night,24.15,0.0,Negative,11.31577,1,21.0
604362,Daily Digest,84.54,News,84.0,Saturday,Night,86.15,1.0,Negative,55.78846,1,69.0
606219,Daily Digest,43.64,News,92.27,Saturday,Night,64.32,2.0,Neutral,29.71469,1,79.0
606745,Daily Digest,42.69,News,51.85,Saturday,Night,5.24,3.0,Negative,23.80548,1,42.0
607813,Daily Digest,87.85,News,89.32,Saturday,Night,52.75,0.0,Neutral,74.07601,1,65.0
608171,Daily Digest,108.47,Technology,76.16,Saturday,Night,13.17,1.0,Neutral,66.68807,1,73.0
612741,Daily Digest,39.36,News,73.94,Saturday,Night,53.63,3.0,Positive,33.78,1,53.0
613045,Daily Digest,115.51,News,87.77,Saturday,Night,49.94,1.0,Neutral,88.45832,1,31.0
614338,Daily Digest,50.93,News,55.56,Saturday,Night,41.15,2.0,Neutral,34.70042,1,41.0
615432,Daily Digest,14.33,News,26.15,Saturday,Night,4.59,2.0,Neutral,7.97084,1,7.0
615832,Daily Digest,85.49,News,88.11,Saturday,Night,76.23,0.0,Negative,53.59619,1,68.0
616643,Daily Digest,36.17,News,84.41,Saturday,Night,76.92,2.0,Negative,28.06536,1,65.0
618176,Daily Digest,54.51,News,25.66,Saturday,Night,0.0,0.0,Negative,33.83083,1,18.0
622760,Daily Digest,114.02,News,26.79,Saturday,Night,72.93,2.0,Negative,90.73,1,28.0
624030,Daily Digest,67.89719241007194,News,27.68,Saturday,Night,95.97,3.0,Neutral,58.79,1,34.0
624192,Daily Digest,91.04,News,29.06,Saturday,Night,60.99,3.0,Negative,63.27,1,64.0
628486,Daily Digest,15.59,News,47.83,Saturday,Night,0.0,0.0,Negative,14.8309,1,15.0
628582,Daily Digest,107.0,News,98.01,Saturday,Night,0.0,0.0,Neutral,98.07361,1,39.0
629340,Daily Digest,48.87,News,36.5,Saturday,Night,0.0,3.0,Neutral,44.14655,1,100.0
629830,Daily Digest,85.37,News,87.11,Saturday,Night,87.6,2.0,Negative,53.59619,1,11.0
630827,Daily Digest,21.73,News,83.67,Saturday,Night,53.42,1.0,Negative,13.51715,1,89.0
631630,Daily Digest,40.02,News,56.51,Saturday,Night,73.33,1.0,Neutral,24.54667,1,35.0
635522,Daily Digest,68.75,News,65.86,Saturday,Night,0.0,2.0,Positive,40.76138,1,19.0
637133,Daily Digest,67.14,News,53.49,Saturday,Night,75.15,1.0,Neutral,35.49842,1,45.0
641707,Daily Digest,71.13,News,95.6,Saturday,Night,48.69,1.0,Negative,52.01323,1,79.0
642519,Daily Digest,39.92,News,27.99,Saturday,Night,94.84,1.0,Negative,26.45,1,73.0
643017,Daily Digest,63.84,News,76.32,Saturday,Night,58.48,2.0,Positive,32.85928,1,96.0
643266,Daily Digest,9.76,News,31.91,Saturday,Night,6.03,2.0,Negative,5.22,1,43.0
643923,Daily Digest,30.83,News,46.28,Saturday,Night,32.83,1.0,Negative,13.94072,1,16.0
644647,Daily Digest,58.56,News,83.19,Saturday,Night,45.38,0.0,Positive,49.39544,1,89.0
646708,Daily Digest,112.9,News,31.41,Saturday,Night,97.68,2.0,Negative,97.85,1,38.0
647048,Daily Digest,29.34,News,94.9,Saturday,Night,32.88,1.0,Positive,18.96844,1,4.0
647138,Daily Digest,36.81,News,30.11,Saturday,Night,58.7,0.0,Neutral,23.812,1,73.0
647541,Daily Digest,30.83,News,69.4,Saturday,Night,76.4,1.0,Positive,13.77,1,98.0
654793,Daily Digest,115.51,News,92.49,Saturday,Night,47.33,0.0,Negative,61.33286,1,39.0
654827,Daily Digest,106.79,News,81.56,Saturday,Night,57.12,1.0,Neutral,105.69,1,83.0
655442,Daily Digest,22.31,News,95.13,Saturday,Night,91.63,0.0,Positive,12.86816,1,91.0
655849,Daily Digest,67.89719241007194,News,96.79,Saturday,Night,97.01,1.0,Positive,34.31001,1,11.0
658025,Daily Digest,29.58,News,83.11,Saturday,Night,27.75,0.0,Negative,11.7,1,9.0
658943,Daily Digest,63.05,News,69.18,Saturday,Night,84.81,0.0,Neutral,51.89662,1,60.0
659843,Daily Digest,39.74,News,82.79,Saturday,Night,1.44,1.0,Negative,26.3678,1,24.0
664279,Daily Digest,72.82,News,59.63,Saturday,Night,53.14,1.0,Positive,29.9,1,79.0
664698,Daily Digest,42.48,News,36.53,Saturday,Night,0.0,1.0,Positive,14.94697,1,81.0
665190,Daily Digest,109.39,News,97.74,Saturday,Night,42.31,0.0,Positive,53.7729,1,77.0
665745,Daily Digest,30.01,News,65.97,Saturday,Night,0.0,3.0,Neutral,21.3679,1,18.0
665947,Daily Digest,99.78,News,35.79,Saturday,Night,59.71,3.0,Negative,55.6955,1,13.0
667039,Daily Digest,27.13,News,35.32,Saturday,Night,94.53,2.0,Neutral,8.94167,1,30.0
667786,Daily Digest,102.05,News,69.76,Saturday,Night,84.69,1.0,Positive,90.99207,1,75.0
668651,Daily Digest,29.64,News,96.59,Saturday,Night,51.87,1.0,Positive,12.13,1,18.0
670874,Daily Digest,36.29,News,56.26,Saturday,Night,68.8,0.0,Positive,18.38214,1,81.0
671939,Daily Digest,72.32,News,45.44,Saturday,Night,64.71,1.0,Positive,29.9,1,79.0
673141,Daily Digest,91.47,News,53.71,Saturday,Night,72.79,2.0,Positive,54.55811,1,73.0
674147,Daily Digest,101.55,News,87.89,Saturday,Night,68.13,2.0,Neutral,57.41133,1,77.0
674441,Daily Digest,37.12,News,59.53,Saturday,Night,0.0,0.0,Positive,29.85129,1,52.0
675388,Daily Digest,104.44,News,91.06,Saturday,Night,62.38,3.0,Negative,79.97602,1,61.0
675631,Daily Digest,115.37,News,83.95,Saturday,Night,33.72,0.0,Positive,103.76832,1,84.0
676917,Daily Digest,86.01,News,52.04,Saturday,Night,61.78,0.0,Positive,44.60713,1,62.0
677427,Daily Digest,100.9,News,42.17,Saturday,Night,6.93,1.0,Neutral,73.47718,1,37.0
679769,Daily Digest,97.28,News,69.14,Saturday,Night,0.0,2.0,Negative,58.57555,1,36.0
679962,Daily Digest,108.47,News,98.18,Saturday,Night,63.52,0.0,Negative,88.73872,1,29.0
681420,Daily Digest,67.89719241007194,News,33.48,Saturday,Night,0.0,3.0,Positive,61.21505,1,87.0
684035,Daily Digest,67.89719241007194,News,24.18,Saturday,Night,80.53,2.0,Positive,26.37699,1,12.0
686684,Daily Digest,9.08,News,56.11,Saturday,Night,58.37,0.0,Positive,5.53378,1,100.0
686991,Daily Digest,30.81,News,71.46,Saturday,Night,75.09,3.0,Positive,24.79212,1,65.0
689750,Daily Digest,110.38,News,87.48,Saturday,Night,14.09,0.0,Positive,100.16901,1,36.0
691438,Daily Digest,104.05,News,21.72,Saturday,Night,5.96,1.0,Positive,90.6776,1,20.0
692341,Daily Digest,33.32,News,25.99,Saturday,Night,80.43,1.0,Negative,14.98176,1,34.0
697417,Daily Digest,75.29,News,38.17,Saturday,Night,0.0,1.0,Negative,46.32467,1,5.0
697564,Daily Digest,107.28,News,81.15,Saturday,Night,87.19,0.0,Negative,67.22238,1,80.0
697911,Daily Digest,96.55,News,78.27,Saturday,Night,79.1,2.0,Neutral,56.46862,1,9.0
697975,Daily Digest,108.22,News,29.26,Saturday,Night,59.11,0.0,Negative,72.93053,1,48.0
703773,Daily Digest,67.89719241007194,News,57.23,Saturday,Night,95.6,3.0,Negative,83.27768,1,86.0
704345,Daily Digest,85.46,News,31.56,Saturday,Night,75.91,0.0,Neutral,44.67177,1,60.0
707338,Daily Digest,115.68,News,95.03,Saturday,Night,29.71,1.0,Neutral,102.79,1,79.0
710499,Daily Digest,67.89719241007194,News,74.45,Saturday,Night,0.0,0.0,Neutral,41.88777,1,11.0
711466,Daily Digest,41.48,News,52.3,Saturday,Night,88.86,3.0,Neutral,12.71,1,26.0
717681,Daily Digest,67.96,News,60.16,Saturday,Night,3.33,1.0,Neutral,32.82798,1,75.0
719467,Daily Digest,95.32,News,29.63,Saturday,Night,50.01,0.0,Negative,80.61508,1,11.0
720043,Daily Digest,30.71,News,88.18,Saturday,Night,56.8,0.0,Negative,15.13,1,83.0
722475,Daily Digest,23.12,News,35.44,Saturday,Night,38.7,3.0,Neutral,8.08616,1,50.0
723785,Daily Digest,94.61,News,24.72,Saturday,Night,24.24,2.0,Neutral,77.5047,1,34.0
724590,Daily Digest,77.41,News,28.97,Saturday,Night,13.07,0.0,Negative,36.80083,1,11.0
727137,Daily Digest,65.13,News,31.23,Saturday,Night,38.43,0.0,Neutral,48.76451,1,38.0
729413,Daily Digest,118.25,News,48.24,Saturday,Night,62.24,1.0,Neutral,95.45189,1,80.0
733943,Daily Digest,111.68,News,27.25,Saturday,Night,72.25,1.0,Positive,58.59743,1,11.0
734859,Daily Digest,67.96,News,60.16,Saturday,Night,97.57,2.0,Positive,32.82798,1,75.0
736350,Daily Digest,47.69,News,51.81,Saturday,Night,48.71,2.0,Negative,32.9,1,23.0
737961,Daily Digest,74.15,News,32.16,Saturday,Night,91.11,1.0,Neutral,54.31483,1,79.0
738394,Daily Digest,92.16,News,61.9,Saturday,Night,22.81,3.0,Negative,53.68357,1,12.0
741452,Daily Digest,94.58,News,88.34,Saturday,Night,8.08,2.0,Neutral,60.87786,1,68.0
745498,Daily Digest,24.56,News,27.52,Saturday,Night,0.0,1.0,Neutral,10.21189,1,82.0
746458,Daily Digest,36.29,News,45.04,Saturday,Night,81.68,0.0,Neutral,21.20959,1,58.0
749746,Daily Digest,63.04,News,23.11,Saturday,Night,29.65,0.0,Positive,53.26058,1,84.0
749772,Daily Digest,30.38,News,29.94,Saturday,Night,73.26,0.0,Negative,23.35315,1,84.0
750821,Daily Digest,61.34,News,73.24,Saturday,Night,0.0,3.0,Neutral,,0,72.0
751088,Daily Digest,99.84,News,45.17,Saturday,Night,74.84,2.0,Positive,,0,19.0
751292,Daily Digest,67.89719241007194,News,60.5,Saturday,Night,82.18,2.0,Negative,,0,89.0
752017,Daily Digest,103.34,News,96.11,Saturday,Night,47.66,3.0,Neutral,,0,44.0
752117,Daily Digest,119.09,News,93.84,Saturday,Night,99.23,0.0,Neutral,,0,73.0
752459,Daily Digest,67.89719241007194,News,96.65,Saturday,Night,19.49,2.0,Negative,,0,77.0
756315,Daily Digest,18.16,News,73.47,Saturday,Night,0.0,0.0,Negative,,0,96.0
757878,Daily Digest,99.71,News,38.71,Saturday,Night,16.11,0.0,Negative,,0,22.0
760552,Daily Digest,54.32,News,95.93,Saturday,Night,64.24,3.0,Neutral,,0,89.0
762777,Daily Digest,92.51,News,55.21,Saturday,Night,23.74,1.0,Neutral,,0,73.0
763926,Daily Digest,48.44,News,53.11,Saturday,Night,49.07,1.0,Neutral,,0,6.0
767241,Daily Digest,23.52,News,90.51,Saturday,Night,0.0,3.0,Neutral,,0,33.0
771535,Daily Digest,92.51,News,55.15,Saturday,Night,23.81,1.0,Neutral,,0,73.0
771650,Daily Digest,57.21,News,20.13,Saturday,Night,0.0,3.0,Negative,,0,85.0
772685,Daily Digest,63.84,News,69.81,Saturday,Night,89.34,0.0,Neutral,,0,60.0
775275,Daily Digest,42.99,News,83.29,Saturday,Night,24.81,0.0,Neutral,,0,90.0
776933,Daily Digest,115.38,News,99.8,Saturday,Night,95.75,0.0,Negative,,0,13.0
777332,Daily Digest,13.68,News,27.15,Saturday,Night,0.0,0.0,Neutral,,0,31.0
778755,Daily Digest,86.63,News,27.47,Saturday,Night,94.88,0.0,Negative,,0,60.0
780122,Daily Digest,67.89719241007194,News,88.92,Saturday,Night,0.0,0.0,Negative,,0,89.0
782468,Daily Digest,115.34,News,87.21,Saturday,Night,4.07,0.0,Negative,,0,4.0
786082,Daily Digest,58.36,News,76.04,Saturday,Night,45.7,0.0,Positive,,0,6.0
786248,Daily Digest,88.11,News,34.36,Saturday,Night,51.16,1.0,Positive,,0,39.0
786739,Daily Digest,50.77,News,69.41,Saturday,Night,0.0,1.0,Negative,,0,83.0
787344,Daily Digest,38.6,News,36.81,Saturday,Night,88.42,0.0,Neutral,,0,33.0
787735,Daily Digest,29.69,News,85.92,Saturday,Night,63.37,0.0,Positive,,0,13.0
788092,Daily Digest,67.89719241007194,News,79.03,Saturday,Night,52.66,0.0,Positive,,0,48.0
788965,Daily Digest,78.09,News,96.15,Saturday,Night,83.38,1.0,Negative,,0,87.0
789209,Daily Digest,65.24,News,66.3,Saturday,Night,17.94,1.0,Negative,,0,30.0
789233,Daily Digest,39.11,News,32.14,Saturday,Night,0.0,2.0,Positive,,0,88.0
792863,Daily Digest,93.85,News,93.31,Saturday,Night,69.72,0.0,Neutral,,0,65.0
793144,Daily Digest,70.46,News,31.42,Saturday,Night,34.52,2.0,Positive,,0,11.0
793564,Daily Digest,62.61,News,95.1,Saturday,Night,94.96,2.0,Neutral,,0,34.0
794701,Daily Digest,58.12,News,91.58,Saturday,Night,0.0,1.0,Negative,,0,42.0
798097,Daily Digest,116.98,News,27.01,Saturday,Night,17.66,0.0,Neutral,,0,80.0
801617,Daily Digest,115.59,News,54.85,Saturday,Night,54.85,0.0,Neutral,,0,9.0
802967,Daily Digest,92.61,News,36.05,Saturday,Night,12.05,2.0,Neutral,,0,91.0
804459,Daily Digest,29.1,News,42.94,Saturday,Night,58.2,2.0,Neutral,,0,67.0
804545,Daily Digest,88.36,News,61.57,Saturday,Night,99.16,0.0,Positive,,0,24.0
804686,Daily Digest,42.8,News,51.99,Saturday,Night,5.44,3.0,Negative,,0,42.0
808157,Daily Digest,116.08,News,72.49,Saturday,Night,83.07,3.0,Neutral,,0,66.0
808852,Daily Digest,109.39,News,83.35,Saturday,Night,54.4,0.0,Positive,,0,10.0
809691,Daily Digest,35.92,News,64.24,Saturday,Night,24.63,0.0,Neutral,,0,23.0
827539,Daily Digest,79.09,News,48.23,Saturday,Night,0.0,1.0,Negative,,0,79.0
830327,Daily Digest,104.77,News,92.08,Saturday,Night,0.0,2.0,Neutral,,0,58.0
830420,Daily Digest,36.73,News,38.66,Saturday,Night,95.53,3.0,Negative,,0,23.0
831328,Daily Digest,66.67,News,60.52,Saturday,Night,5.79,3.0,Neutral,,0,4.0
835756,Daily Digest,119.53,News,84.1,Saturday,Night,84.21,1.0,Positive,,0,73.0
838046,Daily Digest,100.18,News,62.29,Saturday,Night,84.31,3.0,Negative,,0,59.0
838247,Daily Digest,30.66,News,98.68,Saturday,Night,94.59,3.0,Positive,,0,6.0
838454,Daily Digest,47.2,News,40.14,Saturday,Night,64.11,2.0,Positive,,0,31.0
838709,Daily Digest,60.02,News,89.1,Saturday,Night,0.0,2.0,Neutral,,0,17.0
839134,Daily Digest,18.39,News,80.21,Saturday,Night,51.99,1.0,Positive,,0,34.0
840636,Daily Digest,59.08,News,38.96,Saturday,Night,87.52,2.0,Negative,,0,4.0
842063,Daily Digest,117.65,News,46.07,Saturday,Night,27.62,2.0,Neutral,,0,26.0
842187,Daily Digest,96.51,News,96.15,Saturday,Night,0.0,1.0,Positive,,0,61.0
842857,Daily Digest,59.38,News,56.79,Saturday,Night,39.21,1.0,Neutral,,0,30.0
846987,Daily Digest,67.89719241007194,News,92.27,Saturday,Night,29.26,0.0,Neutral,,0,29.0
848583,Daily Digest,106.12,News,50.19,Saturday,Night,0.0,2.0,Neutral,,0,74.0
850453,Daily Digest,38.34,News,42.13,Saturday,Night,71.67,3.0,Positive,,0,84.0
850482,Daily Digest,48.87,News,38.33,Saturday,Night,97.27,3.0,Negative,,0,100.0
851108,Daily Digest,95.27,News,55.13,Saturday,Night,38.15,1.0,Positive,,0,89.0
851741,Daily Digest,53.1,News,40.81,Saturday,Night,27.18,3.0,Negative,,0,80.0
852132,Daily Digest,72.89,News,68.66,Saturday,Night,2.98,3.0,Positive,,0,5.0
852444,Daily Digest,82.92,News,87.53,Saturday,Night,33.83,2.0,Positive,,0,87.0
853375,Daily Digest,29.33,News,74.92,Saturday,Night,98.47,0.0,Positive,,0,47.0
857042,Daily Digest,102.42,News,55.21,Saturday,Night,23.82,1.0,Neutral,,0,73.0
857604,Daily Digest,69.18,News,74.45,Saturday,Night,0.0,2.0,Neutral,,0,97.0
858397,Daily Digest,109.36,News,44.77,Saturday,Night,51.5,1.0,Neutral,,0,38.0
858815,Daily Digest,77.17,News,33.09,Saturday,Night,71.38,0.0,Negative,,0,13.0
859354,Daily Digest,96.44,News,88.31,Saturday,Night,62.84,2.0,Neutral,,0,58.0
862410,Daily Digest,56.41,News,82.6,Saturday,Night,76.03,1.0,Negative,,0,47.0
864362,Daily Digest,36.27,News,51.69,Saturday,Night,98.14,3.0,Neutral,,0,80.0
869749,Daily Digest,108.47,News,88.86,Saturday,Night,13.43,1.0,Neutral,,0,73.0
869952,Daily Digest,67.89719241007194,News,42.59,Saturday,Night,42.59,3.0,Negative,,0,69.0
871844,Daily Digest,102.77,News,68.73,Saturday,Night,42.86,0.0,Positive,,0,21.0
873097,Daily Digest,101.79,News,79.79,Saturday,Night,78.73,1.0,Negative,,0,81.0
875090,Daily Digest,67.89719241007194,News,59.35,Saturday,Night,0.0,2.0,Neutral,,0,89.0
877391,Daily Digest,41.99,News,89.82,Saturday,Night,24.7,1.0,Negative,,0,47.0
877598,Daily Digest,94.88,News,55.58,Saturday,Night,0.0,1.0,Neutral,,0,40.0
877643,Daily Digest,47.03,News,43.72,Saturday,Night,71.06,2.0,Negative,,0,70.0
878485,Daily Digest,29.52,News,35.54,Saturday,Night,72.99,2.0,Negative,,0,82.0
882174,Daily Digest,67.89719241007194,News,83.62,Saturday,Night,8.23,0.0,Neutral,,0,13.0
887466,Daily Digest,31.9,News,24.44,Saturday,Night,19.52,1.0,Negative,,0,70.0
887700,Daily Digest,39.66,News,78.52,Saturday,Night,97.81,2.0,Positive,,0,41.0
889777,Daily Digest,20.2,News,66.77,Saturday,Night,0.0,2.0,Positive,,0,66.0
891271,Daily Digest,91.94,News,63.72,Saturday,Night,8.24,1.0,Neutral,,0,7.0
891780,Daily Digest,110.18,News,81.69,Saturday,Night,79.69,1.0,Neutral,,0,87.0
892318,Daily Digest,16.23,News,27.14,Saturday,Night,73.77,3.0,Neutral,,0,43.0
892404,Daily Digest,23.74,News,27.04,Saturday,Night,50.76,2.0,Neutral,,0,11.0
892423,Daily Digest,104.87,News,89.54,Saturday,Night,8.42,1.0,Positive,,0,38.0
896751,Daily Digest,67.89719241007194,News,91.91,Saturday,Night,52.25,1.0,Negative,,0,1.0
897432,Daily Digest,64.46,News,34.38,Saturday,Night,0.0,0.0,Positive,,0,98.0
897969,Daily Digest,92.51,News,55.21,Saturday,Night,23.82,1.0,Positive,,0,73.0
900054,Daily Digest,52.48,News,25.08,Saturday,Night,0.0,3.0,Neutral,,0,14.0
902863,Daily Digest,104.47,News,90.29,Saturday,Night,4.26,3.0,Positive,,0,100.0
903222,Daily Digest,94.77,News,77.98,Saturday,Night,95.81,2.0,Negative,,0,28.0
909538,Daily Digest,67.89719241007194,News,26.79,Saturday,Night,94.94,2.0,Negative,,0,36.0
909824,Daily Digest,66.47,News,82.91,Saturday,Night,48.61,0.0,Positive,,0,61.0
914116,Daily Digest,80.38,News,52.7,Saturday,Night,0.0,1.0,Positive,,0,7.0
914538,Daily Digest,115.51,News,96.51,Saturday,Night,77.27,1.0,Neutral,,0,46.0
915188,Daily Digest,115.19,News,32.56,Saturday,Night,7.67,2.0,Neutral,,0,82.0
915833,Daily Digest,87.11,News,95.27,Saturday,Night,8.04,2.0,Negative,,0,88.0
917463,Daily Digest,29.08,News,53.88,Saturday,Night,29.72,1.0,Positive,,0,33.0
919332,Daily Digest,113.04,News,87.51,Saturday,Night,0.0,2.0,Negative,,0,26.0
919984,Daily Digest,118.53,News,97.78,Saturday,Night,4.05,0.0,Positive,,0,39.0
921514,Daily Digest,88.42,News,75.44,Saturday,Night,88.25,1.0,Neutral,,0,25.0
924298,Daily Digest,67.89719241007194,News,79.73,Saturday,Night,56.82,3.0,Positive,,0,13.0
925333,Daily Digest,48.69,News,72.23,Saturday,Night,64.71,1.0,Positive,,0,79.0
925960,Daily Digest,112.75,News,77.06,Saturday,Night,67.63,3.0,Positive,,0,65.0
926282,Daily Digest,110.24,News,35.8,Saturday,Night,0.0,0.0,Negative,,0,100.0
928148,Daily Digest,63.26,News,39.12,Saturday,Night,19.87,2.0,Neutral,,0,41.0
929443,Daily Digest,67.89719241007194,News,29.02,Saturday,Night,71.0,0.0,Neutral,,0,64.0
935711,Daily Digest,118.13,News,97.79,Saturday,Night,0.43,1.0,Negative,,0,90.0
936413,Daily Digest,68.42,News,69.81,Saturday,Night,97.01,2.0,Neutral,,0,16.0
939845,Daily Digest,57.07,News,28.32,Saturday,Night,78.3,0.0,Negative,,0,12.0
940762,Daily Digest,34.13,News,33.23,Saturday,Night,22.63,0.0,Negative,,0,78.0
941463,Daily Digest,94.89,News,86.65,Saturday,Night,0.0,1.0,Positive,,0,3.0
942731,Daily Digest,29.2,News,34.83,Saturday,Night,7.19,3.0,Positive,,0,67.0
943167,Daily Digest,23.33,News,34.21,Saturday,Night,28.76,1.0,Negative,,0,37.0
944518,Daily Digest,57.92,News,77.12,Saturday,Night,25.41,2.0,Neutral,,0,19.0
950620,Daily Digest,116.34,News,73.24,Saturday,Night,77.66,2.0,Negative,,0,13.0
953897,Daily Digest,34.93,News,49.15,Saturday,Night,36.83,3.0,Negative,,0,79.0
954939,Daily Digest,65.79,Music,52.73,Saturday,Night,71.6,0.0,Positive,,0,11.0
955548,Daily Digest,19.83,News,45.72,Saturday,Night,0.0,2.0,Positive,,0,92.0
956888,Daily Digest,22.19,News,23.77,Saturday,Night,34.95,0.0,Neutral,,0,30.0
957327,Daily Digest,30.58,News,49.61,Saturday,Night,57.55,2.0,Negative,,0,92.0
963262,Daily Digest,111.39,News,91.6,Saturday,Night,99.99,1.0,Negative,,0,71.0
966697,Daily Digest,61.69,News,94.71,Saturday,Night,0.0,1.0,Positive,,0,24.0
968011,Daily Digest,39.27,News,52.36,Saturday,Night,9.99,3.0,Neutral,,0,31.0
970564,Daily Digest,24.81,News,33.64,Saturday,Night,21.97,2.0,Positive,,0,52.0
971102,Daily Digest,67.89719241007194,News,27.98,Saturday,Night,0.0,0.0,Positive,,0,58.0
973275,Daily Digest,45.53,News,24.87,Saturday,Night,92.48,2.0,Negative,,0,8.0
974496,Daily Digest,67.89719241007194,News,76.14,Saturday,Night,0.0,0.0,Negative,,0,15.0
975189,Daily Digest,66.75,News,35.39,Saturday,Night,40.77,2.0,Negative,,0,3.0
976492,Daily Digest,67.89719241007194,News,64.34,Saturday,Night,34.96,1.0,Neutral,,0,27.0
978544,Daily Digest,69.01,News,61.57,Saturday,Night,66.91,1.0,Negative,,0,35.0
980121,Daily Digest,52.43,News,58.83,Saturday,Night,82.38,1.0,Positive,,0,6.0
980414,Daily Digest,86.95,News,86.79,Saturday,Night,69.88,0.0,Neutral,,0,64.0
981423,Daily Digest,56.95,News,24.83,Saturday,Night,19.43,2.0,Neutral,,0,90.0
982251,Daily Digest,59.52,News,84.92,Saturday,Night,8.37,3.0,Positive,,0,96.0
982715,Daily Digest,110.03,News,67.19,Saturday,Night,79.25,0.0,Positive,,0,45.0
983977,Daily Digest,67.89719241007194,News,58.11,Saturday,Night,59.69,3.0,Negative,,0,68.0
986140,Daily Digest,55.42,News,53.39,Saturday,Night,71.06,2.0,Positive,,0,7.0
987057,Daily Digest,68.19,News,32.24,Saturday,Night,58.24,1.0,Neutral,,0,86.0
987082,Daily Digest,90.47,News,64.65,Saturday,Night,0.0,2.0,Negative,,0,90.0
987562,Daily Digest,48.38,News,33.92,Saturday,Night,65.08,3.0,Positive,,0,3.0
992500,Daily Digest,25.73,News,64.11,Saturday,Night,0.0,3.0,Positive,,0,49.0
992525,Daily Digest,116.55,News,92.35,Saturday,Night,47.13,1.0,Neutral,,0,3.0
993970,Daily Digest,44.84,News,79.81,Saturday,Night,0.0,2.0,Positive,,0,9.0
997081,Daily Digest,118.46,News,86.57,Saturday,Night,59.52,0.0,Positive,,0,34.0
998606,Daily Digest,91.44,News,94.31,Saturday,Night,0.0,2.0,Negative,,0,55.0
999199,Daily Digest,67.89719241007194,News,30.56,Saturday,Night,5.67,1.0,Negative,,0,39.0
