id,Podcast_Name,Episode_Length_minutes,Genre,Host_Popularity_percentage,Publication_Day,Publication_Time,Guest_Popularity_percentage,Number_of_Ads,Episode_Sentiment,Listening_Time_minutes,is_train,Episode_Number
288,Music Matters,27.45,Music,90.18,Thursday,Afternoon,83.22,2.0,Positive,27.28528,1,69.0
2858,Music Matters,59.17,Music,59.06,Thursday,Afternoon,17.52,0.0,Negative,32.73777,1,95.0
6332,Music Matters,117.44,Music,53.88,Thursday,Afternoon,31.76,0.0,Negative,77.3914,1,94.0
6539,Music Matters,115.16,Music,89.34,Thursday,Afternoon,36.97,1.0,Neutral,94.95098,1,81.0
6816,Music Matters,118.93,Music,38.19,Thursday,Afternoon,51.57,0.0,Positive,106.09,1,1.0
7933,Music Matters,31.28,Music,62.6,Thursday,Afternoon,69.99,1.0,Positive,24.25,1,99.0
9163,Music Matters,76.87,Music,69.2,Thursday,Afternoon,82.74,1.0,Neutral,48.26217,1,69.0
11860,Music Matters,88.31,Music,52.56,Thursday,Afternoon,45.71,1.0,Negative,55.08158,1,12.0
12275,Music Matters,73.51,Music,73.43,Thursday,Afternoon,77.64,0.0,Neutral,40.09483,1,44.0
14101,Music Matters,19.94,Music,45.49,Thursday,Afternoon,0.0,1.0,Negative,10.35,1,78.0
14866,Music Matters,67.99255765199162,Music,30.86,Thursday,Afternoon,0.0,1.0,Neutral,81.31228,1,72.0
14959,Music Matters,68.43,Music,93.51,Thursday,Afternoon,45.54,1.0,Negative,55.08158,1,12.0
16788,Music Matters,16.94,Music,69.35,Thursday,Afternoon,69.99,2.0,Negative,8.64,1,69.0
17850,Music Matters,115.76,Music,34.15,Thursday,Afternoon,14.98,0.0,Neutral,103.59612,1,61.0
18283,Music Matters,27.35,Music,60.69,Thursday,Afternoon,83.18,2.0,Positive,27.28528,1,69.0
18724,Music Matters,115.74,Music,73.13,Thursday,Afternoon,77.1,2.0,Negative,68.77996,1,42.0
19316,Music Matters,43.35,Music,22.63,Thursday,Afternoon,99.88,0.0,Negative,26.59,1,1.0
19375,Music Matters,23.37,Music,49.32,Thursday,Afternoon,9.42,3.0,Positive,21.42715,1,2.0
22254,Music Matters,113.1,Music,55.58,Thursday,Afternoon,33.09,3.0,Positive,71.85544,1,83.0
22487,Music Matters,67.99255765199162,Music,80.22,Thursday,Afternoon,37.87,3.0,Negative,54.81218,1,89.0
24071,Music Matters,93.65,Music,37.14,Thursday,Afternoon,59.73,3.0,Positive,64.26389,1,66.0
25027,Music Matters,117.03,Music,51.4,Thursday,Afternoon,9.0,3.0,Negative,64.67723,1,9.0
27717,Music Matters,54.94,Music,72.99,Thursday,Afternoon,75.8,3.0,Negative,41.32221,1,95.0
28238,Music Matters,35.97,Music,88.29,Thursday,Afternoon,37.39,3.0,Negative,24.74435,1,84.0
28269,Music Matters,39.06,Music,36.55,Thursday,Afternoon,31.59,2.0,Neutral,30.95658,1,57.0
30519,Music Matters,68.23,Music,88.03,Thursday,Afternoon,99.32,2.0,Neutral,61.61816,1,16.0
30907,Music Matters,107.4,Music,58.71,Thursday,Afternoon,96.76,0.0,Negative,64.06322,1,65.0
38500,Music Matters,53.22,Music,21.12,Thursday,Afternoon,0.0,2.0,Negative,25.93,1,33.0
38947,Music Matters,22.3,Music,42.18,Thursday,Afternoon,92.56,2.0,Positive,20.05551,1,8.0
40734,Music Matters,56.95,Music,64.18,Thursday,Afternoon,56.23,0.0,Neutral,39.94108,1,92.0
43908,Music Matters,112.17,Music,38.51,Thursday,Afternoon,91.71,0.0,Positive,106.09,1,1.0
46157,Music Matters,33.42,Music,20.36,Thursday,Afternoon,42.82,0.0,Neutral,27.95031,1,46.0
49033,Music Matters,19.43,Music,94.86,Thursday,Afternoon,52.23,0.0,Negative,11.0091,1,77.0
50947,Music Matters,35.51,Music,92.83,Thursday,Afternoon,77.13,1.0,Neutral,29.10824,1,20.0
62023,Music Matters,75.06,Music,77.47,Thursday,Afternoon,0.0,2.0,Positive,53.11996,1,71.0
65273,Music Matters,29.58,Music,98.48,Thursday,Afternoon,74.77,0.0,Positive,15.93475,1,54.0
66724,Music Matters,57.13,Music,25.74,Thursday,Afternoon,22.84,2.0,Positive,55.96399,1,49.0
69464,Music Matters,33.68,Music,61.68,Thursday,Afternoon,6.68,1.0,Neutral,18.21008,1,56.0
70579,Music Matters,117.6,Music,43.39,Thursday,Afternoon,81.01,1.0,Negative,102.30503,1,50.0
72747,Music Matters,117.71,Music,33.86,Thursday,Afternoon,94.43,1.0,Positive,54.94481,1,49.0
73274,Music Matters,21.46,Music,27.5,Thursday,Afternoon,0.0,1.0,Neutral,17.26106,1,58.0
76575,Music Matters,33.83,Music,91.41,Thursday,Afternoon,72.49,3.0,Negative,26.11591,1,26.0
80188,Music Matters,116.19,Music,42.25,Thursday,Afternoon,12.8,2.0,Positive,68.77996,1,74.0
82318,Music Matters,78.06,Music,27.5,Thursday,Afternoon,75.51,0.0,Positive,58.4662,1,44.0
85347,Music Matters,101.52,Music,78.38,Thursday,Afternoon,70.95,1.0,Positive,78.35051,1,5.0
89224,Music Matters,26.31,Music,46.63,Thursday,Afternoon,0.0,0.0,Positive,11.53367,1,100.0
89731,Music Matters,55.92,Music,86.58,Thursday,Afternoon,54.85,0.0,Neutral,41.62318,1,63.0
89915,Music Matters,111.91,Music,57.66,Thursday,Afternoon,53.86,1.0,Negative,111.05,1,1.0
90742,Music Matters,115.79,Music,29.22,Thursday,Afternoon,30.16,1.0,Neutral,88.83401,1,87.0
91165,Music Matters,97.84,Music,43.22,Thursday,Afternoon,76.16,3.0,Positive,79.28258,1,78.0
92934,Music Matters,67.99255765199162,Music,29.46,Thursday,Afternoon,0.0,0.0,Neutral,24.75552,1,71.0
93753,Music Matters,36.52,Music,71.74,Thursday,Afternoon,71.24,2.0,Positive,17.34,1,83.0
94048,Music Matters,78.46,Music,83.49,Thursday,Afternoon,0.0,3.0,Positive,40.04844,1,81.0
96475,Music Matters,67.99255765199162,Music,26.22,Thursday,Afternoon,62.61,0.0,Negative,79.893,1,22.0
97518,Music Matters,117.14,Music,50.28,Thursday,Afternoon,53.36,3.0,Positive,111.87733,1,85.0
99617,Music Matters,52.33,Music,67.74,Thursday,Afternoon,58.72,2.0,Negative,26.06431,1,5.0
105264,Music Matters,40.38,Music,42.74,Thursday,Afternoon,77.02,0.0,Negative,27.86467,1,27.0
106199,Music Matters,67.99255765199162,Music,36.79,Thursday,Afternoon,62.92,0.0,Negative,35.94,1,37.0
107554,Music Matters,78.9,Music,33.98,Thursday,Afternoon,0.0,2.0,Neutral,48.64379,1,79.0
108655,Music Matters,61.84,Music,74.29,Thursday,Afternoon,13.49,0.0,Neutral,59.1106,1,25.0
108783,Music Matters,55.82,Music,80.3,Thursday,Afternoon,73.34,2.0,Neutral,51.42801,1,1.0
115118,Music Matters,102.65,Music,52.26,Thursday,Afternoon,91.1,1.0,Neutral,68.30979,1,35.0
117572,Music Matters,67.99255765199162,Music,78.94,Thursday,Afternoon,48.72,3.0,Neutral,34.76672,1,73.0
123520,Music Matters,5.11,Music,94.31,Thursday,Afternoon,39.13,1.0,Neutral,0.0,1,28.0
123860,Music Matters,71.93,Music,73.49,Thursday,Afternoon,38.75,2.0,Neutral,36.45355,1,68.0
124267,Music Matters,35.51,Music,80.13,Thursday,Afternoon,77.13,1.0,Neutral,29.10824,1,85.0
128649,Music Matters,37.22,Music,82.24,Thursday,Afternoon,0.0,1.0,Negative,30.58151,1,61.0
131289,Music Matters,53.63,Music,78.31,Thursday,Afternoon,84.49,1.0,Neutral,24.45809,1,49.0
131448,Music Matters,30.61,Music,93.31,Thursday,Afternoon,28.09,1.0,Positive,22.11333,1,13.0
132106,Music Matters,31.56,Music,44.11,Thursday,Afternoon,0.0,0.0,Positive,28.35416,1,52.0
132796,Music Matters,87.31,Music,27.53,Thursday,Afternoon,90.82,3.0,Positive,65.85487,1,86.0
135270,Music Matters,53.99,Music,52.19,Thursday,Afternoon,47.87,1.0,Positive,30.93,1,69.0
135342,Music Matters,114.79,Music,81.61,Thursday,Afternoon,65.41,1.0,Positive,110.09,1,1.0
135624,Music Matters,25.4,Music,35.7,Thursday,Afternoon,0.0,0.0,Neutral,19.25246,1,9.0
140218,Music Matters,67.99255765199162,Music,49.94,Thursday,Afternoon,66.96,3.0,Neutral,56.17621,1,72.0
140747,Music Matters,42.76,Music,75.04,Thursday,Afternoon,45.12,1.0,Neutral,28.91798,1,58.0
141047,Music Matters,105.35,Music,38.99,Thursday,Afternoon,87.08,1.0,Neutral,88.06,1,77.0
141936,Music Matters,48.38,Music,79.76,Thursday,Afternoon,98.27,1.0,Negative,39.55086,1,8.0
143479,Music Matters,86.62,Music,69.22,Thursday,Afternoon,61.92,0.0,Neutral,78.04724,1,60.0
144013,Music Matters,14.21,Music,30.25,Thursday,Afternoon,26.97,3.0,Positive,3.36924,1,56.0
146647,Music Matters,20.19,Music,44.22,Thursday,Afternoon,84.44,1.0,Neutral,14.17072,1,87.0
150113,Music Matters,109.23,Music,47.27,Thursday,Afternoon,5.39,3.0,Positive,64.77188,1,30.0
151739,Music Matters,45.62,Music,41.66,Thursday,Afternoon,68.34,1.0,Positive,34.78476,1,10.0
152106,Music Matters,103.84,Music,84.81,Thursday,Afternoon,79.4,1.0,Positive,76.97216,1,54.0
152124,Music Matters,99.04,Music,80.86,Thursday,Afternoon,97.95,2.0,Neutral,56.42782,1,54.0
154668,Music Matters,34.32,Music,21.56,Thursday,Afternoon,10.33,0.0,Positive,26.10518,1,79.0
155144,Music Matters,108.87,Music,67.21,Thursday,Afternoon,53.74,0.0,Negative,91.84495,1,10.0
155988,Music Matters,84.11,Music,53.88,Thursday,Afternoon,75.23,2.0,Neutral,78.2388,1,37.0
157114,Music Matters,68.71,Music,31.04,Thursday,Afternoon,66.97,2.0,Neutral,46.09,1,36.0
157613,Music Matters,44.47,Music,50.52,Thursday,Afternoon,75.54,1.0,Positive,38.48314,1,93.0
159529,Music Matters,67.99255765199162,Music,58.96,Thursday,Afternoon,30.05,2.0,Positive,51.95913,1,32.0
161719,Music Matters,28.3,Music,63.64,Thursday,Afternoon,17.18,0.0,Negative,11.89099,1,17.0
164005,Music Matters,28.12,Music,23.59,Thursday,Afternoon,20.12,0.0,Negative,28.11,1,69.0
164960,Music Matters,44.5,Music,70.98,Thursday,Afternoon,98.51,2.0,Neutral,27.65,1,8.0
166165,Music Matters,23.61,Music,45.8,Thursday,Afternoon,41.96,2.0,Negative,5.17995,1,99.0
166677,Music Matters,96.79,Music,88.3,Thursday,Afternoon,0.0,1.0,Positive,81.86927,1,84.0
167361,Music Matters,51.26,Music,44.66,Thursday,Afternoon,32.89,1.0,Neutral,28.68796,1,80.0
170365,Music Matters,68.37,Music,52.56,Thursday,Afternoon,73.89,1.0,Negative,55.08158,1,59.0
171179,Music Matters,58.06,Music,32.87,Thursday,Afternoon,86.81,3.0,Positive,26.67577,1,69.0
171926,Music Matters,37.94,Music,27.91,Thursday,Afternoon,23.49,2.0,Negative,17.89823,1,57.0
171991,Music Matters,8.54,Music,26.78,Thursday,Afternoon,41.91,3.0,Negative,7.87729,1,66.0
174316,Music Matters,67.95,Music,91.19,Thursday,Afternoon,34.55,3.0,Neutral,30.77127,1,12.0
175781,Music Matters,94.73,Music,82.39,Thursday,Afternoon,12.23,0.0,Positive,90.72806,1,18.0
177208,Music Matters,36.74,Music,44.17,Thursday,Afternoon,97.1,3.0,Negative,15.28315,1,94.0
177927,Music Matters,57.94,Music,51.97,Thursday,Afternoon,9.53,0.0,Negative,33.8424,1,66.0
178039,Music Matters,47.99,Music,89.25,Thursday,Afternoon,51.26,2.0,Negative,33.77996,1,72.0
178524,Music Matters,9.44,Music,68.91,Thursday,Afternoon,45.56,2.0,Negative,9.3764,1,38.0
182653,Music Matters,71.83,Music,37.09,Thursday,Afternoon,84.89,0.0,Negative,49.13698,1,62.0
183483,Music Matters,58.87,Music,29.51,Thursday,Afternoon,0.0,0.0,Neutral,52.61486,1,62.0
184640,Music Matters,48.42,Music,34.26,Thursday,Afternoon,0.0,1.0,Neutral,44.27165,1,99.0
185633,Music Matters,17.43,Music,72.37,Thursday,Afternoon,1.93,3.0,Negative,9.83188,1,9.0
186078,Music Matters,106.52,Music,33.99,Thursday,Afternoon,58.69,1.0,Neutral,78.64167,1,33.0
189568,Music Matters,119.36,Music,78.59,Thursday,Afternoon,56.39,1.0,Negative,119.09,1,31.0
190894,Music Matters,82.48,Music,95.29,Thursday,Afternoon,20.51,1.0,Negative,43.36249,1,1.0
194308,Music Matters,64.37,Music,30.62,Thursday,Afternoon,4.13,3.0,Positive,36.47499,1,10.0
194555,Music Matters,98.29,Music,24.73,Thursday,Afternoon,24.4,0.0,Neutral,70.8321,1,65.0
194980,Music Matters,67.99255765199162,Music,70.61,Thursday,Afternoon,47.2,3.0,Neutral,66.03481,1,100.0
198133,Music Matters,35.12,Music,71.23,Thursday,Afternoon,71.26,2.0,Negative,18.14983,1,78.0
201042,Music Matters,89.05,Music,49.32,Thursday,Afternoon,18.72,0.0,Neutral,61.88616,1,62.0
203022,Music Matters,28.88,Music,57.47,Thursday,Afternoon,91.22,0.0,Negative,22.75529,1,26.0
206074,Music Matters,7.24,Music,31.84,Thursday,Afternoon,93.65,1.0,Negative,2.77741,1,59.0
206260,Music Matters,101.77,Music,72.84,Thursday,Afternoon,0.0,0.0,Positive,76.42302,1,49.0
207535,Music Matters,91.53,Music,86.41,Thursday,Afternoon,64.42,3.0,Negative,64.94129,1,29.0
208002,Music Matters,71.27,Music,66.48,Thursday,Afternoon,92.08,0.0,Neutral,36.01653,1,39.0
208122,Music Matters,30.76,Music,73.53,Thursday,Afternoon,50.18,1.0,Negative,18.09,1,45.0
208698,Music Matters,60.84,Music,50.72,Thursday,Afternoon,78.15,0.0,Negative,56.36012,1,77.0
208712,Music Matters,67.99255765199162,Music,50.52,Thursday,Afternoon,55.15,0.0,Neutral,102.85785,1,87.0
208876,Music Matters,33.67,Music,73.71,Thursday,Afternoon,6.69,3.0,Negative,24.26,1,80.0
209732,Music Matters,40.44,Music,49.86,Thursday,Afternoon,0.0,3.0,Neutral,17.76229,1,57.0
210616,Music Matters,84.13,Music,29.08,Thursday,Afternoon,51.31,3.0,Neutral,36.47556,1,13.0
217019,Music Matters,93.66,Music,89.01,Thursday,Afternoon,72.01,1.0,Positive,86.87671,1,11.0
218081,Music Matters,31.16,Music,49.68,Thursday,Afternoon,74.04,1.0,Neutral,13.05452,1,21.0
218612,Music Matters,119.79,Music,87.44,Thursday,Afternoon,0.0,0.0,Negative,74.54868,1,12.0
219522,Music Matters,67.99255765199162,Music,87.62,Thursday,Afternoon,55.15,0.0,Neutral,102.85785,1,70.0
223530,Music Matters,61.0,Music,89.63,Thursday,Afternoon,24.71,1.0,Neutral,47.72048,1,38.0
223766,Music Matters,62.34,Music,66.15,Thursday,Afternoon,88.05,0.0,Neutral,42.89099,1,36.0
227173,Music Matters,37.67,Music,27.44,Thursday,Afternoon,0.0,1.0,Negative,17.89823,1,57.0
229827,Music Matters,118.88,Music,92.21,Thursday,Afternoon,31.3,2.0,Positive,111.20885,1,61.0
230331,Music Matters,58.87,Music,89.24,Thursday,Afternoon,0.0,0.0,Positive,52.61486,1,90.0
230673,Music Matters,98.05,Music,38.38,Thursday,Afternoon,64.54,1.0,Positive,71.89114,1,92.0
230675,Music Matters,103.78,Music,79.08,Thursday,Afternoon,0.0,1.0,Negative,102.44,1,79.0
231421,Music Matters,94.02,Music,64.06,Thursday,Afternoon,0.0,3.0,Negative,62.55999,1,33.0
242139,Music Matters,119.17,Music,88.18,Thursday,Afternoon,86.36,3.0,Neutral,74.62926,1,26.0
249734,Music Matters,8.82,Music,99.06,Thursday,Afternoon,99.34,1.0,Negative,0.0,1,33.0
250414,Music Matters,31.4,Music,99.11,Thursday,Afternoon,0.0,0.0,Positive,28.35416,1,64.0
252838,Music Matters,115.67,Music,40.69,Thursday,Afternoon,0.0,2.0,Neutral,90.03468,1,8.0
254167,Music Matters,97.93,Music,49.32,Thursday,Afternoon,48.97,1.0,Negative,40.97,1,99.0
256022,Music Matters,84.11,Music,47.13,Thursday,Afternoon,75.23,2.0,Neutral,78.2388,1,36.0
261837,Music Matters,58.87,Music,90.61,Thursday,Afternoon,0.0,0.0,Positive,52.61486,1,84.0
270342,Music Matters,115.82,Music,85.33,Thursday,Afternoon,32.96,1.0,Negative,90.61028,1,84.0
270522,Music Matters,37.94,Music,23.01,Thursday,Afternoon,23.02,2.0,Negative,17.89823,1,67.0
276098,Music Matters,114.55,Music,32.46,Thursday,Afternoon,27.19,0.0,Negative,105.28086,1,42.0
277232,Music Matters,118.28,Music,38.49,Thursday,Afternoon,91.71,1.0,Positive,106.09,1,35.0
278155,Music Matters,67.99255765199162,Music,94.76,Thursday,Afternoon,83.76,1.0,Neutral,103.06137,1,55.0
280443,Music Matters,119.84,Music,39.75,Thursday,Afternoon,87.8,1.0,Neutral,88.06,1,89.0
281285,Music Matters,38.96,Music,31.32,Thursday,Afternoon,0.46,1.0,Positive,38.71823,1,8.0
281476,Music Matters,20.19,Music,44.37,Thursday,Afternoon,80.33,1.0,Neutral,14.17072,1,87.0
281730,Music Matters,34.57,Music,43.85,Thursday,Afternoon,33.57,0.0,Neutral,11.64379,1,66.0
281947,Music Matters,67.99255765199162,Music,68.3,Thursday,Afternoon,90.57,0.0,Negative,4.55655,1,52.0
283455,Music Matters,85.81,Music,79.86,Thursday,Afternoon,0.0,0.0,Negative,54.35437,1,53.0
285136,Music Matters,52.37,Music,41.33,Thursday,Afternoon,54.8,2.0,Positive,26.38819,1,80.0
288240,Music Matters,69.06,Music,84.44,Thursday,Afternoon,8.41,3.0,Neutral,48.27064,1,82.0
291881,Music Matters,114.44,Music,81.08,Thursday,Afternoon,65.43,0.0,Positive,112.81,1,47.0
292024,Music Matters,67.99255765199162,Music,40.8,Thursday,Afternoon,8.78,2.0,Positive,42.4278,1,30.0
295283,Music Matters,7.27,Music,80.64,Thursday,Afternoon,44.91,2.0,Negative,7.27,1,83.0
296869,Music Matters,67.99255765199162,Music,99.88,Thursday,Afternoon,28.9,2.0,Negative,27.17413,1,42.0
297826,Music Matters,62.18,Music,96.97,Thursday,Afternoon,52.17,1.0,Neutral,52.82698,1,46.0
301519,Music Matters,76.85,Music,94.05,Thursday,Afternoon,62.66,3.0,Negative,48.26952,1,46.0
303631,Music Matters,72.14,Music,87.19,Thursday,Afternoon,68.36,1.0,Neutral,45.33625,1,75.0
303816,Music Matters,82.26,Music,45.79,Thursday,Afternoon,83.82,2.0,Negative,50.26137,1,83.0
304270,Music Matters,57.87,Music,56.45,Thursday,Afternoon,56.55,0.0,Positive,30.55535,1,65.0
304926,Music Matters,109.08,Music,34.95,Thursday,Afternoon,0.0,2.0,Negative,58.16698,1,64.0
305658,Music Matters,92.44,Music,51.04,Thursday,Afternoon,69.96,3.0,Negative,66.11824,1,77.0
306940,Music Matters,36.53,Music,82.37,Thursday,Afternoon,59.2,3.0,Neutral,28.1109,1,70.0
311171,Music Matters,32.07,Music,24.53,Thursday,Afternoon,38.99,3.0,Neutral,16.08483,1,98.0
312945,Music Matters,84.11,Music,53.88,Thursday,Afternoon,75.23,2.0,Neutral,78.2388,1,26.0
315975,Music Matters,67.99255765199162,Music,31.76,Thursday,Afternoon,0.0,1.0,Positive,44.95712,1,76.0
318869,Music Matters,33.03,Music,32.51,Thursday,Afternoon,45.61,3.0,Negative,21.47467,1,79.0
320333,Music Matters,97.53,Music,44.87,Thursday,Afternoon,65.86,1.0,Neutral,71.72877,1,26.0
320439,Music Matters,92.33,Music,65.75,Thursday,Afternoon,9.7,1.0,Negative,81.51586,1,11.0
321076,Music Matters,112.17,Music,38.49,Thursday,Afternoon,35.91,1.0,Positive,106.09,1,1.0
321370,Music Matters,55.62,Music,87.1,Thursday,Afternoon,43.77,3.0,Neutral,41.62318,1,11.0
323191,Music Matters,116.33,Music,38.13,Thursday,Afternoon,32.73,2.0,Neutral,106.45343,1,11.0
325865,Music Matters,29.25,Music,99.17,Thursday,Afternoon,66.6,2.0,Negative,26.56109,1,35.0
326999,Music Matters,8.54,Music,26.78,Thursday,Afternoon,41.91,0.0,Negative,7.87729,1,66.0
330332,Music Matters,113.73,Music,66.91,Thursday,Afternoon,48.06,3.0,Neutral,87.98375,1,55.0
333054,Music Matters,52.88,Music,39.73,Thursday,Afternoon,29.4,1.0,Positive,38.87226,1,37.0
334630,Music Matters,36.12,Music,77.36,Thursday,Afternoon,29.26,1.0,Positive,31.18674,1,25.0
337402,Music Matters,58.87,Music,90.51,Thursday,Afternoon,0.0,0.0,Positive,52.61486,1,82.0
337880,Music Matters,89.2,Music,77.94,Thursday,Afternoon,70.4,2.0,Neutral,52.11391,1,28.0
338716,Music Matters,44.24,Music,34.24,Thursday,Afternoon,0.0,1.0,Negative,21.57779,1,32.0
343465,Music Matters,71.12,Music,78.2,Thursday,Afternoon,0.0,3.0,Negative,41.18358,1,88.0
346919,Music Matters,38.29,Music,83.74,Thursday,Afternoon,86.37,3.0,Positive,23.72026,1,11.0
348075,Music Matters,20.19,Music,41.37,Thursday,Afternoon,84.53,1.0,Neutral,14.17072,1,87.0
348624,Music Matters,114.63,Music,36.2,Thursday,Afternoon,0.0,1.0,Neutral,104.41,1,30.0
349367,Music Matters,116.14,Music,26.32,Thursday,Afternoon,82.86,3.0,Neutral,68.28364,1,64.0
350405,Music Matters,67.99255765199162,Music,43.28,Thursday,Afternoon,46.37,2.0,Positive,63.16507,1,88.0
351394,Music Matters,38.71,Music,60.18,Thursday,Afternoon,57.35,0.0,Neutral,22.91683,1,86.0
352188,Music Matters,46.37,Music,62.76,Thursday,Afternoon,23.11,2.0,Negative,36.6185,1,73.0
353606,Music Matters,116.85,Music,38.99,Thursday,Afternoon,42.69,1.0,Positive,106.09,1,1.0
354518,Music Matters,84.11,Music,53.56,Thursday,Afternoon,75.97,2.0,Neutral,78.2388,1,26.0
357351,Music Matters,67.99255765199162,Music,43.07,Thursday,Afternoon,38.65,1.0,Positive,28.35428,1,100.0
358807,Music Matters,53.11,Music,47.51,Thursday,Afternoon,56.55,0.0,Negative,28.81164,1,53.0
363829,Music Matters,42.41,Music,39.15,Thursday,Afternoon,51.04,2.0,Neutral,27.99014,1,74.0
365002,Music Matters,104.79,Music,94.79,Thursday,Afternoon,32.88,0.0,Positive,48.00677,1,42.0
366040,Music Matters,92.15,Music,82.19,Thursday,Afternoon,22.81,0.0,Negative,85.70121,1,20.0
368702,Music Matters,43.1,Music,43.91,Thursday,Afternoon,71.24,0.0,Neutral,14.18757,1,63.0
372942,Music Matters,24.01,Music,32.97,Thursday,Afternoon,54.74,3.0,Neutral,14.15585,1,89.0
373968,Music Matters,20.19,Music,38.25,Thursday,Afternoon,87.53,1.0,Neutral,14.17072,1,87.0
374323,Music Matters,104.88,Music,48.37,Thursday,Afternoon,42.52,3.0,Positive,43.03408,1,42.0
375988,Music Matters,72.94,Music,58.75,Thursday,Afternoon,4.18,2.0,Neutral,34.06955,1,63.0
376287,Music Matters,104.75,Music,24.66,Thursday,Afternoon,48.01,3.0,Neutral,68.2655,1,28.0
377346,Music Matters,111.72,Music,84.27,Thursday,Afternoon,54.14,0.0,Neutral,103.43202,1,86.0
379034,Music Matters,33.67,Music,61.66,Thursday,Afternoon,58.34,1.0,Neutral,20.67,1,67.0
382334,Music Matters,74.22,Music,44.71,Thursday,Afternoon,47.28,3.0,Neutral,39.28556,1,88.0
384203,Music Matters,118.39,Music,92.62,Thursday,Afternoon,32.97,0.0,Neutral,117.03,1,53.0
385685,Music Matters,114.47,Music,81.31,Thursday,Afternoon,32.11,0.0,Negative,112.85,1,65.0
386593,Music Matters,7.93,Music,64.36,Thursday,Afternoon,51.76,0.0,Neutral,7.93,1,47.0
386598,Music Matters,67.73,Music,21.25,Thursday,Afternoon,20.2,1.0,Positive,66.14806,1,28.0
391941,Music Matters,107.93,Music,47.38,Thursday,Afternoon,50.36,1.0,Positive,106.93,1,65.0
394752,Music Matters,115.23,Music,89.67,Thursday,Afternoon,36.85,1.0,Neutral,94.95098,1,81.0
395288,Music Matters,33.66,Music,60.46,Thursday,Afternoon,3.93,2.0,Neutral,18.97187,1,13.0
396268,Music Matters,43.36,Music,49.31,Thursday,Afternoon,68.26,3.0,Positive,34.03,1,18.0
396760,Music Matters,114.66,Music,81.43,Thursday,Afternoon,65.41,1.0,Positive,110.09,1,81.0
401180,Music Matters,19.23,Music,61.66,Thursday,Afternoon,82.02,2.0,Positive,10.55671,1,13.0
402217,Music Matters,67.99255765199162,Music,24.99,Thursday,Afternoon,4.22,2.0,Positive,26.4382,1,75.0
403730,Music Matters,67.99255765199162,Music,88.84,Thursday,Afternoon,92.03,3.0,Positive,48.45981,1,85.0
405111,Music Matters,119.58,Music,70.03,Thursday,Afternoon,43.57,1.0,Neutral,92.02288,1,19.0
408638,Music Matters,114.08,Music,68.31,Thursday,Afternoon,0.0,1.0,Neutral,60.83526,1,61.0
410151,Music Matters,19.57,Music,31.54,Thursday,Afternoon,71.4,3.0,Negative,10.27287,1,8.0
414775,Music Matters,10.01,Music,53.32,Thursday,Afternoon,72.47,0.0,Positive,0.4851,1,99.0
418551,Music Matters,105.97,Music,25.58,Thursday,Afternoon,0.0,0.0,Positive,91.37872,1,41.0
425755,Music Matters,94.56,Music,24.94,Thursday,Afternoon,28.38,1.0,Positive,74.61279,1,26.0
425801,Music Matters,67.99255765199162,Music,38.33,Thursday,Afternoon,53.54,0.0,Negative,81.53467,1,99.0
428720,Music Matters,50.92,Music,77.03,Thursday,Afternoon,98.49,2.0,Neutral,24.83033,1,72.0
432669,Music Matters,46.06,Music,23.73,Thursday,Afternoon,86.32,0.0,Positive,33.00634,1,8.0
434841,Music Matters,52.24,Music,40.01,Thursday,Afternoon,68.42,2.0,Neutral,26.16879,1,62.0
439592,Music Matters,77.71,Music,59.19,Thursday,Afternoon,60.24,3.0,Neutral,55.05898,1,21.0
440423,Music Matters,111.54,Music,74.9,Thursday,Afternoon,78.55,1.0,Neutral,63.08089,1,73.0
443000,Music Matters,84.11,Music,34.36,Thursday,Afternoon,75.26,1.0,Neutral,78.2388,1,70.0
444811,Music Matters,35.71,Music,35.79,Thursday,Afternoon,63.33,0.0,Neutral,12.91,1,62.0
449359,Music Matters,34.81,Music,56.33,Thursday,Afternoon,75.53,1.0,Neutral,14.09,1,71.0
452205,Music Matters,13.49,Music,37.11,Thursday,Afternoon,56.53,3.0,Neutral,0.77365,1,80.0
461731,Music Matters,118.73,Music,42.19,Thursday,Afternoon,65.82,0.0,Positive,117.03,1,54.0
466472,Music Matters,60.59,Music,30.45,Thursday,Afternoon,85.8,2.0,Neutral,30.38429,1,93.0
466543,Music Matters,80.86,Music,59.27,Thursday,Afternoon,0.0,3.0,Negative,52.2237,1,13.0
468104,Music Matters,9.14,Music,79.08,Thursday,Afternoon,9.99,0.0,Negative,6.13714,1,57.0
468383,Music Matters,101.43,Music,29.28,Thursday,Afternoon,19.57,3.0,Neutral,38.88109,1,61.0
471482,Music Matters,108.96,Music,91.62,Thursday,Afternoon,73.25,2.0,Positive,95.38607,1,76.0
478004,Music Matters,88.42,Music,22.53,Thursday,Afternoon,35.71,1.0,Negative,55.08158,1,12.0
480074,Music Matters,109.59,Music,81.39,Thursday,Afternoon,25.55,2.0,Positive,106.44403,1,73.0
480236,Music Matters,98.05,Music,93.48,Thursday,Afternoon,27.29,2.0,Neutral,87.41388,1,34.0
480666,Music Matters,60.29,Music,78.09,Thursday,Afternoon,32.73,1.0,Negative,41.00146,1,77.0
483469,Music Matters,109.93,Music,31.24,Thursday,Afternoon,0.0,3.0,Neutral,84.66254,1,75.0
485557,Music Matters,67.99255765199162,Music,89.16,Thursday,Afternoon,87.12,0.0,Neutral,95.06592,1,37.0
486926,Music Matters,67.99255765199162,Music,93.33,Thursday,Afternoon,88.49,2.0,Negative,47.28414,1,79.0
487742,Music Matters,97.71,Music,57.04,Thursday,Afternoon,22.54,0.0,Positive,68.08417,1,93.0
490368,Music Matters,44.05,Music,39.46,Thursday,Afternoon,58.75,1.0,Neutral,10.62057,1,40.0
491246,Music Matters,67.99255765199162,Music,85.33,Thursday,Afternoon,0.0,2.0,Positive,38.51392,1,8.0
499443,Music Matters,112.43,Music,38.49,Thursday,Afternoon,56.37,0.0,Positive,106.09,1,1.0
501233,Music Matters,114.96,Music,76.35,Thursday,Afternoon,0.0,1.0,Neutral,109.27,1,62.0
503938,Music Matters,27.45,Music,82.75,Thursday,Afternoon,83.18,2.0,Positive,27.28528,1,83.0
504499,Music Matters,13.01,Music,89.08,Thursday,Afternoon,78.9,1.0,Negative,12.78375,1,75.0
507706,Music Matters,58.32,Music,87.8,Thursday,Afternoon,0.0,3.0,Positive,33.07924,1,6.0
508222,Music Matters,73.13,Music,33.56,Thursday,Afternoon,27.13,1.0,Negative,37.06364,1,17.0
508560,Music Matters,27.36,Music,67.5,Thursday,Afternoon,25.79,2.0,Positive,11.27362,1,88.0
510173,Music Matters,44.02,Music,56.56,Thursday,Afternoon,6.18,2.0,Negative,38.01,1,76.0
512795,Music Matters,78.93,Music,89.25,Thursday,Afternoon,73.71,3.0,Neutral,68.44905,1,76.0
515075,Music Matters,53.66,Music,26.72,Thursday,Afternoon,77.72,1.0,Negative,27.19,1,81.0
515416,Music Matters,109.94,Music,34.12,Thursday,Afternoon,2.4,0.0,Positive,70.42409,1,72.0
516333,Music Matters,94.86,Music,83.75,Thursday,Afternoon,29.77,3.0,Positive,77.69,1,99.0
518294,Music Matters,72.92,Music,94.94,Thursday,Afternoon,93.93,2.0,Positive,41.80169,1,28.0
520566,Music Matters,67.99255765199162,Music,35.18,Thursday,Afternoon,61.51,0.0,Neutral,66.05532,1,34.0
520709,Music Matters,118.39,Music,92.62,Thursday,Afternoon,54.64,0.0,Positive,117.03,1,85.0
524599,Music Matters,10.48,Music,67.02,Thursday,Afternoon,5.22,2.0,Neutral,2.98508,1,49.0
527201,Music Matters,118.73,Music,92.62,Thursday,Afternoon,65.35,0.0,Positive,117.03,1,54.0
529800,Music Matters,67.99255765199162,Music,99.46,Thursday,Afternoon,96.7,0.0,Positive,40.19215,1,45.0
534545,Music Matters,45.97,Music,38.01,Thursday,Afternoon,0.36,1.0,Positive,20.38,1,94.0
535569,Music Matters,107.03,Music,77.36,Thursday,Afternoon,0.0,1.0,Negative,77.9509,1,23.0
536124,Music Matters,8.1,Music,84.79,Thursday,Afternoon,74.79,1.0,Negative,0.0,1,87.0
536201,Music Matters,53.14,Music,48.98,Thursday,Afternoon,11.77,0.0,Neutral,38.64,1,79.0
536551,Music Matters,86.33,Music,98.02,Thursday,Afternoon,75.63,0.0,Neutral,79.13487,1,58.0
540649,Music Matters,12.69,Music,58.68,Thursday,Afternoon,0.0,1.0,Negative,9.05,1,29.0
545395,Music Matters,106.39,Music,24.04,Thursday,Afternoon,0.0,3.0,Neutral,65.50269,1,11.0
545893,Music Matters,9.67,Music,49.36,Thursday,Afternoon,39.29,3.0,Positive,9.67,1,83.0
547800,Music Matters,7.92,Music,90.54,Thursday,Afternoon,75.15,2.0,Neutral,6.59117,1,94.0
548262,Music Matters,55.62,Music,86.53,Thursday,Afternoon,43.77,1.0,Neutral,41.62318,1,11.0
548942,Music Matters,115.14,Music,78.83,Thursday,Afternoon,0.0,1.0,Neutral,71.54539,1,85.0
549073,Music Matters,112.74,Music,21.52,Thursday,Afternoon,0.0,2.0,Positive,81.63996,1,9.0
549220,Music Matters,37.67,Music,23.6,Thursday,Afternoon,23.96,2.0,Negative,17.89823,1,67.0
550140,Music Matters,51.94,Music,79.44,Thursday,Afternoon,21.23,0.0,Neutral,33.35777,1,55.0
550708,Music Matters,57.53,Music,33.04,Thursday,Afternoon,19.41,3.0,Negative,31.36035,1,31.0
556185,Music Matters,91.18,Music,88.99,Thursday,Afternoon,23.23,3.0,Neutral,62.15431,1,52.0
559269,Music Matters,38.88,Music,63.27,Thursday,Afternoon,57.2,1.0,Negative,27.06307,1,63.0
560313,Music Matters,116.29,Music,87.74,Thursday,Afternoon,0.0,3.0,Negative,104.85946,1,7.0
563011,Music Matters,67.99255765199162,Music,79.4,Thursday,Afternoon,54.7,0.0,Neutral,119.44,1,61.0
563446,Music Matters,111.54,Music,92.07,Thursday,Afternoon,0.0,0.0,Negative,75.13915,1,21.0
564012,Music Matters,80.0,Music,89.06,Thursday,Afternoon,0.0,3.0,Positive,49.29789,1,38.0
573825,Music Matters,109.41,Music,56.39,Thursday,Afternoon,12.67,3.0,Neutral,69.87326,1,3.0
574244,Music Matters,90.79,Music,34.16,Thursday,Afternoon,98.0,2.0,Negative,51.78,1,94.0
576387,Music Matters,55.41,Music,88.55,Thursday,Afternoon,37.06,2.0,Negative,43.97564,1,87.0
578249,Music Matters,26.67,Music,68.54,Thursday,Afternoon,3.6,2.0,Negative,21.42517,1,66.0
580587,Music Matters,39.46,Music,29.18,Thursday,Afternoon,34.92,1.0,Positive,19.63977,1,18.0
580646,Music Matters,103.46,Music,49.76,Thursday,Afternoon,0.0,3.0,Positive,60.3879,1,30.0
583560,Music Matters,112.05,Music,47.89,Thursday,Afternoon,73.9,1.0,Negative,81.13862,1,60.0
591849,Music Matters,29.6,Music,79.12,Thursday,Afternoon,0.0,0.0,Neutral,21.35152,1,82.0
593717,Music Matters,67.19,Music,95.22,Thursday,Afternoon,63.66,1.0,Positive,51.81854,1,98.0
600619,Music Matters,65.87,Music,77.82,Thursday,Afternoon,0.0,3.0,Negative,31.42082,1,69.0
601549,Music Matters,67.99255765199162,Music,50.98,Thursday,Afternoon,27.17,3.0,Negative,25.42206,1,68.0
602620,Music Matters,50.31,Music,94.07,Thursday,Afternoon,34.65,1.0,Positive,22.57,1,89.0
602761,Music Matters,51.77,Music,61.66,Thursday,Afternoon,51.78,0.0,Neutral,38.64,1,27.0
604704,Music Matters,116.66,Music,62.13,Thursday,Afternoon,42.18,0.0,Positive,90.79434,1,35.0
605170,Music Matters,67.99255765199162,Music,61.41,Thursday,Afternoon,59.11,2.0,Negative,40.73,1,58.0
605627,Music Matters,73.86,Music,54.72,Thursday,Afternoon,0.0,0.0,Positive,49.90486,1,5.0
607683,Music Matters,53.37,Music,73.73,Thursday,Afternoon,48.58,0.0,Negative,41.69366,1,75.0
607689,Music Matters,92.44,Music,86.4,Thursday,Afternoon,69.89,0.0,Negative,66.11824,1,88.0
609087,Music Matters,37.94,Music,27.6,Thursday,Afternoon,0.0,2.0,Negative,17.89823,1,4.0
609179,Music Matters,39.16,Music,60.21,Thursday,Afternoon,0.0,3.0,Neutral,19.64522,1,17.0
611319,Music Matters,27.02,Music,97.79,Thursday,Afternoon,50.98,1.0,Positive,20.63019,1,53.0
611600,Music Matters,75.77,Music,69.27,Thursday,Afternoon,0.0,1.0,Neutral,40.80496,1,81.0
613113,Music Matters,70.11,Music,73.57,Thursday,Afternoon,64.12,3.0,Neutral,54.44797,1,37.0
616462,Music Matters,82.79,Music,43.7,Thursday,Afternoon,0.0,1.0,Positive,75.2318,1,81.0
618394,Music Matters,67.99255765199162,Music,83.13,Thursday,Afternoon,69.93,1.0,Neutral,70.746,1,67.0
624260,Music Matters,116.88,Music,74.62,Thursday,Afternoon,0.0,3.0,Positive,52.22285,1,73.0
624769,Music Matters,111.37,Music,64.59,Thursday,Afternoon,0.0,0.0,Positive,76.38309,1,82.0
625665,Music Matters,114.01,Music,75.59,Thursday,Afternoon,30.54,0.0,Positive,111.5291,1,66.0
626426,Music Matters,47.75,Music,24.75,Thursday,Afternoon,4.65,3.0,Negative,36.61,1,43.0
631135,Music Matters,47.9,Music,79.76,Thursday,Afternoon,98.47,1.0,Negative,39.55086,1,8.0
633609,Music Matters,13.24,Music,58.92,Thursday,Afternoon,84.44,0.0,Negative,4.90408,1,56.0
633715,Music Matters,67.99255765199162,Music,34.06,Thursday,Afternoon,61.54,3.0,Positive,55.80125,1,3.0
636851,Music Matters,59.79,Music,60.18,Thursday,Afternoon,0.0,2.0,Positive,33.14,1,65.0
637494,Music Matters,53.99,Music,48.96,Thursday,Afternoon,0.0,1.0,Positive,33.14189,1,49.0
641445,Music Matters,101.52,Music,32.56,Thursday,Afternoon,0.0,2.0,Negative,79.27114,1,33.0
643680,Music Matters,33.12,Music,56.1,Thursday,Afternoon,69.57,2.0,Positive,22.24992,1,79.0
644999,Music Matters,97.9,Music,55.56,Thursday,Afternoon,10.27,1.0,Neutral,81.07181,1,85.0
649425,Music Matters,29.58,Music,24.94,Thursday,Afternoon,12.44,3.0,Negative,15.03,1,95.0
650314,Music Matters,88.77,Music,28.39,Thursday,Afternoon,63.23,2.0,Negative,38.08999,1,64.0
650864,Music Matters,58.89,Music,89.24,Thursday,Afternoon,0.0,0.0,Positive,52.61486,1,90.0
652171,Music Matters,26.82,Music,85.63,Thursday,Afternoon,99.51,2.0,Positive,20.72,1,8.0
652786,Music Matters,25.67,Music,78.47,Thursday,Afternoon,60.3,0.0,Neutral,20.57,1,83.0
655446,Music Matters,61.04,Music,77.4,Thursday,Afternoon,71.24,2.0,Neutral,57.45259,1,55.0
657466,Music Matters,112.17,Music,42.46,Thursday,Afternoon,9.09,0.0,Neutral,91.5882,1,20.0
659313,Music Matters,71.4,Music,96.86,Thursday,Afternoon,95.34,0.0,Positive,57.89377,1,99.0
662498,Music Matters,67.99255765199162,Music,81.5,Thursday,Afternoon,68.71,1.0,Positive,19.09,1,81.0
663051,Music Matters,42.93,Music,42.34,Thursday,Afternoon,17.21,1.0,Negative,36.73426,1,7.0
664635,Music Matters,75.52,Music,77.16,Thursday,Afternoon,54.72,0.0,Neutral,58.16902,1,23.0
665700,Music Matters,99.66,Music,51.86,Thursday,Afternoon,21.91,1.0,Neutral,103.09,1,61.0
669311,Music Matters,67.99255765199162,Music,87.62,Thursday,Afternoon,55.61,0.0,Neutral,102.85785,1,93.0
669573,Music Matters,33.78,Music,77.77,Thursday,Afternoon,17.71,1.0,Negative,25.78398,1,88.0
670140,Music Matters,115.31,Music,29.22,Thursday,Afternoon,0.0,0.0,Negative,72.62117,1,97.0
671579,Music Matters,58.02,Music,36.82,Thursday,Afternoon,81.32,0.0,Negative,51.06307,1,12.0
673421,Music Matters,62.69,Music,39.13,Thursday,Afternoon,21.23,0.0,Positive,49.84306,1,24.0
677238,Music Matters,65.76,Music,42.2,Thursday,Afternoon,17.34,1.0,Negative,46.99398,1,69.0
677861,Music Matters,96.91,Music,88.87,Thursday,Afternoon,0.0,2.0,Neutral,88.29253,1,71.0
679732,Music Matters,16.35,Music,78.59,Thursday,Afternoon,48.74,0.0,Positive,13.38,1,40.0
680919,Music Matters,67.99255765199162,Music,56.67,Thursday,Afternoon,0.29,0.0,Positive,95.03485,1,28.0
681759,Music Matters,106.91,Music,80.12,Thursday,Afternoon,92.94,1.0,Negative,70.51692,1,97.0
686124,Music Matters,59.32,Music,61.22,Thursday,Afternoon,24.97,3.0,Neutral,34.16272,1,98.0
690309,Music Matters,55.93,Music,86.53,Thursday,Afternoon,58.78,0.0,Neutral,41.62318,1,11.0
691261,Music Matters,67.99255765199162,Music,74.83,Thursday,Afternoon,27.0,2.0,Positive,56.57664,1,61.0
691437,Music Matters,92.95,Music,84.98,Thursday,Afternoon,84.56,2.0,Positive,66.73173,1,83.0
695613,Music Matters,102.37,Music,58.57,Thursday,Afternoon,61.55,0.0,Positive,59.02086,1,88.0
695734,Music Matters,115.19,Music,89.34,Thursday,Afternoon,36.2,1.0,Neutral,94.95098,1,81.0
701244,Music Matters,118.39,Music,92.62,Thursday,Afternoon,65.97,0.0,Positive,117.03,1,54.0
701803,Music Matters,28.32,Music,87.77,Thursday,Afternoon,75.5,2.0,Negative,20.74691,1,91.0
703868,Music Matters,28.65,Music,78.84,Thursday,Afternoon,84.68,0.0,Positive,14.26,1,63.0
704187,Music Matters,42.6,Music,63.99,Thursday,Afternoon,24.73,2.0,Negative,27.71312,1,67.0
707583,Music Matters,21.09,Music,45.82,Thursday,Afternoon,26.45,1.0,Positive,13.91035,1,58.0
708502,Music Matters,16.0,Music,89.08,Thursday,Afternoon,88.48,1.0,Negative,12.78375,1,7.0
709130,Music Matters,27.45,Music,67.19,Thursday,Afternoon,83.22,2.0,Positive,27.28528,1,83.0
709180,Music Matters,92.52,Music,70.4,Thursday,Afternoon,68.89,3.0,Negative,66.11824,1,93.0
715805,Music Matters,76.48,Music,82.14,Thursday,Afternoon,14.9,2.0,Negative,44.51731,1,99.0
716782,Music Matters,31.4,Music,44.6,Thursday,Afternoon,0.0,0.0,Positive,28.35416,1,56.0
718677,Music Matters,113.78,Music,79.62,Thursday,Afternoon,54.85,0.0,Positive,102.44,1,30.0
718695,Music Matters,71.13,Music,77.77,Thursday,Afternoon,70.01,1.0,Positive,57.84581,1,74.0
720880,Music Matters,36.67,Music,23.43,Thursday,Afternoon,0.0,2.0,Negative,17.89823,1,67.0
721063,Music Matters,67.99255765199162,Music,58.31,Thursday,Afternoon,64.99,2.0,Negative,12.70832,1,64.0
721831,Music Matters,32.01,Music,97.95,Thursday,Afternoon,48.11,2.0,Positive,23.73548,1,72.0
723199,Music Matters,95.34,Music,41.28,Thursday,Afternoon,94.84,2.0,Positive,43.64443,1,33.0
724037,Music Matters,69.56,Music,38.99,Thursday,Afternoon,69.92,2.0,Positive,43.77454,1,51.0
727886,Music Matters,81.2,Music,64.53,Thursday,Afternoon,5.8,3.0,Neutral,56.95043,1,71.0
728090,Music Matters,114.56,Music,81.31,Thursday,Afternoon,58.03,0.0,Negative,112.85,1,65.0
729987,Music Matters,8.39,Music,33.03,Thursday,Afternoon,9.17,1.0,Neutral,6.21517,1,1.0
731452,Music Matters,98.05,Music,51.64,Thursday,Afternoon,52.52,3.0,Negative,41.50595,1,23.0
733710,Music Matters,39.47,Music,61.48,Thursday,Afternoon,16.31,3.0,Positive,33.71,1,49.0
737339,Music Matters,29.27,Music,89.72,Thursday,Afternoon,72.23,0.0,Neutral,21.61048,1,41.0
737742,Music Matters,26.78,Music,69.57,Thursday,Afternoon,96.66,1.0,Negative,10.24,1,72.0
738384,Music Matters,55.93,Music,23.17,Thursday,Afternoon,98.82,2.0,Neutral,24.635,1,48.0
743434,Music Matters,21.44,Music,58.47,Thursday,Afternoon,36.52,1.0,Neutral,8.65664,1,83.0
744683,Music Matters,87.32,Music,31.55,Thursday,Afternoon,99.7,2.0,Negative,82.02006,1,54.0
747582,Music Matters,24.25,Music,28.29,Thursday,Afternoon,56.83,3.0,Positive,16.76826,1,30.0
750168,Music Matters,72.02,Music,96.93,Thursday,Afternoon,82.41,0.0,Neutral,,0,75.0
752880,Music Matters,15.93,Music,99.44,Thursday,Afternoon,26.36,1.0,Positive,,0,73.0
752882,Music Matters,68.22,Music,86.75,Thursday,Afternoon,79.76,3.0,Positive,,0,33.0
758410,Music Matters,60.88,Music,22.43,Thursday,Afternoon,75.47,3.0,Positive,,0,67.0
760098,Music Matters,30.94,Music,31.89,Thursday,Afternoon,9.56,0.0,Neutral,,0,29.0
760153,Music Matters,116.05,Music,99.54,Thursday,Afternoon,88.76,1.0,Neutral,,0,78.0
764306,Music Matters,109.04,Music,32.74,Thursday,Afternoon,47.49,2.0,Negative,,0,27.0
768336,Music Matters,44.51,Music,99.54,Thursday,Afternoon,75.37,1.0,Positive,,0,94.0
768612,Music Matters,37.67,Music,23.43,Thursday,Afternoon,62.43,2.0,Negative,,0,43.0
769614,Music Matters,111.56,Music,30.6,Thursday,Afternoon,3.43,3.0,Negative,,0,87.0
769731,Music Matters,83.85,Music,32.2,Thursday,Afternoon,58.8,0.0,Neutral,,0,68.0
772677,Music Matters,17.67,Music,66.11,Thursday,Afternoon,52.45,2.0,Negative,,0,62.0
773837,Music Matters,117.3,Music,61.12,Thursday,Afternoon,5.15,0.0,Neutral,,0,67.0
774386,Music Matters,51.86,Music,61.28,Thursday,Afternoon,78.88,0.0,Positive,,0,28.0
775173,Music Matters,62.57,Music,52.32,Thursday,Afternoon,67.32,1.0,Negative,,0,76.0
777924,Music Matters,114.47,Music,47.28,Thursday,Afternoon,62.15,0.0,Negative,,0,65.0
779922,Music Matters,25.65,Music,88.87,Thursday,Afternoon,91.51,2.0,Positive,,0,90.0
782799,Music Matters,71.33,Music,55.58,Thursday,Afternoon,49.62,1.0,Negative,,0,14.0
785674,Music Matters,67.99255765199162,Music,63.23,Thursday,Afternoon,38.91,2.0,Negative,,0,58.0
785806,Music Matters,67.99255765199162,Music,68.17,Thursday,Afternoon,0.0,0.0,Positive,,0,4.0
787203,Music Matters,15.28,Music,44.93,Thursday,Afternoon,58.89,1.0,Negative,,0,43.0
787331,Music Matters,10.92,Music,64.17,Thursday,Afternoon,84.02,3.0,Negative,,0,89.0
787866,Music Matters,112.54,Music,21.54,Thursday,Afternoon,79.83,3.0,Negative,,0,77.0
790944,Music Matters,67.17,Music,60.07,Thursday,Afternoon,17.24,0.0,Positive,,0,40.0
793351,Music Matters,52.27,Music,88.09,Thursday,Afternoon,96.36,0.0,Positive,,0,34.0
797891,Music Matters,88.42,Music,52.56,Thursday,Afternoon,45.71,1.0,Negative,,0,12.0
797962,Music Matters,70.61,Music,70.27,Thursday,Afternoon,17.66,2.0,Negative,,0,24.0
799177,Music Matters,73.97,Music,51.36,Thursday,Afternoon,70.61,0.0,Negative,,0,67.0
800726,Music Matters,86.87,Music,41.69,Thursday,Afternoon,55.13,0.0,Negative,,0,66.0
801787,Music Matters,29.28,Music,47.93,Thursday,Afternoon,0.0,0.0,Positive,,0,53.0
804498,Music Matters,91.04,Music,49.52,Thursday,Afternoon,88.42,0.0,Neutral,,0,62.0
806389,Music Matters,14.57,Music,72.18,Thursday,Afternoon,0.0,3.0,Negative,,0,96.0
810053,Music Matters,66.8,Music,35.23,Thursday,Afternoon,97.35,2.0,Positive,,0,20.0
810383,Music Matters,105.78,Music,82.21,Thursday,Afternoon,16.53,0.0,Positive,,0,18.0
811212,Music Matters,118.73,Music,42.19,Thursday,Afternoon,56.71,1.0,Positive,,0,47.0
815358,Music Matters,114.46,Music,44.63,Thursday,Afternoon,69.39,0.0,Positive,,0,72.0
815672,Music Matters,91.31,Music,67.08,Thursday,Afternoon,89.52,2.0,Neutral,,0,99.0
821046,Music Matters,95.67,Music,27.14,Thursday,Afternoon,94.84,0.0,Positive,,0,58.0
822154,Music Matters,16.53,Music,38.22,Thursday,Afternoon,48.74,0.0,Positive,,0,81.0
822906,Music Matters,73.37,Music,36.72,Thursday,Afternoon,38.82,0.0,Positive,,0,52.0
823957,Music Matters,103.13,Music,69.66,Thursday,Afternoon,84.37,3.0,Neutral,,0,51.0
825441,Music Matters,44.11,Music,50.15,Thursday,Afternoon,82.1,1.0,Positive,,0,93.0
826144,Music Matters,46.53,Music,55.64,Thursday,Afternoon,86.15,3.0,Neutral,,0,80.0
830083,Music Matters,27.35,Music,67.19,Thursday,Afternoon,83.45,2.0,Positive,,0,70.0
831894,Music Matters,83.46,Music,21.57,Thursday,Afternoon,82.23,2.0,Positive,,0,42.0
832288,Music Matters,116.66,Music,93.47,Thursday,Afternoon,45.65,3.0,Negative,,0,6.0
833297,Music Matters,103.78,Music,79.62,Thursday,Afternoon,0.0,1.0,Positive,,0,58.0
834840,Music Matters,35.51,Music,96.34,Thursday,Afternoon,77.13,1.0,Neutral,,0,85.0
834884,Music Matters,119.01,Music,71.3,Thursday,Afternoon,44.1,0.0,Negative,,0,99.0
836862,Music Matters,71.36,Music,75.62,Thursday,Afternoon,70.61,0.0,Negative,,0,67.0
839047,Music Matters,66.04,Music,23.21,Thursday,Afternoon,62.47,2.0,Positive,,0,96.0
840419,Music Matters,28.47,Music,85.64,Thursday,Afternoon,0.0,0.0,Neutral,,0,52.0
841751,Music Matters,104.57,Music,22.55,Thursday,Afternoon,73.61,2.0,Negative,,0,55.0
842570,Music Matters,56.93,Music,55.82,Thursday,Afternoon,50.63,0.0,Negative,,0,54.0
851661,Music Matters,93.33,Music,21.68,Thursday,Afternoon,69.39,3.0,Neutral,,0,73.0
851792,Music Matters,94.12,Music,57.91,Thursday,Afternoon,17.32,0.0,Neutral,,0,11.0
853768,Music Matters,119.77,Music,80.81,Thursday,Afternoon,69.42,3.0,Negative,,0,96.0
860823,Music Matters,116.78,Music,30.04,Thursday,Afternoon,38.25,3.0,Positive,,0,5.0
861915,Music Matters,78.01,Music,51.29,Thursday,Afternoon,7.5,0.0,Negative,,0,3.0
864510,Music Matters,16.17,Music,89.87,Thursday,Afternoon,78.9,1.0,Negative,,0,75.0
864677,Music Matters,114.47,Music,47.28,Thursday,Afternoon,58.67,0.0,Negative,,0,33.0
867111,Music Matters,71.02,Music,50.29,Thursday,Afternoon,70.08,1.0,Neutral,,0,74.0
875100,Music Matters,27.35,Music,67.19,Thursday,Afternoon,83.22,2.0,Positive,,0,92.0
879644,Music Matters,66.04,Music,84.45,Thursday,Afternoon,55.98,3.0,Positive,,0,55.0
881483,Music Matters,53.81,Music,73.11,Thursday,Afternoon,28.73,0.0,Negative,,0,75.0
882476,Music Matters,89.04,Music,55.85,Thursday,Afternoon,63.09,1.0,Negative,,0,48.0
884928,Music Matters,99.4,Music,94.75,Thursday,Afternoon,90.26,2.0,Neutral,,0,44.0
885855,Music Matters,44.88,Music,44.31,Thursday,Afternoon,6.51,3.0,Positive,,0,87.0
885930,Music Matters,61.88,Music,56.17,Thursday,Afternoon,0.0,3.0,Neutral,,0,17.0
886269,Music Matters,67.99255765199162,Music,68.87,Thursday,Afternoon,0.0,1.0,Neutral,,0,49.0
887217,Music Matters,67.99255765199162,Music,77.93,Thursday,Afternoon,35.61,2.0,Negative,,0,5.0
891173,Music Matters,40.73,Music,95.6,Thursday,Afternoon,0.0,1.0,Neutral,,0,20.0
894738,Music Matters,58.87,Music,89.24,Thursday,Afternoon,0.0,0.0,Positive,,0,22.0
894892,Music Matters,87.0,Music,83.02,Thursday,Afternoon,15.64,0.0,Negative,,0,79.0
895129,Music Matters,53.17,Music,26.67,Thursday,Afternoon,51.31,3.0,Negative,,0,20.0
898489,Music Matters,58.87,Music,30.18,Thursday,Afternoon,0.0,0.0,Positive,,0,62.0
898747,Music Matters,116.79,Music,38.49,Thursday,Afternoon,51.85,1.0,Positive,,0,1.0
898951,Music Matters,89.83,Music,78.48,Thursday,Afternoon,81.91,1.0,Negative,,0,26.0
901239,Music Matters,103.55,Music,86.75,Thursday,Afternoon,0.0,0.0,Neutral,,0,17.0
904784,Music Matters,118.52,Music,59.29,Thursday,Afternoon,90.98,0.0,Neutral,,0,68.0
905229,Music Matters,80.6,Music,35.01,Thursday,Afternoon,70.61,0.0,Negative,,0,67.0
905572,Music Matters,24.94,Music,63.9,Thursday,Afternoon,75.44,0.0,Neutral,,0,29.0
908024,Music Matters,32.56,Music,63.73,Thursday,Afternoon,79.28,2.0,Positive,,0,98.0
908276,Music Matters,71.87,Music,55.03,Thursday,Afternoon,8.78,2.0,Positive,,0,13.0
910213,Music Matters,67.99255765199162,Music,31.73,Thursday,Afternoon,62.32,0.0,Positive,,0,74.0
911475,Music Matters,20.67,Music,88.75,Thursday,Afternoon,0.0,1.0,Negative,,0,94.0
913667,Music Matters,118.59,Music,77.89,Thursday,Afternoon,54.54,1.0,Positive,,0,51.0
914437,Music Matters,23.07,Music,54.23,Thursday,Afternoon,36.75,1.0,Negative,,0,78.0
914680,Music Matters,48.99,Music,30.06,Thursday,Afternoon,0.0,3.0,Neutral,,0,77.0
920597,Music Matters,31.56,Music,99.13,Thursday,Afternoon,0.0,0.0,Positive,,0,56.0
921422,Music Matters,67.99255765199162,Music,47.78,Thursday,Afternoon,0.0,1.0,Neutral,,0,34.0
923120,Music Matters,43.08,Music,29.18,Thursday,Afternoon,87.77,1.0,Negative,,0,61.0
923997,Music Matters,64.64,Music,99.76,Thursday,Afternoon,69.48,0.0,Neutral,,0,8.0
924587,Music Matters,95.09,Music,53.25,Thursday,Afternoon,0.0,0.0,Positive,,0,30.0
925002,Music Matters,67.73,Music,59.92,Thursday,Afternoon,47.69,1.0,Positive,,0,61.0
925428,Music Matters,67.99255765199162,Music,49.81,Thursday,Afternoon,51.49,0.0,Positive,,0,38.0
927976,Music Matters,67.17,Music,96.24,Thursday,Afternoon,0.0,0.0,Positive,,0,87.0
930391,Music Matters,93.42,Music,91.01,Thursday,Afternoon,0.0,1.0,Positive,,0,7.0
936739,Music Matters,31.5,Music,96.17,Thursday,Afternoon,42.04,3.0,Neutral,,0,60.0
939053,Music Matters,107.22,Music,49.86,Thursday,Afternoon,73.13,3.0,Positive,,0,72.0
945709,Music Matters,88.73,Music,39.08,Thursday,Afternoon,20.12,2.0,Positive,,0,56.0
946165,Music Matters,118.41,Music,81.23,Thursday,Afternoon,52.54,1.0,Neutral,,0,62.0
948828,Music Matters,56.51,Music,59.69,Thursday,Afternoon,0.0,2.0,Positive,,0,15.0
949819,Music Matters,99.84,Music,58.71,Thursday,Afternoon,0.0,1.0,Negative,,0,23.0
950318,Music Matters,19.29,Music,61.45,Thursday,Afternoon,7.7,1.0,Positive,,0,65.0
950883,Music Matters,84.68,Music,76.53,Thursday,Afternoon,10.64,3.0,Negative,,0,66.0
951543,Music Matters,104.86,Music,62.54,Thursday,Afternoon,0.0,3.0,Neutral,,0,33.0
951821,Music Matters,58.59,Music,87.98,Thursday,Afternoon,66.79,3.0,Positive,,0,59.0
953833,Music Matters,49.23,Music,43.74,Thursday,Afternoon,0.0,2.0,Neutral,,0,53.0
955149,Music Matters,22.64,Music,64.18,Thursday,Afternoon,17.18,0.0,Neutral,,0,14.0
955490,Music Matters,58.89,Music,90.92,Thursday,Afternoon,0.0,0.0,Positive,,0,62.0
956791,Music Matters,67.99255765199162,Music,58.68,Thursday,Afternoon,99.78,3.0,Negative,,0,62.0
957112,Music Matters,77.1,Music,71.25,Thursday,Afternoon,49.38,3.0,Negative,,0,66.0
958019,Music Matters,44.11,Music,99.52,Thursday,Afternoon,75.47,1.0,Positive,,0,93.0
961314,Music Matters,119.36,Music,47.39,Thursday,Afternoon,56.43,1.0,Positive,,0,31.0
963532,Music Matters,88.67,Music,97.61,Thursday,Afternoon,44.04,1.0,Positive,,0,27.0
965568,Music Matters,48.7,Music,79.27,Thursday,Afternoon,87.02,1.0,Negative,,0,80.0
967086,Music Matters,106.62,Music,32.09,Thursday,Afternoon,11.13,0.0,Positive,,0,50.0
967628,Music Matters,88.98,Music,98.22,Thursday,Afternoon,88.4,2.0,Positive,,0,88.0
968397,Music Matters,65.68,Music,50.67,Thursday,Afternoon,0.0,3.0,Positive,,0,2.0
970068,Music Matters,114.31,Music,92.09,Thursday,Afternoon,59.2,2.0,Neutral,,0,80.0
973924,Music Matters,77.31,Music,34.68,Thursday,Afternoon,62.16,3.0,Negative,,0,80.0
976263,Music Matters,114.47,Music,81.31,Thursday,Afternoon,58.03,0.0,Negative,,0,33.0
984273,Music Matters,24.94,Music,31.98,Thursday,Afternoon,0.0,0.0,Negative,,0,83.0
984702,Music Matters,6.83,Music,76.64,Thursday,Afternoon,83.81,1.0,Positive,,0,78.0
985141,Music Matters,114.78,Music,97.17,Thursday,Afternoon,0.0,2.0,Neutral,,0,66.0
985999,Music Matters,118.89,Music,81.55,Thursday,Afternoon,56.37,0.0,Positive,,0,1.0
993137,Music Matters,58.63,Music,21.31,Thursday,Afternoon,0.0,2.0,Positive,,0,63.0
996680,Music Matters,91.03,Music,49.52,Thursday,Afternoon,18.45,0.0,Neutral,,0,62.0
997507,Music Matters,56.27,Music,65.25,Thursday,Afternoon,69.31,0.0,Negative,,0,85.0
