id,Podcast_Name,Episode_Length_minutes,Genre,Host_Popularity_percentage,Publication_Day,Publication_Time,Guest_Popularity_percentage,Number_of_Ads,Episode_Sentiment,Listening_Time_minutes,is_train,Episode_Number
526,Music Matters,59.51,Music,58.42,Saturday,Night,0.0,1.0,Positive,41.08507,1,48.0
4032,Music Matters,110.34,Music,41.11,Saturday,Night,32.25,0.0,Positive,94.27397,1,61.0
4835,Music Matters,5.56,Music,31.0,Saturday,Night,14.21,1.0,Negative,0.0,1,52.0
5273,Music Matters,105.31,Music,68.28,Saturday,Night,75.09,1.0,Positive,57.07649,1,5.0
5797,Music Matters,105.85,Music,97.76,Saturday,Night,20.36,1.0,Neutral,104.90999,1,57.0
8066,Music Matters,111.37,Music,90.29,Saturday,Night,0.0,0.0,Negative,101.71789,1,14.0
13896,Music Matters,111.29,Music,36.79,Saturday,Night,89.56,0.0,Neutral,93.55475,1,33.0
14417,Music Matters,59.46,Music,75.55,Saturday,Night,11.78,2.0,Negative,39.74725,1,25.0
14922,Music Matters,112.57,Music,41.8,Saturday,Night,15.77,2.0,Negative,52.35718,1,49.0
15536,Music Matters,63.00150183150182,Music,29.3,Saturday,Night,97.56,3.0,Neutral,17.93964,1,75.0
17134,Music Matters,83.79,Music,84.2,Saturday,Night,39.58,2.0,Positive,65.71186,1,41.0
17359,Music Matters,103.19,Music,80.74,Saturday,Night,0.0,2.0,Negative,96.78189,1,61.0
21891,Music Matters,7.36,Music,20.8,Saturday,Night,83.28,2.0,Neutral,2.99317,1,21.0
25565,Music Matters,103.4,Music,24.47,Saturday,Night,45.25,0.0,Positive,58.03606,1,63.0
27124,Music Matters,23.77,Music,32.19,Saturday,Night,64.97,2.0,Negative,11.75216,1,32.0
28397,Music Matters,63.00150183150182,Music,89.36,Saturday,Night,0.0,3.0,Positive,32.27441,1,67.0
29539,Music Matters,63.00150183150182,Music,32.66,Saturday,Night,41.03,3.0,Positive,54.34548,1,91.0
30741,Music Matters,107.28,Music,51.93,Saturday,Night,0.0,3.0,Positive,42.50256,1,79.0
32633,Music Matters,109.33,Music,27.13,Saturday,Night,68.49,3.0,Positive,71.84,1,65.0
34064,Music Matters,104.53,Music,82.04,Saturday,Night,0.0,1.0,Negative,103.13381,1,69.0
35478,Music Matters,22.06,Music,76.51,Saturday,Night,46.57,1.0,Negative,18.09858,1,50.0
37778,Music Matters,73.21,Music,48.83,Saturday,Night,99.7,1.0,Neutral,41.86763,1,80.0
37884,Music Matters,8.85,Music,27.92,Saturday,Night,29.35,0.0,Positive,2.97339,1,44.0
37996,Music Matters,19.88,Music,92.48,Saturday,Night,41.88,0.0,Negative,16.63054,1,45.0
39129,Music Matters,99.79,Music,80.17,Saturday,Night,0.0,0.0,Positive,61.83437,1,53.0
40478,Music Matters,63.00150183150182,Music,66.75,Saturday,Night,49.43,0.0,Positive,101.73731,1,93.0
42948,Music Matters,40.49,Music,79.39,Saturday,Night,79.41,0.0,Negative,23.04057,1,77.0
43911,Music Matters,16.83,Music,94.09,Saturday,Night,0.0,1.0,Positive,15.1016,1,87.0
44981,Music Matters,44.66,Music,55.06,Saturday,Night,39.08,0.0,Negative,37.40411,1,56.0
45982,Music Matters,61.26,Music,83.29,Saturday,Night,67.02,2.0,Positive,31.44153,1,19.0
47403,Music Matters,49.64,Music,95.92,Saturday,Night,0.0,1.0,Neutral,30.26373,1,74.0
47548,Music Matters,58.82,Music,60.37,Saturday,Night,0.0,3.0,Positive,57.2889,1,41.0
53410,Music Matters,97.61,Music,44.91,Saturday,Night,32.95,0.0,Negative,78.18906,1,71.0
53718,Music Matters,117.53,Music,64.24,Saturday,Night,59.43,0.0,Positive,61.88616,1,59.0
56514,Music Matters,91.65,Music,33.44,Saturday,Night,48.61,0.0,Negative,70.51471,1,58.0
57511,Music Matters,27.5,Music,85.99,Saturday,Night,49.37,2.0,Negative,18.44211,1,43.0
59137,Music Matters,81.71,Music,20.84,Saturday,Night,0.0,3.0,Negative,65.57789,1,31.0
61552,Music Matters,52.83,Music,88.25,Saturday,Night,0.0,3.0,Neutral,34.93503,1,79.0
61963,Music Matters,63.00150183150182,Music,71.57,Saturday,Night,0.0,1.0,Positive,80.78448,1,68.0
62530,Music Matters,106.79,Music,93.8,Saturday,Night,99.18,1.0,Neutral,95.09,1,71.0
64445,Music Matters,64.06,Music,50.01,Saturday,Night,13.91,1.0,Negative,48.5069,1,72.0
65968,Music Matters,37.52,Music,70.72,Saturday,Night,76.21,1.0,Neutral,33.65743,1,33.0
69286,Music Matters,79.83,Music,20.72,Saturday,Night,32.87,3.0,Negative,57.65879,1,23.0
69297,Music Matters,111.79,Music,36.79,Saturday,Night,89.56,0.0,Neutral,93.55475,1,33.0
70438,Music Matters,46.41,Music,29.68,Saturday,Night,3.39,1.0,Negative,31.41335,1,55.0
73420,Music Matters,46.36,Music,55.78,Saturday,Night,15.21,1.0,Neutral,30.42776,1,29.0
73537,Music Matters,104.52,Music,97.6,Saturday,Night,88.19,1.0,Negative,101.49043,1,14.0
74441,Music Matters,95.91,Music,68.36,Saturday,Night,43.19,1.0,Negative,75.01142,1,94.0
76023,Music Matters,116.21,Music,78.51,Saturday,Night,0.0,1.0,Neutral,115.37,1,73.0
76039,Music Matters,38.01,Music,44.44,Saturday,Night,49.88,1.0,Positive,15.84487,1,41.0
76928,Music Matters,63.00150183150182,Music,96.63,Saturday,Night,43.99,3.0,Neutral,17.93964,1,57.0
77697,Music Matters,63.55,Music,39.81,Saturday,Night,0.0,0.0,Neutral,34.89798,1,29.0
77776,Music Matters,87.52,Music,83.44,Saturday,Night,40.83,3.0,Negative,51.77861,1,10.0
80147,Music Matters,78.54,Music,87.15,Saturday,Night,17.96,1.0,Negative,76.06755,1,36.0
80873,Music Matters,61.82,Music,67.67,Saturday,Night,59.69,2.0,Negative,32.91,1,68.0
81347,Music Matters,98.13,Music,26.79,Saturday,Night,0.0,0.0,Negative,81.0804,1,45.0
81753,Music Matters,30.81,Music,29.37,Saturday,Night,59.71,0.0,Positive,23.84453,1,56.0
84039,Music Matters,83.07,Music,57.96,Saturday,Night,31.99,1.0,Negative,47.47045,1,67.0
86397,Music Matters,63.00150183150182,Music,47.88,Saturday,Night,5.78,2.0,Positive,43.85478,1,2.0
86498,Music Matters,17.99,Music,78.98,Saturday,Night,2.97,2.0,Negative,9.95069,1,40.0
86621,Music Matters,44.56,Music,31.24,Saturday,Night,0.0,1.0,Neutral,20.63115,1,13.0
86782,Music Matters,96.12,Music,65.06,Saturday,Night,0.0,3.0,Neutral,74.37695,1,21.0
88411,Music Matters,104.4,Music,61.3,Saturday,Night,8.28,0.0,Positive,63.70656,1,99.0
88511,Music Matters,59.11,Music,94.79,Saturday,Night,0.0,0.0,Negative,58.58916,1,16.0
89638,Music Matters,24.88,Music,70.02,Saturday,Night,97.49,2.0,Neutral,9.08984,1,81.0
90150,Music Matters,66.96,Music,94.97,Saturday,Night,0.0,2.0,Positive,46.0925,1,94.0
92388,Music Matters,59.86,Music,85.61,Saturday,Night,86.52,0.0,Positive,50.96592,1,70.0
92561,Music Matters,91.12,Music,27.68,Saturday,Night,60.39,1.0,Neutral,58.69503,1,35.0
94294,Music Matters,69.53,Music,26.27,Saturday,Night,2.2,2.0,Neutral,56.60215,1,91.0
95746,Music Matters,55.23,Music,37.53,Saturday,Night,0.0,2.0,Neutral,23.94492,1,41.0
97906,Music Matters,53.11,Music,66.79,Saturday,Night,44.59,2.0,Neutral,43.07684,1,56.0
102866,Music Matters,97.5,Music,44.17,Saturday,Night,34.04,1.0,Positive,57.87,1,70.0
103398,Music Matters,22.06,Music,80.48,Saturday,Night,54.72,0.0,Negative,19.05083,1,39.0
103878,Music Matters,25.06,Music,56.57,Saturday,Night,0.0,0.0,Positive,21.5264,1,83.0
104274,Music Matters,36.63,Music,26.32,Saturday,Night,0.0,3.0,Neutral,27.83238,1,59.0
104320,Music Matters,64.53,Music,60.39,Saturday,Night,46.53,3.0,Positive,41.76349,1,78.0
105532,Music Matters,46.82,Music,49.32,Saturday,Night,29.75,1.0,Neutral,44.83207,1,66.0
106138,Music Matters,63.00150183150182,Music,56.47,Saturday,Night,92.45,2.0,Neutral,29.28587,1,68.0
107401,Music Matters,30.61,Music,59.08,Saturday,Night,86.31,1.0,Negative,13.94433,1,91.0
108102,Music Matters,9.43,Music,34.68,Saturday,Night,0.0,1.0,Neutral,3.40403,1,20.0
109427,Music Matters,83.66,Music,86.16,Saturday,Night,41.02,3.0,Negative,54.9735,1,73.0
112586,Music Matters,43.06,Music,80.07,Saturday,Night,62.14,0.0,Neutral,39.27999,1,25.0
112819,Music Matters,41.22,Music,51.47,Saturday,Night,17.68,3.0,Negative,25.87878,1,19.0
115388,Music Matters,32.72,Music,38.06,Saturday,Night,69.06,0.0,Negative,17.37307,1,8.0
117709,Music Matters,63.00150183150182,Music,56.27,Saturday,Night,0.0,3.0,Negative,64.24276,1,7.0
120639,Music Matters,108.5,Music,78.6,Saturday,Night,0.0,0.0,Neutral,98.21677,1,82.0
121415,Music Matters,27.39,Music,21.07,Saturday,Night,16.59,1.0,Negative,11.83123,1,36.0
126174,Music Matters,112.77,Music,38.33,Saturday,Night,0.0,2.0,Neutral,93.3195,1,18.0
131975,Music Matters,71.68,Music,43.68,Saturday,Night,66.36,0.0,Negative,48.56,1,43.0
132744,Music Matters,68.11,Music,97.13,Saturday,Night,0.0,1.0,Positive,43.11068,1,22.0
133694,Music Matters,61.49,Music,35.33,Saturday,Night,77.28,3.0,Positive,42.4175,1,66.0
133991,Music Matters,110.67,Music,23.9,Saturday,Night,8.77,0.0,Negative,98.29,1,39.0
136948,Music Matters,108.96,Music,47.84,Saturday,Night,68.08,1.0,Positive,101.17369,1,45.0
140049,Music Matters,63.00150183150182,Music,23.54,Saturday,Night,75.78,0.0,Neutral,38.01516,1,55.0
140196,Music Matters,37.09,Music,77.16,Saturday,Night,77.87,0.0,Positive,34.19313,1,77.0
141442,Music Matters,65.09,Music,84.09,Saturday,Night,46.06,2.0,Neutral,56.86597,1,10.0
142803,Music Matters,63.00150183150182,Music,63.05,Saturday,Night,0.0,1.0,Negative,38.70761,1,40.0
146958,Music Matters,70.26,Music,69.81,Saturday,Night,60.26,0.0,Negative,64.00485,1,59.0
148870,Music Matters,18.58,Music,39.11,Saturday,Night,37.23,1.0,Positive,13.91035,1,60.0
150917,Music Matters,64.03,Music,23.36,Saturday,Night,43.54,1.0,Neutral,44.33542,1,32.0
154207,Music Matters,116.28,Music,53.46,Saturday,Night,0.0,1.0,Neutral,100.45387,1,79.0
154801,Music Matters,63.00150183150182,Music,60.08,Saturday,Night,71.32,0.0,Neutral,41.39816,1,90.0
155552,Music Matters,115.39,Music,29.45,Saturday,Night,93.64,1.0,Neutral,76.70976,1,25.0
158847,Music Matters,96.58,Music,84.49,Saturday,Night,0.0,1.0,Positive,60.3764,1,90.0
159924,Music Matters,70.05,Music,23.36,Saturday,Night,0.0,2.0,Neutral,53.21997,1,50.0
161501,Music Matters,15.85,Music,78.84,Saturday,Night,34.51,1.0,Negative,14.43,1,36.0
163250,Music Matters,52.88,Music,98.94,Saturday,Night,52.76,0.0,Neutral,37.97379,1,17.0
167799,Music Matters,68.0,Music,97.9,Saturday,Night,0.0,1.0,Negative,58.03942,1,6.0
168500,Music Matters,63.00150183150182,Music,44.22,Saturday,Night,82.17,1.0,Negative,52.74379,1,67.0
171622,Music Matters,106.25,Music,21.44,Saturday,Night,69.64,0.0,Positive,96.8342,1,42.0
175825,Music Matters,63.00150183150182,Music,21.55,Saturday,Night,0.0,2.0,Positive,1.91843,1,6.0
179232,Music Matters,12.93,Music,64.66,Saturday,Night,2.67,1.0,Negative,10.0994,1,34.0
182481,Music Matters,13.08,Music,63.41,Saturday,Night,48.27,0.0,Neutral,6.37544,1,63.0
183138,Music Matters,105.19,Music,65.19,Saturday,Night,84.84,2.0,Negative,91.75052,1,17.0
183658,Music Matters,13.58,Music,60.22,Saturday,Night,80.75,1.0,Neutral,11.62412,1,70.0
185721,Music Matters,9.31,Music,59.43,Saturday,Night,80.97,0.0,Negative,5.63,1,34.0
186811,Music Matters,38.44,Music,30.9,Saturday,Night,83.8,0.0,Negative,37.37793,1,58.0
191291,Music Matters,119.59,Music,84.73,Saturday,Night,9.18,1.0,Neutral,113.50472,1,61.0
191431,Music Matters,30.63,Music,21.64,Saturday,Night,44.78,0.0,Negative,27.35651,1,67.0
192817,Music Matters,46.96,Music,30.03,Saturday,Night,53.92,1.0,Positive,31.87927,1,6.0
192864,Music Matters,30.01,Music,27.17,Saturday,Night,59.71,1.0,Negative,15.54,1,54.0
194273,Music Matters,66.49,Music,54.0,Saturday,Night,14.85,2.0,Negative,39.67641,1,58.0
194814,Music Matters,96.34,Music,89.33,Saturday,Night,78.12,1.0,Neutral,95.93,1,15.0
194951,Music Matters,24.51,Music,44.56,Saturday,Night,47.39,0.0,Neutral,9.86105,1,64.0
195062,Music Matters,103.68,Music,80.39,Saturday,Night,0.0,1.0,Positive,99.33918,1,73.0
199951,Music Matters,46.96,Music,30.06,Saturday,Night,0.0,1.0,Positive,31.87927,1,93.0
202584,Music Matters,5.36,Music,58.94,Saturday,Night,97.36,3.0,Positive,3.60958,1,94.0
203010,Music Matters,112.58,Music,28.13,Saturday,Night,8.48,2.0,Neutral,70.65263,1,24.0
208068,Music Matters,17.96,Music,67.08,Saturday,Night,0.0,3.0,Positive,11.72853,1,40.0
210150,Music Matters,23.52,Music,38.51,Saturday,Night,59.92,0.0,Negative,20.87514,1,22.0
211580,Music Matters,88.73,Music,92.57,Saturday,Night,22.29,0.0,Negative,85.14726,1,72.0
211913,Music Matters,44.89,Music,82.61,Saturday,Night,45.71,0.0,Negative,28.03995,1,7.0
213590,Music Matters,30.77,Music,61.4,Saturday,Night,67.29,1.0,Positive,16.79904,1,8.0
214137,Music Matters,63.00150183150182,Music,42.16,Saturday,Night,0.0,0.0,Positive,28.31371,1,20.0
217548,Music Matters,55.57,Music,38.74,Saturday,Night,84.0,1.0,Neutral,36.01983,1,39.0
219586,Music Matters,110.79,Music,87.83,Saturday,Night,0.0,1.0,Neutral,54.50294,1,67.0
223595,Music Matters,56.53,Music,78.73,Saturday,Night,26.82,0.0,Positive,40.11235,1,86.0
224930,Music Matters,42.08,Music,55.32,Saturday,Night,22.36,2.0,Neutral,29.38467,1,43.0
228035,Music Matters,47.46,Music,38.59,Saturday,Night,58.14,0.0,Neutral,32.06646,1,92.0
228950,Music Matters,104.65,Music,79.17,Saturday,Night,9.84,3.0,Neutral,75.03698,1,5.0
228966,Music Matters,62.32,Music,71.32,Saturday,Night,0.0,2.0,Neutral,31.94483,1,55.0
230696,Music Matters,98.94,Music,46.06,Saturday,Night,0.0,2.0,Positive,68.58618,1,79.0
230948,Music Matters,37.33,Music,85.57,Saturday,Night,8.32,3.0,Neutral,36.66089,1,31.0
231472,Music Matters,85.69,Music,26.49,Saturday,Night,32.74,1.0,Negative,75.63945,1,64.0
231853,Music Matters,9.81,Music,21.25,Saturday,Night,3.27,0.0,Neutral,2.26094,1,60.0
235781,Music Matters,64.07,Music,84.08,Saturday,Night,73.61,0.0,Neutral,46.97623,1,32.0
236716,Music Matters,43.51,Music,65.41,Saturday,Night,76.17,0.0,Positive,30.97969,1,58.0
239247,Music Matters,32.07,Music,55.83,Saturday,Night,97.79,1.0,Negative,31.57787,1,83.0
240261,Music Matters,107.47,Music,77.12,Saturday,Night,71.92,0.0,Neutral,95.69888,1,44.0
241221,Music Matters,15.14,Music,29.91,Saturday,Night,86.15,3.0,Positive,12.41603,1,36.0
241831,Music Matters,97.38,Music,61.78,Saturday,Night,52.4,3.0,Neutral,85.19566,1,35.0
244138,Music Matters,34.4,Music,40.57,Saturday,Night,78.17,1.0,Negative,19.42199,1,40.0
245563,Music Matters,39.24,Music,69.79,Saturday,Night,36.72,3.0,Positive,27.34875,1,66.0
249889,Music Matters,37.75,Music,55.33,Saturday,Night,1.99,2.0,Neutral,20.23415,1,54.0
251659,Music Matters,16.02,Music,78.99,Saturday,Night,58.04,0.0,Negative,12.0391,1,28.0
255889,Music Matters,7.69,Music,73.63,Saturday,Night,0.0,2.0,Negative,0.0,1,18.0
256371,Music Matters,16.71,Music,22.23,Saturday,Night,81.0,1.0,Positive,15.5999,1,15.0
257417,Music Matters,17.64,Music,46.22,Saturday,Night,43.97,2.0,Neutral,13.13698,1,30.0
261760,Music Matters,63.00150183150182,Music,30.71,Saturday,Night,91.32,2.0,Negative,105.46,1,55.0
265287,Music Matters,96.51,Music,45.0,Saturday,Night,52.45,1.0,Neutral,87.20658,1,32.0
267218,Music Matters,89.46,Music,97.34,Saturday,Night,5.78,2.0,Negative,51.28964,1,41.0
267800,Music Matters,44.3,Music,51.7,Saturday,Night,45.77,0.0,Negative,28.03995,1,7.0
268898,Music Matters,12.12,Music,36.66,Saturday,Night,48.96,3.0,Negative,5.71,1,78.0
269110,Music Matters,63.00150183150182,Music,47.9,Saturday,Night,0.0,1.0,Negative,3.5509,1,80.0
273751,Music Matters,42.12,Music,27.02,Saturday,Night,38.61,3.0,Neutral,25.23866,1,70.0
276539,Music Matters,69.35,Music,26.78,Saturday,Night,2.77,0.0,Neutral,56.60215,1,26.0
278541,Music Matters,53.26,Music,40.87,Saturday,Night,13.9,0.0,Neutral,33.37335,1,57.0
279486,Music Matters,82.14,Music,54.24,Saturday,Night,9.04,1.0,Negative,46.10042,1,79.0
281425,Music Matters,71.32,Music,57.04,Saturday,Night,86.96,0.0,Negative,69.27837,1,42.0
282168,Music Matters,63.00150183150182,Music,78.59,Saturday,Night,0.0,3.0,Negative,5.01,1,64.0
283764,Music Matters,63.00150183150182,Music,36.79,Saturday,Night,27.78,3.0,Positive,24.39653,1,14.0
286399,Music Matters,53.11,Music,38.29,Saturday,Night,44.19,2.0,Neutral,43.07684,1,56.0
288033,Music Matters,63.00150183150182,Music,85.09,Saturday,Night,97.7,3.0,Neutral,17.93964,1,57.0
290387,Music Matters,116.41,Music,90.26,Saturday,Night,27.7,0.0,Positive,109.38887,1,92.0
295505,Music Matters,62.32,Music,87.95,Saturday,Night,57.07,1.0,Positive,44.48454,1,31.0
295866,Music Matters,36.11,Music,54.81,Saturday,Night,0.0,3.0,Positive,28.45019,1,48.0
295965,Music Matters,70.66,Music,63.7,Saturday,Night,70.79,0.0,Neutral,50.14089,1,3.0
296046,Music Matters,42.08,Music,37.56,Saturday,Night,55.4,0.0,Positive,14.94697,1,60.0
299241,Music Matters,58.76,Music,29.54,Saturday,Night,17.59,3.0,Neutral,34.4998,1,23.0
299609,Music Matters,102.02,Music,43.92,Saturday,Night,45.91,3.0,Neutral,50.19891,1,8.0
300028,Music Matters,119.3,Music,22.26,Saturday,Night,65.03,1.0,Neutral,53.84448,1,29.0
300951,Music Matters,37.03,Music,47.73,Saturday,Night,85.8,1.0,Positive,23.89439,1,7.0
303749,Music Matters,63.00150183150182,Music,28.82,Saturday,Night,67.43,0.0,Negative,40.37123,1,63.0
306224,Music Matters,79.46,Music,74.67,Saturday,Night,0.0,2.0,Negative,41.4,1,53.0
308770,Music Matters,105.57,Music,60.76,Saturday,Night,24.59,2.0,Positive,96.8562,1,74.0
309551,Music Matters,9.69,Music,59.25,Saturday,Night,0.0,3.0,Neutral,3.19535,1,9.0
310148,Music Matters,63.00150183150182,Music,39.46,Saturday,Night,0.0,2.0,Positive,97.25555,1,40.0
310364,Music Matters,55.19,Music,64.86,Saturday,Night,88.42,3.0,Neutral,36.01983,1,42.0
311006,Music Matters,63.84,Music,88.24,Saturday,Night,52.95,1.0,Negative,47.28414,1,49.0
313176,Music Matters,87.25,Music,87.25,Saturday,Night,8.25,1.0,Neutral,74.91548,1,2.0
315813,Music Matters,59.97,Music,58.77,Saturday,Night,20.02,2.0,Positive,37.62412,1,54.0
316941,Music Matters,94.24,Music,51.92,Saturday,Night,8.33,1.0,Neutral,83.40223,1,12.0
319580,Music Matters,69.2,Music,51.31,Saturday,Night,91.47,3.0,Neutral,31.04943,1,34.0
320708,Music Matters,24.72,Music,53.46,Saturday,Night,0.0,0.0,Negative,14.53287,1,71.0
324438,Music Matters,94.33,Music,79.9,Saturday,Night,0.0,2.0,Positive,90.05406,1,34.0
325224,Music Matters,30.26,Music,27.16,Saturday,Night,7.59,1.0,Negative,14.34,1,73.0
329416,Music Matters,36.5,Music,49.25,Saturday,Night,22.41,0.0,Neutral,31.05423,1,63.0
329825,Music Matters,43.36,Music,87.05,Saturday,Night,0.0,3.0,Neutral,29.60029,1,94.0
330792,Music Matters,32.06,Music,89.31,Saturday,Night,0.0,2.0,Neutral,31.38883,1,61.0
331372,Music Matters,116.79,Music,69.56,Saturday,Night,81.25,1.0,Negative,109.27,1,68.0
333048,Music Matters,88.0,Music,83.49,Saturday,Night,33.47,0.0,Neutral,88.0,1,64.0
333383,Music Matters,116.01,Music,88.78,Saturday,Night,50.12,0.0,Positive,62.0601,1,58.0
333599,Music Matters,78.37,Music,64.22,Saturday,Night,72.07,1.0,Positive,56.17621,1,72.0
334772,Music Matters,10.74,Music,87.87,Saturday,Night,47.08,0.0,Negative,3.46961,1,80.0
339184,Music Matters,63.00150183150182,Music,63.5,Saturday,Night,29.71,0.0,Neutral,93.02346,1,12.0
342247,Music Matters,19.19,Music,61.7,Saturday,Night,1.3,3.0,Neutral,14.51196,1,65.0
342603,Music Matters,37.52,Music,70.24,Saturday,Night,3.06,1.0,Neutral,33.65743,1,33.0
342924,Music Matters,109.79,Music,95.15,Saturday,Night,65.26,0.0,Negative,76.55311,1,33.0
343044,Music Matters,38.75,Music,89.1,Saturday,Night,0.0,2.0,Neutral,28.23929,1,52.0
343931,Music Matters,32.81,Music,83.12,Saturday,Night,87.12,2.0,Positive,22.66984,1,95.0
344126,Music Matters,57.03,Music,78.46,Saturday,Night,53.09,0.0,Neutral,36.11874,1,44.0
345481,Music Matters,63.00150183150182,Music,35.41,Saturday,Night,77.92,0.0,Negative,15.60797,1,80.0
350207,Music Matters,36.2,Music,61.06,Saturday,Night,21.59,0.0,Negative,25.39895,1,83.0
350497,Music Matters,63.00150183150182,Music,45.27,Saturday,Night,89.18,0.0,Positive,68.44021,1,74.0
355831,Music Matters,74.03,Music,54.65,Saturday,Night,21.26,3.0,Negative,57.39453,1,22.0
358012,Music Matters,14.21,Music,20.66,Saturday,Night,0.0,2.0,Positive,11.15853,1,77.0
359707,Music Matters,73.72,Music,83.21,Saturday,Night,83.48,0.0,Negative,49.85144,1,46.0
361166,Music Matters,63.00150183150182,Music,45.27,Saturday,Night,26.7,0.0,Positive,68.44021,1,74.0
362002,Music Matters,30.7,Music,62.94,Saturday,Night,11.74,1.0,Negative,22.78717,1,64.0
362955,Music Matters,39.08,Music,58.69,Saturday,Night,71.4,3.0,Negative,15.26,1,98.0
364374,Music Matters,111.37,Music,80.43,Saturday,Night,0.0,1.0,Negative,101.18,1,19.0
366553,Music Matters,63.00150183150182,Music,22.1,Saturday,Night,5.1,0.0,Neutral,53.99111,1,61.0
369114,Music Matters,63.00150183150182,Music,96.63,Saturday,Night,25.43,3.0,Neutral,17.93964,1,57.0
370987,Music Matters,95.83,Music,39.51,Saturday,Night,88.93,3.0,Negative,63.5962,1,57.0
371460,Music Matters,18.4,Music,96.65,Saturday,Night,31.52,2.0,Negative,9.69,1,36.0
373485,Music Matters,12.5,Music,92.25,Saturday,Night,40.51,2.0,Neutral,9.14601,1,63.0
375774,Music Matters,117.24,Music,88.07,Saturday,Night,17.48,0.0,Positive,75.24174,1,74.0
377539,Music Matters,56.52,Music,95.52,Saturday,Night,97.7,2.0,Positive,25.01448,1,60.0
379333,Music Matters,119.27,Music,24.47,Saturday,Night,23.04,3.0,Neutral,69.21166,1,94.0
384106,Music Matters,22.85,Music,65.46,Saturday,Night,0.0,1.0,Neutral,17.89401,1,34.0
388120,Music Matters,63.00150183150182,Music,45.27,Saturday,Night,26.9,0.0,Positive,68.44021,1,74.0
389577,Music Matters,63.00150183150182,Music,41.97,Saturday,Night,14.58,0.0,Negative,26.34997,1,16.0
389645,Music Matters,14.81,Music,68.81,Saturday,Night,34.91,1.0,Positive,8.21175,1,73.0
395386,Music Matters,45.65,Music,29.8,Saturday,Night,0.0,0.0,Positive,33.06969,1,63.0
395630,Music Matters,90.04,Music,63.94,Saturday,Night,10.89,0.0,Positive,64.57264,1,39.0
396072,Music Matters,101.97,Music,40.13,Saturday,Night,18.92,0.0,Neutral,76.10722,1,48.0
396798,Music Matters,63.23,Music,22.08,Saturday,Night,42.66,1.0,Positive,38.67808,1,63.0
397068,Music Matters,62.24,Music,39.93,Saturday,Night,7.26,0.0,Negative,45.94452,1,61.0
397611,Music Matters,63.00150183150182,Music,82.0,Saturday,Night,26.71,1.0,Positive,38.86461,1,14.0
399241,Music Matters,63.00150183150182,Music,88.12,Saturday,Night,54.84,3.0,Positive,68.42772,1,81.0
406417,Music Matters,12.84,Music,69.37,Saturday,Night,0.0,2.0,Positive,1.63586,1,91.0
406514,Music Matters,37.85,Music,95.51,Saturday,Night,89.76,0.0,Positive,33.75809,1,61.0
406680,Music Matters,36.75,Music,81.51,Saturday,Night,27.57,0.0,Negative,19.74248,1,95.0
408244,Music Matters,63.00150183150182,Music,75.36,Saturday,Night,19.26,0.0,Negative,50.97021,1,52.0
408258,Music Matters,93.48,Music,45.18,Saturday,Night,0.0,1.0,Neutral,63.42665,1,27.0
410514,Music Matters,63.00150183150182,Music,83.16,Saturday,Night,3.78,3.0,Negative,8.73892,1,69.0
410574,Music Matters,103.5,Music,79.2,Saturday,Night,86.11,0.0,Positive,58.07804,1,4.0
411520,Music Matters,38.14,Music,79.87,Saturday,Night,22.92,2.0,Negative,26.57454,1,21.0
412409,Music Matters,18.11,Music,30.43,Saturday,Night,81.04,1.0,Negative,11.39,1,90.0
415740,Music Matters,15.79,Music,59.93,Saturday,Night,80.98,2.0,Positive,10.14233,1,87.0
416718,Music Matters,83.09,Music,28.86,Saturday,Night,0.0,1.0,Negative,48.45447,1,50.0
418064,Music Matters,84.93,Music,93.87,Saturday,Night,64.67,1.0,Positive,56.94193,1,23.0
423026,Music Matters,59.79,Music,55.73,Saturday,Night,55.1,2.0,Neutral,35.65211,1,72.0
423554,Music Matters,66.65,Music,64.54,Saturday,Night,89.46,3.0,Neutral,36.01983,1,42.0
423795,Music Matters,116.37,Music,35.94,Saturday,Night,43.65,0.0,Positive,101.50578,1,15.0
424561,Music Matters,43.97,Music,29.68,Saturday,Night,3.12,1.0,Negative,31.41335,1,55.0
425971,Music Matters,64.71,Music,22.72,Saturday,Night,28.75,2.0,Neutral,52.11332,1,11.0
427943,Music Matters,112.8,Music,73.54,Saturday,Night,0.0,2.0,Neutral,92.79147,1,5.0
429286,Music Matters,63.00150183150182,Music,49.07,Saturday,Night,0.0,2.0,Positive,61.78495,1,40.0
429432,Music Matters,68.46,Music,95.9,Saturday,Night,11.37,1.0,Neutral,39.89186,1,16.0
430012,Music Matters,63.00150183150182,Music,79.59,Saturday,Night,0.0,0.0,Negative,61.2123,1,91.0
433618,Music Matters,63.00150183150182,Music,45.54,Saturday,Night,26.7,0.0,Positive,68.44021,1,74.0
433674,Music Matters,113.81,Music,45.42,Saturday,Night,0.0,2.0,Neutral,78.81314,1,83.0
435397,Music Matters,63.00150183150182,Music,59.37,Saturday,Night,79.59,0.0,Neutral,76.44758,1,37.0
437601,Music Matters,44.6,Music,44.0,Saturday,Night,47.41,3.0,Negative,17.69602,1,71.0
437745,Music Matters,63.00150183150182,Music,96.65,Saturday,Night,70.84,0.0,Positive,56.64106,1,5.0
440765,Music Matters,54.63,Music,89.83,Saturday,Night,0.0,1.0,Positive,38.19636,1,66.0
440882,Music Matters,28.97,Music,21.99,Saturday,Night,19.08,3.0,Neutral,14.09,1,86.0
441044,Music Matters,63.00150183150182,Music,58.71,Saturday,Night,58.61,3.0,Positive,49.68562,1,56.0
443070,Music Matters,90.59,Music,93.05,Saturday,Night,3.11,0.0,Neutral,63.59676,1,10.0
444130,Music Matters,99.72,Music,53.55,Saturday,Night,93.72,1.0,Neutral,52.37294,1,63.0
447014,Music Matters,37.09,Music,89.16,Saturday,Night,77.06,0.0,Positive,34.19313,1,35.0
447331,Music Matters,63.41,Music,89.54,Saturday,Night,0.0,3.0,Neutral,27.94118,1,10.0
447905,Music Matters,110.18,Music,60.76,Saturday,Night,49.35,2.0,Positive,96.8562,1,73.0
450291,Music Matters,49.71,Music,29.89,Saturday,Night,97.76,0.0,Neutral,29.16,1,18.0
451650,Music Matters,13.58,Music,60.88,Saturday,Night,72.75,1.0,Neutral,11.62412,1,70.0
451820,Music Matters,63.00150183150182,Music,27.03,Saturday,Night,2.79,1.0,Negative,14.69,1,64.0
452576,Music Matters,41.04,Music,76.92,Saturday,Night,52.61,3.0,Positive,16.83891,1,28.0
454424,Music Matters,54.76,Music,26.06,Saturday,Night,35.15,1.0,Negative,37.45585,1,71.0
455617,Music Matters,90.64,Music,81.98,Saturday,Night,5.67,0.0,Neutral,70.55698,1,34.0
458079,Music Matters,113.98,Music,52.56,Saturday,Night,98.9,1.0,Neutral,105.46,1,60.0
461392,Music Matters,55.57,Music,38.74,Saturday,Night,89.69,2.0,Neutral,36.01983,1,41.0
462099,Music Matters,71.0,Music,79.68,Saturday,Night,28.39,1.0,Neutral,58.69503,1,35.0
464257,Music Matters,37.09,Music,89.06,Saturday,Night,77.06,0.0,Positive,34.19313,1,77.0
467808,Music Matters,63.00150183150182,Music,28.85,Saturday,Night,77.29,0.0,Negative,15.60797,1,70.0
468671,Music Matters,103.5,Music,39.79,Saturday,Night,86.2,0.0,Negative,58.07804,1,7.0
469236,Music Matters,63.00150183150182,Music,78.27,Saturday,Night,0.07,0.0,Neutral,37.46911,1,27.0
469379,Music Matters,110.59,Music,85.75,Saturday,Night,0.0,1.0,Positive,70.87914,1,31.0
474464,Music Matters,39.68,Music,49.99,Saturday,Night,6.53,0.0,Positive,35.92,1,41.0
474526,Music Matters,35.04,Music,45.76,Saturday,Night,69.06,0.0,Negative,11.29105,1,65.0
474858,Music Matters,110.56,Music,33.12,Saturday,Night,0.0,3.0,Positive,71.95493,1,54.0
478303,Music Matters,63.00150183150182,Music,69.69,Saturday,Night,59.95,0.0,Neutral,20.54213,1,55.0
479617,Music Matters,25.92,Music,39.83,Saturday,Night,21.72,3.0,Positive,6.0168,1,91.0
481659,Music Matters,99.32,Music,87.05,Saturday,Night,0.0,1.0,Negative,77.81495,1,65.0
484610,Music Matters,22.79,Music,86.5,Saturday,Night,94.84,2.0,Neutral,16.58111,1,79.0
486901,Music Matters,102.59,Music,32.53,Saturday,Night,22.24,1.0,Neutral,67.09649,1,95.0
487284,Music Matters,33.78,Music,80.4,Saturday,Night,56.85,0.0,Negative,9.26,1,53.0
488598,Music Matters,14.81,Music,68.81,Saturday,Night,34.91,0.0,Positive,8.21175,1,73.0
489938,Music Matters,71.33,Music,65.77,Saturday,Night,53.42,1.0,Negative,58.20311,1,53.0
490554,Music Matters,14.21,Music,22.58,Saturday,Night,12.2,3.0,Positive,2.83512,1,5.0
491585,Music Matters,38.11,Music,38.03,Saturday,Night,38.21,0.0,Negative,31.52389,1,82.0
491959,Music Matters,44.02,Music,29.16,Saturday,Night,3.68,1.0,Negative,31.41335,1,55.0
499755,Music Matters,68.49,Music,84.54,Saturday,Night,17.72,2.0,Negative,60.13445,1,73.0
502945,Music Matters,46.35,Music,20.72,Saturday,Night,2.32,0.0,Neutral,34.65721,1,88.0
503403,Music Matters,115.35,Music,65.28,Saturday,Night,0.0,2.0,Positive,87.17301,1,13.0
505427,Music Matters,35.12,Music,71.96,Saturday,Night,76.69,2.0,Negative,18.14983,1,62.0
505518,Music Matters,77.94,Music,86.94,Saturday,Night,86.18,2.0,Negative,61.9555,1,49.0
505543,Music Matters,105.57,Music,96.8,Saturday,Night,62.81,2.0,Positive,96.8562,1,75.0
513566,Music Matters,118.1,Music,57.01,Saturday,Night,85.22,1.0,Neutral,111.27669,1,100.0
514180,Music Matters,28.33,Music,74.05,Saturday,Night,66.1,3.0,Neutral,15.57768,1,51.0
514480,Music Matters,69.61,Music,68.49,Saturday,Night,0.0,3.0,Negative,38.26204,1,73.0
515661,Music Matters,56.53,Music,68.07,Saturday,Night,66.05,3.0,Negative,26.57436,1,22.0
520474,Music Matters,52.17,Music,55.27,Saturday,Night,8.35,3.0,Neutral,37.71338,1,39.0
523093,Music Matters,61.63,Music,82.66,Saturday,Night,65.29,3.0,Negative,28.76115,1,69.0
526162,Music Matters,8.77,Music,30.67,Saturday,Night,62.54,0.0,Negative,6.25425,1,46.0
526187,Music Matters,69.15,Music,26.69,Saturday,Night,2.78,0.0,Neutral,56.60215,1,91.0
526247,Music Matters,63.00150183150182,Music,36.79,Saturday,Night,27.79,3.0,Positive,24.39653,1,37.0
528383,Music Matters,28.09,Music,34.62,Saturday,Night,16.71,1.0,Neutral,22.11544,1,98.0
529587,Music Matters,94.81,Music,93.13,Saturday,Night,0.0,1.0,Neutral,90.4498,1,4.0
531371,Music Matters,61.75,Music,37.35,Saturday,Night,20.96,2.0,Negative,43.17547,1,15.0
533926,Music Matters,65.91,Music,78.66,Saturday,Night,75.83,0.0,Negative,33.5834,1,87.0
536211,Music Matters,113.47,Music,82.29,Saturday,Night,32.06,1.0,Positive,87.56,1,32.0
536828,Music Matters,119.91,Music,64.29,Saturday,Night,37.02,3.0,Neutral,75.96895,1,37.0
538002,Music Matters,110.14,Music,53.37,Saturday,Night,85.28,1.0,Neutral,101.13099,1,26.0
541708,Music Matters,90.69,Music,53.5,Saturday,Night,86.24,1.0,Neutral,46.94728,1,32.0
541724,Music Matters,116.99,Music,22.99,Saturday,Night,0.0,1.0,Positive,87.80178,1,53.0
542900,Music Matters,13.08,Music,63.41,Saturday,Night,48.29,0.0,Neutral,6.37544,1,77.0
550915,Music Matters,39.16,Music,98.21,Saturday,Night,1.14,1.0,Neutral,26.18167,1,88.0
551714,Music Matters,32.04,Music,55.87,Saturday,Night,97.79,1.0,Negative,31.57787,1,75.0
553756,Music Matters,114.98,Music,84.37,Saturday,Night,57.99,1.0,Positive,84.18712,1,71.0
555260,Music Matters,64.98,Music,49.93,Saturday,Night,15.36,2.0,Negative,46.78696,1,41.0
556557,Music Matters,31.09,Music,37.11,Saturday,Night,83.27,3.0,Negative,22.42139,1,83.0
558219,Music Matters,65.83,Music,85.83,Saturday,Night,65.61,1.0,Negative,41.09188,1,51.0
558888,Music Matters,36.78,Music,32.17,Saturday,Night,95.43,2.0,Negative,22.36,1,89.0
560166,Music Matters,90.11,Music,73.94,Saturday,Night,67.36,3.0,Negative,61.53314,1,30.0
560262,Music Matters,98.12,Music,88.42,Saturday,Night,80.84,0.0,Neutral,75.87791,1,81.0
561121,Music Matters,28.83,Music,54.29,Saturday,Night,51.82,2.0,Positive,22.77406,1,78.0
563094,Music Matters,23.96,Music,32.68,Saturday,Night,23.79,3.0,Positive,9.56648,1,31.0
564684,Music Matters,43.82,Music,87.43,Saturday,Night,76.17,0.0,Positive,30.97969,1,58.0
572117,Music Matters,77.92,Music,82.72,Saturday,Night,0.0,1.0,Positive,64.22108,1,59.0
572985,Music Matters,88.58,Music,41.78,Saturday,Night,29.38,0.0,Positive,83.31285,1,42.0
575869,Music Matters,63.00150183150182,Music,82.2,Saturday,Night,17.4,3.0,Negative,9.95069,1,97.0
577633,Music Matters,16.97,Music,25.13,Saturday,Night,81.1,0.0,Positive,8.95354,1,11.0
578222,Music Matters,44.3,Music,95.59,Saturday,Night,95.09,3.0,Negative,27.41962,1,48.0
579379,Music Matters,14.25,Music,36.74,Saturday,Night,12.91,1.0,Negative,4.77286,1,27.0
579798,Music Matters,81.1,Music,77.77,Saturday,Night,34.05,3.0,Neutral,59.36147,1,34.0
580050,Music Matters,63.00150183150182,Music,30.25,Saturday,Night,0.0,3.0,Negative,9.23421,1,31.0
580170,Music Matters,119.17,Music,68.14,Saturday,Night,30.83,2.0,Negative,76.76846,1,64.0
582104,Music Matters,70.93,Music,78.94,Saturday,Night,63.74,0.0,Neutral,41.64621,1,1.0
583067,Music Matters,43.82,Music,70.0,Saturday,Night,76.17,0.0,Positive,30.97969,1,58.0
584028,Music Matters,55.19,Music,38.43,Saturday,Night,89.42,2.0,Neutral,36.01983,1,40.0
584187,Music Matters,63.00150183150182,Music,89.27,Saturday,Night,56.35,0.0,Negative,102.9331,1,54.0
584314,Music Matters,78.58,Music,92.22,Saturday,Night,9.65,0.0,Negative,60.51725,1,44.0
588123,Music Matters,24.91,Music,49.03,Saturday,Night,27.87,0.0,Negative,14.0296,1,76.0
589227,Music Matters,69.49,Music,96.78,Saturday,Night,2.53,0.0,Neutral,56.60215,1,26.0
589404,Music Matters,70.19,Music,25.9,Saturday,Night,87.9,1.0,Positive,43.29122,1,71.0
589562,Music Matters,69.53,Music,96.78,Saturday,Night,0.0,2.0,Neutral,56.60215,1,26.0
590217,Music Matters,90.78,Music,56.83,Saturday,Night,2.13,0.0,Neutral,70.40698,1,19.0
590686,Music Matters,117.33,Music,99.71,Saturday,Night,53.31,0.0,Neutral,95.12426,1,59.0
591003,Music Matters,105.83,Music,23.61,Saturday,Night,63.89,1.0,Positive,80.89704,1,11.0
593120,Music Matters,103.39,Music,97.69,Saturday,Night,10.05,0.0,Negative,74.05686,1,29.0
593234,Music Matters,53.56,Music,57.33,Saturday,Night,3.74,0.0,Neutral,35.06843,1,9.0
593433,Music Matters,111.14,Music,94.66,Saturday,Night,0.0,1.0,Positive,100.70866,1,88.0
595129,Music Matters,96.77,Music,33.72,Saturday,Night,33.73,1.0,Positive,64.26809,1,95.0
605022,Music Matters,63.00150183150182,Music,52.84,Saturday,Night,0.0,1.0,Positive,47.96508,1,10.0
608713,Music Matters,115.24,Music,82.36,Saturday,Night,56.96,1.0,Positive,73.61335,1,53.0
608975,Music Matters,78.58,Music,64.75,Saturday,Night,46.1,2.0,Negative,57.80111,1,28.0
608998,Music Matters,82.95,Music,26.49,Saturday,Night,0.0,2.0,Negative,78.86404,1,61.0
612163,Music Matters,14.26,Music,23.61,Saturday,Night,0.0,2.0,Positive,10.65607,1,40.0
612862,Music Matters,50.3,Music,50.01,Saturday,Night,32.59,1.0,Negative,33.98109,1,31.0
614020,Music Matters,95.46,Music,49.31,Saturday,Night,82.17,0.0,Neutral,79.14666,1,24.0
614942,Music Matters,63.00150183150182,Music,45.27,Saturday,Night,26.8,0.0,Positive,68.44021,1,74.0
615492,Music Matters,33.73,Music,88.73,Saturday,Night,59.76,1.0,Negative,17.34315,1,79.0
615607,Music Matters,54.9,Music,58.41,Saturday,Night,44.78,0.0,Positive,35.41,1,89.0
615828,Music Matters,65.73,Music,88.3,Saturday,Night,50.83,0.0,Neutral,55.11048,1,62.0
616383,Music Matters,43.51,Music,65.02,Saturday,Night,76.53,0.0,Positive,30.97969,1,58.0
617114,Music Matters,48.88,Music,77.08,Saturday,Night,9.56,0.0,Positive,24.08612,1,82.0
618017,Music Matters,55.86,Music,49.46,Saturday,Night,91.35,1.0,Neutral,36.01983,1,41.0
618827,Music Matters,63.00150183150182,Music,89.3,Saturday,Night,81.47,0.0,Neutral,100.44858,1,22.0
620786,Music Matters,16.53,Music,61.6,Saturday,Night,90.32,3.0,Neutral,8.35309,1,16.0
624165,Music Matters,13.08,Music,91.9,Saturday,Night,48.29,3.0,Positive,6.37544,1,63.0
627862,Music Matters,32.79,Music,72.66,Saturday,Night,51.32,3.0,Neutral,19.67533,1,51.0
628526,Music Matters,100.01,Music,87.53,Saturday,Night,90.29,0.0,Neutral,81.55848,1,65.0
629694,Music Matters,34.36,Music,32.37,Saturday,Night,91.18,3.0,Negative,28.84307,1,57.0
629974,Music Matters,14.63,Music,41.66,Saturday,Night,77.34,0.0,Positive,7.53337,1,87.0
630345,Music Matters,9.82,Music,27.81,Saturday,Night,0.0,1.0,Positive,7.38798,1,57.0
632968,Music Matters,106.61,Music,84.41,Saturday,Night,31.43,3.0,Negative,83.8027,1,30.0
633686,Music Matters,91.64,Music,49.51,Saturday,Night,90.94,1.0,Negative,76.23821,1,24.0
634657,Music Matters,30.61,Music,72.89,Saturday,Night,71.08,2.0,Negative,13.94433,1,56.0
637056,Music Matters,71.33,Music,41.65,Saturday,Night,41.04,2.0,Neutral,42.77656,1,14.0
638754,Music Matters,49.57,Music,63.95,Saturday,Night,0.0,2.0,Negative,30.37653,1,52.0
641746,Music Matters,7.27,Music,65.93,Saturday,Night,39.37,3.0,Negative,5.35705,1,20.0
641934,Music Matters,23.86,Music,35.8,Saturday,Night,0.0,0.0,Negative,9.9589,1,29.0
642611,Music Matters,27.31,Music,71.32,Saturday,Night,22.26,1.0,Positive,24.13,1,65.0
643778,Music Matters,66.51,Music,33.3,Saturday,Night,62.92,2.0,Neutral,38.11006,1,92.0
647576,Music Matters,13.56,Music,89.7,Saturday,Night,20.25,0.0,Negative,11.16116,1,26.0
650131,Music Matters,63.00150183150182,Music,36.83,Saturday,Night,27.79,3.0,Positive,24.39653,1,40.0
653198,Music Matters,85.86,Music,49.31,Saturday,Night,82.17,0.0,Negative,79.14666,1,24.0
656064,Music Matters,53.0,Music,66.29,Saturday,Night,44.59,2.0,Neutral,43.07684,1,56.0
656213,Music Matters,103.68,Music,80.81,Saturday,Night,52.71,1.0,Neutral,64.91473,1,23.0
658299,Music Matters,81.72,Music,28.78,Saturday,Night,58.9,3.0,Positive,54.76725,1,40.0
660605,Music Matters,112.8,Music,70.08,Saturday,Night,0.0,0.0,Positive,81.86927,1,49.0
661122,Music Matters,19.02,Music,78.24,Saturday,Night,65.85,2.0,Positive,9.96041,1,31.0
661476,Music Matters,49.88,Music,71.74,Saturday,Night,8.78,2.0,Negative,44.56,1,15.0
662364,Music Matters,103.4,Music,23.06,Saturday,Night,45.5,0.0,Positive,58.03606,1,43.0
662794,Music Matters,19.71,Music,69.71,Saturday,Night,80.81,1.0,Positive,11.12758,1,47.0
665631,Music Matters,39.75,Music,78.69,Saturday,Night,17.33,3.0,Neutral,35.14061,1,36.0
666698,Music Matters,102.85,Music,32.53,Saturday,Night,78.04,3.0,Neutral,80.88238,1,26.0
666710,Music Matters,63.00150183150182,Music,39.11,Saturday,Night,67.23,0.0,Negative,79.44,1,62.0
668120,Music Matters,39.03,Music,28.65,Saturday,Night,0.0,0.0,Neutral,20.21248,1,62.0
669651,Music Matters,18.92,Music,27.12,Saturday,Night,81.1,2.0,Positive,8.95354,1,5.0
670039,Music Matters,118.77,Music,81.39,Saturday,Night,0.0,1.0,Positive,107.29601,1,34.0
671345,Music Matters,53.66,Music,53.23,Saturday,Night,13.37,2.0,Neutral,24.98889,1,33.0
674927,Music Matters,65.9,Music,43.42,Saturday,Night,29.76,2.0,Negative,42.48814,1,10.0
683766,Music Matters,54.41,Music,98.11,Saturday,Night,52.25,3.0,Neutral,28.35774,1,78.0
684111,Music Matters,39.81,Music,90.59,Saturday,Night,0.0,3.0,Negative,29.93005,1,64.0
685430,Music Matters,71.79,Music,97.09,Saturday,Night,48.46,2.0,Positive,44.23353,1,59.0
686558,Music Matters,101.49,Music,84.53,Saturday,Night,7.62,1.0,Negative,86.91911,1,96.0
686665,Music Matters,66.45,Music,38.74,Saturday,Night,91.42,3.0,Neutral,36.01983,1,38.0
689401,Music Matters,71.97,Music,20.91,Saturday,Night,90.44,1.0,Negative,71.42507,1,51.0
693156,Music Matters,5.41,Music,88.3,Saturday,Night,43.94,1.0,Neutral,0.0,1,39.0
694916,Music Matters,63.68,Music,27.09,Saturday,Night,67.19,3.0,Negative,30.32,1,54.0
696480,Music Matters,119.04,Music,69.84,Saturday,Night,0.0,0.0,Neutral,110.81142,1,69.0
697022,Music Matters,107.4,Music,69.8,Saturday,Night,73.33,0.0,Positive,83.99,1,81.0
697779,Music Matters,102.15,Music,84.98,Saturday,Night,28.61,3.0,Negative,55.60663,1,62.0
697891,Music Matters,88.57,Music,30.33,Saturday,Night,76.97,0.0,Negative,59.01071,1,34.0
705462,Music Matters,53.84,Music,49.76,Saturday,Night,93.59,3.0,Negative,25.25583,1,74.0
708079,Music Matters,43.01,Music,69.44,Saturday,Night,56.88,3.0,Neutral,18.66893,1,33.0
709693,Music Matters,89.04,Music,60.14,Saturday,Night,73.98,0.0,Positive,66.86316,1,55.0
711031,Music Matters,113.23,Music,33.47,Saturday,Night,24.73,1.0,Negative,70.94502,1,22.0
712772,Music Matters,41.46,Music,92.2,Saturday,Night,9.06,2.0,Neutral,31.58,1,72.0
712814,Music Matters,38.4,Music,33.44,Saturday,Night,61.2,1.0,Negative,20.34,1,14.0
713043,Music Matters,64.79,Music,57.61,Saturday,Night,0.0,3.0,Neutral,46.84489,1,54.0
714324,Music Matters,96.9,Music,49.44,Saturday,Night,0.0,1.0,Neutral,70.63879,1,61.0
715064,Music Matters,100.39,Music,96.9,Saturday,Night,87.94,1.0,Neutral,84.38711,1,42.0
718893,Music Matters,63.84,Music,20.69,Saturday,Night,0.0,3.0,Negative,45.59172,1,87.0
719128,Music Matters,63.00150183150182,Music,56.81,Saturday,Night,0.0,1.0,Negative,20.13664,1,16.0
720976,Music Matters,117.5,Music,40.33,Saturday,Night,0.0,2.0,Positive,93.46185,1,80.0
721348,Music Matters,91.12,Music,58.48,Saturday,Night,78.65,0.0,Neutral,51.52283,1,5.0
722680,Music Matters,29.13,Music,25.86,Saturday,Night,24.72,3.0,Positive,26.26141,1,44.0
730632,Music Matters,99.3,Music,32.34,Saturday,Night,91.81,1.0,Neutral,68.84585,1,71.0
730929,Music Matters,61.41,Music,46.61,Saturday,Night,76.17,0.0,Positive,30.97969,1,58.0
731922,Music Matters,38.68,Music,58.96,Saturday,Night,0.0,3.0,Negative,22.47293,1,61.0
732703,Music Matters,63.00150183150182,Music,92.01,Saturday,Night,87.82,3.0,Positive,13.05712,1,24.0
733042,Music Matters,74.22,Music,79.57,Saturday,Night,40.37,3.0,Positive,57.95038,1,79.0
736908,Music Matters,16.68,Music,44.68,Saturday,Night,51.42,1.0,Negative,8.91,1,40.0
739123,Music Matters,89.88,Music,50.06,Saturday,Night,33.81,1.0,Neutral,80.97538,1,84.0
743642,Music Matters,97.94,Music,57.83,Saturday,Night,92.07,1.0,Neutral,82.91507,1,34.0
747874,Music Matters,56.9,Music,29.91,Saturday,Night,58.69,1.0,Negative,32.04558,1,12.0
749755,Music Matters,62.32,Music,71.02,Saturday,Night,8.31,1.0,Neutral,31.94483,1,41.0
750565,Music Matters,78.08,Music,81.56,Saturday,Night,95.36,3.0,Negative,,0,68.0
751913,Music Matters,13.08,Music,91.9,Saturday,Night,48.29,0.0,Neutral,,0,63.0
752757,Music Matters,34.29,Music,39.53,Saturday,Night,84.58,1.0,Negative,,0,51.0
753830,Music Matters,44.03,Music,78.05,Saturday,Night,0.0,1.0,Negative,,0,54.0
754922,Music Matters,99.47,Music,37.25,Saturday,Night,0.0,1.0,Neutral,,0,8.0
755343,Music Matters,96.71,Music,47.96,Saturday,Night,0.0,0.0,Positive,,0,53.0
757488,Music Matters,116.07,Music,76.66,Saturday,Night,0.0,0.0,Neutral,,0,78.0
761511,Music Matters,99.69,Music,99.1,Saturday,Night,36.53,3.0,Positive,,0,100.0
761652,Music Matters,20.32,Music,40.73,Saturday,Night,0.0,0.0,Positive,,0,25.0
761938,Music Matters,53.0,Music,68.79,Saturday,Night,46.38,2.0,Neutral,,0,56.0
763882,Music Matters,54.25,Music,79.76,Saturday,Night,82.36,1.0,Neutral,,0,20.0
764738,Music Matters,104.1,Music,96.71,Saturday,Night,27.16,1.0,Neutral,,0,76.0
764794,Music Matters,108.54,Music,56.27,Saturday,Night,74.43,0.0,Negative,,0,55.0
764816,Music Matters,93.56,Music,78.09,Saturday,Night,82.47,1.0,Neutral,,0,45.0
764946,Music Matters,77.41,Music,59.14,Saturday,Night,1.11,3.0,Negative,,0,33.0
765951,Music Matters,57.46,Music,35.84,Saturday,Night,33.95,2.0,Negative,,0,35.0
766887,Music Matters,35.63,Music,78.27,Saturday,Night,96.22,3.0,Positive,,0,65.0
771243,Music Matters,87.71,Music,93.12,Saturday,Night,51.69,0.0,Negative,,0,83.0
772948,Music Matters,46.79,Music,89.11,Saturday,Night,89.69,0.0,Negative,,0,61.0
774397,Music Matters,7.77,Music,29.47,Saturday,Night,97.68,2.0,Neutral,,0,18.0
775013,Music Matters,103.0,Music,22.69,Saturday,Night,47.82,0.0,Neutral,,0,72.0
777264,Music Matters,62.9,Music,32.86,Saturday,Night,71.32,1.0,Negative,,0,55.0
779094,Music Matters,114.98,Music,27.12,Saturday,Night,93.74,1.0,Positive,,0,41.0
783693,Music Matters,87.99,Music,98.87,Saturday,Night,27.54,3.0,Neutral,,0,17.0
783902,Music Matters,89.99,Music,49.85,Saturday,Night,79.91,1.0,Neutral,,0,79.0
783950,Music Matters,36.02,Music,64.18,Saturday,Night,84.71,3.0,Positive,,0,91.0
786340,Music Matters,55.38,Music,66.24,Saturday,Night,27.98,1.0,Positive,,0,74.0
789435,Music Matters,115.73,Music,77.77,Saturday,Night,51.96,2.0,Positive,,0,54.0
794837,Music Matters,63.00150183150182,Music,95.25,Saturday,Night,27.17,0.0,Neutral,,0,75.0
795479,Music Matters,16.26,Music,33.39,Saturday,Night,0.0,3.0,Neutral,,0,65.0
795878,Music Matters,63.00150183150182,Music,36.16,Saturday,Night,27.16,3.0,Positive,,0,28.0
796565,Music Matters,26.32,Music,49.25,Saturday,Night,34.02,2.0,Positive,,0,17.0
797688,Music Matters,115.73,Music,44.33,Saturday,Night,64.07,1.0,Negative,,0,5.0
800792,Music Matters,71.0,Music,31.72,Saturday,Night,35.1,1.0,Neutral,,0,35.0
802741,Music Matters,32.94,Music,22.24,Saturday,Night,31.71,1.0,Neutral,,0,24.0
803475,Music Matters,97.85,Music,65.23,Saturday,Night,63.86,0.0,Positive,,0,52.0
803991,Music Matters,41.05,Music,48.95,Saturday,Night,49.32,1.0,Negative,,0,80.0
804150,Music Matters,91.83,Music,79.22,Saturday,Night,4.25,1.0,Negative,,0,19.0
817166,Music Matters,78.42,Music,78.44,Saturday,Night,89.07,3.0,Positive,,0,46.0
819081,Music Matters,37.05,Music,59.81,Saturday,Night,99.58,2.0,Negative,,0,58.0
819140,Music Matters,16.97,Music,25.65,Saturday,Night,84.78,2.0,Positive,,0,11.0
819656,Music Matters,92.8,Music,49.44,Saturday,Night,70.1,0.0,Positive,,0,72.0
819793,Music Matters,54.58,Music,77.55,Saturday,Night,98.76,1.0,Negative,,0,19.0
819936,Music Matters,46.41,Music,29.68,Saturday,Night,3.12,1.0,Negative,,0,55.0
821650,Music Matters,80.78,Music,43.52,Saturday,Night,80.23,0.0,Positive,,0,21.0
822789,Music Matters,24.34,Music,79.67,Saturday,Night,69.19,1.0,Neutral,,0,73.0
823285,Music Matters,63.00150183150182,Music,28.92,Saturday,Night,71.32,1.0,Neutral,,0,22.0
823939,Music Matters,52.48,Music,87.43,Saturday,Night,76.17,0.0,Positive,,0,58.0
823975,Music Matters,33.32,Music,84.13,Saturday,Night,3.76,2.0,Neutral,,0,88.0
824191,Music Matters,17.98,Music,55.93,Saturday,Night,37.14,2.0,Neutral,,0,27.0
825075,Music Matters,72.93,Music,58.31,Saturday,Night,71.11,3.0,Negative,,0,72.0
826641,Music Matters,89.68,Music,64.59,Saturday,Night,17.32,1.0,Negative,,0,17.0
826922,Music Matters,30.23,Music,23.16,Saturday,Night,0.0,1.0,Positive,,0,24.0
828353,Music Matters,117.61,Music,53.29,Saturday,Night,33.48,1.0,Positive,,0,16.0
828837,Music Matters,101.59,Music,54.16,Saturday,Night,71.13,2.0,Negative,,0,34.0
828906,Music Matters,19.4,Music,94.86,Saturday,Night,0.0,3.0,Positive,,0,52.0
829830,Music Matters,63.00150183150182,Music,41.78,Saturday,Night,0.0,3.0,Positive,,0,27.0
833925,Music Matters,114.46,Music,90.1,Saturday,Night,0.0,0.0,Positive,,0,61.0
834799,Music Matters,103.44,Music,80.81,Saturday,Night,52.68,1.0,Positive,,0,23.0
842482,Music Matters,116.98,Music,26.45,Saturday,Night,46.71,0.0,Positive,,0,6.0
843407,Music Matters,29.31,Music,49.98,Saturday,Night,31.78,1.0,Neutral,,0,51.0
845047,Music Matters,100.76,Music,64.3,Saturday,Night,74.59,3.0,Neutral,,0,49.0
845547,Music Matters,92.34,Music,69.56,Saturday,Night,30.38,3.0,Positive,,0,45.0
846421,Music Matters,63.00150183150182,Music,92.16,Saturday,Night,79.89,0.0,Neutral,,0,16.0
847510,Music Matters,28.6,Music,57.51,Saturday,Night,48.67,3.0,Positive,,0,4.0
849129,Music Matters,42.74,Music,41.44,Saturday,Night,97.44,0.0,Positive,,0,7.0
850704,Music Matters,34.53,Music,62.81,Saturday,Night,45.61,2.0,Neutral,,0,86.0
850764,Music Matters,63.00150183150182,Music,65.29,Saturday,Night,0.0,3.0,Neutral,,0,90.0
851137,Music Matters,63.00150183150182,Music,55.93,Saturday,Night,22.52,1.0,Neutral,,0,84.0
855111,Music Matters,30.17,Music,96.59,Saturday,Night,53.76,3.0,Negative,,0,99.0
856315,Music Matters,37.14,Music,48.27,Saturday,Night,27.14,1.0,Negative,,0,7.0
860869,Music Matters,20.18,Music,35.49,Saturday,Night,34.15,2.0,Neutral,,0,82.0
864815,Music Matters,8.4,Music,68.81,Saturday,Night,43.27,1.0,Positive,,0,73.0
865764,Music Matters,107.41,Music,34.17,Saturday,Night,87.78,3.0,Negative,,0,66.0
865803,Music Matters,30.26,Music,53.3,Saturday,Night,39.6,2.0,Positive,,0,79.0
867496,Music Matters,50.34,Music,72.4,Saturday,Night,31.31,1.0,Positive,,0,37.0
867700,Music Matters,71.0,Music,27.68,Saturday,Night,70.78,1.0,Neutral,,0,35.0
868237,Music Matters,19.69,Music,66.19,Saturday,Night,44.11,3.0,Positive,,0,43.0
872914,Music Matters,43.68,Music,69.43,Saturday,Night,93.39,1.0,Negative,,0,84.0
873022,Music Matters,108.93,Music,82.2,Saturday,Night,5.61,0.0,Neutral,,0,58.0
875365,Music Matters,13.12,Music,30.02,Saturday,Night,80.03,0.0,Positive,,0,81.0
875904,Music Matters,61.56,Music,61.18,Saturday,Night,7.18,2.0,Positive,,0,31.0
876385,Music Matters,34.12,Music,59.75,Saturday,Night,0.0,2.0,Neutral,,0,53.0
876403,Music Matters,85.46,Music,37.46,Saturday,Night,17.66,2.0,Negative,,0,72.0
876769,Music Matters,28.33,Music,91.41,Saturday,Night,0.0,2.0,Positive,,0,13.0
876943,Music Matters,77.3,Music,26.49,Saturday,Night,50.65,1.0,Negative,,0,11.0
878454,Music Matters,91.89,Music,31.73,Saturday,Night,76.97,0.0,Negative,,0,21.0
880394,Music Matters,63.00150183150182,Music,55.48,Saturday,Night,0.0,2.0,Neutral,,0,61.0
881386,Music Matters,82.76,Music,48.13,Saturday,Night,28.35,2.0,Negative,,0,18.0
883092,Music Matters,82.32,Music,63.57,Saturday,Night,79.4,0.0,Negative,,0,28.0
884048,Music Matters,13.58,Music,90.52,Saturday,Night,72.86,1.0,Neutral,,0,67.0
886437,Music Matters,115.51,Music,96.02,Saturday,Night,72.25,0.0,Neutral,,0,13.0
887412,Music Matters,81.07,Music,44.69,Saturday,Night,86.04,1.0,Positive,,0,83.0
887562,Music Matters,67.55,Music,26.95,Saturday,Night,0.0,1.0,Neutral,,0,71.0
887803,Music Matters,8.35,Music,35.83,Saturday,Night,57.76,2.0,Neutral,,0,91.0
887838,Music Matters,25.11,Music,25.11,Saturday,Night,48.16,1.0,Positive,,0,6.0
889017,Music Matters,111.29,Music,36.79,Saturday,Night,73.56,0.0,Neutral,,0,33.0
891756,Music Matters,63.00150183150182,Music,36.16,Saturday,Night,27.16,3.0,Neutral,,0,37.0
891818,Music Matters,43.06,Music,82.07,Saturday,Night,29.7,0.0,Neutral,,0,84.0
893007,Music Matters,62.32,Music,71.97,Saturday,Night,0.0,1.0,Neutral,,0,55.0
897059,Music Matters,64.91,Music,43.38,Saturday,Night,17.69,2.0,Negative,,0,48.0
898518,Music Matters,23.74,Music,88.74,Saturday,Night,31.53,1.0,Neutral,,0,11.0
900389,Music Matters,103.68,Music,80.81,Saturday,Night,74.71,1.0,Neutral,,0,33.0
903508,Music Matters,24.76,Music,95.79,Saturday,Night,69.91,1.0,Negative,,0,85.0
906633,Music Matters,41.66,Music,61.99,Saturday,Night,94.58,2.0,Neutral,,0,5.0
906745,Music Matters,63.00150183150182,Music,62.99,Saturday,Night,54.01,1.0,Negative,,0,70.0
908406,Music Matters,32.22,Music,69.37,Saturday,Night,81.38,2.0,Positive,,0,81.0
908798,Music Matters,63.00150183150182,Music,46.82,Saturday,Night,4.93,0.0,Negative,,0,71.0
914982,Music Matters,63.00150183150182,Music,59.65,Saturday,Night,81.38,0.0,Positive,,0,80.0
916493,Music Matters,105.17,Music,33.64,Saturday,Night,34.67,0.0,Negative,,0,64.0
916538,Music Matters,94.9,Music,79.9,Saturday,Night,0.0,2.0,Positive,,0,34.0
918315,Music Matters,101.88,Music,86.1,Saturday,Night,14.56,1.0,Positive,,0,45.0
918438,Music Matters,100.45,Music,67.08,Saturday,Night,90.63,2.0,Negative,,0,73.0
918492,Music Matters,63.00150183150182,Music,70.43,Saturday,Night,0.0,3.0,Positive,,0,65.0
919580,Music Matters,41.66,Music,35.82,Saturday,Night,94.58,2.0,Neutral,,0,5.0
919997,Music Matters,21.5,Music,76.5,Saturday,Night,72.11,1.0,Positive,,0,31.0
920970,Music Matters,63.00150183150182,Music,44.66,Saturday,Night,22.9,1.0,Negative,,0,9.0
921131,Music Matters,46.05,Music,22.05,Saturday,Night,71.06,2.0,Positive,,0,95.0
922132,Music Matters,42.69,Music,67.26,Saturday,Night,36.18,3.0,Negative,,0,1.0
922681,Music Matters,75.19,Music,70.88,Saturday,Night,93.62,2.0,Neutral,,0,6.0
922725,Music Matters,63.00150183150182,Music,36.16,Saturday,Night,27.78,3.0,Neutral,,0,28.0
925560,Music Matters,9.85,Music,86.91,Saturday,Night,67.16,3.0,Negative,,0,6.0
928127,Music Matters,35.52,Music,35.52,Saturday,Night,29.87,1.0,Neutral,,0,35.0
930523,Music Matters,30.65,Music,58.89,Saturday,Night,29.35,0.0,Negative,,0,63.0
931646,Music Matters,24.51,Music,54.56,Saturday,Night,47.39,1.0,Neutral,,0,64.0
933113,Music Matters,98.18,Music,33.69,Saturday,Night,65.16,2.0,Neutral,,0,50.0
935636,Music Matters,41.66,Music,51.57,Saturday,Night,83.03,3.0,Negative,,0,12.0
936234,Music Matters,105.44,Music,76.01,Saturday,Night,98.26,1.0,Negative,,0,87.0
941925,Music Matters,105.57,Music,60.76,Saturday,Night,24.59,2.0,Positive,,0,73.0
943780,Music Matters,17.46,Music,32.59,Saturday,Night,62.84,1.0,Neutral,,0,30.0
945111,Music Matters,39.91,Music,36.79,Saturday,Night,0.0,2.0,Positive,,0,37.0
945281,Music Matters,64.71,Music,50.17,Saturday,Night,0.0,2.0,Negative,,0,88.0
946467,Music Matters,101.86,Music,38.11,Saturday,Night,30.83,1.0,Positive,,0,27.0
948408,Music Matters,98.54,Music,98.69,Saturday,Night,69.84,0.0,Neutral,,0,15.0
948462,Music Matters,105.27,Music,60.8,Saturday,Night,62.75,2.0,Positive,,0,87.0
949228,Music Matters,70.08,Music,90.51,Saturday,Night,51.35,1.0,Negative,,0,73.0
949443,Music Matters,34.22,Music,28.74,Saturday,Night,84.8,0.0,Negative,,0,69.0
951921,Music Matters,52.15,Music,68.24,Saturday,Night,63.96,3.0,Positive,,0,40.0
952480,Music Matters,63.00150183150182,Music,59.44,Saturday,Night,0.0,0.0,Neutral,,0,40.0
954059,Music Matters,113.14,Music,70.02,Saturday,Night,40.89,0.0,Negative,,0,52.0
957846,Music Matters,30.61,Music,54.31,Saturday,Night,91.08,1.0,Negative,,0,91.0
957908,Music Matters,19.32,Music,59.02,Saturday,Night,6.61,0.0,Positive,,0,79.0
960792,Music Matters,105.25,Music,30.75,Saturday,Night,89.36,2.0,Negative,,0,51.0
961618,Music Matters,63.00150183150182,Music,89.88,Saturday,Night,79.13,1.0,Negative,,0,32.0
965005,Music Matters,23.07,Music,48.29,Saturday,Night,0.0,3.0,Neutral,,0,50.0
967447,Music Matters,29.87,Music,69.59,Saturday,Night,26.05,0.0,Neutral,,0,83.0
969291,Music Matters,111.54,Music,81.82,Saturday,Night,68.58,0.0,Neutral,,0,30.0
970246,Music Matters,50.22,Music,50.21,Saturday,Night,61.64,2.0,Neutral,,0,45.0
971525,Music Matters,70.57,Music,48.72,Saturday,Night,83.1,2.0,Neutral,,0,36.0
972083,Music Matters,115.16,Music,88.13,Saturday,Night,53.87,1.0,Negative,,0,71.0
974429,Music Matters,30.61,Music,89.31,Saturday,Night,91.08,0.0,Negative,,0,56.0
975083,Music Matters,48.73,Music,45.65,Saturday,Night,72.48,0.0,Negative,,0,80.0
975180,Music Matters,68.92,Music,31.14,Saturday,Night,63.49,0.0,Neutral,,0,46.0
977693,Music Matters,14.62,Music,68.81,Saturday,Night,34.91,1.0,Positive,,0,73.0
980525,Music Matters,8.91,Music,37.93,Saturday,Night,41.12,0.0,Neutral,,0,23.0
981547,Music Matters,116.32,Music,69.8,Saturday,Night,29.7,0.0,Neutral,,0,95.0
983007,Music Matters,41.08,Music,49.9,Saturday,Night,0.0,3.0,Positive,,0,7.0
985148,Music Matters,101.87,Music,89.3,Saturday,Night,81.47,0.0,Neutral,,0,6.0
985825,Music Matters,63.00150183150182,Music,84.93,Saturday,Night,71.92,2.0,Neutral,,0,70.0
988715,Music Matters,68.3,Music,26.61,Saturday,Night,13.46,3.0,Neutral,,0,20.0
989501,Music Matters,106.9,Music,66.58,Saturday,Night,52.71,0.0,Negative,,0,29.0
989736,Music Matters,20.74,Music,78.38,Saturday,Night,65.28,0.0,Negative,,0,48.0
990164,Music Matters,75.54,Music,79.12,Saturday,Night,0.0,0.0,Neutral,,0,27.0
990530,Music Matters,90.08,Music,64.39,Saturday,Night,49.7,0.0,Negative,,0,17.0
991024,Music Matters,63.00150183150182,Music,88.31,Saturday,Night,37.41,1.0,Negative,,0,91.0
993243,Music Matters,10.46,Music,50.38,Saturday,Night,93.19,3.0,Negative,,0,42.0
994196,Music Matters,85.89,Music,49.32,Saturday,Night,34.07,0.0,Neutral,,0,98.0
994531,Music Matters,116.79,Music,49.66,Saturday,Night,89.89,1.0,Neutral,,0,66.0
995928,Music Matters,13.08,Music,91.9,Saturday,Night,48.27,0.0,Positive,,0,63.0
997493,Music Matters,63.00150183150182,Music,54.21,Saturday,Night,0.0,1.0,Positive,,0,49.0
999685,Music Matters,30.61,Music,54.96,Saturday,Night,91.08,0.0,Negative,,0,56.0
